source,target,language,relation,weight,score_components,method
grapheme:np:अ,grapheme:np:अं,np,visually_confusable_with,1.0,"{""char_sim"": 1.0}",automatic_only
grapheme:np:अ,grapheme:np:अः,np,visually_confusable_with,1.0,"{""char_sim"": 1.0}",automatic_only
grapheme:np:अं,grapheme:np:अ,np,visually_confusable_with,1.0,"{""char_sim"": 1.0}",automatic_only
grapheme:np:अं,grapheme:np:अः,np,visually_confusable_with,0.5,"{""char_sim"": 0.5}",automatic_only
grapheme:np:अः,grapheme:np:अ,np,visually_confusable_with,1.0,"{""char_sim"": 1.0}",automatic_only
grapheme:np:अः,grapheme:np:अं,np,visually_confusable_with,0.5,"{""char_sim"": 0.5}",automatic_only
grapheme:np:क,grapheme:np:क्ष,np,visually_confusable_with,0.667,"{""char_sim"": 0.667}",automatic_only
grapheme:np:ज,grapheme:np:ज्ञ,np,visually_confusable_with,0.667,"{""char_sim"": 0.667}",automatic_only
grapheme:np:ञ,grapheme:np:ज्ञ,np,visually_confusable_with,0.667,"{""char_sim"": 0.667}",automatic_only
grapheme:np:त,grapheme:np:त्र,np,visually_confusable_with,0.667,"{""char_sim"": 0.667}",automatic_only
grapheme:np:त,grapheme:np:त्त,np,visually_confusable_with,0.667,"{""char_sim"": 0.667}",automatic_only
grapheme:np:द,grapheme:np:द्य,np,visually_confusable_with,0.667,"{""char_sim"": 0.667}",automatic_only
grapheme:np:द,grapheme:np:द्व,np,visually_confusable_with,0.667,"{""char_sim"": 0.667}",automatic_only
grapheme:np:य,grapheme:np:द्य,np,visually_confusable_with,0.667,"{""char_sim"": 0.667}",automatic_only
grapheme:np:र,grapheme:np:त्र,np,visually_confusable_with,0.667,"{""char_sim"": 0.667}",automatic_only
grapheme:np:र,grapheme:np:श्र,np,visually_confusable_with,0.667,"{""char_sim"": 0.667}",automatic_only
grapheme:np:व,grapheme:np:द्व,np,visually_confusable_with,0.667,"{""char_sim"": 0.667}",automatic_only
grapheme:np:श,grapheme:np:श्र,np,visually_confusable_with,0.667,"{""char_sim"": 0.667}",automatic_only
grapheme:np:ष,grapheme:np:क्ष,np,visually_confusable_with,0.667,"{""char_sim"": 0.667}",automatic_only
grapheme:np:क्ष,grapheme:np:क,np,visually_confusable_with,0.667,"{""char_sim"": 0.667}",automatic_only
grapheme:np:क्ष,grapheme:np:ष,np,visually_confusable_with,0.667,"{""char_sim"": 0.667}",automatic_only
grapheme:np:क्ष,grapheme:np:त्र,np,visually_confusable_with,0.333,"{""char_sim"": 0.333}",automatic_only
grapheme:np:क्ष,grapheme:np:ज्ञ,np,visually_confusable_with,0.333,"{""char_sim"": 0.333}",automatic_only
grapheme:np:क्ष,grapheme:np:श्र,np,visually_confusable_with,0.333,"{""char_sim"": 0.333}",automatic_only
grapheme:np:क्ष,grapheme:np:द्य,np,visually_confusable_with,0.333,"{""char_sim"": 0.333}",automatic_only
grapheme:np:क्ष,grapheme:np:द्व,np,visually_confusable_with,0.333,"{""char_sim"": 0.333}",automatic_only
grapheme:np:क्ष,grapheme:np:त्त,np,visually_confusable_with,0.333,"{""char_sim"": 0.333}",automatic_only
grapheme:np:त्र,grapheme:np:त,np,visually_confusable_with,0.667,"{""char_sim"": 0.667}",automatic_only
grapheme:np:त्र,grapheme:np:र,np,visually_confusable_with,0.667,"{""char_sim"": 0.667}",automatic_only
grapheme:np:त्र,grapheme:np:क्ष,np,visually_confusable_with,0.333,"{""char_sim"": 0.333}",automatic_only
grapheme:np:त्र,grapheme:np:ज्ञ,np,visually_confusable_with,0.333,"{""char_sim"": 0.333}",automatic_only
grapheme:np:त्र,grapheme:np:श्र,np,visually_confusable_with,0.667,"{""char_sim"": 0.667}",automatic_only
grapheme:np:त्र,grapheme:np:द्य,np,visually_confusable_with,0.333,"{""char_sim"": 0.333}",automatic_only
grapheme:np:त्र,grapheme:np:द्व,np,visually_confusable_with,0.333,"{""char_sim"": 0.333}",automatic_only
grapheme:np:त्र,grapheme:np:त्त,np,visually_confusable_with,0.667,"{""char_sim"": 0.667}",automatic_only
grapheme:np:ज्ञ,grapheme:np:ज,np,visually_confusable_with,0.667,"{""char_sim"": 0.667}",automatic_only
grapheme:np:ज्ञ,grapheme:np:ञ,np,visually_confusable_with,0.667,"{""char_sim"": 0.667}",automatic_only
grapheme:np:ज्ञ,grapheme:np:क्ष,np,visually_confusable_with,0.333,"{""char_sim"": 0.333}",automatic_only
grapheme:np:ज्ञ,grapheme:np:त्र,np,visually_confusable_with,0.333,"{""char_sim"": 0.333}",automatic_only
grapheme:np:ज्ञ,grapheme:np:श्र,np,visually_confusable_with,0.333,"{""char_sim"": 0.333}",automatic_only
grapheme:np:ज्ञ,grapheme:np:द्य,np,visually_confusable_with,0.333,"{""char_sim"": 0.333}",automatic_only
grapheme:np:ज्ञ,grapheme:np:द्व,np,visually_confusable_with,0.333,"{""char_sim"": 0.333}",automatic_only
grapheme:np:ज्ञ,grapheme:np:त्त,np,visually_confusable_with,0.333,"{""char_sim"": 0.333}",automatic_only
grapheme:np:श्र,grapheme:np:र,np,visually_confusable_with,0.667,"{""char_sim"": 0.667}",automatic_only
grapheme:np:श्र,grapheme:np:श,np,visually_confusable_with,0.667,"{""char_sim"": 0.667}",automatic_only
grapheme:np:श्र,grapheme:np:क्ष,np,visually_confusable_with,0.333,"{""char_sim"": 0.333}",automatic_only
grapheme:np:श्र,grapheme:np:त्र,np,visually_confusable_with,0.667,"{""char_sim"": 0.667}",automatic_only
grapheme:np:श्र,grapheme:np:ज्ञ,np,visually_confusable_with,0.333,"{""char_sim"": 0.333}",automatic_only
grapheme:np:श्र,grapheme:np:द्य,np,visually_confusable_with,0.333,"{""char_sim"": 0.333}",automatic_only
grapheme:np:श्र,grapheme:np:द्व,np,visually_confusable_with,0.333,"{""char_sim"": 0.333}",automatic_only
grapheme:np:श्र,grapheme:np:त्त,np,visually_confusable_with,0.333,"{""char_sim"": 0.333}",automatic_only
grapheme:np:द्य,grapheme:np:द,np,visually_confusable_with,0.667,"{""char_sim"": 0.667}",automatic_only
grapheme:np:द्य,grapheme:np:य,np,visually_confusable_with,0.667,"{""char_sim"": 0.667}",automatic_only
grapheme:np:द्य,grapheme:np:क्ष,np,visually_confusable_with,0.333,"{""char_sim"": 0.333}",automatic_only
grapheme:np:द्य,grapheme:np:त्र,np,visually_confusable_with,0.333,"{""char_sim"": 0.333}",automatic_only
grapheme:np:द्य,grapheme:np:ज्ञ,np,visually_confusable_with,0.333,"{""char_sim"": 0.333}",automatic_only
grapheme:np:द्य,grapheme:np:श्र,np,visually_confusable_with,0.333,"{""char_sim"": 0.333}",automatic_only
grapheme:np:द्य,grapheme:np:द्व,np,visually_confusable_with,0.667,"{""char_sim"": 0.667}",automatic_only
grapheme:np:द्य,grapheme:np:त्त,np,visually_confusable_with,0.333,"{""char_sim"": 0.333}",automatic_only
grapheme:np:द्व,grapheme:np:द,np,visually_confusable_with,0.667,"{""char_sim"": 0.667}",automatic_only
grapheme:np:द्व,grapheme:np:व,np,visually_confusable_with,0.667,"{""char_sim"": 0.667}",automatic_only
grapheme:np:द्व,grapheme:np:क्ष,np,visually_confusable_with,0.333,"{""char_sim"": 0.333}",automatic_only
grapheme:np:द्व,grapheme:np:त्र,np,visually_confusable_with,0.333,"{""char_sim"": 0.333}",automatic_only
grapheme:np:द्व,grapheme:np:ज्ञ,np,visually_confusable_with,0.333,"{""char_sim"": 0.333}",automatic_only
grapheme:np:द्व,grapheme:np:श्र,np,visually_confusable_with,0.333,"{""char_sim"": 0.333}",automatic_only
grapheme:np:द्व,grapheme:np:द्य,np,visually_confusable_with,0.667,"{""char_sim"": 0.667}",automatic_only
grapheme:np:द्व,grapheme:np:त्त,np,visually_confusable_with,0.333,"{""char_sim"": 0.333}",automatic_only
grapheme:np:त्त,grapheme:np:त,np,visually_confusable_with,0.667,"{""char_sim"": 0.667}",automatic_only
grapheme:np:त्त,grapheme:np:क्ष,np,visually_confusable_with,0.333,"{""char_sim"": 0.333}",automatic_only
grapheme:np:त्त,grapheme:np:त्र,np,visually_confusable_with,0.667,"{""char_sim"": 0.667}",automatic_only
grapheme:np:त्त,grapheme:np:ज्ञ,np,visually_confusable_with,0.333,"{""char_sim"": 0.333}",automatic_only
grapheme:np:त्त,grapheme:np:श्र,np,visually_confusable_with,0.333,"{""char_sim"": 0.333}",automatic_only
grapheme:np:त्त,grapheme:np:द्य,np,visually_confusable_with,0.333,"{""char_sim"": 0.333}",automatic_only
grapheme:np:त्त,grapheme:np:द्व,np,visually_confusable_with,0.333,"{""char_sim"": 0.333}",automatic_only
grapheme:dr:ا,grapheme:dr:ـا,dr,visually_confusable_with,1.0,"{""char_sim"": 1.0}",automatic_only
grapheme:dr:ـا,grapheme:dr:ا,dr,visually_confusable_with,1.0,"{""char_sim"": 1.0}",automatic_only
grapheme:dr:ـا,grapheme:dr:ـو,dr,visually_confusable_with,0.5,"{""char_sim"": 0.5}",automatic_only
grapheme:dr:ـا,grapheme:dr:ـي,dr,visually_confusable_with,0.5,"{""char_sim"": 0.5}",automatic_only
grapheme:dr:ـا,grapheme:dr:ـئـ,dr,visually_confusable_with,0.667,"{""char_sim"": 0.667}",automatic_only
grapheme:dr:ـا,grapheme:dr:ـبـ,dr,visually_confusable_with,0.667,"{""char_sim"": 0.667}",automatic_only
grapheme:dr:ـا,grapheme:dr:ـتـ,dr,visually_confusable_with,0.667,"{""char_sim"": 0.667}",automatic_only
grapheme:dr:ـا,grapheme:dr:ـثـ,dr,visually_confusable_with,0.667,"{""char_sim"": 0.667}",automatic_only
grapheme:dr:ـا,grapheme:dr:ـجـ,dr,visually_confusable_with,0.667,"{""char_sim"": 0.667}",automatic_only
grapheme:dr:ـا,grapheme:dr:ـحـ,dr,visually_confusable_with,0.667,"{""char_sim"": 0.667}",automatic_only
grapheme:dr:ـا,grapheme:dr:ـخـ,dr,visually_confusable_with,0.667,"{""char_sim"": 0.667}",automatic_only
grapheme:dr:ـا,grapheme:dr:ـد,dr,visually_confusable_with,0.5,"{""char_sim"": 0.5}",automatic_only
grapheme:dr:ـا,grapheme:dr:ـذ,dr,visually_confusable_with,0.5,"{""char_sim"": 0.5}",automatic_only
grapheme:dr:ـا,grapheme:dr:ـر,dr,visually_confusable_with,0.5,"{""char_sim"": 0.5}",automatic_only
grapheme:dr:ـا,grapheme:dr:ـز,dr,visually_confusable_with,0.5,"{""char_sim"": 0.5}",automatic_only
grapheme:dr:ـا,grapheme:dr:ـسـ,dr,visually_confusable_with,0.667,"{""char_sim"": 0.667}",automatic_only
grapheme:dr:ـا,grapheme:dr:ـشـ,dr,visually_confusable_with,0.667,"{""char_sim"": 0.667}",automatic_only
grapheme:dr:ـا,grapheme:dr:ـصـ,dr,visually_confusable_with,0.667,"{""char_sim"": 0.667}",automatic_only
grapheme:dr:ـا,grapheme:dr:ـضـ,dr,visually_confusable_with,0.667,"{""char_sim"": 0.667}",automatic_only
grapheme:dr:ـا,grapheme:dr:ـطـ,dr,visually_confusable_with,0.667,"{""char_sim"": 0.667}",automatic_only
grapheme:dr:ـا,grapheme:dr:ـظـ,dr,visually_confusable_with,0.667,"{""char_sim"": 0.667}",automatic_only
grapheme:dr:ـا,grapheme:dr:ـعـ,dr,visually_confusable_with,0.667,"{""char_sim"": 0.667}",automatic_only
grapheme:dr:ـا,grapheme:dr:ـغـ,dr,visually_confusable_with,0.667,"{""char_sim"": 0.667}",automatic_only
grapheme:dr:ـا,grapheme:dr:ـفـ,dr,visually_confusable_with,0.667,"{""char_sim"": 0.667}",automatic_only
grapheme:dr:ـا,grapheme:dr:ـقـ,dr,visually_confusable_with,0.667,"{""char_sim"": 0.667}",automatic_only
grapheme:dr:ـا,grapheme:dr:ـكـ,dr,visually_confusable_with,0.667,"{""char_sim"": 0.667}",automatic_only
grapheme:dr:ـا,grapheme:dr:ـلـ,dr,visually_confusable_with,0.667,"{""char_sim"": 0.667}",automatic_only
grapheme:dr:ـا,grapheme:dr:ـمـ,dr,visually_confusable_with,0.667,"{""char_sim"": 0.667}",automatic_only
grapheme:dr:ـا,grapheme:dr:ـنـ,dr,visually_confusable_with,0.667,"{""char_sim"": 0.667}",automatic_only
grapheme:dr:ـا,grapheme:dr:ـهـ,dr,visually_confusable_with,0.667,"{""char_sim"": 0.667}",automatic_only
grapheme:dr:ـا,grapheme:dr:ـيـ,dr,visually_confusable_with,0.667,"{""char_sim"": 0.667}",automatic_only
grapheme:dr:ـا,grapheme:dr:ـگـ,dr,visually_confusable_with,0.667,"{""char_sim"": 0.667}",automatic_only
grapheme:dr:ـا,grapheme:dr:ـپـ,dr,visually_confusable_with,0.667,"{""char_sim"": 0.667}",automatic_only
grapheme:dr:ـا,grapheme:dr:ـڤـ,dr,visually_confusable_with,0.667,"{""char_sim"": 0.667}",automatic_only
grapheme:dr:ـا,grapheme:dr:ـچـ,dr,visually_confusable_with,0.667,"{""char_sim"": 0.667}",automatic_only
grapheme:dr:و,grapheme:dr:ـو,dr,visually_confusable_with,1.0,"{""char_sim"": 1.0}",automatic_only
grapheme:dr:ـو,grapheme:dr:ـا,dr,visually_confusable_with,0.5,"{""char_sim"": 0.5}",automatic_only
grapheme:dr:ـو,grapheme:dr:و,dr,visually_confusable_with,1.0,"{""char_sim"": 1.0}",automatic_only
grapheme:dr:ـو,grapheme:dr:ـي,dr,visually_confusable_with,0.5,"{""char_sim"": 0.5}",automatic_only
grapheme:dr:ـو,grapheme:dr:ـئـ,dr,visually_confusable_with,0.667,"{""char_sim"": 0.667}",automatic_only
grapheme:dr:ـو,grapheme:dr:ـبـ,dr,visually_confusable_with,0.667,"{""char_sim"": 0.667}",automatic_only
grapheme:dr:ـو,grapheme:dr:ـتـ,dr,visually_confusable_with,0.667,"{""char_sim"": 0.667}",automatic_only
grapheme:dr:ـو,grapheme:dr:ـثـ,dr,visually_confusable_with,0.667,"{""char_sim"": 0.667}",automatic_only
grapheme:dr:ـو,grapheme:dr:ـجـ,dr,visually_confusable_with,0.667,"{""char_sim"": 0.667}",automatic_only
grapheme:dr:ـو,grapheme:dr:ـحـ,dr,visually_confusable_with,0.667,"{""char_sim"": 0.667}",automatic_only
grapheme:dr:ـو,grapheme:dr:ـخـ,dr,visually_confusable_with,0.667,"{""char_sim"": 0.667}",automatic_only
grapheme:dr:ـو,grapheme:dr:ـد,dr,visually_confusable_with,0.5,"{""char_sim"": 0.5}",automatic_only
grapheme:dr:ـو,grapheme:dr:ـذ,dr,visually_confusable_with,0.5,"{""char_sim"": 0.5}",automatic_only
grapheme:dr:ـو,grapheme:dr:ـر,dr,visually_confusable_with,0.5,"{""char_sim"": 0.5}",automatic_only
grapheme:dr:ـو,grapheme:dr:ـز,dr,visually_confusable_with,0.5,"{""char_sim"": 0.5}",automatic_only
grapheme:dr:ـو,grapheme:dr:ـسـ,dr,visually_confusable_with,0.667,"{""char_sim"": 0.667}",automatic_only
grapheme:dr:ـو,grapheme:dr:ـشـ,dr,visually_confusable_with,0.667,"{""char_sim"": 0.667}",automatic_only
grapheme:dr:ـو,grapheme:dr:ـصـ,dr,visually_confusable_with,0.667,"{""char_sim"": 0.667}",automatic_only
grapheme:dr:ـو,grapheme:dr:ـضـ,dr,visually_confusable_with,0.667,"{""char_sim"": 0.667}",automatic_only
grapheme:dr:ـو,grapheme:dr:ـطـ,dr,visually_confusable_with,0.667,"{""char_sim"": 0.667}",automatic_only
grapheme:dr:ـو,grapheme:dr:ـظـ,dr,visually_confusable_with,0.667,"{""char_sim"": 0.667}",automatic_only
grapheme:dr:ـو,grapheme:dr:ـعـ,dr,visually_confusable_with,0.667,"{""char_sim"": 0.667}",automatic_only
grapheme:dr:ـو,grapheme:dr:ـغـ,dr,visually_confusable_with,0.667,"{""char_sim"": 0.667}",automatic_only
grapheme:dr:ـو,grapheme:dr:ـفـ,dr,visually_confusable_with,0.667,"{""char_sim"": 0.667}",automatic_only
grapheme:dr:ـو,grapheme:dr:ـقـ,dr,visually_confusable_with,0.667,"{""char_sim"": 0.667}",automatic_only
grapheme:dr:ـو,grapheme:dr:ـكـ,dr,visually_confusable_with,0.667,"{""char_sim"": 0.667}",automatic_only
grapheme:dr:ـو,grapheme:dr:ـلـ,dr,visually_confusable_with,0.667,"{""char_sim"": 0.667}",automatic_only
grapheme:dr:ـو,grapheme:dr:ـمـ,dr,visually_confusable_with,0.667,"{""char_sim"": 0.667}",automatic_only
grapheme:dr:ـو,grapheme:dr:ـنـ,dr,visually_confusable_with,0.667,"{""char_sim"": 0.667}",automatic_only
grapheme:dr:ـو,grapheme:dr:ـهـ,dr,visually_confusable_with,0.667,"{""char_sim"": 0.667}",automatic_only
grapheme:dr:ـو,grapheme:dr:ـيـ,dr,visually_confusable_with,0.667,"{""char_sim"": 0.667}",automatic_only
grapheme:dr:ـو,grapheme:dr:ـگـ,dr,visually_confusable_with,0.667,"{""char_sim"": 0.667}",automatic_only
grapheme:dr:ـو,grapheme:dr:ـپـ,dr,visually_confusable_with,0.667,"{""char_sim"": 0.667}",automatic_only
grapheme:dr:ـو,grapheme:dr:ـڤـ,dr,visually_confusable_with,0.667,"{""char_sim"": 0.667}",automatic_only
grapheme:dr:ـو,grapheme:dr:ـچـ,dr,visually_confusable_with,0.667,"{""char_sim"": 0.667}",automatic_only
grapheme:dr:ي,grapheme:dr:ـي,dr,visually_confusable_with,1.0,"{""char_sim"": 1.0}",automatic_only
grapheme:dr:ي,grapheme:dr:ـيـ,dr,visually_confusable_with,0.667,"{""char_sim"": 0.667}",automatic_only
grapheme:dr:ـي,grapheme:dr:ـا,dr,visually_confusable_with,0.5,"{""char_sim"": 0.5}",automatic_only
grapheme:dr:ـي,grapheme:dr:ـو,dr,visually_confusable_with,0.5,"{""char_sim"": 0.5}",automatic_only
grapheme:dr:ـي,grapheme:dr:ي,dr,visually_confusable_with,1.0,"{""char_sim"": 1.0}",automatic_only
grapheme:dr:ـي,grapheme:dr:ـئـ,dr,visually_confusable_with,0.667,"{""char_sim"": 0.667}",automatic_only
grapheme:dr:ـي,grapheme:dr:ـبـ,dr,visually_confusable_with,0.667,"{""char_sim"": 0.667}",automatic_only
grapheme:dr:ـي,grapheme:dr:ـتـ,dr,visually_confusable_with,0.667,"{""char_sim"": 0.667}",automatic_only
grapheme:dr:ـي,grapheme:dr:ـثـ,dr,visually_confusable_with,0.667,"{""char_sim"": 0.667}",automatic_only
grapheme:dr:ـي,grapheme:dr:ـجـ,dr,visually_confusable_with,0.667,"{""char_sim"": 0.667}",automatic_only
grapheme:dr:ـي,grapheme:dr:ـحـ,dr,visually_confusable_with,0.667,"{""char_sim"": 0.667}",automatic_only
grapheme:dr:ـي,grapheme:dr:ـخـ,dr,visually_confusable_with,0.667,"{""char_sim"": 0.667}",automatic_only
grapheme:dr:ـي,grapheme:dr:ـد,dr,visually_confusable_with,0.5,"{""char_sim"": 0.5}",automatic_only
grapheme:dr:ـي,grapheme:dr:ـذ,dr,visually_confusable_with,0.5,"{""char_sim"": 0.5}",automatic_only
grapheme:dr:ـي,grapheme:dr:ـر,dr,visually_confusable_with,0.5,"{""char_sim"": 0.5}",automatic_only
grapheme:dr:ـي,grapheme:dr:ـز,dr,visually_confusable_with,0.5,"{""char_sim"": 0.5}",automatic_only
grapheme:dr:ـي,grapheme:dr:ـسـ,dr,visually_confusable_with,0.667,"{""char_sim"": 0.667}",automatic_only
grapheme:dr:ـي,grapheme:dr:ـشـ,dr,visually_confusable_with,0.667,"{""char_sim"": 0.667}",automatic_only
grapheme:dr:ـي,grapheme:dr:ـصـ,dr,visually_confusable_with,0.667,"{""char_sim"": 0.667}",automatic_only
grapheme:dr:ـي,grapheme:dr:ـضـ,dr,visually_confusable_with,0.667,"{""char_sim"": 0.667}",automatic_only
grapheme:dr:ـي,grapheme:dr:ـطـ,dr,visually_confusable_with,0.667,"{""char_sim"": 0.667}",automatic_only
grapheme:dr:ـي,grapheme:dr:ـظـ,dr,visually_confusable_with,0.667,"{""char_sim"": 0.667}",automatic_only
grapheme:dr:ـي,grapheme:dr:ـعـ,dr,visually_confusable_with,0.667,"{""char_sim"": 0.667}",automatic_only
grapheme:dr:ـي,grapheme:dr:ـغـ,dr,visually_confusable_with,0.667,"{""char_sim"": 0.667}",automatic_only
grapheme:dr:ـي,grapheme:dr:ـفـ,dr,visually_confusable_with,0.667,"{""char_sim"": 0.667}",automatic_only
grapheme:dr:ـي,grapheme:dr:ـقـ,dr,visually_confusable_with,0.667,"{""char_sim"": 0.667}",automatic_only
grapheme:dr:ـي,grapheme:dr:ـكـ,dr,visually_confusable_with,0.667,"{""char_sim"": 0.667}",automatic_only
grapheme:dr:ـي,grapheme:dr:ـلـ,dr,visually_confusable_with,0.667,"{""char_sim"": 0.667}",automatic_only
grapheme:dr:ـي,grapheme:dr:ـمـ,dr,visually_confusable_with,0.667,"{""char_sim"": 0.667}",automatic_only
grapheme:dr:ـي,grapheme:dr:ـنـ,dr,visually_confusable_with,0.667,"{""char_sim"": 0.667}",automatic_only
grapheme:dr:ـي,grapheme:dr:ـهـ,dr,visually_confusable_with,0.667,"{""char_sim"": 0.667}",automatic_only
grapheme:dr:ـي,grapheme:dr:ـيـ,dr,visually_confusable_with,1.0,"{""char_sim"": 1.0}",automatic_only
grapheme:dr:ـي,grapheme:dr:ـگـ,dr,visually_confusable_with,0.667,"{""char_sim"": 0.667}",automatic_only
grapheme:dr:ـي,grapheme:dr:ـپـ,dr,visually_confusable_with,0.667,"{""char_sim"": 0.667}",automatic_only
grapheme:dr:ـي,grapheme:dr:ـڤـ,dr,visually_confusable_with,0.667,"{""char_sim"": 0.667}",automatic_only
grapheme:dr:ـي,grapheme:dr:ـچـ,dr,visually_confusable_with,0.667,"{""char_sim"": 0.667}",automatic_only
grapheme:dr:ـئـ,grapheme:dr:ـا,dr,visually_confusable_with,0.667,"{""char_sim"": 0.667}",automatic_only
grapheme:dr:ـئـ,grapheme:dr:ـو,dr,visually_confusable_with,0.667,"{""char_sim"": 0.667}",automatic_only
grapheme:dr:ـئـ,grapheme:dr:ـي,dr,visually_confusable_with,0.667,"{""char_sim"": 0.667}",automatic_only
grapheme:dr:ـئـ,grapheme:dr:ـبـ,dr,visually_confusable_with,0.667,"{""char_sim"": 0.667}",automatic_only
grapheme:dr:ـئـ,grapheme:dr:ـتـ,dr,visually_confusable_with,0.667,"{""char_sim"": 0.667}",automatic_only
grapheme:dr:ـئـ,grapheme:dr:ـثـ,dr,visually_confusable_with,0.667,"{""char_sim"": 0.667}",automatic_only
grapheme:dr:ـئـ,grapheme:dr:ـجـ,dr,visually_confusable_with,0.667,"{""char_sim"": 0.667}",automatic_only
grapheme:dr:ـئـ,grapheme:dr:ـحـ,dr,visually_confusable_with,0.667,"{""char_sim"": 0.667}",automatic_only
grapheme:dr:ـئـ,grapheme:dr:ـخـ,dr,visually_confusable_with,0.667,"{""char_sim"": 0.667}",automatic_only
grapheme:dr:ـئـ,grapheme:dr:ـد,dr,visually_confusable_with,0.667,"{""char_sim"": 0.667}",automatic_only
grapheme:dr:ـئـ,grapheme:dr:ـذ,dr,visually_confusable_with,0.667,"{""char_sim"": 0.667}",automatic_only
grapheme:dr:ـئـ,grapheme:dr:ـر,dr,visually_confusable_with,0.667,"{""char_sim"": 0.667}",automatic_only
grapheme:dr:ـئـ,grapheme:dr:ـز,dr,visually_confusable_with,0.667,"{""char_sim"": 0.667}",automatic_only
grapheme:dr:ـئـ,grapheme:dr:ـسـ,dr,visually_confusable_with,0.667,"{""char_sim"": 0.667}",automatic_only
grapheme:dr:ـئـ,grapheme:dr:ـشـ,dr,visually_confusable_with,0.667,"{""char_sim"": 0.667}",automatic_only
grapheme:dr:ـئـ,grapheme:dr:ـصـ,dr,visually_confusable_with,0.667,"{""char_sim"": 0.667}",automatic_only
grapheme:dr:ـئـ,grapheme:dr:ـضـ,dr,visually_confusable_with,0.667,"{""char_sim"": 0.667}",automatic_only
grapheme:dr:ـئـ,grapheme:dr:ـطـ,dr,visually_confusable_with,0.667,"{""char_sim"": 0.667}",automatic_only
grapheme:dr:ـئـ,grapheme:dr:ـظـ,dr,visually_confusable_with,0.667,"{""char_sim"": 0.667}",automatic_only
grapheme:dr:ـئـ,grapheme:dr:ـعـ,dr,visually_confusable_with,0.667,"{""char_sim"": 0.667}",automatic_only
grapheme:dr:ـئـ,grapheme:dr:ـغـ,dr,visually_confusable_with,0.667,"{""char_sim"": 0.667}",automatic_only
grapheme:dr:ـئـ,grapheme:dr:ـفـ,dr,visually_confusable_with,0.667,"{""char_sim"": 0.667}",automatic_only
grapheme:dr:ـئـ,grapheme:dr:ـقـ,dr,visually_confusable_with,0.667,"{""char_sim"": 0.667}",automatic_only
grapheme:dr:ـئـ,grapheme:dr:ـكـ,dr,visually_confusable_with,0.667,"{""char_sim"": 0.667}",automatic_only
grapheme:dr:ـئـ,grapheme:dr:ـلـ,dr,visually_confusable_with,0.667,"{""char_sim"": 0.667}",automatic_only
grapheme:dr:ـئـ,grapheme:dr:ـمـ,dr,visually_confusable_with,0.667,"{""char_sim"": 0.667}",automatic_only
grapheme:dr:ـئـ,grapheme:dr:ـنـ,dr,visually_confusable_with,0.667,"{""char_sim"": 0.667}",automatic_only
grapheme:dr:ـئـ,grapheme:dr:ـهـ,dr,visually_confusable_with,0.667,"{""char_sim"": 0.667}",automatic_only
grapheme:dr:ـئـ,grapheme:dr:ـيـ,dr,visually_confusable_with,0.667,"{""char_sim"": 0.667}",automatic_only
grapheme:dr:ـئـ,grapheme:dr:ـگـ,dr,visually_confusable_with,0.667,"{""char_sim"": 0.667}",automatic_only
grapheme:dr:ـئـ,grapheme:dr:ـپـ,dr,visually_confusable_with,0.667,"{""char_sim"": 0.667}",automatic_only
grapheme:dr:ـئـ,grapheme:dr:ـڤـ,dr,visually_confusable_with,0.667,"{""char_sim"": 0.667}",automatic_only
grapheme:dr:ـئـ,grapheme:dr:ـچـ,dr,visually_confusable_with,0.667,"{""char_sim"": 0.667}",automatic_only
grapheme:dr:ب,grapheme:dr:ـبـ,dr,visually_confusable_with,0.667,"{""char_sim"": 0.667}",automatic_only
grapheme:dr:ـبـ,grapheme:dr:ـا,dr,visually_confusable_with,0.667,"{""char_sim"": 0.667}",automatic_only
grapheme:dr:ـبـ,grapheme:dr:ـو,dr,visually_confusable_with,0.667,"{""char_sim"": 0.667}",automatic_only
grapheme:dr:ـبـ,grapheme:dr:ـي,dr,visually_confusable_with,0.667,"{""char_sim"": 0.667}",automatic_only
grapheme:dr:ـبـ,grapheme:dr:ـئـ,dr,visually_confusable_with,0.667,"{""char_sim"": 0.667}",automatic_only
grapheme:dr:ـبـ,grapheme:dr:ب,dr,visually_confusable_with,0.667,"{""char_sim"": 0.667}",automatic_only
grapheme:dr:ـبـ,grapheme:dr:ـتـ,dr,visually_confusable_with,0.667,"{""char_sim"": 0.667}",automatic_only
grapheme:dr:ـبـ,grapheme:dr:ـثـ,dr,visually_confusable_with,0.667,"{""char_sim"": 0.667}",automatic_only
grapheme:dr:ـبـ,grapheme:dr:ـجـ,dr,visually_confusable_with,0.667,"{""char_sim"": 0.667}",automatic_only
grapheme:dr:ـبـ,grapheme:dr:ـحـ,dr,visually_confusable_with,0.667,"{""char_sim"": 0.667}",automatic_only
grapheme:dr:ـبـ,grapheme:dr:ـخـ,dr,visually_confusable_with,0.667,"{""char_sim"": 0.667}",automatic_only
grapheme:dr:ـبـ,grapheme:dr:ـد,dr,visually_confusable_with,0.667,"{""char_sim"": 0.667}",automatic_only
grapheme:dr:ـبـ,grapheme:dr:ـذ,dr,visually_confusable_with,0.667,"{""char_sim"": 0.667}",automatic_only
grapheme:dr:ـبـ,grapheme:dr:ـر,dr,visually_confusable_with,0.667,"{""char_sim"": 0.667}",automatic_only
grapheme:dr:ـبـ,grapheme:dr:ـز,dr,visually_confusable_with,0.667,"{""char_sim"": 0.667}",automatic_only
grapheme:dr:ـبـ,grapheme:dr:ـسـ,dr,visually_confusable_with,0.667,"{""char_sim"": 0.667}",automatic_only
grapheme:dr:ـبـ,grapheme:dr:ـشـ,dr,visually_confusable_with,0.667,"{""char_sim"": 0.667}",automatic_only
grapheme:dr:ـبـ,grapheme:dr:ـصـ,dr,visually_confusable_with,0.667,"{""char_sim"": 0.667}",automatic_only
grapheme:dr:ـبـ,grapheme:dr:ـضـ,dr,visually_confusable_with,0.667,"{""char_sim"": 0.667}",automatic_only
grapheme:dr:ـبـ,grapheme:dr:ـطـ,dr,visually_confusable_with,0.667,"{""char_sim"": 0.667}",automatic_only
grapheme:dr:ـبـ,grapheme:dr:ـظـ,dr,visually_confusable_with,0.667,"{""char_sim"": 0.667}",automatic_only
grapheme:dr:ـبـ,grapheme:dr:ـعـ,dr,visually_confusable_with,0.667,"{""char_sim"": 0.667}",automatic_only
grapheme:dr:ـبـ,grapheme:dr:ـغـ,dr,visually_confusable_with,0.667,"{""char_sim"": 0.667}",automatic_only
grapheme:dr:ـبـ,grapheme:dr:ـفـ,dr,visually_confusable_with,0.667,"{""char_sim"": 0.667}",automatic_only
grapheme:dr:ـبـ,grapheme:dr:ـقـ,dr,visually_confusable_with,0.667,"{""char_sim"": 0.667}",automatic_only
grapheme:dr:ـبـ,grapheme:dr:ـكـ,dr,visually_confusable_with,0.667,"{""char_sim"": 0.667}",automatic_only
grapheme:dr:ـبـ,grapheme:dr:ـلـ,dr,visually_confusable_with,0.667,"{""char_sim"": 0.667}",automatic_only
grapheme:dr:ـبـ,grapheme:dr:ـمـ,dr,visually_confusable_with,0.667,"{""char_sim"": 0.667}",automatic_only
grapheme:dr:ـبـ,grapheme:dr:ـنـ,dr,visually_confusable_with,0.667,"{""char_sim"": 0.667}",automatic_only
grapheme:dr:ـبـ,grapheme:dr:ـهـ,dr,visually_confusable_with,0.667,"{""char_sim"": 0.667}",automatic_only
grapheme:dr:ـبـ,grapheme:dr:ـيـ,dr,visually_confusable_with,0.667,"{""char_sim"": 0.667}",automatic_only
grapheme:dr:ـبـ,grapheme:dr:ـگـ,dr,visually_confusable_with,0.667,"{""char_sim"": 0.667}",automatic_only
grapheme:dr:ـبـ,grapheme:dr:ـپـ,dr,visually_confusable_with,0.667,"{""char_sim"": 0.667}",automatic_only
grapheme:dr:ـبـ,grapheme:dr:ـڤـ,dr,visually_confusable_with,0.667,"{""char_sim"": 0.667}",automatic_only
grapheme:dr:ـبـ,grapheme:dr:ـچـ,dr,visually_confusable_with,0.667,"{""char_sim"": 0.667}",automatic_only
grapheme:dr:ت,grapheme:dr:ـتـ,dr,visually_confusable_with,0.667,"{""char_sim"": 0.667}",automatic_only
grapheme:dr:ـتـ,grapheme:dr:ـا,dr,visually_confusable_with,0.667,"{""char_sim"": 0.667}",automatic_only
grapheme:dr:ـتـ,grapheme:dr:ـو,dr,visually_confusable_with,0.667,"{""char_sim"": 0.667}",automatic_only
grapheme:dr:ـتـ,grapheme:dr:ـي,dr,visually_confusable_with,0.667,"{""char_sim"": 0.667}",automatic_only
grapheme:dr:ـتـ,grapheme:dr:ـئـ,dr,visually_confusable_with,0.667,"{""char_sim"": 0.667}",automatic_only
grapheme:dr:ـتـ,grapheme:dr:ـبـ,dr,visually_confusable_with,0.667,"{""char_sim"": 0.667}",automatic_only
grapheme:dr:ـتـ,grapheme:dr:ت,dr,visually_confusable_with,0.667,"{""char_sim"": 0.667}",automatic_only
grapheme:dr:ـتـ,grapheme:dr:ـثـ,dr,visually_confusable_with,0.667,"{""char_sim"": 0.667}",automatic_only
grapheme:dr:ـتـ,grapheme:dr:ـجـ,dr,visually_confusable_with,0.667,"{""char_sim"": 0.667}",automatic_only
grapheme:dr:ـتـ,grapheme:dr:ـحـ,dr,visually_confusable_with,0.667,"{""char_sim"": 0.667}",automatic_only
grapheme:dr:ـتـ,grapheme:dr:ـخـ,dr,visually_confusable_with,0.667,"{""char_sim"": 0.667}",automatic_only
grapheme:dr:ـتـ,grapheme:dr:ـد,dr,visually_confusable_with,0.667,"{""char_sim"": 0.667}",automatic_only
grapheme:dr:ـتـ,grapheme:dr:ـذ,dr,visually_confusable_with,0.667,"{""char_sim"": 0.667}",automatic_only
grapheme:dr:ـتـ,grapheme:dr:ـر,dr,visually_confusable_with,0.667,"{""char_sim"": 0.667}",automatic_only
grapheme:dr:ـتـ,grapheme:dr:ـز,dr,visually_confusable_with,0.667,"{""char_sim"": 0.667}",automatic_only
grapheme:dr:ـتـ,grapheme:dr:ـسـ,dr,visually_confusable_with,0.667,"{""char_sim"": 0.667}",automatic_only
grapheme:dr:ـتـ,grapheme:dr:ـشـ,dr,visually_confusable_with,0.667,"{""char_sim"": 0.667}",automatic_only
grapheme:dr:ـتـ,grapheme:dr:ـصـ,dr,visually_confusable_with,0.667,"{""char_sim"": 0.667}",automatic_only
grapheme:dr:ـتـ,grapheme:dr:ـضـ,dr,visually_confusable_with,0.667,"{""char_sim"": 0.667}",automatic_only
grapheme:dr:ـتـ,grapheme:dr:ـطـ,dr,visually_confusable_with,0.667,"{""char_sim"": 0.667}",automatic_only
grapheme:dr:ـتـ,grapheme:dr:ـظـ,dr,visually_confusable_with,0.667,"{""char_sim"": 0.667}",automatic_only
grapheme:dr:ـتـ,grapheme:dr:ـعـ,dr,visually_confusable_with,0.667,"{""char_sim"": 0.667}",automatic_only
grapheme:dr:ـتـ,grapheme:dr:ـغـ,dr,visually_confusable_with,0.667,"{""char_sim"": 0.667}",automatic_only
grapheme:dr:ـتـ,grapheme:dr:ـفـ,dr,visually_confusable_with,0.667,"{""char_sim"": 0.667}",automatic_only
grapheme:dr:ـتـ,grapheme:dr:ـقـ,dr,visually_confusable_with,0.667,"{""char_sim"": 0.667}",automatic_only
grapheme:dr:ـتـ,grapheme:dr:ـكـ,dr,visually_confusable_with,0.667,"{""char_sim"": 0.667}",automatic_only
grapheme:dr:ـتـ,grapheme:dr:ـلـ,dr,visually_confusable_with,0.667,"{""char_sim"": 0.667}",automatic_only
grapheme:dr:ـتـ,grapheme:dr:ـمـ,dr,visually_confusable_with,0.667,"{""char_sim"": 0.667}",automatic_only
grapheme:dr:ـتـ,grapheme:dr:ـنـ,dr,visually_confusable_with,0.667,"{""char_sim"": 0.667}",automatic_only
grapheme:dr:ـتـ,grapheme:dr:ـهـ,dr,visually_confusable_with,0.667,"{""char_sim"": 0.667}",automatic_only
grapheme:dr:ـتـ,grapheme:dr:ـيـ,dr,visually_confusable_with,0.667,"{""char_sim"": 0.667}",automatic_only
grapheme:dr:ـتـ,grapheme:dr:ـگـ,dr,visually_confusable_with,0.667,"{""char_sim"": 0.667}",automatic_only
grapheme:dr:ـتـ,grapheme:dr:ـپـ,dr,visually_confusable_with,0.667,"{""char_sim"": 0.667}",automatic_only
grapheme:dr:ـتـ,grapheme:dr:ـڤـ,dr,visually_confusable_with,0.667,"{""char_sim"": 0.667}",automatic_only
grapheme:dr:ـتـ,grapheme:dr:ـچـ,dr,visually_confusable_with,0.667,"{""char_sim"": 0.667}",automatic_only
grapheme:dr:ث,grapheme:dr:ـثـ,dr,visually_confusable_with,0.667,"{""char_sim"": 0.667}",automatic_only
grapheme:dr:ـثـ,grapheme:dr:ـا,dr,visually_confusable_with,0.667,"{""char_sim"": 0.667}",automatic_only
grapheme:dr:ـثـ,grapheme:dr:ـو,dr,visually_confusable_with,0.667,"{""char_sim"": 0.667}",automatic_only
grapheme:dr:ـثـ,grapheme:dr:ـي,dr,visually_confusable_with,0.667,"{""char_sim"": 0.667}",automatic_only
grapheme:dr:ـثـ,grapheme:dr:ـئـ,dr,visually_confusable_with,0.667,"{""char_sim"": 0.667}",automatic_only
grapheme:dr:ـثـ,grapheme:dr:ـبـ,dr,visually_confusable_with,0.667,"{""char_sim"": 0.667}",automatic_only
grapheme:dr:ـثـ,grapheme:dr:ـتـ,dr,visually_confusable_with,0.667,"{""char_sim"": 0.667}",automatic_only
grapheme:dr:ـثـ,grapheme:dr:ث,dr,visually_confusable_with,0.667,"{""char_sim"": 0.667}",automatic_only
grapheme:dr:ـثـ,grapheme:dr:ـجـ,dr,visually_confusable_with,0.667,"{""char_sim"": 0.667}",automatic_only
grapheme:dr:ـثـ,grapheme:dr:ـحـ,dr,visually_confusable_with,0.667,"{""char_sim"": 0.667}",automatic_only
grapheme:dr:ـثـ,grapheme:dr:ـخـ,dr,visually_confusable_with,0.667,"{""char_sim"": 0.667}",automatic_only
grapheme:dr:ـثـ,grapheme:dr:ـد,dr,visually_confusable_with,0.667,"{""char_sim"": 0.667}",automatic_only
grapheme:dr:ـثـ,grapheme:dr:ـذ,dr,visually_confusable_with,0.667,"{""char_sim"": 0.667}",automatic_only
grapheme:dr:ـثـ,grapheme:dr:ـر,dr,visually_confusable_with,0.667,"{""char_sim"": 0.667}",automatic_only
grapheme:dr:ـثـ,grapheme:dr:ـز,dr,visually_confusable_with,0.667,"{""char_sim"": 0.667}",automatic_only
grapheme:dr:ـثـ,grapheme:dr:ـسـ,dr,visually_confusable_with,0.667,"{""char_sim"": 0.667}",automatic_only
grapheme:dr:ـثـ,grapheme:dr:ـشـ,dr,visually_confusable_with,0.667,"{""char_sim"": 0.667}",automatic_only
grapheme:dr:ـثـ,grapheme:dr:ـصـ,dr,visually_confusable_with,0.667,"{""char_sim"": 0.667}",automatic_only
grapheme:dr:ـثـ,grapheme:dr:ـضـ,dr,visually_confusable_with,0.667,"{""char_sim"": 0.667}",automatic_only
grapheme:dr:ـثـ,grapheme:dr:ـطـ,dr,visually_confusable_with,0.667,"{""char_sim"": 0.667}",automatic_only
grapheme:dr:ـثـ,grapheme:dr:ـظـ,dr,visually_confusable_with,0.667,"{""char_sim"": 0.667}",automatic_only
grapheme:dr:ـثـ,grapheme:dr:ـعـ,dr,visually_confusable_with,0.667,"{""char_sim"": 0.667}",automatic_only
grapheme:dr:ـثـ,grapheme:dr:ـغـ,dr,visually_confusable_with,0.667,"{""char_sim"": 0.667}",automatic_only
grapheme:dr:ـثـ,grapheme:dr:ـفـ,dr,visually_confusable_with,0.667,"{""char_sim"": 0.667}",automatic_only
grapheme:dr:ـثـ,grapheme:dr:ـقـ,dr,visually_confusable_with,0.667,"{""char_sim"": 0.667}",automatic_only
grapheme:dr:ـثـ,grapheme:dr:ـكـ,dr,visually_confusable_with,0.667,"{""char_sim"": 0.667}",automatic_only
grapheme:dr:ـثـ,grapheme:dr:ـلـ,dr,visually_confusable_with,0.667,"{""char_sim"": 0.667}",automatic_only
grapheme:dr:ـثـ,grapheme:dr:ـمـ,dr,visually_confusable_with,0.667,"{""char_sim"": 0.667}",automatic_only
grapheme:dr:ـثـ,grapheme:dr:ـنـ,dr,visually_confusable_with,0.667,"{""char_sim"": 0.667}",automatic_only
grapheme:dr:ـثـ,grapheme:dr:ـهـ,dr,visually_confusable_with,0.667,"{""char_sim"": 0.667}",automatic_only
grapheme:dr:ـثـ,grapheme:dr:ـيـ,dr,visually_confusable_with,0.667,"{""char_sim"": 0.667}",automatic_only
grapheme:dr:ـثـ,grapheme:dr:ـگـ,dr,visually_confusable_with,0.667,"{""char_sim"": 0.667}",automatic_only
grapheme:dr:ـثـ,grapheme:dr:ـپـ,dr,visually_confusable_with,0.667,"{""char_sim"": 0.667}",automatic_only
grapheme:dr:ـثـ,grapheme:dr:ـڤـ,dr,visually_confusable_with,0.667,"{""char_sim"": 0.667}",automatic_only
grapheme:dr:ـثـ,grapheme:dr:ـچـ,dr,visually_confusable_with,0.667,"{""char_sim"": 0.667}",automatic_only
grapheme:dr:ج,grapheme:dr:ـجـ,dr,visually_confusable_with,0.667,"{""char_sim"": 0.667}",automatic_only
grapheme:dr:ـجـ,grapheme:dr:ـا,dr,visually_confusable_with,0.667,"{""char_sim"": 0.667}",automatic_only
grapheme:dr:ـجـ,grapheme:dr:ـو,dr,visually_confusable_with,0.667,"{""char_sim"": 0.667}",automatic_only
grapheme:dr:ـجـ,grapheme:dr:ـي,dr,visually_confusable_with,0.667,"{""char_sim"": 0.667}",automatic_only
grapheme:dr:ـجـ,grapheme:dr:ـئـ,dr,visually_confusable_with,0.667,"{""char_sim"": 0.667}",automatic_only
grapheme:dr:ـجـ,grapheme:dr:ـبـ,dr,visually_confusable_with,0.667,"{""char_sim"": 0.667}",automatic_only
grapheme:dr:ـجـ,grapheme:dr:ـتـ,dr,visually_confusable_with,0.667,"{""char_sim"": 0.667}",automatic_only
grapheme:dr:ـجـ,grapheme:dr:ـثـ,dr,visually_confusable_with,0.667,"{""char_sim"": 0.667}",automatic_only
grapheme:dr:ـجـ,grapheme:dr:ج,dr,visually_confusable_with,0.667,"{""char_sim"": 0.667}",automatic_only
grapheme:dr:ـجـ,grapheme:dr:ـحـ,dr,visually_confusable_with,0.667,"{""char_sim"": 0.667}",automatic_only
grapheme:dr:ـجـ,grapheme:dr:ـخـ,dr,visually_confusable_with,0.667,"{""char_sim"": 0.667}",automatic_only
grapheme:dr:ـجـ,grapheme:dr:ـد,dr,visually_confusable_with,0.667,"{""char_sim"": 0.667}",automatic_only
grapheme:dr:ـجـ,grapheme:dr:ـذ,dr,visually_confusable_with,0.667,"{""char_sim"": 0.667}",automatic_only
grapheme:dr:ـجـ,grapheme:dr:ـر,dr,visually_confusable_with,0.667,"{""char_sim"": 0.667}",automatic_only
grapheme:dr:ـجـ,grapheme:dr:ـز,dr,visually_confusable_with,0.667,"{""char_sim"": 0.667}",automatic_only
grapheme:dr:ـجـ,grapheme:dr:ـسـ,dr,visually_confusable_with,0.667,"{""char_sim"": 0.667}",automatic_only
grapheme:dr:ـجـ,grapheme:dr:ـشـ,dr,visually_confusable_with,0.667,"{""char_sim"": 0.667}",automatic_only
grapheme:dr:ـجـ,grapheme:dr:ـصـ,dr,visually_confusable_with,0.667,"{""char_sim"": 0.667}",automatic_only
grapheme:dr:ـجـ,grapheme:dr:ـضـ,dr,visually_confusable_with,0.667,"{""char_sim"": 0.667}",automatic_only
grapheme:dr:ـجـ,grapheme:dr:ـطـ,dr,visually_confusable_with,0.667,"{""char_sim"": 0.667}",automatic_only
grapheme:dr:ـجـ,grapheme:dr:ـظـ,dr,visually_confusable_with,0.667,"{""char_sim"": 0.667}",automatic_only
grapheme:dr:ـجـ,grapheme:dr:ـعـ,dr,visually_confusable_with,0.667,"{""char_sim"": 0.667}",automatic_only
grapheme:dr:ـجـ,grapheme:dr:ـغـ,dr,visually_confusable_with,0.667,"{""char_sim"": 0.667}",automatic_only
grapheme:dr:ـجـ,grapheme:dr:ـفـ,dr,visually_confusable_with,0.667,"{""char_sim"": 0.667}",automatic_only
grapheme:dr:ـجـ,grapheme:dr:ـقـ,dr,visually_confusable_with,0.667,"{""char_sim"": 0.667}",automatic_only
grapheme:dr:ـجـ,grapheme:dr:ـكـ,dr,visually_confusable_with,0.667,"{""char_sim"": 0.667}",automatic_only
grapheme:dr:ـجـ,grapheme:dr:ـلـ,dr,visually_confusable_with,0.667,"{""char_sim"": 0.667}",automatic_only
grapheme:dr:ـجـ,grapheme:dr:ـمـ,dr,visually_confusable_with,0.667,"{""char_sim"": 0.667}",automatic_only
grapheme:dr:ـجـ,grapheme:dr:ـنـ,dr,visually_confusable_with,0.667,"{""char_sim"": 0.667}",automatic_only
grapheme:dr:ـجـ,grapheme:dr:ـهـ,dr,visually_confusable_with,0.667,"{""char_sim"": 0.667}",automatic_only
grapheme:dr:ـجـ,grapheme:dr:ـيـ,dr,visually_confusable_with,0.667,"{""char_sim"": 0.667}",automatic_only
grapheme:dr:ـجـ,grapheme:dr:ـگـ,dr,visually_confusable_with,0.667,"{""char_sim"": 0.667}",automatic_only
grapheme:dr:ـجـ,grapheme:dr:ـپـ,dr,visually_confusable_with,0.667,"{""char_sim"": 0.667}",automatic_only
grapheme:dr:ـجـ,grapheme:dr:ـڤـ,dr,visually_confusable_with,0.667,"{""char_sim"": 0.667}",automatic_only
grapheme:dr:ـجـ,grapheme:dr:ـچـ,dr,visually_confusable_with,0.667,"{""char_sim"": 0.667}",automatic_only
grapheme:dr:ح,grapheme:dr:ـحـ,dr,visually_confusable_with,0.667,"{""char_sim"": 0.667}",automatic_only
grapheme:dr:ـحـ,grapheme:dr:ـا,dr,visually_confusable_with,0.667,"{""char_sim"": 0.667}",automatic_only
grapheme:dr:ـحـ,grapheme:dr:ـو,dr,visually_confusable_with,0.667,"{""char_sim"": 0.667}",automatic_only
grapheme:dr:ـحـ,grapheme:dr:ـي,dr,visually_confusable_with,0.667,"{""char_sim"": 0.667}",automatic_only
grapheme:dr:ـحـ,grapheme:dr:ـئـ,dr,visually_confusable_with,0.667,"{""char_sim"": 0.667}",automatic_only
grapheme:dr:ـحـ,grapheme:dr:ـبـ,dr,visually_confusable_with,0.667,"{""char_sim"": 0.667}",automatic_only
grapheme:dr:ـحـ,grapheme:dr:ـتـ,dr,visually_confusable_with,0.667,"{""char_sim"": 0.667}",automatic_only
grapheme:dr:ـحـ,grapheme:dr:ـثـ,dr,visually_confusable_with,0.667,"{""char_sim"": 0.667}",automatic_only
grapheme:dr:ـحـ,grapheme:dr:ـجـ,dr,visually_confusable_with,0.667,"{""char_sim"": 0.667}",automatic_only
grapheme:dr:ـحـ,grapheme:dr:ح,dr,visually_confusable_with,0.667,"{""char_sim"": 0.667}",automatic_only
grapheme:dr:ـحـ,grapheme:dr:ـخـ,dr,visually_confusable_with,0.667,"{""char_sim"": 0.667}",automatic_only
grapheme:dr:ـحـ,grapheme:dr:ـد,dr,visually_confusable_with,0.667,"{""char_sim"": 0.667}",automatic_only
grapheme:dr:ـحـ,grapheme:dr:ـذ,dr,visually_confusable_with,0.667,"{""char_sim"": 0.667}",automatic_only
grapheme:dr:ـحـ,grapheme:dr:ـر,dr,visually_confusable_with,0.667,"{""char_sim"": 0.667}",automatic_only
grapheme:dr:ـحـ,grapheme:dr:ـز,dr,visually_confusable_with,0.667,"{""char_sim"": 0.667}",automatic_only
grapheme:dr:ـحـ,grapheme:dr:ـسـ,dr,visually_confusable_with,0.667,"{""char_sim"": 0.667}",automatic_only
grapheme:dr:ـحـ,grapheme:dr:ـشـ,dr,visually_confusable_with,0.667,"{""char_sim"": 0.667}",automatic_only
grapheme:dr:ـحـ,grapheme:dr:ـصـ,dr,visually_confusable_with,0.667,"{""char_sim"": 0.667}",automatic_only
grapheme:dr:ـحـ,grapheme:dr:ـضـ,dr,visually_confusable_with,0.667,"{""char_sim"": 0.667}",automatic_only
grapheme:dr:ـحـ,grapheme:dr:ـطـ,dr,visually_confusable_with,0.667,"{""char_sim"": 0.667}",automatic_only
grapheme:dr:ـحـ,grapheme:dr:ـظـ,dr,visually_confusable_with,0.667,"{""char_sim"": 0.667}",automatic_only
grapheme:dr:ـحـ,grapheme:dr:ـعـ,dr,visually_confusable_with,0.667,"{""char_sim"": 0.667}",automatic_only
grapheme:dr:ـحـ,grapheme:dr:ـغـ,dr,visually_confusable_with,0.667,"{""char_sim"": 0.667}",automatic_only
grapheme:dr:ـحـ,grapheme:dr:ـفـ,dr,visually_confusable_with,0.667,"{""char_sim"": 0.667}",automatic_only
grapheme:dr:ـحـ,grapheme:dr:ـقـ,dr,visually_confusable_with,0.667,"{""char_sim"": 0.667}",automatic_only
grapheme:dr:ـحـ,grapheme:dr:ـكـ,dr,visually_confusable_with,0.667,"{""char_sim"": 0.667}",automatic_only
grapheme:dr:ـحـ,grapheme:dr:ـلـ,dr,visually_confusable_with,0.667,"{""char_sim"": 0.667}",automatic_only
grapheme:dr:ـحـ,grapheme:dr:ـمـ,dr,visually_confusable_with,0.667,"{""char_sim"": 0.667}",automatic_only
grapheme:dr:ـحـ,grapheme:dr:ـنـ,dr,visually_confusable_with,0.667,"{""char_sim"": 0.667}",automatic_only
grapheme:dr:ـحـ,grapheme:dr:ـهـ,dr,visually_confusable_with,0.667,"{""char_sim"": 0.667}",automatic_only
grapheme:dr:ـحـ,grapheme:dr:ـيـ,dr,visually_confusable_with,0.667,"{""char_sim"": 0.667}",automatic_only
grapheme:dr:ـحـ,grapheme:dr:ـگـ,dr,visually_confusable_with,0.667,"{""char_sim"": 0.667}",automatic_only
grapheme:dr:ـحـ,grapheme:dr:ـپـ,dr,visually_confusable_with,0.667,"{""char_sim"": 0.667}",automatic_only
grapheme:dr:ـحـ,grapheme:dr:ـڤـ,dr,visually_confusable_with,0.667,"{""char_sim"": 0.667}",automatic_only
grapheme:dr:ـحـ,grapheme:dr:ـچـ,dr,visually_confusable_with,0.667,"{""char_sim"": 0.667}",automatic_only
grapheme:dr:خ,grapheme:dr:ـخـ,dr,visually_confusable_with,0.667,"{""char_sim"": 0.667}",automatic_only
grapheme:dr:ـخـ,grapheme:dr:ـا,dr,visually_confusable_with,0.667,"{""char_sim"": 0.667}",automatic_only
grapheme:dr:ـخـ,grapheme:dr:ـو,dr,visually_confusable_with,0.667,"{""char_sim"": 0.667}",automatic_only
grapheme:dr:ـخـ,grapheme:dr:ـي,dr,visually_confusable_with,0.667,"{""char_sim"": 0.667}",automatic_only
grapheme:dr:ـخـ,grapheme:dr:ـئـ,dr,visually_confusable_with,0.667,"{""char_sim"": 0.667}",automatic_only
grapheme:dr:ـخـ,grapheme:dr:ـبـ,dr,visually_confusable_with,0.667,"{""char_sim"": 0.667}",automatic_only
grapheme:dr:ـخـ,grapheme:dr:ـتـ,dr,visually_confusable_with,0.667,"{""char_sim"": 0.667}",automatic_only
grapheme:dr:ـخـ,grapheme:dr:ـثـ,dr,visually_confusable_with,0.667,"{""char_sim"": 0.667}",automatic_only
grapheme:dr:ـخـ,grapheme:dr:ـجـ,dr,visually_confusable_with,0.667,"{""char_sim"": 0.667}",automatic_only
grapheme:dr:ـخـ,grapheme:dr:ـحـ,dr,visually_confusable_with,0.667,"{""char_sim"": 0.667}",automatic_only
grapheme:dr:ـخـ,grapheme:dr:خ,dr,visually_confusable_with,0.667,"{""char_sim"": 0.667}",automatic_only
grapheme:dr:ـخـ,grapheme:dr:ـد,dr,visually_confusable_with,0.667,"{""char_sim"": 0.667}",automatic_only
grapheme:dr:ـخـ,grapheme:dr:ـذ,dr,visually_confusable_with,0.667,"{""char_sim"": 0.667}",automatic_only
grapheme:dr:ـخـ,grapheme:dr:ـر,dr,visually_confusable_with,0.667,"{""char_sim"": 0.667}",automatic_only
grapheme:dr:ـخـ,grapheme:dr:ـز,dr,visually_confusable_with,0.667,"{""char_sim"": 0.667}",automatic_only
grapheme:dr:ـخـ,grapheme:dr:ـسـ,dr,visually_confusable_with,0.667,"{""char_sim"": 0.667}",automatic_only
grapheme:dr:ـخـ,grapheme:dr:ـشـ,dr,visually_confusable_with,0.667,"{""char_sim"": 0.667}",automatic_only
grapheme:dr:ـخـ,grapheme:dr:ـصـ,dr,visually_confusable_with,0.667,"{""char_sim"": 0.667}",automatic_only
grapheme:dr:ـخـ,grapheme:dr:ـضـ,dr,visually_confusable_with,0.667,"{""char_sim"": 0.667}",automatic_only
grapheme:dr:ـخـ,grapheme:dr:ـطـ,dr,visually_confusable_with,0.667,"{""char_sim"": 0.667}",automatic_only
grapheme:dr:ـخـ,grapheme:dr:ـظـ,dr,visually_confusable_with,0.667,"{""char_sim"": 0.667}",automatic_only
grapheme:dr:ـخـ,grapheme:dr:ـعـ,dr,visually_confusable_with,0.667,"{""char_sim"": 0.667}",automatic_only
grapheme:dr:ـخـ,grapheme:dr:ـغـ,dr,visually_confusable_with,0.667,"{""char_sim"": 0.667}",automatic_only
grapheme:dr:ـخـ,grapheme:dr:ـفـ,dr,visually_confusable_with,0.667,"{""char_sim"": 0.667}",automatic_only
grapheme:dr:ـخـ,grapheme:dr:ـقـ,dr,visually_confusable_with,0.667,"{""char_sim"": 0.667}",automatic_only
grapheme:dr:ـخـ,grapheme:dr:ـكـ,dr,visually_confusable_with,0.667,"{""char_sim"": 0.667}",automatic_only
grapheme:dr:ـخـ,grapheme:dr:ـلـ,dr,visually_confusable_with,0.667,"{""char_sim"": 0.667}",automatic_only
grapheme:dr:ـخـ,grapheme:dr:ـمـ,dr,visually_confusable_with,0.667,"{""char_sim"": 0.667}",automatic_only
grapheme:dr:ـخـ,grapheme:dr:ـنـ,dr,visually_confusable_with,0.667,"{""char_sim"": 0.667}",automatic_only
grapheme:dr:ـخـ,grapheme:dr:ـهـ,dr,visually_confusable_with,0.667,"{""char_sim"": 0.667}",automatic_only
grapheme:dr:ـخـ,grapheme:dr:ـيـ,dr,visually_confusable_with,0.667,"{""char_sim"": 0.667}",automatic_only
grapheme:dr:ـخـ,grapheme:dr:ـگـ,dr,visually_confusable_with,0.667,"{""char_sim"": 0.667}",automatic_only
grapheme:dr:ـخـ,grapheme:dr:ـپـ,dr,visually_confusable_with,0.667,"{""char_sim"": 0.667}",automatic_only
grapheme:dr:ـخـ,grapheme:dr:ـڤـ,dr,visually_confusable_with,0.667,"{""char_sim"": 0.667}",automatic_only
grapheme:dr:ـخـ,grapheme:dr:ـچـ,dr,visually_confusable_with,0.667,"{""char_sim"": 0.667}",automatic_only
grapheme:dr:د,grapheme:dr:ـد,dr,visually_confusable_with,1.0,"{""char_sim"": 1.0}",automatic_only
grapheme:dr:ـد,grapheme:dr:ـا,dr,visually_confusable_with,0.5,"{""char_sim"": 0.5}",automatic_only
grapheme:dr:ـد,grapheme:dr:ـو,dr,visually_confusable_with,0.5,"{""char_sim"": 0.5}",automatic_only
grapheme:dr:ـد,grapheme:dr:ـي,dr,visually_confusable_with,0.5,"{""char_sim"": 0.5}",automatic_only
grapheme:dr:ـد,grapheme:dr:ـئـ,dr,visually_confusable_with,0.667,"{""char_sim"": 0.667}",automatic_only
grapheme:dr:ـد,grapheme:dr:ـبـ,dr,visually_confusable_with,0.667,"{""char_sim"": 0.667}",automatic_only
grapheme:dr:ـد,grapheme:dr:ـتـ,dr,visually_confusable_with,0.667,"{""char_sim"": 0.667}",automatic_only
grapheme:dr:ـد,grapheme:dr:ـثـ,dr,visually_confusable_with,0.667,"{""char_sim"": 0.667}",automatic_only
grapheme:dr:ـد,grapheme:dr:ـجـ,dr,visually_confusable_with,0.667,"{""char_sim"": 0.667}",automatic_only
grapheme:dr:ـد,grapheme:dr:ـحـ,dr,visually_confusable_with,0.667,"{""char_sim"": 0.667}",automatic_only
grapheme:dr:ـد,grapheme:dr:ـخـ,dr,visually_confusable_with,0.667,"{""char_sim"": 0.667}",automatic_only
grapheme:dr:ـد,grapheme:dr:د,dr,visually_confusable_with,1.0,"{""char_sim"": 1.0}",automatic_only
grapheme:dr:ـد,grapheme:dr:ـذ,dr,visually_confusable_with,0.5,"{""char_sim"": 0.5}",automatic_only
grapheme:dr:ـد,grapheme:dr:ـر,dr,visually_confusable_with,0.5,"{""char_sim"": 0.5}",automatic_only
grapheme:dr:ـد,grapheme:dr:ـز,dr,visually_confusable_with,0.5,"{""char_sim"": 0.5}",automatic_only
grapheme:dr:ـد,grapheme:dr:ـسـ,dr,visually_confusable_with,0.667,"{""char_sim"": 0.667}",automatic_only
grapheme:dr:ـد,grapheme:dr:ـشـ,dr,visually_confusable_with,0.667,"{""char_sim"": 0.667}",automatic_only
grapheme:dr:ـد,grapheme:dr:ـصـ,dr,visually_confusable_with,0.667,"{""char_sim"": 0.667}",automatic_only
grapheme:dr:ـد,grapheme:dr:ـضـ,dr,visually_confusable_with,0.667,"{""char_sim"": 0.667}",automatic_only
grapheme:dr:ـد,grapheme:dr:ـطـ,dr,visually_confusable_with,0.667,"{""char_sim"": 0.667}",automatic_only
grapheme:dr:ـد,grapheme:dr:ـظـ,dr,visually_confusable_with,0.667,"{""char_sim"": 0.667}",automatic_only
grapheme:dr:ـد,grapheme:dr:ـعـ,dr,visually_confusable_with,0.667,"{""char_sim"": 0.667}",automatic_only
grapheme:dr:ـد,grapheme:dr:ـغـ,dr,visually_confusable_with,0.667,"{""char_sim"": 0.667}",automatic_only
grapheme:dr:ـد,grapheme:dr:ـفـ,dr,visually_confusable_with,0.667,"{""char_sim"": 0.667}",automatic_only
grapheme:dr:ـد,grapheme:dr:ـقـ,dr,visually_confusable_with,0.667,"{""char_sim"": 0.667}",automatic_only
grapheme:dr:ـد,grapheme:dr:ـكـ,dr,visually_confusable_with,0.667,"{""char_sim"": 0.667}",automatic_only
grapheme:dr:ـد,grapheme:dr:ـلـ,dr,visually_confusable_with,0.667,"{""char_sim"": 0.667}",automatic_only
grapheme:dr:ـد,grapheme:dr:ـمـ,dr,visually_confusable_with,0.667,"{""char_sim"": 0.667}",automatic_only
grapheme:dr:ـد,grapheme:dr:ـنـ,dr,visually_confusable_with,0.667,"{""char_sim"": 0.667}",automatic_only
grapheme:dr:ـد,grapheme:dr:ـهـ,dr,visually_confusable_with,0.667,"{""char_sim"": 0.667}",automatic_only
grapheme:dr:ـد,grapheme:dr:ـيـ,dr,visually_confusable_with,0.667,"{""char_sim"": 0.667}",automatic_only
grapheme:dr:ـد,grapheme:dr:ـگـ,dr,visually_confusable_with,0.667,"{""char_sim"": 0.667}",automatic_only
grapheme:dr:ـد,grapheme:dr:ـپـ,dr,visually_confusable_with,0.667,"{""char_sim"": 0.667}",automatic_only
grapheme:dr:ـد,grapheme:dr:ـڤـ,dr,visually_confusable_with,0.667,"{""char_sim"": 0.667}",automatic_only
grapheme:dr:ـد,grapheme:dr:ـچـ,dr,visually_confusable_with,0.667,"{""char_sim"": 0.667}",automatic_only
grapheme:dr:ذ,grapheme:dr:ـذ,dr,visually_confusable_with,1.0,"{""char_sim"": 1.0}",automatic_only
grapheme:dr:ـذ,grapheme:dr:ـا,dr,visually_confusable_with,0.5,"{""char_sim"": 0.5}",automatic_only
grapheme:dr:ـذ,grapheme:dr:ـو,dr,visually_confusable_with,0.5,"{""char_sim"": 0.5}",automatic_only
grapheme:dr:ـذ,grapheme:dr:ـي,dr,visually_confusable_with,0.5,"{""char_sim"": 0.5}",automatic_only
grapheme:dr:ـذ,grapheme:dr:ـئـ,dr,visually_confusable_with,0.667,"{""char_sim"": 0.667}",automatic_only
grapheme:dr:ـذ,grapheme:dr:ـبـ,dr,visually_confusable_with,0.667,"{""char_sim"": 0.667}",automatic_only
grapheme:dr:ـذ,grapheme:dr:ـتـ,dr,visually_confusable_with,0.667,"{""char_sim"": 0.667}",automatic_only
grapheme:dr:ـذ,grapheme:dr:ـثـ,dr,visually_confusable_with,0.667,"{""char_sim"": 0.667}",automatic_only
grapheme:dr:ـذ,grapheme:dr:ـجـ,dr,visually_confusable_with,0.667,"{""char_sim"": 0.667}",automatic_only
grapheme:dr:ـذ,grapheme:dr:ـحـ,dr,visually_confusable_with,0.667,"{""char_sim"": 0.667}",automatic_only
grapheme:dr:ـذ,grapheme:dr:ـخـ,dr,visually_confusable_with,0.667,"{""char_sim"": 0.667}",automatic_only
grapheme:dr:ـذ,grapheme:dr:ـد,dr,visually_confusable_with,0.5,"{""char_sim"": 0.5}",automatic_only
grapheme:dr:ـذ,grapheme:dr:ذ,dr,visually_confusable_with,1.0,"{""char_sim"": 1.0}",automatic_only
grapheme:dr:ـذ,grapheme:dr:ـر,dr,visually_confusable_with,0.5,"{""char_sim"": 0.5}",automatic_only
grapheme:dr:ـذ,grapheme:dr:ـز,dr,visually_confusable_with,0.5,"{""char_sim"": 0.5}",automatic_only
grapheme:dr:ـذ,grapheme:dr:ـسـ,dr,visually_confusable_with,0.667,"{""char_sim"": 0.667}",automatic_only
grapheme:dr:ـذ,grapheme:dr:ـشـ,dr,visually_confusable_with,0.667,"{""char_sim"": 0.667}",automatic_only
grapheme:dr:ـذ,grapheme:dr:ـصـ,dr,visually_confusable_with,0.667,"{""char_sim"": 0.667}",automatic_only
grapheme:dr:ـذ,grapheme:dr:ـضـ,dr,visually_confusable_with,0.667,"{""char_sim"": 0.667}",automatic_only
grapheme:dr:ـذ,grapheme:dr:ـطـ,dr,visually_confusable_with,0.667,"{""char_sim"": 0.667}",automatic_only
grapheme:dr:ـذ,grapheme:dr:ـظـ,dr,visually_confusable_with,0.667,"{""char_sim"": 0.667}",automatic_only
grapheme:dr:ـذ,grapheme:dr:ـعـ,dr,visually_confusable_with,0.667,"{""char_sim"": 0.667}",automatic_only
grapheme:dr:ـذ,grapheme:dr:ـغـ,dr,visually_confusable_with,0.667,"{""char_sim"": 0.667}",automatic_only
grapheme:dr:ـذ,grapheme:dr:ـفـ,dr,visually_confusable_with,0.667,"{""char_sim"": 0.667}",automatic_only
grapheme:dr:ـذ,grapheme:dr:ـقـ,dr,visually_confusable_with,0.667,"{""char_sim"": 0.667}",automatic_only
grapheme:dr:ـذ,grapheme:dr:ـكـ,dr,visually_confusable_with,0.667,"{""char_sim"": 0.667}",automatic_only
grapheme:dr:ـذ,grapheme:dr:ـلـ,dr,visually_confusable_with,0.667,"{""char_sim"": 0.667}",automatic_only
grapheme:dr:ـذ,grapheme:dr:ـمـ,dr,visually_confusable_with,0.667,"{""char_sim"": 0.667}",automatic_only
grapheme:dr:ـذ,grapheme:dr:ـنـ,dr,visually_confusable_with,0.667,"{""char_sim"": 0.667}",automatic_only
grapheme:dr:ـذ,grapheme:dr:ـهـ,dr,visually_confusable_with,0.667,"{""char_sim"": 0.667}",automatic_only
grapheme:dr:ـذ,grapheme:dr:ـيـ,dr,visually_confusable_with,0.667,"{""char_sim"": 0.667}",automatic_only
grapheme:dr:ـذ,grapheme:dr:ـگـ,dr,visually_confusable_with,0.667,"{""char_sim"": 0.667}",automatic_only
grapheme:dr:ـذ,grapheme:dr:ـپـ,dr,visually_confusable_with,0.667,"{""char_sim"": 0.667}",automatic_only
grapheme:dr:ـذ,grapheme:dr:ـڤـ,dr,visually_confusable_with,0.667,"{""char_sim"": 0.667}",automatic_only
grapheme:dr:ـذ,grapheme:dr:ـچـ,dr,visually_confusable_with,0.667,"{""char_sim"": 0.667}",automatic_only
grapheme:dr:ر,grapheme:dr:ـر,dr,visually_confusable_with,1.0,"{""char_sim"": 1.0}",automatic_only
grapheme:dr:ـر,grapheme:dr:ـا,dr,visually_confusable_with,0.5,"{""char_sim"": 0.5}",automatic_only
grapheme:dr:ـر,grapheme:dr:ـو,dr,visually_confusable_with,0.5,"{""char_sim"": 0.5}",automatic_only
grapheme:dr:ـر,grapheme:dr:ـي,dr,visually_confusable_with,0.5,"{""char_sim"": 0.5}",automatic_only
grapheme:dr:ـر,grapheme:dr:ـئـ,dr,visually_confusable_with,0.667,"{""char_sim"": 0.667}",automatic_only
grapheme:dr:ـر,grapheme:dr:ـبـ,dr,visually_confusable_with,0.667,"{""char_sim"": 0.667}",automatic_only
grapheme:dr:ـر,grapheme:dr:ـتـ,dr,visually_confusable_with,0.667,"{""char_sim"": 0.667}",automatic_only
grapheme:dr:ـر,grapheme:dr:ـثـ,dr,visually_confusable_with,0.667,"{""char_sim"": 0.667}",automatic_only
grapheme:dr:ـر,grapheme:dr:ـجـ,dr,visually_confusable_with,0.667,"{""char_sim"": 0.667}",automatic_only
grapheme:dr:ـر,grapheme:dr:ـحـ,dr,visually_confusable_with,0.667,"{""char_sim"": 0.667}",automatic_only
grapheme:dr:ـر,grapheme:dr:ـخـ,dr,visually_confusable_with,0.667,"{""char_sim"": 0.667}",automatic_only
grapheme:dr:ـر,grapheme:dr:ـد,dr,visually_confusable_with,0.5,"{""char_sim"": 0.5}",automatic_only
grapheme:dr:ـر,grapheme:dr:ـذ,dr,visually_confusable_with,0.5,"{""char_sim"": 0.5}",automatic_only
grapheme:dr:ـر,grapheme:dr:ر,dr,visually_confusable_with,1.0,"{""char_sim"": 1.0}",automatic_only
grapheme:dr:ـر,grapheme:dr:ـز,dr,visually_confusable_with,0.5,"{""char_sim"": 0.5}",automatic_only
grapheme:dr:ـر,grapheme:dr:ـسـ,dr,visually_confusable_with,0.667,"{""char_sim"": 0.667}",automatic_only
grapheme:dr:ـر,grapheme:dr:ـشـ,dr,visually_confusable_with,0.667,"{""char_sim"": 0.667}",automatic_only
grapheme:dr:ـر,grapheme:dr:ـصـ,dr,visually_confusable_with,0.667,"{""char_sim"": 0.667}",automatic_only
grapheme:dr:ـر,grapheme:dr:ـضـ,dr,visually_confusable_with,0.667,"{""char_sim"": 0.667}",automatic_only
grapheme:dr:ـر,grapheme:dr:ـطـ,dr,visually_confusable_with,0.667,"{""char_sim"": 0.667}",automatic_only
grapheme:dr:ـر,grapheme:dr:ـظـ,dr,visually_confusable_with,0.667,"{""char_sim"": 0.667}",automatic_only
grapheme:dr:ـر,grapheme:dr:ـعـ,dr,visually_confusable_with,0.667,"{""char_sim"": 0.667}",automatic_only
grapheme:dr:ـر,grapheme:dr:ـغـ,dr,visually_confusable_with,0.667,"{""char_sim"": 0.667}",automatic_only
grapheme:dr:ـر,grapheme:dr:ـفـ,dr,visually_confusable_with,0.667,"{""char_sim"": 0.667}",automatic_only
grapheme:dr:ـر,grapheme:dr:ـقـ,dr,visually_confusable_with,0.667,"{""char_sim"": 0.667}",automatic_only
grapheme:dr:ـر,grapheme:dr:ـكـ,dr,visually_confusable_with,0.667,"{""char_sim"": 0.667}",automatic_only
grapheme:dr:ـر,grapheme:dr:ـلـ,dr,visually_confusable_with,0.667,"{""char_sim"": 0.667}",automatic_only
grapheme:dr:ـر,grapheme:dr:ـمـ,dr,visually_confusable_with,0.667,"{""char_sim"": 0.667}",automatic_only
grapheme:dr:ـر,grapheme:dr:ـنـ,dr,visually_confusable_with,0.667,"{""char_sim"": 0.667}",automatic_only
grapheme:dr:ـر,grapheme:dr:ـهـ,dr,visually_confusable_with,0.667,"{""char_sim"": 0.667}",automatic_only
grapheme:dr:ـر,grapheme:dr:ـيـ,dr,visually_confusable_with,0.667,"{""char_sim"": 0.667}",automatic_only
grapheme:dr:ـر,grapheme:dr:ـگـ,dr,visually_confusable_with,0.667,"{""char_sim"": 0.667}",automatic_only
grapheme:dr:ـر,grapheme:dr:ـپـ,dr,visually_confusable_with,0.667,"{""char_sim"": 0.667}",automatic_only
grapheme:dr:ـر,grapheme:dr:ـڤـ,dr,visually_confusable_with,0.667,"{""char_sim"": 0.667}",automatic_only
grapheme:dr:ـر,grapheme:dr:ـچـ,dr,visually_confusable_with,0.667,"{""char_sim"": 0.667}",automatic_only
grapheme:dr:ز,grapheme:dr:ـز,dr,visually_confusable_with,1.0,"{""char_sim"": 1.0}",automatic_only
grapheme:dr:ـز,grapheme:dr:ـا,dr,visually_confusable_with,0.5,"{""char_sim"": 0.5}",automatic_only
grapheme:dr:ـز,grapheme:dr:ـو,dr,visually_confusable_with,0.5,"{""char_sim"": 0.5}",automatic_only
grapheme:dr:ـز,grapheme:dr:ـي,dr,visually_confusable_with,0.5,"{""char_sim"": 0.5}",automatic_only
grapheme:dr:ـز,grapheme:dr:ـئـ,dr,visually_confusable_with,0.667,"{""char_sim"": 0.667}",automatic_only
grapheme:dr:ـز,grapheme:dr:ـبـ,dr,visually_confusable_with,0.667,"{""char_sim"": 0.667}",automatic_only
grapheme:dr:ـز,grapheme:dr:ـتـ,dr,visually_confusable_with,0.667,"{""char_sim"": 0.667}",automatic_only
grapheme:dr:ـز,grapheme:dr:ـثـ,dr,visually_confusable_with,0.667,"{""char_sim"": 0.667}",automatic_only
grapheme:dr:ـز,grapheme:dr:ـجـ,dr,visually_confusable_with,0.667,"{""char_sim"": 0.667}",automatic_only
grapheme:dr:ـز,grapheme:dr:ـحـ,dr,visually_confusable_with,0.667,"{""char_sim"": 0.667}",automatic_only
grapheme:dr:ـز,grapheme:dr:ـخـ,dr,visually_confusable_with,0.667,"{""char_sim"": 0.667}",automatic_only
grapheme:dr:ـز,grapheme:dr:ـد,dr,visually_confusable_with,0.5,"{""char_sim"": 0.5}",automatic_only
grapheme:dr:ـز,grapheme:dr:ـذ,dr,visually_confusable_with,0.5,"{""char_sim"": 0.5}",automatic_only
grapheme:dr:ـز,grapheme:dr:ـر,dr,visually_confusable_with,0.5,"{""char_sim"": 0.5}",automatic_only
grapheme:dr:ـز,grapheme:dr:ز,dr,visually_confusable_with,1.0,"{""char_sim"": 1.0}",automatic_only
grapheme:dr:ـز,grapheme:dr:ـسـ,dr,visually_confusable_with,0.667,"{""char_sim"": 0.667}",automatic_only
grapheme:dr:ـز,grapheme:dr:ـشـ,dr,visually_confusable_with,0.667,"{""char_sim"": 0.667}",automatic_only
grapheme:dr:ـز,grapheme:dr:ـصـ,dr,visually_confusable_with,0.667,"{""char_sim"": 0.667}",automatic_only
grapheme:dr:ـز,grapheme:dr:ـضـ,dr,visually_confusable_with,0.667,"{""char_sim"": 0.667}",automatic_only
grapheme:dr:ـز,grapheme:dr:ـطـ,dr,visually_confusable_with,0.667,"{""char_sim"": 0.667}",automatic_only
grapheme:dr:ـز,grapheme:dr:ـظـ,dr,visually_confusable_with,0.667,"{""char_sim"": 0.667}",automatic_only
grapheme:dr:ـز,grapheme:dr:ـعـ,dr,visually_confusable_with,0.667,"{""char_sim"": 0.667}",automatic_only
grapheme:dr:ـز,grapheme:dr:ـغـ,dr,visually_confusable_with,0.667,"{""char_sim"": 0.667}",automatic_only
grapheme:dr:ـز,grapheme:dr:ـفـ,dr,visually_confusable_with,0.667,"{""char_sim"": 0.667}",automatic_only
grapheme:dr:ـز,grapheme:dr:ـقـ,dr,visually_confusable_with,0.667,"{""char_sim"": 0.667}",automatic_only
grapheme:dr:ـز,grapheme:dr:ـكـ,dr,visually_confusable_with,0.667,"{""char_sim"": 0.667}",automatic_only
grapheme:dr:ـز,grapheme:dr:ـلـ,dr,visually_confusable_with,0.667,"{""char_sim"": 0.667}",automatic_only
grapheme:dr:ـز,grapheme:dr:ـمـ,dr,visually_confusable_with,0.667,"{""char_sim"": 0.667}",automatic_only
grapheme:dr:ـز,grapheme:dr:ـنـ,dr,visually_confusable_with,0.667,"{""char_sim"": 0.667}",automatic_only
grapheme:dr:ـز,grapheme:dr:ـهـ,dr,visually_confusable_with,0.667,"{""char_sim"": 0.667}",automatic_only
grapheme:dr:ـز,grapheme:dr:ـيـ,dr,visually_confusable_with,0.667,"{""char_sim"": 0.667}",automatic_only
grapheme:dr:ـز,grapheme:dr:ـگـ,dr,visually_confusable_with,0.667,"{""char_sim"": 0.667}",automatic_only
grapheme:dr:ـز,grapheme:dr:ـپـ,dr,visually_confusable_with,0.667,"{""char_sim"": 0.667}",automatic_only
grapheme:dr:ـز,grapheme:dr:ـڤـ,dr,visually_confusable_with,0.667,"{""char_sim"": 0.667}",automatic_only
grapheme:dr:ـز,grapheme:dr:ـچـ,dr,visually_confusable_with,0.667,"{""char_sim"": 0.667}",automatic_only
grapheme:dr:س,grapheme:dr:ـسـ,dr,visually_confusable_with,0.667,"{""char_sim"": 0.667}",automatic_only
grapheme:dr:ـسـ,grapheme:dr:ـا,dr,visually_confusable_with,0.667,"{""char_sim"": 0.667}",automatic_only
grapheme:dr:ـسـ,grapheme:dr:ـو,dr,visually_confusable_with,0.667,"{""char_sim"": 0.667}",automatic_only
grapheme:dr:ـسـ,grapheme:dr:ـي,dr,visually_confusable_with,0.667,"{""char_sim"": 0.667}",automatic_only
grapheme:dr:ـسـ,grapheme:dr:ـئـ,dr,visually_confusable_with,0.667,"{""char_sim"": 0.667}",automatic_only
grapheme:dr:ـسـ,grapheme:dr:ـبـ,dr,visually_confusable_with,0.667,"{""char_sim"": 0.667}",automatic_only
grapheme:dr:ـسـ,grapheme:dr:ـتـ,dr,visually_confusable_with,0.667,"{""char_sim"": 0.667}",automatic_only
grapheme:dr:ـسـ,grapheme:dr:ـثـ,dr,visually_confusable_with,0.667,"{""char_sim"": 0.667}",automatic_only
grapheme:dr:ـسـ,grapheme:dr:ـجـ,dr,visually_confusable_with,0.667,"{""char_sim"": 0.667}",automatic_only
grapheme:dr:ـسـ,grapheme:dr:ـحـ,dr,visually_confusable_with,0.667,"{""char_sim"": 0.667}",automatic_only
grapheme:dr:ـسـ,grapheme:dr:ـخـ,dr,visually_confusable_with,0.667,"{""char_sim"": 0.667}",automatic_only
grapheme:dr:ـسـ,grapheme:dr:ـد,dr,visually_confusable_with,0.667,"{""char_sim"": 0.667}",automatic_only
grapheme:dr:ـسـ,grapheme:dr:ـذ,dr,visually_confusable_with,0.667,"{""char_sim"": 0.667}",automatic_only
grapheme:dr:ـسـ,grapheme:dr:ـر,dr,visually_confusable_with,0.667,"{""char_sim"": 0.667}",automatic_only
grapheme:dr:ـسـ,grapheme:dr:ـز,dr,visually_confusable_with,0.667,"{""char_sim"": 0.667}",automatic_only
grapheme:dr:ـسـ,grapheme:dr:س,dr,visually_confusable_with,0.667,"{""char_sim"": 0.667}",automatic_only
grapheme:dr:ـسـ,grapheme:dr:ـشـ,dr,visually_confusable_with,0.667,"{""char_sim"": 0.667}",automatic_only
grapheme:dr:ـسـ,grapheme:dr:ـصـ,dr,visually_confusable_with,0.667,"{""char_sim"": 0.667}",automatic_only
grapheme:dr:ـسـ,grapheme:dr:ـضـ,dr,visually_confusable_with,0.667,"{""char_sim"": 0.667}",automatic_only
grapheme:dr:ـسـ,grapheme:dr:ـطـ,dr,visually_confusable_with,0.667,"{""char_sim"": 0.667}",automatic_only
grapheme:dr:ـسـ,grapheme:dr:ـظـ,dr,visually_confusable_with,0.667,"{""char_sim"": 0.667}",automatic_only
grapheme:dr:ـسـ,grapheme:dr:ـعـ,dr,visually_confusable_with,0.667,"{""char_sim"": 0.667}",automatic_only
grapheme:dr:ـسـ,grapheme:dr:ـغـ,dr,visually_confusable_with,0.667,"{""char_sim"": 0.667}",automatic_only
grapheme:dr:ـسـ,grapheme:dr:ـفـ,dr,visually_confusable_with,0.667,"{""char_sim"": 0.667}",automatic_only
grapheme:dr:ـسـ,grapheme:dr:ـقـ,dr,visually_confusable_with,0.667,"{""char_sim"": 0.667}",automatic_only
grapheme:dr:ـسـ,grapheme:dr:ـكـ,dr,visually_confusable_with,0.667,"{""char_sim"": 0.667}",automatic_only
grapheme:dr:ـسـ,grapheme:dr:ـلـ,dr,visually_confusable_with,0.667,"{""char_sim"": 0.667}",automatic_only
grapheme:dr:ـسـ,grapheme:dr:ـمـ,dr,visually_confusable_with,0.667,"{""char_sim"": 0.667}",automatic_only
grapheme:dr:ـسـ,grapheme:dr:ـنـ,dr,visually_confusable_with,0.667,"{""char_sim"": 0.667}",automatic_only
grapheme:dr:ـسـ,grapheme:dr:ـهـ,dr,visually_confusable_with,0.667,"{""char_sim"": 0.667}",automatic_only
grapheme:dr:ـسـ,grapheme:dr:ـيـ,dr,visually_confusable_with,0.667,"{""char_sim"": 0.667}",automatic_only
grapheme:dr:ـسـ,grapheme:dr:ـگـ,dr,visually_confusable_with,0.667,"{""char_sim"": 0.667}",automatic_only
grapheme:dr:ـسـ,grapheme:dr:ـپـ,dr,visually_confusable_with,0.667,"{""char_sim"": 0.667}",automatic_only
grapheme:dr:ـسـ,grapheme:dr:ـڤـ,dr,visually_confusable_with,0.667,"{""char_sim"": 0.667}",automatic_only
grapheme:dr:ـسـ,grapheme:dr:ـچـ,dr,visually_confusable_with,0.667,"{""char_sim"": 0.667}",automatic_only
grapheme:dr:ش,grapheme:dr:ـشـ,dr,visually_confusable_with,0.667,"{""char_sim"": 0.667}",automatic_only
grapheme:dr:ـشـ,grapheme:dr:ـا,dr,visually_confusable_with,0.667,"{""char_sim"": 0.667}",automatic_only
grapheme:dr:ـشـ,grapheme:dr:ـو,dr,visually_confusable_with,0.667,"{""char_sim"": 0.667}",automatic_only
grapheme:dr:ـشـ,grapheme:dr:ـي,dr,visually_confusable_with,0.667,"{""char_sim"": 0.667}",automatic_only
grapheme:dr:ـشـ,grapheme:dr:ـئـ,dr,visually_confusable_with,0.667,"{""char_sim"": 0.667}",automatic_only
grapheme:dr:ـشـ,grapheme:dr:ـبـ,dr,visually_confusable_with,0.667,"{""char_sim"": 0.667}",automatic_only
grapheme:dr:ـشـ,grapheme:dr:ـتـ,dr,visually_confusable_with,0.667,"{""char_sim"": 0.667}",automatic_only
grapheme:dr:ـشـ,grapheme:dr:ـثـ,dr,visually_confusable_with,0.667,"{""char_sim"": 0.667}",automatic_only
grapheme:dr:ـشـ,grapheme:dr:ـجـ,dr,visually_confusable_with,0.667,"{""char_sim"": 0.667}",automatic_only
grapheme:dr:ـشـ,grapheme:dr:ـحـ,dr,visually_confusable_with,0.667,"{""char_sim"": 0.667}",automatic_only
grapheme:dr:ـشـ,grapheme:dr:ـخـ,dr,visually_confusable_with,0.667,"{""char_sim"": 0.667}",automatic_only
grapheme:dr:ـشـ,grapheme:dr:ـد,dr,visually_confusable_with,0.667,"{""char_sim"": 0.667}",automatic_only
grapheme:dr:ـشـ,grapheme:dr:ـذ,dr,visually_confusable_with,0.667,"{""char_sim"": 0.667}",automatic_only
grapheme:dr:ـشـ,grapheme:dr:ـر,dr,visually_confusable_with,0.667,"{""char_sim"": 0.667}",automatic_only
grapheme:dr:ـشـ,grapheme:dr:ـز,dr,visually_confusable_with,0.667,"{""char_sim"": 0.667}",automatic_only
grapheme:dr:ـشـ,grapheme:dr:ـسـ,dr,visually_confusable_with,0.667,"{""char_sim"": 0.667}",automatic_only
grapheme:dr:ـشـ,grapheme:dr:ش,dr,visually_confusable_with,0.667,"{""char_sim"": 0.667}",automatic_only
grapheme:dr:ـشـ,grapheme:dr:ـصـ,dr,visually_confusable_with,0.667,"{""char_sim"": 0.667}",automatic_only
grapheme:dr:ـشـ,grapheme:dr:ـضـ,dr,visually_confusable_with,0.667,"{""char_sim"": 0.667}",automatic_only
grapheme:dr:ـشـ,grapheme:dr:ـطـ,dr,visually_confusable_with,0.667,"{""char_sim"": 0.667}",automatic_only
grapheme:dr:ـشـ,grapheme:dr:ـظـ,dr,visually_confusable_with,0.667,"{""char_sim"": 0.667}",automatic_only
grapheme:dr:ـشـ,grapheme:dr:ـعـ,dr,visually_confusable_with,0.667,"{""char_sim"": 0.667}",automatic_only
grapheme:dr:ـشـ,grapheme:dr:ـغـ,dr,visually_confusable_with,0.667,"{""char_sim"": 0.667}",automatic_only
grapheme:dr:ـشـ,grapheme:dr:ـفـ,dr,visually_confusable_with,0.667,"{""char_sim"": 0.667}",automatic_only
grapheme:dr:ـشـ,grapheme:dr:ـقـ,dr,visually_confusable_with,0.667,"{""char_sim"": 0.667}",automatic_only
grapheme:dr:ـشـ,grapheme:dr:ـكـ,dr,visually_confusable_with,0.667,"{""char_sim"": 0.667}",automatic_only
grapheme:dr:ـشـ,grapheme:dr:ـلـ,dr,visually_confusable_with,0.667,"{""char_sim"": 0.667}",automatic_only
grapheme:dr:ـشـ,grapheme:dr:ـمـ,dr,visually_confusable_with,0.667,"{""char_sim"": 0.667}",automatic_only
grapheme:dr:ـشـ,grapheme:dr:ـنـ,dr,visually_confusable_with,0.667,"{""char_sim"": 0.667}",automatic_only
grapheme:dr:ـشـ,grapheme:dr:ـهـ,dr,visually_confusable_with,0.667,"{""char_sim"": 0.667}",automatic_only
grapheme:dr:ـشـ,grapheme:dr:ـيـ,dr,visually_confusable_with,0.667,"{""char_sim"": 0.667}",automatic_only
grapheme:dr:ـشـ,grapheme:dr:ـگـ,dr,visually_confusable_with,0.667,"{""char_sim"": 0.667}",automatic_only
grapheme:dr:ـشـ,grapheme:dr:ـپـ,dr,visually_confusable_with,0.667,"{""char_sim"": 0.667}",automatic_only
grapheme:dr:ـشـ,grapheme:dr:ـڤـ,dr,visually_confusable_with,0.667,"{""char_sim"": 0.667}",automatic_only
grapheme:dr:ـشـ,grapheme:dr:ـچـ,dr,visually_confusable_with,0.667,"{""char_sim"": 0.667}",automatic_only
grapheme:dr:ص,grapheme:dr:ـصـ,dr,visually_confusable_with,0.667,"{""char_sim"": 0.667}",automatic_only
grapheme:dr:ـصـ,grapheme:dr:ـا,dr,visually_confusable_with,0.667,"{""char_sim"": 0.667}",automatic_only
grapheme:dr:ـصـ,grapheme:dr:ـو,dr,visually_confusable_with,0.667,"{""char_sim"": 0.667}",automatic_only
grapheme:dr:ـصـ,grapheme:dr:ـي,dr,visually_confusable_with,0.667,"{""char_sim"": 0.667}",automatic_only
grapheme:dr:ـصـ,grapheme:dr:ـئـ,dr,visually_confusable_with,0.667,"{""char_sim"": 0.667}",automatic_only
grapheme:dr:ـصـ,grapheme:dr:ـبـ,dr,visually_confusable_with,0.667,"{""char_sim"": 0.667}",automatic_only
grapheme:dr:ـصـ,grapheme:dr:ـتـ,dr,visually_confusable_with,0.667,"{""char_sim"": 0.667}",automatic_only
grapheme:dr:ـصـ,grapheme:dr:ـثـ,dr,visually_confusable_with,0.667,"{""char_sim"": 0.667}",automatic_only
grapheme:dr:ـصـ,grapheme:dr:ـجـ,dr,visually_confusable_with,0.667,"{""char_sim"": 0.667}",automatic_only
grapheme:dr:ـصـ,grapheme:dr:ـحـ,dr,visually_confusable_with,0.667,"{""char_sim"": 0.667}",automatic_only
grapheme:dr:ـصـ,grapheme:dr:ـخـ,dr,visually_confusable_with,0.667,"{""char_sim"": 0.667}",automatic_only
grapheme:dr:ـصـ,grapheme:dr:ـد,dr,visually_confusable_with,0.667,"{""char_sim"": 0.667}",automatic_only
grapheme:dr:ـصـ,grapheme:dr:ـذ,dr,visually_confusable_with,0.667,"{""char_sim"": 0.667}",automatic_only
grapheme:dr:ـصـ,grapheme:dr:ـر,dr,visually_confusable_with,0.667,"{""char_sim"": 0.667}",automatic_only
grapheme:dr:ـصـ,grapheme:dr:ـز,dr,visually_confusable_with,0.667,"{""char_sim"": 0.667}",automatic_only
grapheme:dr:ـصـ,grapheme:dr:ـسـ,dr,visually_confusable_with,0.667,"{""char_sim"": 0.667}",automatic_only
grapheme:dr:ـصـ,grapheme:dr:ـشـ,dr,visually_confusable_with,0.667,"{""char_sim"": 0.667}",automatic_only
grapheme:dr:ـصـ,grapheme:dr:ص,dr,visually_confusable_with,0.667,"{""char_sim"": 0.667}",automatic_only
grapheme:dr:ـصـ,grapheme:dr:ـضـ,dr,visually_confusable_with,0.667,"{""char_sim"": 0.667}",automatic_only
grapheme:dr:ـصـ,grapheme:dr:ـطـ,dr,visually_confusable_with,0.667,"{""char_sim"": 0.667}",automatic_only
grapheme:dr:ـصـ,grapheme:dr:ـظـ,dr,visually_confusable_with,0.667,"{""char_sim"": 0.667}",automatic_only
grapheme:dr:ـصـ,grapheme:dr:ـعـ,dr,visually_confusable_with,0.667,"{""char_sim"": 0.667}",automatic_only
grapheme:dr:ـصـ,grapheme:dr:ـغـ,dr,visually_confusable_with,0.667,"{""char_sim"": 0.667}",automatic_only
grapheme:dr:ـصـ,grapheme:dr:ـفـ,dr,visually_confusable_with,0.667,"{""char_sim"": 0.667}",automatic_only
grapheme:dr:ـصـ,grapheme:dr:ـقـ,dr,visually_confusable_with,0.667,"{""char_sim"": 0.667}",automatic_only
grapheme:dr:ـصـ,grapheme:dr:ـكـ,dr,visually_confusable_with,0.667,"{""char_sim"": 0.667}",automatic_only
grapheme:dr:ـصـ,grapheme:dr:ـلـ,dr,visually_confusable_with,0.667,"{""char_sim"": 0.667}",automatic_only
grapheme:dr:ـصـ,grapheme:dr:ـمـ,dr,visually_confusable_with,0.667,"{""char_sim"": 0.667}",automatic_only
grapheme:dr:ـصـ,grapheme:dr:ـنـ,dr,visually_confusable_with,0.667,"{""char_sim"": 0.667}",automatic_only
grapheme:dr:ـصـ,grapheme:dr:ـهـ,dr,visually_confusable_with,0.667,"{""char_sim"": 0.667}",automatic_only
grapheme:dr:ـصـ,grapheme:dr:ـيـ,dr,visually_confusable_with,0.667,"{""char_sim"": 0.667}",automatic_only
grapheme:dr:ـصـ,grapheme:dr:ـگـ,dr,visually_confusable_with,0.667,"{""char_sim"": 0.667}",automatic_only
grapheme:dr:ـصـ,grapheme:dr:ـپـ,dr,visually_confusable_with,0.667,"{""char_sim"": 0.667}",automatic_only
grapheme:dr:ـصـ,grapheme:dr:ـڤـ,dr,visually_confusable_with,0.667,"{""char_sim"": 0.667}",automatic_only
grapheme:dr:ـصـ,grapheme:dr:ـچـ,dr,visually_confusable_with,0.667,"{""char_sim"": 0.667}",automatic_only
grapheme:dr:ض,grapheme:dr:ـضـ,dr,visually_confusable_with,0.667,"{""char_sim"": 0.667}",automatic_only
grapheme:dr:ـضـ,grapheme:dr:ـا,dr,visually_confusable_with,0.667,"{""char_sim"": 0.667}",automatic_only
grapheme:dr:ـضـ,grapheme:dr:ـو,dr,visually_confusable_with,0.667,"{""char_sim"": 0.667}",automatic_only
grapheme:dr:ـضـ,grapheme:dr:ـي,dr,visually_confusable_with,0.667,"{""char_sim"": 0.667}",automatic_only
grapheme:dr:ـضـ,grapheme:dr:ـئـ,dr,visually_confusable_with,0.667,"{""char_sim"": 0.667}",automatic_only
grapheme:dr:ـضـ,grapheme:dr:ـبـ,dr,visually_confusable_with,0.667,"{""char_sim"": 0.667}",automatic_only
grapheme:dr:ـضـ,grapheme:dr:ـتـ,dr,visually_confusable_with,0.667,"{""char_sim"": 0.667}",automatic_only
grapheme:dr:ـضـ,grapheme:dr:ـثـ,dr,visually_confusable_with,0.667,"{""char_sim"": 0.667}",automatic_only
grapheme:dr:ـضـ,grapheme:dr:ـجـ,dr,visually_confusable_with,0.667,"{""char_sim"": 0.667}",automatic_only
grapheme:dr:ـضـ,grapheme:dr:ـحـ,dr,visually_confusable_with,0.667,"{""char_sim"": 0.667}",automatic_only
grapheme:dr:ـضـ,grapheme:dr:ـخـ,dr,visually_confusable_with,0.667,"{""char_sim"": 0.667}",automatic_only
grapheme:dr:ـضـ,grapheme:dr:ـد,dr,visually_confusable_with,0.667,"{""char_sim"": 0.667}",automatic_only
grapheme:dr:ـضـ,grapheme:dr:ـذ,dr,visually_confusable_with,0.667,"{""char_sim"": 0.667}",automatic_only
grapheme:dr:ـضـ,grapheme:dr:ـر,dr,visually_confusable_with,0.667,"{""char_sim"": 0.667}",automatic_only
grapheme:dr:ـضـ,grapheme:dr:ـز,dr,visually_confusable_with,0.667,"{""char_sim"": 0.667}",automatic_only
grapheme:dr:ـضـ,grapheme:dr:ـسـ,dr,visually_confusable_with,0.667,"{""char_sim"": 0.667}",automatic_only
grapheme:dr:ـضـ,grapheme:dr:ـشـ,dr,visually_confusable_with,0.667,"{""char_sim"": 0.667}",automatic_only
grapheme:dr:ـضـ,grapheme:dr:ـصـ,dr,visually_confusable_with,0.667,"{""char_sim"": 0.667}",automatic_only
grapheme:dr:ـضـ,grapheme:dr:ض,dr,visually_confusable_with,0.667,"{""char_sim"": 0.667}",automatic_only
grapheme:dr:ـضـ,grapheme:dr:ـطـ,dr,visually_confusable_with,0.667,"{""char_sim"": 0.667}",automatic_only
grapheme:dr:ـضـ,grapheme:dr:ـظـ,dr,visually_confusable_with,0.667,"{""char_sim"": 0.667}",automatic_only
grapheme:dr:ـضـ,grapheme:dr:ـعـ,dr,visually_confusable_with,0.667,"{""char_sim"": 0.667}",automatic_only
grapheme:dr:ـضـ,grapheme:dr:ـغـ,dr,visually_confusable_with,0.667,"{""char_sim"": 0.667}",automatic_only
grapheme:dr:ـضـ,grapheme:dr:ـفـ,dr,visually_confusable_with,0.667,"{""char_sim"": 0.667}",automatic_only
grapheme:dr:ـضـ,grapheme:dr:ـقـ,dr,visually_confusable_with,0.667,"{""char_sim"": 0.667}",automatic_only
grapheme:dr:ـضـ,grapheme:dr:ـكـ,dr,visually_confusable_with,0.667,"{""char_sim"": 0.667}",automatic_only
grapheme:dr:ـضـ,grapheme:dr:ـلـ,dr,visually_confusable_with,0.667,"{""char_sim"": 0.667}",automatic_only
grapheme:dr:ـضـ,grapheme:dr:ـمـ,dr,visually_confusable_with,0.667,"{""char_sim"": 0.667}",automatic_only
grapheme:dr:ـضـ,grapheme:dr:ـنـ,dr,visually_confusable_with,0.667,"{""char_sim"": 0.667}",automatic_only
grapheme:dr:ـضـ,grapheme:dr:ـهـ,dr,visually_confusable_with,0.667,"{""char_sim"": 0.667}",automatic_only
grapheme:dr:ـضـ,grapheme:dr:ـيـ,dr,visually_confusable_with,0.667,"{""char_sim"": 0.667}",automatic_only
grapheme:dr:ـضـ,grapheme:dr:ـگـ,dr,visually_confusable_with,0.667,"{""char_sim"": 0.667}",automatic_only
grapheme:dr:ـضـ,grapheme:dr:ـپـ,dr,visually_confusable_with,0.667,"{""char_sim"": 0.667}",automatic_only
grapheme:dr:ـضـ,grapheme:dr:ـڤـ,dr,visually_confusable_with,0.667,"{""char_sim"": 0.667}",automatic_only
grapheme:dr:ـضـ,grapheme:dr:ـچـ,dr,visually_confusable_with,0.667,"{""char_sim"": 0.667}",automatic_only
grapheme:dr:ط,grapheme:dr:ـطـ,dr,visually_confusable_with,0.667,"{""char_sim"": 0.667}",automatic_only
grapheme:dr:ـطـ,grapheme:dr:ـا,dr,visually_confusable_with,0.667,"{""char_sim"": 0.667}",automatic_only
grapheme:dr:ـطـ,grapheme:dr:ـو,dr,visually_confusable_with,0.667,"{""char_sim"": 0.667}",automatic_only
grapheme:dr:ـطـ,grapheme:dr:ـي,dr,visually_confusable_with,0.667,"{""char_sim"": 0.667}",automatic_only
grapheme:dr:ـطـ,grapheme:dr:ـئـ,dr,visually_confusable_with,0.667,"{""char_sim"": 0.667}",automatic_only
grapheme:dr:ـطـ,grapheme:dr:ـبـ,dr,visually_confusable_with,0.667,"{""char_sim"": 0.667}",automatic_only
grapheme:dr:ـطـ,grapheme:dr:ـتـ,dr,visually_confusable_with,0.667,"{""char_sim"": 0.667}",automatic_only
grapheme:dr:ـطـ,grapheme:dr:ـثـ,dr,visually_confusable_with,0.667,"{""char_sim"": 0.667}",automatic_only
grapheme:dr:ـطـ,grapheme:dr:ـجـ,dr,visually_confusable_with,0.667,"{""char_sim"": 0.667}",automatic_only
grapheme:dr:ـطـ,grapheme:dr:ـحـ,dr,visually_confusable_with,0.667,"{""char_sim"": 0.667}",automatic_only
grapheme:dr:ـطـ,grapheme:dr:ـخـ,dr,visually_confusable_with,0.667,"{""char_sim"": 0.667}",automatic_only
grapheme:dr:ـطـ,grapheme:dr:ـد,dr,visually_confusable_with,0.667,"{""char_sim"": 0.667}",automatic_only
grapheme:dr:ـطـ,grapheme:dr:ـذ,dr,visually_confusable_with,0.667,"{""char_sim"": 0.667}",automatic_only
grapheme:dr:ـطـ,grapheme:dr:ـر,dr,visually_confusable_with,0.667,"{""char_sim"": 0.667}",automatic_only
grapheme:dr:ـطـ,grapheme:dr:ـز,dr,visually_confusable_with,0.667,"{""char_sim"": 0.667}",automatic_only
grapheme:dr:ـطـ,grapheme:dr:ـسـ,dr,visually_confusable_with,0.667,"{""char_sim"": 0.667}",automatic_only
grapheme:dr:ـطـ,grapheme:dr:ـشـ,dr,visually_confusable_with,0.667,"{""char_sim"": 0.667}",automatic_only
grapheme:dr:ـطـ,grapheme:dr:ـصـ,dr,visually_confusable_with,0.667,"{""char_sim"": 0.667}",automatic_only
grapheme:dr:ـطـ,grapheme:dr:ـضـ,dr,visually_confusable_with,0.667,"{""char_sim"": 0.667}",automatic_only
grapheme:dr:ـطـ,grapheme:dr:ط,dr,visually_confusable_with,0.667,"{""char_sim"": 0.667}",automatic_only
grapheme:dr:ـطـ,grapheme:dr:ـظـ,dr,visually_confusable_with,0.667,"{""char_sim"": 0.667}",automatic_only
grapheme:dr:ـطـ,grapheme:dr:ـعـ,dr,visually_confusable_with,0.667,"{""char_sim"": 0.667}",automatic_only
grapheme:dr:ـطـ,grapheme:dr:ـغـ,dr,visually_confusable_with,0.667,"{""char_sim"": 0.667}",automatic_only
grapheme:dr:ـطـ,grapheme:dr:ـفـ,dr,visually_confusable_with,0.667,"{""char_sim"": 0.667}",automatic_only
grapheme:dr:ـطـ,grapheme:dr:ـقـ,dr,visually_confusable_with,0.667,"{""char_sim"": 0.667}",automatic_only
grapheme:dr:ـطـ,grapheme:dr:ـكـ,dr,visually_confusable_with,0.667,"{""char_sim"": 0.667}",automatic_only
grapheme:dr:ـطـ,grapheme:dr:ـلـ,dr,visually_confusable_with,0.667,"{""char_sim"": 0.667}",automatic_only
grapheme:dr:ـطـ,grapheme:dr:ـمـ,dr,visually_confusable_with,0.667,"{""char_sim"": 0.667}",automatic_only
grapheme:dr:ـطـ,grapheme:dr:ـنـ,dr,visually_confusable_with,0.667,"{""char_sim"": 0.667}",automatic_only
grapheme:dr:ـطـ,grapheme:dr:ـهـ,dr,visually_confusable_with,0.667,"{""char_sim"": 0.667}",automatic_only
grapheme:dr:ـطـ,grapheme:dr:ـيـ,dr,visually_confusable_with,0.667,"{""char_sim"": 0.667}",automatic_only
grapheme:dr:ـطـ,grapheme:dr:ـگـ,dr,visually_confusable_with,0.667,"{""char_sim"": 0.667}",automatic_only
grapheme:dr:ـطـ,grapheme:dr:ـپـ,dr,visually_confusable_with,0.667,"{""char_sim"": 0.667}",automatic_only
grapheme:dr:ـطـ,grapheme:dr:ـڤـ,dr,visually_confusable_with,0.667,"{""char_sim"": 0.667}",automatic_only
grapheme:dr:ـطـ,grapheme:dr:ـچـ,dr,visually_confusable_with,0.667,"{""char_sim"": 0.667}",automatic_only
grapheme:dr:ظ,grapheme:dr:ـظـ,dr,visually_confusable_with,0.667,"{""char_sim"": 0.667}",automatic_only
grapheme:dr:ـظـ,grapheme:dr:ـا,dr,visually_confusable_with,0.667,"{""char_sim"": 0.667}",automatic_only
grapheme:dr:ـظـ,grapheme:dr:ـو,dr,visually_confusable_with,0.667,"{""char_sim"": 0.667}",automatic_only
grapheme:dr:ـظـ,grapheme:dr:ـي,dr,visually_confusable_with,0.667,"{""char_sim"": 0.667}",automatic_only
grapheme:dr:ـظـ,grapheme:dr:ـئـ,dr,visually_confusable_with,0.667,"{""char_sim"": 0.667}",automatic_only
grapheme:dr:ـظـ,grapheme:dr:ـبـ,dr,visually_confusable_with,0.667,"{""char_sim"": 0.667}",automatic_only
grapheme:dr:ـظـ,grapheme:dr:ـتـ,dr,visually_confusable_with,0.667,"{""char_sim"": 0.667}",automatic_only
grapheme:dr:ـظـ,grapheme:dr:ـثـ,dr,visually_confusable_with,0.667,"{""char_sim"": 0.667}",automatic_only
grapheme:dr:ـظـ,grapheme:dr:ـجـ,dr,visually_confusable_with,0.667,"{""char_sim"": 0.667}",automatic_only
grapheme:dr:ـظـ,grapheme:dr:ـحـ,dr,visually_confusable_with,0.667,"{""char_sim"": 0.667}",automatic_only
grapheme:dr:ـظـ,grapheme:dr:ـخـ,dr,visually_confusable_with,0.667,"{""char_sim"": 0.667}",automatic_only
grapheme:dr:ـظـ,grapheme:dr:ـد,dr,visually_confusable_with,0.667,"{""char_sim"": 0.667}",automatic_only
grapheme:dr:ـظـ,grapheme:dr:ـذ,dr,visually_confusable_with,0.667,"{""char_sim"": 0.667}",automatic_only
grapheme:dr:ـظـ,grapheme:dr:ـر,dr,visually_confusable_with,0.667,"{""char_sim"": 0.667}",automatic_only
grapheme:dr:ـظـ,grapheme:dr:ـز,dr,visually_confusable_with,0.667,"{""char_sim"": 0.667}",automatic_only
grapheme:dr:ـظـ,grapheme:dr:ـسـ,dr,visually_confusable_with,0.667,"{""char_sim"": 0.667}",automatic_only
grapheme:dr:ـظـ,grapheme:dr:ـشـ,dr,visually_confusable_with,0.667,"{""char_sim"": 0.667}",automatic_only
grapheme:dr:ـظـ,grapheme:dr:ـصـ,dr,visually_confusable_with,0.667,"{""char_sim"": 0.667}",automatic_only
grapheme:dr:ـظـ,grapheme:dr:ـضـ,dr,visually_confusable_with,0.667,"{""char_sim"": 0.667}",automatic_only
grapheme:dr:ـظـ,grapheme:dr:ـطـ,dr,visually_confusable_with,0.667,"{""char_sim"": 0.667}",automatic_only
grapheme:dr:ـظـ,grapheme:dr:ظ,dr,visually_confusable_with,0.667,"{""char_sim"": 0.667}",automatic_only
grapheme:dr:ـظـ,grapheme:dr:ـعـ,dr,visually_confusable_with,0.667,"{""char_sim"": 0.667}",automatic_only
grapheme:dr:ـظـ,grapheme:dr:ـغـ,dr,visually_confusable_with,0.667,"{""char_sim"": 0.667}",automatic_only
grapheme:dr:ـظـ,grapheme:dr:ـفـ,dr,visually_confusable_with,0.667,"{""char_sim"": 0.667}",automatic_only
grapheme:dr:ـظـ,grapheme:dr:ـقـ,dr,visually_confusable_with,0.667,"{""char_sim"": 0.667}",automatic_only
grapheme:dr:ـظـ,grapheme:dr:ـكـ,dr,visually_confusable_with,0.667,"{""char_sim"": 0.667}",automatic_only
grapheme:dr:ـظـ,grapheme:dr:ـلـ,dr,visually_confusable_with,0.667,"{""char_sim"": 0.667}",automatic_only
grapheme:dr:ـظـ,grapheme:dr:ـمـ,dr,visually_confusable_with,0.667,"{""char_sim"": 0.667}",automatic_only
grapheme:dr:ـظـ,grapheme:dr:ـنـ,dr,visually_confusable_with,0.667,"{""char_sim"": 0.667}",automatic_only
grapheme:dr:ـظـ,grapheme:dr:ـهـ,dr,visually_confusable_with,0.667,"{""char_sim"": 0.667}",automatic_only
grapheme:dr:ـظـ,grapheme:dr:ـيـ,dr,visually_confusable_with,0.667,"{""char_sim"": 0.667}",automatic_only
grapheme:dr:ـظـ,grapheme:dr:ـگـ,dr,visually_confusable_with,0.667,"{""char_sim"": 0.667}",automatic_only
grapheme:dr:ـظـ,grapheme:dr:ـپـ,dr,visually_confusable_with,0.667,"{""char_sim"": 0.667}",automatic_only
grapheme:dr:ـظـ,grapheme:dr:ـڤـ,dr,visually_confusable_with,0.667,"{""char_sim"": 0.667}",automatic_only
grapheme:dr:ـظـ,grapheme:dr:ـچـ,dr,visually_confusable_with,0.667,"{""char_sim"": 0.667}",automatic_only
grapheme:dr:ع,grapheme:dr:ـعـ,dr,visually_confusable_with,0.667,"{""char_sim"": 0.667}",automatic_only
grapheme:dr:ـعـ,grapheme:dr:ـا,dr,visually_confusable_with,0.667,"{""char_sim"": 0.667}",automatic_only
grapheme:dr:ـعـ,grapheme:dr:ـو,dr,visually_confusable_with,0.667,"{""char_sim"": 0.667}",automatic_only
grapheme:dr:ـعـ,grapheme:dr:ـي,dr,visually_confusable_with,0.667,"{""char_sim"": 0.667}",automatic_only
grapheme:dr:ـعـ,grapheme:dr:ـئـ,dr,visually_confusable_with,0.667,"{""char_sim"": 0.667}",automatic_only
grapheme:dr:ـعـ,grapheme:dr:ـبـ,dr,visually_confusable_with,0.667,"{""char_sim"": 0.667}",automatic_only
grapheme:dr:ـعـ,grapheme:dr:ـتـ,dr,visually_confusable_with,0.667,"{""char_sim"": 0.667}",automatic_only
grapheme:dr:ـعـ,grapheme:dr:ـثـ,dr,visually_confusable_with,0.667,"{""char_sim"": 0.667}",automatic_only
grapheme:dr:ـعـ,grapheme:dr:ـجـ,dr,visually_confusable_with,0.667,"{""char_sim"": 0.667}",automatic_only
grapheme:dr:ـعـ,grapheme:dr:ـحـ,dr,visually_confusable_with,0.667,"{""char_sim"": 0.667}",automatic_only
grapheme:dr:ـعـ,grapheme:dr:ـخـ,dr,visually_confusable_with,0.667,"{""char_sim"": 0.667}",automatic_only
grapheme:dr:ـعـ,grapheme:dr:ـد,dr,visually_confusable_with,0.667,"{""char_sim"": 0.667}",automatic_only
grapheme:dr:ـعـ,grapheme:dr:ـذ,dr,visually_confusable_with,0.667,"{""char_sim"": 0.667}",automatic_only
grapheme:dr:ـعـ,grapheme:dr:ـر,dr,visually_confusable_with,0.667,"{""char_sim"": 0.667}",automatic_only
grapheme:dr:ـعـ,grapheme:dr:ـز,dr,visually_confusable_with,0.667,"{""char_sim"": 0.667}",automatic_only
grapheme:dr:ـعـ,grapheme:dr:ـسـ,dr,visually_confusable_with,0.667,"{""char_sim"": 0.667}",automatic_only
grapheme:dr:ـعـ,grapheme:dr:ـشـ,dr,visually_confusable_with,0.667,"{""char_sim"": 0.667}",automatic_only
grapheme:dr:ـعـ,grapheme:dr:ـصـ,dr,visually_confusable_with,0.667,"{""char_sim"": 0.667}",automatic_only
grapheme:dr:ـعـ,grapheme:dr:ـضـ,dr,visually_confusable_with,0.667,"{""char_sim"": 0.667}",automatic_only
grapheme:dr:ـعـ,grapheme:dr:ـطـ,dr,visually_confusable_with,0.667,"{""char_sim"": 0.667}",automatic_only
grapheme:dr:ـعـ,grapheme:dr:ـظـ,dr,visually_confusable_with,0.667,"{""char_sim"": 0.667}",automatic_only
grapheme:dr:ـعـ,grapheme:dr:ع,dr,visually_confusable_with,0.667,"{""char_sim"": 0.667}",automatic_only
grapheme:dr:ـعـ,grapheme:dr:ـغـ,dr,visually_confusable_with,0.667,"{""char_sim"": 0.667}",automatic_only
grapheme:dr:ـعـ,grapheme:dr:ـفـ,dr,visually_confusable_with,0.667,"{""char_sim"": 0.667}",automatic_only
grapheme:dr:ـعـ,grapheme:dr:ـقـ,dr,visually_confusable_with,0.667,"{""char_sim"": 0.667}",automatic_only
grapheme:dr:ـعـ,grapheme:dr:ـكـ,dr,visually_confusable_with,0.667,"{""char_sim"": 0.667}",automatic_only
grapheme:dr:ـعـ,grapheme:dr:ـلـ,dr,visually_confusable_with,0.667,"{""char_sim"": 0.667}",automatic_only
grapheme:dr:ـعـ,grapheme:dr:ـمـ,dr,visually_confusable_with,0.667,"{""char_sim"": 0.667}",automatic_only
grapheme:dr:ـعـ,grapheme:dr:ـنـ,dr,visually_confusable_with,0.667,"{""char_sim"": 0.667}",automatic_only
grapheme:dr:ـعـ,grapheme:dr:ـهـ,dr,visually_confusable_with,0.667,"{""char_sim"": 0.667}",automatic_only
grapheme:dr:ـعـ,grapheme:dr:ـيـ,dr,visually_confusable_with,0.667,"{""char_sim"": 0.667}",automatic_only
grapheme:dr:ـعـ,grapheme:dr:ـگـ,dr,visually_confusable_with,0.667,"{""char_sim"": 0.667}",automatic_only
grapheme:dr:ـعـ,grapheme:dr:ـپـ,dr,visually_confusable_with,0.667,"{""char_sim"": 0.667}",automatic_only
grapheme:dr:ـعـ,grapheme:dr:ـڤـ,dr,visually_confusable_with,0.667,"{""char_sim"": 0.667}",automatic_only
grapheme:dr:ـعـ,grapheme:dr:ـچـ,dr,visually_confusable_with,0.667,"{""char_sim"": 0.667}",automatic_only
grapheme:dr:غ,grapheme:dr:ـغـ,dr,visually_confusable_with,0.667,"{""char_sim"": 0.667}",automatic_only
grapheme:dr:ـغـ,grapheme:dr:ـا,dr,visually_confusable_with,0.667,"{""char_sim"": 0.667}",automatic_only
grapheme:dr:ـغـ,grapheme:dr:ـو,dr,visually_confusable_with,0.667,"{""char_sim"": 0.667}",automatic_only
grapheme:dr:ـغـ,grapheme:dr:ـي,dr,visually_confusable_with,0.667,"{""char_sim"": 0.667}",automatic_only
grapheme:dr:ـغـ,grapheme:dr:ـئـ,dr,visually_confusable_with,0.667,"{""char_sim"": 0.667}",automatic_only
grapheme:dr:ـغـ,grapheme:dr:ـبـ,dr,visually_confusable_with,0.667,"{""char_sim"": 0.667}",automatic_only
grapheme:dr:ـغـ,grapheme:dr:ـتـ,dr,visually_confusable_with,0.667,"{""char_sim"": 0.667}",automatic_only
grapheme:dr:ـغـ,grapheme:dr:ـثـ,dr,visually_confusable_with,0.667,"{""char_sim"": 0.667}",automatic_only
grapheme:dr:ـغـ,grapheme:dr:ـجـ,dr,visually_confusable_with,0.667,"{""char_sim"": 0.667}",automatic_only
grapheme:dr:ـغـ,grapheme:dr:ـحـ,dr,visually_confusable_with,0.667,"{""char_sim"": 0.667}",automatic_only
grapheme:dr:ـغـ,grapheme:dr:ـخـ,dr,visually_confusable_with,0.667,"{""char_sim"": 0.667}",automatic_only
grapheme:dr:ـغـ,grapheme:dr:ـد,dr,visually_confusable_with,0.667,"{""char_sim"": 0.667}",automatic_only
grapheme:dr:ـغـ,grapheme:dr:ـذ,dr,visually_confusable_with,0.667,"{""char_sim"": 0.667}",automatic_only
grapheme:dr:ـغـ,grapheme:dr:ـر,dr,visually_confusable_with,0.667,"{""char_sim"": 0.667}",automatic_only
grapheme:dr:ـغـ,grapheme:dr:ـز,dr,visually_confusable_with,0.667,"{""char_sim"": 0.667}",automatic_only
grapheme:dr:ـغـ,grapheme:dr:ـسـ,dr,visually_confusable_with,0.667,"{""char_sim"": 0.667}",automatic_only
grapheme:dr:ـغـ,grapheme:dr:ـشـ,dr,visually_confusable_with,0.667,"{""char_sim"": 0.667}",automatic_only
grapheme:dr:ـغـ,grapheme:dr:ـصـ,dr,visually_confusable_with,0.667,"{""char_sim"": 0.667}",automatic_only
grapheme:dr:ـغـ,grapheme:dr:ـضـ,dr,visually_confusable_with,0.667,"{""char_sim"": 0.667}",automatic_only
grapheme:dr:ـغـ,grapheme:dr:ـطـ,dr,visually_confusable_with,0.667,"{""char_sim"": 0.667}",automatic_only
grapheme:dr:ـغـ,grapheme:dr:ـظـ,dr,visually_confusable_with,0.667,"{""char_sim"": 0.667}",automatic_only
grapheme:dr:ـغـ,grapheme:dr:ـعـ,dr,visually_confusable_with,0.667,"{""char_sim"": 0.667}",automatic_only
grapheme:dr:ـغـ,grapheme:dr:غ,dr,visually_confusable_with,0.667,"{""char_sim"": 0.667}",automatic_only
grapheme:dr:ـغـ,grapheme:dr:ـفـ,dr,visually_confusable_with,0.667,"{""char_sim"": 0.667}",automatic_only
grapheme:dr:ـغـ,grapheme:dr:ـقـ,dr,visually_confusable_with,0.667,"{""char_sim"": 0.667}",automatic_only
grapheme:dr:ـغـ,grapheme:dr:ـكـ,dr,visually_confusable_with,0.667,"{""char_sim"": 0.667}",automatic_only
grapheme:dr:ـغـ,grapheme:dr:ـلـ,dr,visually_confusable_with,0.667,"{""char_sim"": 0.667}",automatic_only
grapheme:dr:ـغـ,grapheme:dr:ـمـ,dr,visually_confusable_with,0.667,"{""char_sim"": 0.667}",automatic_only
grapheme:dr:ـغـ,grapheme:dr:ـنـ,dr,visually_confusable_with,0.667,"{""char_sim"": 0.667}",automatic_only
grapheme:dr:ـغـ,grapheme:dr:ـهـ,dr,visually_confusable_with,0.667,"{""char_sim"": 0.667}",automatic_only
grapheme:dr:ـغـ,grapheme:dr:ـيـ,dr,visually_confusable_with,0.667,"{""char_sim"": 0.667}",automatic_only
grapheme:dr:ـغـ,grapheme:dr:ـگـ,dr,visually_confusable_with,0.667,"{""char_sim"": 0.667}",automatic_only
grapheme:dr:ـغـ,grapheme:dr:ـپـ,dr,visually_confusable_with,0.667,"{""char_sim"": 0.667}",automatic_only
grapheme:dr:ـغـ,grapheme:dr:ـڤـ,dr,visually_confusable_with,0.667,"{""char_sim"": 0.667}",automatic_only
grapheme:dr:ـغـ,grapheme:dr:ـچـ,dr,visually_confusable_with,0.667,"{""char_sim"": 0.667}",automatic_only
grapheme:dr:ف,grapheme:dr:ـفـ,dr,visually_confusable_with,0.667,"{""char_sim"": 0.667}",automatic_only
grapheme:dr:ـفـ,grapheme:dr:ـا,dr,visually_confusable_with,0.667,"{""char_sim"": 0.667}",automatic_only
grapheme:dr:ـفـ,grapheme:dr:ـو,dr,visually_confusable_with,0.667,"{""char_sim"": 0.667}",automatic_only
grapheme:dr:ـفـ,grapheme:dr:ـي,dr,visually_confusable_with,0.667,"{""char_sim"": 0.667}",automatic_only
grapheme:dr:ـفـ,grapheme:dr:ـئـ,dr,visually_confusable_with,0.667,"{""char_sim"": 0.667}",automatic_only
grapheme:dr:ـفـ,grapheme:dr:ـبـ,dr,visually_confusable_with,0.667,"{""char_sim"": 0.667}",automatic_only
grapheme:dr:ـفـ,grapheme:dr:ـتـ,dr,visually_confusable_with,0.667,"{""char_sim"": 0.667}",automatic_only
grapheme:dr:ـفـ,grapheme:dr:ـثـ,dr,visually_confusable_with,0.667,"{""char_sim"": 0.667}",automatic_only
grapheme:dr:ـفـ,grapheme:dr:ـجـ,dr,visually_confusable_with,0.667,"{""char_sim"": 0.667}",automatic_only
grapheme:dr:ـفـ,grapheme:dr:ـحـ,dr,visually_confusable_with,0.667,"{""char_sim"": 0.667}",automatic_only
grapheme:dr:ـفـ,grapheme:dr:ـخـ,dr,visually_confusable_with,0.667,"{""char_sim"": 0.667}",automatic_only
grapheme:dr:ـفـ,grapheme:dr:ـد,dr,visually_confusable_with,0.667,"{""char_sim"": 0.667}",automatic_only
grapheme:dr:ـفـ,grapheme:dr:ـذ,dr,visually_confusable_with,0.667,"{""char_sim"": 0.667}",automatic_only
grapheme:dr:ـفـ,grapheme:dr:ـر,dr,visually_confusable_with,0.667,"{""char_sim"": 0.667}",automatic_only
grapheme:dr:ـفـ,grapheme:dr:ـز,dr,visually_confusable_with,0.667,"{""char_sim"": 0.667}",automatic_only
grapheme:dr:ـفـ,grapheme:dr:ـسـ,dr,visually_confusable_with,0.667,"{""char_sim"": 0.667}",automatic_only
grapheme:dr:ـفـ,grapheme:dr:ـشـ,dr,visually_confusable_with,0.667,"{""char_sim"": 0.667}",automatic_only
grapheme:dr:ـفـ,grapheme:dr:ـصـ,dr,visually_confusable_with,0.667,"{""char_sim"": 0.667}",automatic_only
grapheme:dr:ـفـ,grapheme:dr:ـضـ,dr,visually_confusable_with,0.667,"{""char_sim"": 0.667}",automatic_only
grapheme:dr:ـفـ,grapheme:dr:ـطـ,dr,visually_confusable_with,0.667,"{""char_sim"": 0.667}",automatic_only
grapheme:dr:ـفـ,grapheme:dr:ـظـ,dr,visually_confusable_with,0.667,"{""char_sim"": 0.667}",automatic_only
grapheme:dr:ـفـ,grapheme:dr:ـعـ,dr,visually_confusable_with,0.667,"{""char_sim"": 0.667}",automatic_only
grapheme:dr:ـفـ,grapheme:dr:ـغـ,dr,visually_confusable_with,0.667,"{""char_sim"": 0.667}",automatic_only
grapheme:dr:ـفـ,grapheme:dr:ف,dr,visually_confusable_with,0.667,"{""char_sim"": 0.667}",automatic_only
grapheme:dr:ـفـ,grapheme:dr:ـقـ,dr,visually_confusable_with,0.667,"{""char_sim"": 0.667}",automatic_only
grapheme:dr:ـفـ,grapheme:dr:ـكـ,dr,visually_confusable_with,0.667,"{""char_sim"": 0.667}",automatic_only
grapheme:dr:ـفـ,grapheme:dr:ـلـ,dr,visually_confusable_with,0.667,"{""char_sim"": 0.667}",automatic_only
grapheme:dr:ـفـ,grapheme:dr:ـمـ,dr,visually_confusable_with,0.667,"{""char_sim"": 0.667}",automatic_only
grapheme:dr:ـفـ,grapheme:dr:ـنـ,dr,visually_confusable_with,0.667,"{""char_sim"": 0.667}",automatic_only
grapheme:dr:ـفـ,grapheme:dr:ـهـ,dr,visually_confusable_with,0.667,"{""char_sim"": 0.667}",automatic_only
grapheme:dr:ـفـ,grapheme:dr:ـيـ,dr,visually_confusable_with,0.667,"{""char_sim"": 0.667}",automatic_only
grapheme:dr:ـفـ,grapheme:dr:ـگـ,dr,visually_confusable_with,0.667,"{""char_sim"": 0.667}",automatic_only
grapheme:dr:ـفـ,grapheme:dr:ـپـ,dr,visually_confusable_with,0.667,"{""char_sim"": 0.667}",automatic_only
grapheme:dr:ـفـ,grapheme:dr:ـڤـ,dr,visually_confusable_with,0.667,"{""char_sim"": 0.667}",automatic_only
grapheme:dr:ـفـ,grapheme:dr:ـچـ,dr,visually_confusable_with,0.667,"{""char_sim"": 0.667}",automatic_only
grapheme:dr:ق,grapheme:dr:ـقـ,dr,visually_confusable_with,0.667,"{""char_sim"": 0.667}",automatic_only
grapheme:dr:ـقـ,grapheme:dr:ـا,dr,visually_confusable_with,0.667,"{""char_sim"": 0.667}",automatic_only
grapheme:dr:ـقـ,grapheme:dr:ـو,dr,visually_confusable_with,0.667,"{""char_sim"": 0.667}",automatic_only
grapheme:dr:ـقـ,grapheme:dr:ـي,dr,visually_confusable_with,0.667,"{""char_sim"": 0.667}",automatic_only
grapheme:dr:ـقـ,grapheme:dr:ـئـ,dr,visually_confusable_with,0.667,"{""char_sim"": 0.667}",automatic_only
grapheme:dr:ـقـ,grapheme:dr:ـبـ,dr,visually_confusable_with,0.667,"{""char_sim"": 0.667}",automatic_only
grapheme:dr:ـقـ,grapheme:dr:ـتـ,dr,visually_confusable_with,0.667,"{""char_sim"": 0.667}",automatic_only
grapheme:dr:ـقـ,grapheme:dr:ـثـ,dr,visually_confusable_with,0.667,"{""char_sim"": 0.667}",automatic_only
grapheme:dr:ـقـ,grapheme:dr:ـجـ,dr,visually_confusable_with,0.667,"{""char_sim"": 0.667}",automatic_only
grapheme:dr:ـقـ,grapheme:dr:ـحـ,dr,visually_confusable_with,0.667,"{""char_sim"": 0.667}",automatic_only
grapheme:dr:ـقـ,grapheme:dr:ـخـ,dr,visually_confusable_with,0.667,"{""char_sim"": 0.667}",automatic_only
grapheme:dr:ـقـ,grapheme:dr:ـد,dr,visually_confusable_with,0.667,"{""char_sim"": 0.667}",automatic_only
grapheme:dr:ـقـ,grapheme:dr:ـذ,dr,visually_confusable_with,0.667,"{""char_sim"": 0.667}",automatic_only
grapheme:dr:ـقـ,grapheme:dr:ـر,dr,visually_confusable_with,0.667,"{""char_sim"": 0.667}",automatic_only
grapheme:dr:ـقـ,grapheme:dr:ـز,dr,visually_confusable_with,0.667,"{""char_sim"": 0.667}",automatic_only
grapheme:dr:ـقـ,grapheme:dr:ـسـ,dr,visually_confusable_with,0.667,"{""char_sim"": 0.667}",automatic_only
grapheme:dr:ـقـ,grapheme:dr:ـشـ,dr,visually_confusable_with,0.667,"{""char_sim"": 0.667}",automatic_only
grapheme:dr:ـقـ,grapheme:dr:ـصـ,dr,visually_confusable_with,0.667,"{""char_sim"": 0.667}",automatic_only
grapheme:dr:ـقـ,grapheme:dr:ـضـ,dr,visually_confusable_with,0.667,"{""char_sim"": 0.667}",automatic_only
grapheme:dr:ـقـ,grapheme:dr:ـطـ,dr,visually_confusable_with,0.667,"{""char_sim"": 0.667}",automatic_only
grapheme:dr:ـقـ,grapheme:dr:ـظـ,dr,visually_confusable_with,0.667,"{""char_sim"": 0.667}",automatic_only
grapheme:dr:ـقـ,grapheme:dr:ـعـ,dr,visually_confusable_with,0.667,"{""char_sim"": 0.667}",automatic_only
grapheme:dr:ـقـ,grapheme:dr:ـغـ,dr,visually_confusable_with,0.667,"{""char_sim"": 0.667}",automatic_only
grapheme:dr:ـقـ,grapheme:dr:ـفـ,dr,visually_confusable_with,0.667,"{""char_sim"": 0.667}",automatic_only
grapheme:dr:ـقـ,grapheme:dr:ق,dr,visually_confusable_with,0.667,"{""char_sim"": 0.667}",automatic_only
grapheme:dr:ـقـ,grapheme:dr:ـكـ,dr,visually_confusable_with,0.667,"{""char_sim"": 0.667}",automatic_only
grapheme:dr:ـقـ,grapheme:dr:ـلـ,dr,visually_confusable_with,0.667,"{""char_sim"": 0.667}",automatic_only
grapheme:dr:ـقـ,grapheme:dr:ـمـ,dr,visually_confusable_with,0.667,"{""char_sim"": 0.667}",automatic_only
grapheme:dr:ـقـ,grapheme:dr:ـنـ,dr,visually_confusable_with,0.667,"{""char_sim"": 0.667}",automatic_only
grapheme:dr:ـقـ,grapheme:dr:ـهـ,dr,visually_confusable_with,0.667,"{""char_sim"": 0.667}",automatic_only
grapheme:dr:ـقـ,grapheme:dr:ـيـ,dr,visually_confusable_with,0.667,"{""char_sim"": 0.667}",automatic_only
grapheme:dr:ـقـ,grapheme:dr:ـگـ,dr,visually_confusable_with,0.667,"{""char_sim"": 0.667}",automatic_only
grapheme:dr:ـقـ,grapheme:dr:ـپـ,dr,visually_confusable_with,0.667,"{""char_sim"": 0.667}",automatic_only
grapheme:dr:ـقـ,grapheme:dr:ـڤـ,dr,visually_confusable_with,0.667,"{""char_sim"": 0.667}",automatic_only
grapheme:dr:ـقـ,grapheme:dr:ـچـ,dr,visually_confusable_with,0.667,"{""char_sim"": 0.667}",automatic_only
grapheme:dr:ك,grapheme:dr:ـكـ,dr,visually_confusable_with,0.667,"{""char_sim"": 0.667}",automatic_only
grapheme:dr:ـكـ,grapheme:dr:ـا,dr,visually_confusable_with,0.667,"{""char_sim"": 0.667}",automatic_only
grapheme:dr:ـكـ,grapheme:dr:ـو,dr,visually_confusable_with,0.667,"{""char_sim"": 0.667}",automatic_only
grapheme:dr:ـكـ,grapheme:dr:ـي,dr,visually_confusable_with,0.667,"{""char_sim"": 0.667}",automatic_only
grapheme:dr:ـكـ,grapheme:dr:ـئـ,dr,visually_confusable_with,0.667,"{""char_sim"": 0.667}",automatic_only
grapheme:dr:ـكـ,grapheme:dr:ـبـ,dr,visually_confusable_with,0.667,"{""char_sim"": 0.667}",automatic_only
grapheme:dr:ـكـ,grapheme:dr:ـتـ,dr,visually_confusable_with,0.667,"{""char_sim"": 0.667}",automatic_only
grapheme:dr:ـكـ,grapheme:dr:ـثـ,dr,visually_confusable_with,0.667,"{""char_sim"": 0.667}",automatic_only
grapheme:dr:ـكـ,grapheme:dr:ـجـ,dr,visually_confusable_with,0.667,"{""char_sim"": 0.667}",automatic_only
grapheme:dr:ـكـ,grapheme:dr:ـحـ,dr,visually_confusable_with,0.667,"{""char_sim"": 0.667}",automatic_only
grapheme:dr:ـكـ,grapheme:dr:ـخـ,dr,visually_confusable_with,0.667,"{""char_sim"": 0.667}",automatic_only
grapheme:dr:ـكـ,grapheme:dr:ـد,dr,visually_confusable_with,0.667,"{""char_sim"": 0.667}",automatic_only
grapheme:dr:ـكـ,grapheme:dr:ـذ,dr,visually_confusable_with,0.667,"{""char_sim"": 0.667}",automatic_only
grapheme:dr:ـكـ,grapheme:dr:ـر,dr,visually_confusable_with,0.667,"{""char_sim"": 0.667}",automatic_only
grapheme:dr:ـكـ,grapheme:dr:ـز,dr,visually_confusable_with,0.667,"{""char_sim"": 0.667}",automatic_only
grapheme:dr:ـكـ,grapheme:dr:ـسـ,dr,visually_confusable_with,0.667,"{""char_sim"": 0.667}",automatic_only
grapheme:dr:ـكـ,grapheme:dr:ـشـ,dr,visually_confusable_with,0.667,"{""char_sim"": 0.667}",automatic_only
grapheme:dr:ـكـ,grapheme:dr:ـصـ,dr,visually_confusable_with,0.667,"{""char_sim"": 0.667}",automatic_only
grapheme:dr:ـكـ,grapheme:dr:ـضـ,dr,visually_confusable_with,0.667,"{""char_sim"": 0.667}",automatic_only
grapheme:dr:ـكـ,grapheme:dr:ـطـ,dr,visually_confusable_with,0.667,"{""char_sim"": 0.667}",automatic_only
grapheme:dr:ـكـ,grapheme:dr:ـظـ,dr,visually_confusable_with,0.667,"{""char_sim"": 0.667}",automatic_only
grapheme:dr:ـكـ,grapheme:dr:ـعـ,dr,visually_confusable_with,0.667,"{""char_sim"": 0.667}",automatic_only
grapheme:dr:ـكـ,grapheme:dr:ـغـ,dr,visually_confusable_with,0.667,"{""char_sim"": 0.667}",automatic_only
grapheme:dr:ـكـ,grapheme:dr:ـفـ,dr,visually_confusable_with,0.667,"{""char_sim"": 0.667}",automatic_only
grapheme:dr:ـكـ,grapheme:dr:ـقـ,dr,visually_confusable_with,0.667,"{""char_sim"": 0.667}",automatic_only
grapheme:dr:ـكـ,grapheme:dr:ك,dr,visually_confusable_with,0.667,"{""char_sim"": 0.667}",automatic_only
grapheme:dr:ـكـ,grapheme:dr:ـلـ,dr,visually_confusable_with,0.667,"{""char_sim"": 0.667}",automatic_only
grapheme:dr:ـكـ,grapheme:dr:ـمـ,dr,visually_confusable_with,0.667,"{""char_sim"": 0.667}",automatic_only
grapheme:dr:ـكـ,grapheme:dr:ـنـ,dr,visually_confusable_with,0.667,"{""char_sim"": 0.667}",automatic_only
grapheme:dr:ـكـ,grapheme:dr:ـهـ,dr,visually_confusable_with,0.667,"{""char_sim"": 0.667}",automatic_only
grapheme:dr:ـكـ,grapheme:dr:ـيـ,dr,visually_confusable_with,0.667,"{""char_sim"": 0.667}",automatic_only
grapheme:dr:ـكـ,grapheme:dr:ـگـ,dr,visually_confusable_with,0.667,"{""char_sim"": 0.667}",automatic_only
grapheme:dr:ـكـ,grapheme:dr:ـپـ,dr,visually_confusable_with,0.667,"{""char_sim"": 0.667}",automatic_only
grapheme:dr:ـكـ,grapheme:dr:ـڤـ,dr,visually_confusable_with,0.667,"{""char_sim"": 0.667}",automatic_only
grapheme:dr:ـكـ,grapheme:dr:ـچـ,dr,visually_confusable_with,0.667,"{""char_sim"": 0.667}",automatic_only
grapheme:dr:ل,grapheme:dr:ـلـ,dr,visually_confusable_with,0.667,"{""char_sim"": 0.667}",automatic_only
grapheme:dr:ـلـ,grapheme:dr:ـا,dr,visually_confusable_with,0.667,"{""char_sim"": 0.667}",automatic_only
grapheme:dr:ـلـ,grapheme:dr:ـو,dr,visually_confusable_with,0.667,"{""char_sim"": 0.667}",automatic_only
grapheme:dr:ـلـ,grapheme:dr:ـي,dr,visually_confusable_with,0.667,"{""char_sim"": 0.667}",automatic_only
grapheme:dr:ـلـ,grapheme:dr:ـئـ,dr,visually_confusable_with,0.667,"{""char_sim"": 0.667}",automatic_only
grapheme:dr:ـلـ,grapheme:dr:ـبـ,dr,visually_confusable_with,0.667,"{""char_sim"": 0.667}",automatic_only
grapheme:dr:ـلـ,grapheme:dr:ـتـ,dr,visually_confusable_with,0.667,"{""char_sim"": 0.667}",automatic_only
grapheme:dr:ـلـ,grapheme:dr:ـثـ,dr,visually_confusable_with,0.667,"{""char_sim"": 0.667}",automatic_only
grapheme:dr:ـلـ,grapheme:dr:ـجـ,dr,visually_confusable_with,0.667,"{""char_sim"": 0.667}",automatic_only
grapheme:dr:ـلـ,grapheme:dr:ـحـ,dr,visually_confusable_with,0.667,"{""char_sim"": 0.667}",automatic_only
grapheme:dr:ـلـ,grapheme:dr:ـخـ,dr,visually_confusable_with,0.667,"{""char_sim"": 0.667}",automatic_only
grapheme:dr:ـلـ,grapheme:dr:ـد,dr,visually_confusable_with,0.667,"{""char_sim"": 0.667}",automatic_only
grapheme:dr:ـلـ,grapheme:dr:ـذ,dr,visually_confusable_with,0.667,"{""char_sim"": 0.667}",automatic_only
grapheme:dr:ـلـ,grapheme:dr:ـر,dr,visually_confusable_with,0.667,"{""char_sim"": 0.667}",automatic_only
grapheme:dr:ـلـ,grapheme:dr:ـز,dr,visually_confusable_with,0.667,"{""char_sim"": 0.667}",automatic_only
grapheme:dr:ـلـ,grapheme:dr:ـسـ,dr,visually_confusable_with,0.667,"{""char_sim"": 0.667}",automatic_only
grapheme:dr:ـلـ,grapheme:dr:ـشـ,dr,visually_confusable_with,0.667,"{""char_sim"": 0.667}",automatic_only
grapheme:dr:ـلـ,grapheme:dr:ـصـ,dr,visually_confusable_with,0.667,"{""char_sim"": 0.667}",automatic_only
grapheme:dr:ـلـ,grapheme:dr:ـضـ,dr,visually_confusable_with,0.667,"{""char_sim"": 0.667}",automatic_only
grapheme:dr:ـلـ,grapheme:dr:ـطـ,dr,visually_confusable_with,0.667,"{""char_sim"": 0.667}",automatic_only
grapheme:dr:ـلـ,grapheme:dr:ـظـ,dr,visually_confusable_with,0.667,"{""char_sim"": 0.667}",automatic_only
grapheme:dr:ـلـ,grapheme:dr:ـعـ,dr,visually_confusable_with,0.667,"{""char_sim"": 0.667}",automatic_only
grapheme:dr:ـلـ,grapheme:dr:ـغـ,dr,visually_confusable_with,0.667,"{""char_sim"": 0.667}",automatic_only
grapheme:dr:ـلـ,grapheme:dr:ـفـ,dr,visually_confusable_with,0.667,"{""char_sim"": 0.667}",automatic_only
grapheme:dr:ـلـ,grapheme:dr:ـقـ,dr,visually_confusable_with,0.667,"{""char_sim"": 0.667}",automatic_only
grapheme:dr:ـلـ,grapheme:dr:ـكـ,dr,visually_confusable_with,0.667,"{""char_sim"": 0.667}",automatic_only
grapheme:dr:ـلـ,grapheme:dr:ل,dr,visually_confusable_with,0.667,"{""char_sim"": 0.667}",automatic_only
grapheme:dr:ـلـ,grapheme:dr:ـمـ,dr,visually_confusable_with,0.667,"{""char_sim"": 0.667}",automatic_only
grapheme:dr:ـلـ,grapheme:dr:ـنـ,dr,visually_confusable_with,0.667,"{""char_sim"": 0.667}",automatic_only
grapheme:dr:ـلـ,grapheme:dr:ـهـ,dr,visually_confusable_with,0.667,"{""char_sim"": 0.667}",automatic_only
grapheme:dr:ـلـ,grapheme:dr:ـيـ,dr,visually_confusable_with,0.667,"{""char_sim"": 0.667}",automatic_only
grapheme:dr:ـلـ,grapheme:dr:ـگـ,dr,visually_confusable_with,0.667,"{""char_sim"": 0.667}",automatic_only
grapheme:dr:ـلـ,grapheme:dr:ـپـ,dr,visually_confusable_with,0.667,"{""char_sim"": 0.667}",automatic_only
grapheme:dr:ـلـ,grapheme:dr:ـڤـ,dr,visually_confusable_with,0.667,"{""char_sim"": 0.667}",automatic_only
grapheme:dr:ـلـ,grapheme:dr:ـچـ,dr,visually_confusable_with,0.667,"{""char_sim"": 0.667}",automatic_only
grapheme:dr:م,grapheme:dr:ـمـ,dr,visually_confusable_with,0.667,"{""char_sim"": 0.667}",automatic_only
grapheme:dr:ـمـ,grapheme:dr:ـا,dr,visually_confusable_with,0.667,"{""char_sim"": 0.667}",automatic_only
grapheme:dr:ـمـ,grapheme:dr:ـو,dr,visually_confusable_with,0.667,"{""char_sim"": 0.667}",automatic_only
grapheme:dr:ـمـ,grapheme:dr:ـي,dr,visually_confusable_with,0.667,"{""char_sim"": 0.667}",automatic_only
grapheme:dr:ـمـ,grapheme:dr:ـئـ,dr,visually_confusable_with,0.667,"{""char_sim"": 0.667}",automatic_only
grapheme:dr:ـمـ,grapheme:dr:ـبـ,dr,visually_confusable_with,0.667,"{""char_sim"": 0.667}",automatic_only
grapheme:dr:ـمـ,grapheme:dr:ـتـ,dr,visually_confusable_with,0.667,"{""char_sim"": 0.667}",automatic_only
grapheme:dr:ـمـ,grapheme:dr:ـثـ,dr,visually_confusable_with,0.667,"{""char_sim"": 0.667}",automatic_only
grapheme:dr:ـمـ,grapheme:dr:ـجـ,dr,visually_confusable_with,0.667,"{""char_sim"": 0.667}",automatic_only
grapheme:dr:ـمـ,grapheme:dr:ـحـ,dr,visually_confusable_with,0.667,"{""char_sim"": 0.667}",automatic_only
grapheme:dr:ـمـ,grapheme:dr:ـخـ,dr,visually_confusable_with,0.667,"{""char_sim"": 0.667}",automatic_only
grapheme:dr:ـمـ,grapheme:dr:ـد,dr,visually_confusable_with,0.667,"{""char_sim"": 0.667}",automatic_only
grapheme:dr:ـمـ,grapheme:dr:ـذ,dr,visually_confusable_with,0.667,"{""char_sim"": 0.667}",automatic_only
grapheme:dr:ـمـ,grapheme:dr:ـر,dr,visually_confusable_with,0.667,"{""char_sim"": 0.667}",automatic_only
grapheme:dr:ـمـ,grapheme:dr:ـز,dr,visually_confusable_with,0.667,"{""char_sim"": 0.667}",automatic_only
grapheme:dr:ـمـ,grapheme:dr:ـسـ,dr,visually_confusable_with,0.667,"{""char_sim"": 0.667}",automatic_only
grapheme:dr:ـمـ,grapheme:dr:ـشـ,dr,visually_confusable_with,0.667,"{""char_sim"": 0.667}",automatic_only
grapheme:dr:ـمـ,grapheme:dr:ـصـ,dr,visually_confusable_with,0.667,"{""char_sim"": 0.667}",automatic_only
grapheme:dr:ـمـ,grapheme:dr:ـضـ,dr,visually_confusable_with,0.667,"{""char_sim"": 0.667}",automatic_only
grapheme:dr:ـمـ,grapheme:dr:ـطـ,dr,visually_confusable_with,0.667,"{""char_sim"": 0.667}",automatic_only
grapheme:dr:ـمـ,grapheme:dr:ـظـ,dr,visually_confusable_with,0.667,"{""char_sim"": 0.667}",automatic_only
grapheme:dr:ـمـ,grapheme:dr:ـعـ,dr,visually_confusable_with,0.667,"{""char_sim"": 0.667}",automatic_only
grapheme:dr:ـمـ,grapheme:dr:ـغـ,dr,visually_confusable_with,0.667,"{""char_sim"": 0.667}",automatic_only
grapheme:dr:ـمـ,grapheme:dr:ـفـ,dr,visually_confusable_with,0.667,"{""char_sim"": 0.667}",automatic_only
grapheme:dr:ـمـ,grapheme:dr:ـقـ,dr,visually_confusable_with,0.667,"{""char_sim"": 0.667}",automatic_only
grapheme:dr:ـمـ,grapheme:dr:ـكـ,dr,visually_confusable_with,0.667,"{""char_sim"": 0.667}",automatic_only
grapheme:dr:ـمـ,grapheme:dr:ـلـ,dr,visually_confusable_with,0.667,"{""char_sim"": 0.667}",automatic_only
grapheme:dr:ـمـ,grapheme:dr:م,dr,visually_confusable_with,0.667,"{""char_sim"": 0.667}",automatic_only
grapheme:dr:ـمـ,grapheme:dr:ـنـ,dr,visually_confusable_with,0.667,"{""char_sim"": 0.667}",automatic_only
grapheme:dr:ـمـ,grapheme:dr:ـهـ,dr,visually_confusable_with,0.667,"{""char_sim"": 0.667}",automatic_only
grapheme:dr:ـمـ,grapheme:dr:ـيـ,dr,visually_confusable_with,0.667,"{""char_sim"": 0.667}",automatic_only
grapheme:dr:ـمـ,grapheme:dr:ـگـ,dr,visually_confusable_with,0.667,"{""char_sim"": 0.667}",automatic_only
grapheme:dr:ـمـ,grapheme:dr:ـپـ,dr,visually_confusable_with,0.667,"{""char_sim"": 0.667}",automatic_only
grapheme:dr:ـمـ,grapheme:dr:ـڤـ,dr,visually_confusable_with,0.667,"{""char_sim"": 0.667}",automatic_only
grapheme:dr:ـمـ,grapheme:dr:ـچـ,dr,visually_confusable_with,0.667,"{""char_sim"": 0.667}",automatic_only
grapheme:dr:ن,grapheme:dr:ـنـ,dr,visually_confusable_with,0.667,"{""char_sim"": 0.667}",automatic_only
grapheme:dr:ـنـ,grapheme:dr:ـا,dr,visually_confusable_with,0.667,"{""char_sim"": 0.667}",automatic_only
grapheme:dr:ـنـ,grapheme:dr:ـو,dr,visually_confusable_with,0.667,"{""char_sim"": 0.667}",automatic_only
grapheme:dr:ـنـ,grapheme:dr:ـي,dr,visually_confusable_with,0.667,"{""char_sim"": 0.667}",automatic_only
grapheme:dr:ـنـ,grapheme:dr:ـئـ,dr,visually_confusable_with,0.667,"{""char_sim"": 0.667}",automatic_only
grapheme:dr:ـنـ,grapheme:dr:ـبـ,dr,visually_confusable_with,0.667,"{""char_sim"": 0.667}",automatic_only
grapheme:dr:ـنـ,grapheme:dr:ـتـ,dr,visually_confusable_with,0.667,"{""char_sim"": 0.667}",automatic_only
grapheme:dr:ـنـ,grapheme:dr:ـثـ,dr,visually_confusable_with,0.667,"{""char_sim"": 0.667}",automatic_only
grapheme:dr:ـنـ,grapheme:dr:ـجـ,dr,visually_confusable_with,0.667,"{""char_sim"": 0.667}",automatic_only
grapheme:dr:ـنـ,grapheme:dr:ـحـ,dr,visually_confusable_with,0.667,"{""char_sim"": 0.667}",automatic_only
grapheme:dr:ـنـ,grapheme:dr:ـخـ,dr,visually_confusable_with,0.667,"{""char_sim"": 0.667}",automatic_only
grapheme:dr:ـنـ,grapheme:dr:ـد,dr,visually_confusable_with,0.667,"{""char_sim"": 0.667}",automatic_only
grapheme:dr:ـنـ,grapheme:dr:ـذ,dr,visually_confusable_with,0.667,"{""char_sim"": 0.667}",automatic_only
grapheme:dr:ـنـ,grapheme:dr:ـر,dr,visually_confusable_with,0.667,"{""char_sim"": 0.667}",automatic_only
grapheme:dr:ـنـ,grapheme:dr:ـز,dr,visually_confusable_with,0.667,"{""char_sim"": 0.667}",automatic_only
grapheme:dr:ـنـ,grapheme:dr:ـسـ,dr,visually_confusable_with,0.667,"{""char_sim"": 0.667}",automatic_only
grapheme:dr:ـنـ,grapheme:dr:ـشـ,dr,visually_confusable_with,0.667,"{""char_sim"": 0.667}",automatic_only
grapheme:dr:ـنـ,grapheme:dr:ـصـ,dr,visually_confusable_with,0.667,"{""char_sim"": 0.667}",automatic_only
grapheme:dr:ـنـ,grapheme:dr:ـضـ,dr,visually_confusable_with,0.667,"{""char_sim"": 0.667}",automatic_only
grapheme:dr:ـنـ,grapheme:dr:ـطـ,dr,visually_confusable_with,0.667,"{""char_sim"": 0.667}",automatic_only
grapheme:dr:ـنـ,grapheme:dr:ـظـ,dr,visually_confusable_with,0.667,"{""char_sim"": 0.667}",automatic_only
grapheme:dr:ـنـ,grapheme:dr:ـعـ,dr,visually_confusable_with,0.667,"{""char_sim"": 0.667}",automatic_only
grapheme:dr:ـنـ,grapheme:dr:ـغـ,dr,visually_confusable_with,0.667,"{""char_sim"": 0.667}",automatic_only
grapheme:dr:ـنـ,grapheme:dr:ـفـ,dr,visually_confusable_with,0.667,"{""char_sim"": 0.667}",automatic_only
grapheme:dr:ـنـ,grapheme:dr:ـقـ,dr,visually_confusable_with,0.667,"{""char_sim"": 0.667}",automatic_only
grapheme:dr:ـنـ,grapheme:dr:ـكـ,dr,visually_confusable_with,0.667,"{""char_sim"": 0.667}",automatic_only
grapheme:dr:ـنـ,grapheme:dr:ـلـ,dr,visually_confusable_with,0.667,"{""char_sim"": 0.667}",automatic_only
grapheme:dr:ـنـ,grapheme:dr:ـمـ,dr,visually_confusable_with,0.667,"{""char_sim"": 0.667}",automatic_only
grapheme:dr:ـنـ,grapheme:dr:ن,dr,visually_confusable_with,0.667,"{""char_sim"": 0.667}",automatic_only
grapheme:dr:ـنـ,grapheme:dr:ـهـ,dr,visually_confusable_with,0.667,"{""char_sim"": 0.667}",automatic_only
grapheme:dr:ـنـ,grapheme:dr:ـيـ,dr,visually_confusable_with,0.667,"{""char_sim"": 0.667}",automatic_only
grapheme:dr:ـنـ,grapheme:dr:ـگـ,dr,visually_confusable_with,0.667,"{""char_sim"": 0.667}",automatic_only
grapheme:dr:ـنـ,grapheme:dr:ـپـ,dr,visually_confusable_with,0.667,"{""char_sim"": 0.667}",automatic_only
grapheme:dr:ـنـ,grapheme:dr:ـڤـ,dr,visually_confusable_with,0.667,"{""char_sim"": 0.667}",automatic_only
grapheme:dr:ـنـ,grapheme:dr:ـچـ,dr,visually_confusable_with,0.667,"{""char_sim"": 0.667}",automatic_only
grapheme:dr:ه,grapheme:dr:ـهـ,dr,visually_confusable_with,0.667,"{""char_sim"": 0.667}",automatic_only
grapheme:dr:ـهـ,grapheme:dr:ـا,dr,visually_confusable_with,0.667,"{""char_sim"": 0.667}",automatic_only
grapheme:dr:ـهـ,grapheme:dr:ـو,dr,visually_confusable_with,0.667,"{""char_sim"": 0.667}",automatic_only
grapheme:dr:ـهـ,grapheme:dr:ـي,dr,visually_confusable_with,0.667,"{""char_sim"": 0.667}",automatic_only
grapheme:dr:ـهـ,grapheme:dr:ـئـ,dr,visually_confusable_with,0.667,"{""char_sim"": 0.667}",automatic_only
grapheme:dr:ـهـ,grapheme:dr:ـبـ,dr,visually_confusable_with,0.667,"{""char_sim"": 0.667}",automatic_only
grapheme:dr:ـهـ,grapheme:dr:ـتـ,dr,visually_confusable_with,0.667,"{""char_sim"": 0.667}",automatic_only
grapheme:dr:ـهـ,grapheme:dr:ـثـ,dr,visually_confusable_with,0.667,"{""char_sim"": 0.667}",automatic_only
grapheme:dr:ـهـ,grapheme:dr:ـجـ,dr,visually_confusable_with,0.667,"{""char_sim"": 0.667}",automatic_only
grapheme:dr:ـهـ,grapheme:dr:ـحـ,dr,visually_confusable_with,0.667,"{""char_sim"": 0.667}",automatic_only
grapheme:dr:ـهـ,grapheme:dr:ـخـ,dr,visually_confusable_with,0.667,"{""char_sim"": 0.667}",automatic_only
grapheme:dr:ـهـ,grapheme:dr:ـد,dr,visually_confusable_with,0.667,"{""char_sim"": 0.667}",automatic_only
grapheme:dr:ـهـ,grapheme:dr:ـذ,dr,visually_confusable_with,0.667,"{""char_sim"": 0.667}",automatic_only
grapheme:dr:ـهـ,grapheme:dr:ـر,dr,visually_confusable_with,0.667,"{""char_sim"": 0.667}",automatic_only
grapheme:dr:ـهـ,grapheme:dr:ـز,dr,visually_confusable_with,0.667,"{""char_sim"": 0.667}",automatic_only
grapheme:dr:ـهـ,grapheme:dr:ـسـ,dr,visually_confusable_with,0.667,"{""char_sim"": 0.667}",automatic_only
grapheme:dr:ـهـ,grapheme:dr:ـشـ,dr,visually_confusable_with,0.667,"{""char_sim"": 0.667}",automatic_only
grapheme:dr:ـهـ,grapheme:dr:ـصـ,dr,visually_confusable_with,0.667,"{""char_sim"": 0.667}",automatic_only
grapheme:dr:ـهـ,grapheme:dr:ـضـ,dr,visually_confusable_with,0.667,"{""char_sim"": 0.667}",automatic_only
grapheme:dr:ـهـ,grapheme:dr:ـطـ,dr,visually_confusable_with,0.667,"{""char_sim"": 0.667}",automatic_only
grapheme:dr:ـهـ,grapheme:dr:ـظـ,dr,visually_confusable_with,0.667,"{""char_sim"": 0.667}",automatic_only
grapheme:dr:ـهـ,grapheme:dr:ـعـ,dr,visually_confusable_with,0.667,"{""char_sim"": 0.667}",automatic_only
grapheme:dr:ـهـ,grapheme:dr:ـغـ,dr,visually_confusable_with,0.667,"{""char_sim"": 0.667}",automatic_only
grapheme:dr:ـهـ,grapheme:dr:ـفـ,dr,visually_confusable_with,0.667,"{""char_sim"": 0.667}",automatic_only
grapheme:dr:ـهـ,grapheme:dr:ـقـ,dr,visually_confusable_with,0.667,"{""char_sim"": 0.667}",automatic_only
grapheme:dr:ـهـ,grapheme:dr:ـكـ,dr,visually_confusable_with,0.667,"{""char_sim"": 0.667}",automatic_only
grapheme:dr:ـهـ,grapheme:dr:ـلـ,dr,visually_confusable_with,0.667,"{""char_sim"": 0.667}",automatic_only
grapheme:dr:ـهـ,grapheme:dr:ـمـ,dr,visually_confusable_with,0.667,"{""char_sim"": 0.667}",automatic_only
grapheme:dr:ـهـ,grapheme:dr:ـنـ,dr,visually_confusable_with,0.667,"{""char_sim"": 0.667}",automatic_only
grapheme:dr:ـهـ,grapheme:dr:ه,dr,visually_confusable_with,0.667,"{""char_sim"": 0.667}",automatic_only
grapheme:dr:ـهـ,grapheme:dr:ـيـ,dr,visually_confusable_with,0.667,"{""char_sim"": 0.667}",automatic_only
grapheme:dr:ـهـ,grapheme:dr:ـگـ,dr,visually_confusable_with,0.667,"{""char_sim"": 0.667}",automatic_only
grapheme:dr:ـهـ,grapheme:dr:ـپـ,dr,visually_confusable_with,0.667,"{""char_sim"": 0.667}",automatic_only
grapheme:dr:ـهـ,grapheme:dr:ـڤـ,dr,visually_confusable_with,0.667,"{""char_sim"": 0.667}",automatic_only
grapheme:dr:ـهـ,grapheme:dr:ـچـ,dr,visually_confusable_with,0.667,"{""char_sim"": 0.667}",automatic_only
grapheme:dr:ـيـ,grapheme:dr:ـا,dr,visually_confusable_with,0.667,"{""char_sim"": 0.667}",automatic_only
grapheme:dr:ـيـ,grapheme:dr:ـو,dr,visually_confusable_with,0.667,"{""char_sim"": 0.667}",automatic_only
grapheme:dr:ـيـ,grapheme:dr:ي,dr,visually_confusable_with,0.667,"{""char_sim"": 0.667}",automatic_only
grapheme:dr:ـيـ,grapheme:dr:ـي,dr,visually_confusable_with,1.0,"{""char_sim"": 1.0}",automatic_only
grapheme:dr:ـيـ,grapheme:dr:ـئـ,dr,visually_confusable_with,0.667,"{""char_sim"": 0.667}",automatic_only
grapheme:dr:ـيـ,grapheme:dr:ـبـ,dr,visually_confusable_with,0.667,"{""char_sim"": 0.667}",automatic_only
grapheme:dr:ـيـ,grapheme:dr:ـتـ,dr,visually_confusable_with,0.667,"{""char_sim"": 0.667}",automatic_only
grapheme:dr:ـيـ,grapheme:dr:ـثـ,dr,visually_confusable_with,0.667,"{""char_sim"": 0.667}",automatic_only
grapheme:dr:ـيـ,grapheme:dr:ـجـ,dr,visually_confusable_with,0.667,"{""char_sim"": 0.667}",automatic_only
grapheme:dr:ـيـ,grapheme:dr:ـحـ,dr,visually_confusable_with,0.667,"{""char_sim"": 0.667}",automatic_only
grapheme:dr:ـيـ,grapheme:dr:ـخـ,dr,visually_confusable_with,0.667,"{""char_sim"": 0.667}",automatic_only
grapheme:dr:ـيـ,grapheme:dr:ـد,dr,visually_confusable_with,0.667,"{""char_sim"": 0.667}",automatic_only
grapheme:dr:ـيـ,grapheme:dr:ـذ,dr,visually_confusable_with,0.667,"{""char_sim"": 0.667}",automatic_only
grapheme:dr:ـيـ,grapheme:dr:ـر,dr,visually_confusable_with,0.667,"{""char_sim"": 0.667}",automatic_only
grapheme:dr:ـيـ,grapheme:dr:ـز,dr,visually_confusable_with,0.667,"{""char_sim"": 0.667}",automatic_only
grapheme:dr:ـيـ,grapheme:dr:ـسـ,dr,visually_confusable_with,0.667,"{""char_sim"": 0.667}",automatic_only
grapheme:dr:ـيـ,grapheme:dr:ـشـ,dr,visually_confusable_with,0.667,"{""char_sim"": 0.667}",automatic_only
grapheme:dr:ـيـ,grapheme:dr:ـصـ,dr,visually_confusable_with,0.667,"{""char_sim"": 0.667}",automatic_only
grapheme:dr:ـيـ,grapheme:dr:ـضـ,dr,visually_confusable_with,0.667,"{""char_sim"": 0.667}",automatic_only
grapheme:dr:ـيـ,grapheme:dr:ـطـ,dr,visually_confusable_with,0.667,"{""char_sim"": 0.667}",automatic_only
grapheme:dr:ـيـ,grapheme:dr:ـظـ,dr,visually_confusable_with,0.667,"{""char_sim"": 0.667}",automatic_only
grapheme:dr:ـيـ,grapheme:dr:ـعـ,dr,visually_confusable_with,0.667,"{""char_sim"": 0.667}",automatic_only
grapheme:dr:ـيـ,grapheme:dr:ـغـ,dr,visually_confusable_with,0.667,"{""char_sim"": 0.667}",automatic_only
grapheme:dr:ـيـ,grapheme:dr:ـفـ,dr,visually_confusable_with,0.667,"{""char_sim"": 0.667}",automatic_only
grapheme:dr:ـيـ,grapheme:dr:ـقـ,dr,visually_confusable_with,0.667,"{""char_sim"": 0.667}",automatic_only
grapheme:dr:ـيـ,grapheme:dr:ـكـ,dr,visually_confusable_with,0.667,"{""char_sim"": 0.667}",automatic_only
grapheme:dr:ـيـ,grapheme:dr:ـلـ,dr,visually_confusable_with,0.667,"{""char_sim"": 0.667}",automatic_only
grapheme:dr:ـيـ,grapheme:dr:ـمـ,dr,visually_confusable_with,0.667,"{""char_sim"": 0.667}",automatic_only
grapheme:dr:ـيـ,grapheme:dr:ـنـ,dr,visually_confusable_with,0.667,"{""char_sim"": 0.667}",automatic_only
grapheme:dr:ـيـ,grapheme:dr:ـهـ,dr,visually_confusable_with,0.667,"{""char_sim"": 0.667}",automatic_only
grapheme:dr:ـيـ,grapheme:dr:ـگـ,dr,visually_confusable_with,0.667,"{""char_sim"": 0.667}",automatic_only
grapheme:dr:ـيـ,grapheme:dr:ـپـ,dr,visually_confusable_with,0.667,"{""char_sim"": 0.667}",automatic_only
grapheme:dr:ـيـ,grapheme:dr:ـڤـ,dr,visually_confusable_with,0.667,"{""char_sim"": 0.667}",automatic_only
grapheme:dr:ـيـ,grapheme:dr:ـچـ,dr,visually_confusable_with,0.667,"{""char_sim"": 0.667}",automatic_only
grapheme:dr:گ,grapheme:dr:ـگـ,dr,visually_confusable_with,0.667,"{""char_sim"": 0.667}",automatic_only
grapheme:dr:ـگـ,grapheme:dr:ـا,dr,visually_confusable_with,0.667,"{""char_sim"": 0.667}",automatic_only
grapheme:dr:ـگـ,grapheme:dr:ـو,dr,visually_confusable_with,0.667,"{""char_sim"": 0.667}",automatic_only
grapheme:dr:ـگـ,grapheme:dr:ـي,dr,visually_confusable_with,0.667,"{""char_sim"": 0.667}",automatic_only
grapheme:dr:ـگـ,grapheme:dr:ـئـ,dr,visually_confusable_with,0.667,"{""char_sim"": 0.667}",automatic_only
grapheme:dr:ـگـ,grapheme:dr:ـبـ,dr,visually_confusable_with,0.667,"{""char_sim"": 0.667}",automatic_only
grapheme:dr:ـگـ,grapheme:dr:ـتـ,dr,visually_confusable_with,0.667,"{""char_sim"": 0.667}",automatic_only
grapheme:dr:ـگـ,grapheme:dr:ـثـ,dr,visually_confusable_with,0.667,"{""char_sim"": 0.667}",automatic_only
grapheme:dr:ـگـ,grapheme:dr:ـجـ,dr,visually_confusable_with,0.667,"{""char_sim"": 0.667}",automatic_only
grapheme:dr:ـگـ,grapheme:dr:ـحـ,dr,visually_confusable_with,0.667,"{""char_sim"": 0.667}",automatic_only
grapheme:dr:ـگـ,grapheme:dr:ـخـ,dr,visually_confusable_with,0.667,"{""char_sim"": 0.667}",automatic_only
grapheme:dr:ـگـ,grapheme:dr:ـد,dr,visually_confusable_with,0.667,"{""char_sim"": 0.667}",automatic_only
grapheme:dr:ـگـ,grapheme:dr:ـذ,dr,visually_confusable_with,0.667,"{""char_sim"": 0.667}",automatic_only
grapheme:dr:ـگـ,grapheme:dr:ـر,dr,visually_confusable_with,0.667,"{""char_sim"": 0.667}",automatic_only
grapheme:dr:ـگـ,grapheme:dr:ـز,dr,visually_confusable_with,0.667,"{""char_sim"": 0.667}",automatic_only
grapheme:dr:ـگـ,grapheme:dr:ـسـ,dr,visually_confusable_with,0.667,"{""char_sim"": 0.667}",automatic_only
grapheme:dr:ـگـ,grapheme:dr:ـشـ,dr,visually_confusable_with,0.667,"{""char_sim"": 0.667}",automatic_only
grapheme:dr:ـگـ,grapheme:dr:ـصـ,dr,visually_confusable_with,0.667,"{""char_sim"": 0.667}",automatic_only
grapheme:dr:ـگـ,grapheme:dr:ـضـ,dr,visually_confusable_with,0.667,"{""char_sim"": 0.667}",automatic_only
grapheme:dr:ـگـ,grapheme:dr:ـطـ,dr,visually_confusable_with,0.667,"{""char_sim"": 0.667}",automatic_only
grapheme:dr:ـگـ,grapheme:dr:ـظـ,dr,visually_confusable_with,0.667,"{""char_sim"": 0.667}",automatic_only
grapheme:dr:ـگـ,grapheme:dr:ـعـ,dr,visually_confusable_with,0.667,"{""char_sim"": 0.667}",automatic_only
grapheme:dr:ـگـ,grapheme:dr:ـغـ,dr,visually_confusable_with,0.667,"{""char_sim"": 0.667}",automatic_only
grapheme:dr:ـگـ,grapheme:dr:ـفـ,dr,visually_confusable_with,0.667,"{""char_sim"": 0.667}",automatic_only
grapheme:dr:ـگـ,grapheme:dr:ـقـ,dr,visually_confusable_with,0.667,"{""char_sim"": 0.667}",automatic_only
grapheme:dr:ـگـ,grapheme:dr:ـكـ,dr,visually_confusable_with,0.667,"{""char_sim"": 0.667}",automatic_only
grapheme:dr:ـگـ,grapheme:dr:ـلـ,dr,visually_confusable_with,0.667,"{""char_sim"": 0.667}",automatic_only
grapheme:dr:ـگـ,grapheme:dr:ـمـ,dr,visually_confusable_with,0.667,"{""char_sim"": 0.667}",automatic_only
grapheme:dr:ـگـ,grapheme:dr:ـنـ,dr,visually_confusable_with,0.667,"{""char_sim"": 0.667}",automatic_only
grapheme:dr:ـگـ,grapheme:dr:ـهـ,dr,visually_confusable_with,0.667,"{""char_sim"": 0.667}",automatic_only
grapheme:dr:ـگـ,grapheme:dr:ـيـ,dr,visually_confusable_with,0.667,"{""char_sim"": 0.667}",automatic_only
grapheme:dr:ـگـ,grapheme:dr:گ,dr,visually_confusable_with,0.667,"{""char_sim"": 0.667}",automatic_only
grapheme:dr:ـگـ,grapheme:dr:ـپـ,dr,visually_confusable_with,0.667,"{""char_sim"": 0.667}",automatic_only
grapheme:dr:ـگـ,grapheme:dr:ـڤـ,dr,visually_confusable_with,0.667,"{""char_sim"": 0.667}",automatic_only
grapheme:dr:ـگـ,grapheme:dr:ـچـ,dr,visually_confusable_with,0.667,"{""char_sim"": 0.667}",automatic_only
grapheme:dr:پ,grapheme:dr:ـپـ,dr,visually_confusable_with,0.667,"{""char_sim"": 0.667}",automatic_only
grapheme:dr:ـپـ,grapheme:dr:ـا,dr,visually_confusable_with,0.667,"{""char_sim"": 0.667}",automatic_only
grapheme:dr:ـپـ,grapheme:dr:ـو,dr,visually_confusable_with,0.667,"{""char_sim"": 0.667}",automatic_only
grapheme:dr:ـپـ,grapheme:dr:ـي,dr,visually_confusable_with,0.667,"{""char_sim"": 0.667}",automatic_only
grapheme:dr:ـپـ,grapheme:dr:ـئـ,dr,visually_confusable_with,0.667,"{""char_sim"": 0.667}",automatic_only
grapheme:dr:ـپـ,grapheme:dr:ـبـ,dr,visually_confusable_with,0.667,"{""char_sim"": 0.667}",automatic_only
grapheme:dr:ـپـ,grapheme:dr:ـتـ,dr,visually_confusable_with,0.667,"{""char_sim"": 0.667}",automatic_only
grapheme:dr:ـپـ,grapheme:dr:ـثـ,dr,visually_confusable_with,0.667,"{""char_sim"": 0.667}",automatic_only
grapheme:dr:ـپـ,grapheme:dr:ـجـ,dr,visually_confusable_with,0.667,"{""char_sim"": 0.667}",automatic_only
grapheme:dr:ـپـ,grapheme:dr:ـحـ,dr,visually_confusable_with,0.667,"{""char_sim"": 0.667}",automatic_only
grapheme:dr:ـپـ,grapheme:dr:ـخـ,dr,visually_confusable_with,0.667,"{""char_sim"": 0.667}",automatic_only
grapheme:dr:ـپـ,grapheme:dr:ـد,dr,visually_confusable_with,0.667,"{""char_sim"": 0.667}",automatic_only
grapheme:dr:ـپـ,grapheme:dr:ـذ,dr,visually_confusable_with,0.667,"{""char_sim"": 0.667}",automatic_only
grapheme:dr:ـپـ,grapheme:dr:ـر,dr,visually_confusable_with,0.667,"{""char_sim"": 0.667}",automatic_only
grapheme:dr:ـپـ,grapheme:dr:ـز,dr,visually_confusable_with,0.667,"{""char_sim"": 0.667}",automatic_only
grapheme:dr:ـپـ,grapheme:dr:ـسـ,dr,visually_confusable_with,0.667,"{""char_sim"": 0.667}",automatic_only
grapheme:dr:ـپـ,grapheme:dr:ـشـ,dr,visually_confusable_with,0.667,"{""char_sim"": 0.667}",automatic_only
grapheme:dr:ـپـ,grapheme:dr:ـصـ,dr,visually_confusable_with,0.667,"{""char_sim"": 0.667}",automatic_only
grapheme:dr:ـپـ,grapheme:dr:ـضـ,dr,visually_confusable_with,0.667,"{""char_sim"": 0.667}",automatic_only
grapheme:dr:ـپـ,grapheme:dr:ـطـ,dr,visually_confusable_with,0.667,"{""char_sim"": 0.667}",automatic_only
grapheme:dr:ـپـ,grapheme:dr:ـظـ,dr,visually_confusable_with,0.667,"{""char_sim"": 0.667}",automatic_only
grapheme:dr:ـپـ,grapheme:dr:ـعـ,dr,visually_confusable_with,0.667,"{""char_sim"": 0.667}",automatic_only
grapheme:dr:ـپـ,grapheme:dr:ـغـ,dr,visually_confusable_with,0.667,"{""char_sim"": 0.667}",automatic_only
grapheme:dr:ـپـ,grapheme:dr:ـفـ,dr,visually_confusable_with,0.667,"{""char_sim"": 0.667}",automatic_only
grapheme:dr:ـپـ,grapheme:dr:ـقـ,dr,visually_confusable_with,0.667,"{""char_sim"": 0.667}",automatic_only
grapheme:dr:ـپـ,grapheme:dr:ـكـ,dr,visually_confusable_with,0.667,"{""char_sim"": 0.667}",automatic_only
grapheme:dr:ـپـ,grapheme:dr:ـلـ,dr,visually_confusable_with,0.667,"{""char_sim"": 0.667}",automatic_only
grapheme:dr:ـپـ,grapheme:dr:ـمـ,dr,visually_confusable_with,0.667,"{""char_sim"": 0.667}",automatic_only
grapheme:dr:ـپـ,grapheme:dr:ـنـ,dr,visually_confusable_with,0.667,"{""char_sim"": 0.667}",automatic_only
grapheme:dr:ـپـ,grapheme:dr:ـهـ,dr,visually_confusable_with,0.667,"{""char_sim"": 0.667}",automatic_only
grapheme:dr:ـپـ,grapheme:dr:ـيـ,dr,visually_confusable_with,0.667,"{""char_sim"": 0.667}",automatic_only
grapheme:dr:ـپـ,grapheme:dr:ـگـ,dr,visually_confusable_with,0.667,"{""char_sim"": 0.667}",automatic_only
grapheme:dr:ـپـ,grapheme:dr:پ,dr,visually_confusable_with,0.667,"{""char_sim"": 0.667}",automatic_only
grapheme:dr:ـپـ,grapheme:dr:ـڤـ,dr,visually_confusable_with,0.667,"{""char_sim"": 0.667}",automatic_only
grapheme:dr:ـپـ,grapheme:dr:ـچـ,dr,visually_confusable_with,0.667,"{""char_sim"": 0.667}",automatic_only
grapheme:dr:ڤ,grapheme:dr:ـڤـ,dr,visually_confusable_with,0.667,"{""char_sim"": 0.667}",automatic_only
grapheme:dr:ـڤـ,grapheme:dr:ـا,dr,visually_confusable_with,0.667,"{""char_sim"": 0.667}",automatic_only
grapheme:dr:ـڤـ,grapheme:dr:ـو,dr,visually_confusable_with,0.667,"{""char_sim"": 0.667}",automatic_only
grapheme:dr:ـڤـ,grapheme:dr:ـي,dr,visually_confusable_with,0.667,"{""char_sim"": 0.667}",automatic_only
grapheme:dr:ـڤـ,grapheme:dr:ـئـ,dr,visually_confusable_with,0.667,"{""char_sim"": 0.667}",automatic_only
grapheme:dr:ـڤـ,grapheme:dr:ـبـ,dr,visually_confusable_with,0.667,"{""char_sim"": 0.667}",automatic_only
grapheme:dr:ـڤـ,grapheme:dr:ـتـ,dr,visually_confusable_with,0.667,"{""char_sim"": 0.667}",automatic_only
grapheme:dr:ـڤـ,grapheme:dr:ـثـ,dr,visually_confusable_with,0.667,"{""char_sim"": 0.667}",automatic_only
grapheme:dr:ـڤـ,grapheme:dr:ـجـ,dr,visually_confusable_with,0.667,"{""char_sim"": 0.667}",automatic_only
grapheme:dr:ـڤـ,grapheme:dr:ـحـ,dr,visually_confusable_with,0.667,"{""char_sim"": 0.667}",automatic_only
grapheme:dr:ـڤـ,grapheme:dr:ـخـ,dr,visually_confusable_with,0.667,"{""char_sim"": 0.667}",automatic_only
grapheme:dr:ـڤـ,grapheme:dr:ـد,dr,visually_confusable_with,0.667,"{""char_sim"": 0.667}",automatic_only
grapheme:dr:ـڤـ,grapheme:dr:ـذ,dr,visually_confusable_with,0.667,"{""char_sim"": 0.667}",automatic_only
grapheme:dr:ـڤـ,grapheme:dr:ـر,dr,visually_confusable_with,0.667,"{""char_sim"": 0.667}",automatic_only
grapheme:dr:ـڤـ,grapheme:dr:ـز,dr,visually_confusable_with,0.667,"{""char_sim"": 0.667}",automatic_only
grapheme:dr:ـڤـ,grapheme:dr:ـسـ,dr,visually_confusable_with,0.667,"{""char_sim"": 0.667}",automatic_only
grapheme:dr:ـڤـ,grapheme:dr:ـشـ,dr,visually_confusable_with,0.667,"{""char_sim"": 0.667}",automatic_only
grapheme:dr:ـڤـ,grapheme:dr:ـصـ,dr,visually_confusable_with,0.667,"{""char_sim"": 0.667}",automatic_only
grapheme:dr:ـڤـ,grapheme:dr:ـضـ,dr,visually_confusable_with,0.667,"{""char_sim"": 0.667}",automatic_only
grapheme:dr:ـڤـ,grapheme:dr:ـطـ,dr,visually_confusable_with,0.667,"{""char_sim"": 0.667}",automatic_only
grapheme:dr:ـڤـ,grapheme:dr:ـظـ,dr,visually_confusable_with,0.667,"{""char_sim"": 0.667}",automatic_only
grapheme:dr:ـڤـ,grapheme:dr:ـعـ,dr,visually_confusable_with,0.667,"{""char_sim"": 0.667}",automatic_only
grapheme:dr:ـڤـ,grapheme:dr:ـغـ,dr,visually_confusable_with,0.667,"{""char_sim"": 0.667}",automatic_only
grapheme:dr:ـڤـ,grapheme:dr:ـفـ,dr,visually_confusable_with,0.667,"{""char_sim"": 0.667}",automatic_only
grapheme:dr:ـڤـ,grapheme:dr:ـقـ,dr,visually_confusable_with,0.667,"{""char_sim"": 0.667}",automatic_only
grapheme:dr:ـڤـ,grapheme:dr:ـكـ,dr,visually_confusable_with,0.667,"{""char_sim"": 0.667}",automatic_only
grapheme:dr:ـڤـ,grapheme:dr:ـلـ,dr,visually_confusable_with,0.667,"{""char_sim"": 0.667}",automatic_only
grapheme:dr:ـڤـ,grapheme:dr:ـمـ,dr,visually_confusable_with,0.667,"{""char_sim"": 0.667}",automatic_only
grapheme:dr:ـڤـ,grapheme:dr:ـنـ,dr,visually_confusable_with,0.667,"{""char_sim"": 0.667}",automatic_only
grapheme:dr:ـڤـ,grapheme:dr:ـهـ,dr,visually_confusable_with,0.667,"{""char_sim"": 0.667}",automatic_only
grapheme:dr:ـڤـ,grapheme:dr:ـيـ,dr,visually_confusable_with,0.667,"{""char_sim"": 0.667}",automatic_only
grapheme:dr:ـڤـ,grapheme:dr:ـگـ,dr,visually_confusable_with,0.667,"{""char_sim"": 0.667}",automatic_only
grapheme:dr:ـڤـ,grapheme:dr:ـپـ,dr,visually_confusable_with,0.667,"{""char_sim"": 0.667}",automatic_only
grapheme:dr:ـڤـ,grapheme:dr:ڤ,dr,visually_confusable_with,0.667,"{""char_sim"": 0.667}",automatic_only
grapheme:dr:ـڤـ,grapheme:dr:ـچـ,dr,visually_confusable_with,0.667,"{""char_sim"": 0.667}",automatic_only
grapheme:dr:چ,grapheme:dr:ـچـ,dr,visually_confusable_with,0.667,"{""char_sim"": 0.667}",automatic_only
grapheme:dr:ـچـ,grapheme:dr:ـا,dr,visually_confusable_with,0.667,"{""char_sim"": 0.667}",automatic_only
grapheme:dr:ـچـ,grapheme:dr:ـو,dr,visually_confusable_with,0.667,"{""char_sim"": 0.667}",automatic_only
grapheme:dr:ـچـ,grapheme:dr:ـي,dr,visually_confusable_with,0.667,"{""char_sim"": 0.667}",automatic_only
grapheme:dr:ـچـ,grapheme:dr:ـئـ,dr,visually_confusable_with,0.667,"{""char_sim"": 0.667}",automatic_only
grapheme:dr:ـچـ,grapheme:dr:ـبـ,dr,visually_confusable_with,0.667,"{""char_sim"": 0.667}",automatic_only
grapheme:dr:ـچـ,grapheme:dr:ـتـ,dr,visually_confusable_with,0.667,"{""char_sim"": 0.667}",automatic_only
grapheme:dr:ـچـ,grapheme:dr:ـثـ,dr,visually_confusable_with,0.667,"{""char_sim"": 0.667}",automatic_only
grapheme:dr:ـچـ,grapheme:dr:ـجـ,dr,visually_confusable_with,0.667,"{""char_sim"": 0.667}",automatic_only
grapheme:dr:ـچـ,grapheme:dr:ـحـ,dr,visually_confusable_with,0.667,"{""char_sim"": 0.667}",automatic_only
grapheme:dr:ـچـ,grapheme:dr:ـخـ,dr,visually_confusable_with,0.667,"{""char_sim"": 0.667}",automatic_only
grapheme:dr:ـچـ,grapheme:dr:ـد,dr,visually_confusable_with,0.667,"{""char_sim"": 0.667}",automatic_only
grapheme:dr:ـچـ,grapheme:dr:ـذ,dr,visually_confusable_with,0.667,"{""char_sim"": 0.667}",automatic_only
grapheme:dr:ـچـ,grapheme:dr:ـر,dr,visually_confusable_with,0.667,"{""char_sim"": 0.667}",automatic_only
grapheme:dr:ـچـ,grapheme:dr:ـز,dr,visually_confusable_with,0.667,"{""char_sim"": 0.667}",automatic_only
grapheme:dr:ـچـ,grapheme:dr:ـسـ,dr,visually_confusable_with,0.667,"{""char_sim"": 0.667}",automatic_only
grapheme:dr:ـچـ,grapheme:dr:ـشـ,dr,visually_confusable_with,0.667,"{""char_sim"": 0.667}",automatic_only
grapheme:dr:ـچـ,grapheme:dr:ـصـ,dr,visually_confusable_with,0.667,"{""char_sim"": 0.667}",automatic_only
grapheme:dr:ـچـ,grapheme:dr:ـضـ,dr,visually_confusable_with,0.667,"{""char_sim"": 0.667}",automatic_only
grapheme:dr:ـچـ,grapheme:dr:ـطـ,dr,visually_confusable_with,0.667,"{""char_sim"": 0.667}",automatic_only
grapheme:dr:ـچـ,grapheme:dr:ـظـ,dr,visually_confusable_with,0.667,"{""char_sim"": 0.667}",automatic_only
grapheme:dr:ـچـ,grapheme:dr:ـعـ,dr,visually_confusable_with,0.667,"{""char_sim"": 0.667}",automatic_only
grapheme:dr:ـچـ,grapheme:dr:ـغـ,dr,visually_confusable_with,0.667,"{""char_sim"": 0.667}",automatic_only
grapheme:dr:ـچـ,grapheme:dr:ـفـ,dr,visually_confusable_with,0.667,"{""char_sim"": 0.667}",automatic_only
grapheme:dr:ـچـ,grapheme:dr:ـقـ,dr,visually_confusable_with,0.667,"{""char_sim"": 0.667}",automatic_only
grapheme:dr:ـچـ,grapheme:dr:ـكـ,dr,visually_confusable_with,0.667,"{""char_sim"": 0.667}",automatic_only
grapheme:dr:ـچـ,grapheme:dr:ـلـ,dr,visually_confusable_with,0.667,"{""char_sim"": 0.667}",automatic_only
grapheme:dr:ـچـ,grapheme:dr:ـمـ,dr,visually_confusable_with,0.667,"{""char_sim"": 0.667}",automatic_only
grapheme:dr:ـچـ,grapheme:dr:ـنـ,dr,visually_confusable_with,0.667,"{""char_sim"": 0.667}",automatic_only
grapheme:dr:ـچـ,grapheme:dr:ـهـ,dr,visually_confusable_with,0.667,"{""char_sim"": 0.667}",automatic_only
grapheme:dr:ـچـ,grapheme:dr:ـيـ,dr,visually_confusable_with,0.667,"{""char_sim"": 0.667}",automatic_only
grapheme:dr:ـچـ,grapheme:dr:ـگـ,dr,visually_confusable_with,0.667,"{""char_sim"": 0.667}",automatic_only
grapheme:dr:ـچـ,grapheme:dr:ـپـ,dr,visually_confusable_with,0.667,"{""char_sim"": 0.667}",automatic_only
grapheme:dr:ـچـ,grapheme:dr:ـڤـ,dr,visually_confusable_with,0.667,"{""char_sim"": 0.667}",automatic_only
grapheme:dr:ـچـ,grapheme:dr:چ,dr,visually_confusable_with,0.667,"{""char_sim"": 0.667}",automatic_only
grapheme:np:भ,grapheme:np:म,np,visually_confusable_with,0.9,"{""seed_reason"": ""visual lookalike"", ""seed_weight"": 0.9}",manual_only
grapheme:np:म,grapheme:np:भ,np,visually_confusable_with,0.9,"{""seed_reason"": ""visual lookalike"", ""seed_weight"": 0.9}",manual_only
grapheme:np:प,grapheme:np:ष,np,visually_confusable_with,0.85,"{""seed_reason"": ""visual lookalike"", ""seed_weight"": 0.85}",manual_only
grapheme:np:ष,grapheme:np:प,np,visually_confusable_with,0.85,"{""seed_reason"": ""visual lookalike"", ""seed_weight"": 0.85}",manual_only
grapheme:np:व,grapheme:np:ब,np,visually_confusable_with,0.85,"{""seed_reason"": ""visual lookalike"", ""seed_weight"": 0.85}",manual_only
grapheme:np:ब,grapheme:np:व,np,visually_confusable_with,0.85,"{""seed_reason"": ""visual lookalike"", ""seed_weight"": 0.85}",manual_only
grapheme:np:घ,grapheme:np:ध,np,visually_confusable_with,0.85,"{""seed_reason"": ""visual lookalike"", ""seed_weight"": 0.85}",manual_only
grapheme:np:ध,grapheme:np:घ,np,visually_confusable_with,0.85,"{""seed_reason"": ""visual lookalike"", ""seed_weight"": 0.85}",manual_only
grapheme:np:ट,grapheme:np:ठ,np,visually_confusable_with,0.8,"{""seed_reason"": ""visual lookalike"", ""seed_weight"": 0.8}",manual_only
grapheme:np:ठ,grapheme:np:ट,np,visually_confusable_with,0.8,"{""seed_reason"": ""visual lookalike"", ""seed_weight"": 0.8}",manual_only
grapheme:np:ड,grapheme:np:ङ,np,visually_confusable_with,0.8,"{""seed_reason"": ""visual lookalike"", ""seed_weight"": 0.8}",manual_only
grapheme:np:ङ,grapheme:np:ड,np,visually_confusable_with,0.8,"{""seed_reason"": ""visual lookalike"", ""seed_weight"": 0.8}",manual_only
grapheme:ur:ب,grapheme:ur:پ,ur,visually_confusable_with,0.9,"{""seed_reason"": ""visual lookalike (dots difference)"", ""seed_weight"": 0.9}",manual_only
grapheme:ur:پ,grapheme:ur:ب,ur,visually_confusable_with,0.9,"{""seed_reason"": ""visual lookalike (dots difference)"", ""seed_weight"": 0.9}",manual_only
grapheme:ur:ت,grapheme:ur:ٹ,ur,visually_confusable_with,0.9,"{""seed_reason"": ""visual lookalike (dots vs toay difference)"", ""seed_weight"": 0.9}",manual_only
grapheme:ur:ٹ,grapheme:ur:ت,ur,visually_confusable_with,0.9,"{""seed_reason"": ""visual lookalike (dots vs toay difference)"", ""seed_weight"": 0.9}",manual_only
grapheme:ur:ت,grapheme:ur:ث,ur,visually_confusable_with,0.9,"{""seed_reason"": ""visual lookalike (dots difference)"", ""seed_weight"": 0.9}",manual_only
grapheme:ur:ث,grapheme:ur:ت,ur,visually_confusable_with,0.9,"{""seed_reason"": ""visual lookalike (dots difference)"", ""seed_weight"": 0.9}",manual_only
grapheme:ur:ج,grapheme:ur:چ,ur,visually_confusable_with,0.9,"{""seed_reason"": ""visual lookalike (dots difference)"", ""seed_weight"": 0.9}",manual_only
grapheme:ur:چ,grapheme:ur:ج,ur,visually_confusable_with,0.9,"{""seed_reason"": ""visual lookalike (dots difference)"", ""seed_weight"": 0.9}",manual_only
grapheme:ur:ح,grapheme:ur:خ,ur,visually_confusable_with,0.9,"{""seed_reason"": ""visual lookalike (dots difference)"", ""seed_weight"": 0.9}",manual_only
grapheme:ur:خ,grapheme:ur:ح,ur,visually_confusable_with,0.9,"{""seed_reason"": ""visual lookalike (dots difference)"", ""seed_weight"": 0.9}",manual_only
grapheme:ur:د,grapheme:ur:ڈ,ur,visually_confusable_with,0.9,"{""seed_reason"": ""visual lookalike (dots vs toay difference)"", ""seed_weight"": 0.9}",manual_only
grapheme:ur:ڈ,grapheme:ur:د,ur,visually_confusable_with,0.9,"{""seed_reason"": ""visual lookalike (dots vs toay difference)"", ""seed_weight"": 0.9}",manual_only
grapheme:ur:د,grapheme:ur:ذ,ur,visually_confusable_with,0.9,"{""seed_reason"": ""visual lookalike (dots difference)"", ""seed_weight"": 0.9}",manual_only
grapheme:ur:ذ,grapheme:ur:د,ur,visually_confusable_with,0.9,"{""seed_reason"": ""visual lookalike (dots difference)"", ""seed_weight"": 0.9}",manual_only
grapheme:ur:ر,grapheme:ur:ڑ,ur,visually_confusable_with,0.9,"{""seed_reason"": ""visual lookalike (dots vs toay difference)"", ""seed_weight"": 0.9}",manual_only
grapheme:ur:ڑ,grapheme:ur:ر,ur,visually_confusable_with,0.9,"{""seed_reason"": ""visual lookalike (dots vs toay difference)"", ""seed_weight"": 0.9}",manual_only
grapheme:ur:ر,grapheme:ur:ز,ur,visually_confusable_with,0.9,"{""seed_reason"": ""visual lookalike (dots difference)"", ""seed_weight"": 0.9}",manual_only
grapheme:ur:ز,grapheme:ur:ر,ur,visually_confusable_with,0.9,"{""seed_reason"": ""visual lookalike (dots difference)"", ""seed_weight"": 0.9}",manual_only
grapheme:ur:س,grapheme:ur:ش,ur,visually_confusable_with,0.9,"{""seed_reason"": ""visual lookalike (dots difference)"", ""seed_weight"": 0.9}",manual_only
grapheme:ur:ش,grapheme:ur:س,ur,visually_confusable_with,0.9,"{""seed_reason"": ""visual lookalike (dots difference)"", ""seed_weight"": 0.9}",manual_only
grapheme:vn:a,grapheme:vn:á,vn,visually_confusable_with,0.85,"{""seed_reason"": ""tonal lookalike"", ""seed_weight"": 0.85}",manual_only
grapheme:vn:á,grapheme:vn:a,vn,visually_confusable_with,0.85,"{""seed_reason"": ""tonal lookalike"", ""seed_weight"": 0.85}",manual_only
grapheme:vn:a,grapheme:vn:à,vn,visually_confusable_with,0.85,"{""seed_reason"": ""tonal lookalike"", ""seed_weight"": 0.85}",manual_only
grapheme:vn:à,grapheme:vn:a,vn,visually_confusable_with,0.85,"{""seed_reason"": ""tonal lookalike"", ""seed_weight"": 0.85}",manual_only
grapheme:vn:a,grapheme:vn:ả,vn,visually_confusable_with,0.85,"{""seed_reason"": ""tonal lookalike"", ""seed_weight"": 0.85}",manual_only
grapheme:vn:ả,grapheme:vn:a,vn,visually_confusable_with,0.85,"{""seed_reason"": ""tonal lookalike"", ""seed_weight"": 0.85}",manual_only
grapheme:vn:a,grapheme:vn:ă,vn,visually_confusable_with,0.85,"{""seed_reason"": ""vowel lookalike"", ""seed_weight"": 0.85}",manual_only
grapheme:vn:ă,grapheme:vn:a,vn,visually_confusable_with,0.85,"{""seed_reason"": ""vowel lookalike"", ""seed_weight"": 0.85}",manual_only
grapheme:vn:a,grapheme:vn:â,vn,visually_confusable_with,0.85,"{""seed_reason"": ""vowel lookalike"", ""seed_weight"": 0.85}",manual_only
grapheme:vn:â,grapheme:vn:a,vn,visually_confusable_with,0.85,"{""seed_reason"": ""vowel lookalike"", ""seed_weight"": 0.85}",manual_only
grapheme:vn:d,grapheme:vn:đ,vn,visually_confusable_with,0.9,"{""seed_reason"": ""visual lookalike"", ""seed_weight"": 0.9}",manual_only
grapheme:vn:đ,grapheme:vn:d,vn,visually_confusable_with,0.9,"{""seed_reason"": ""visual lookalike"", ""seed_weight"": 0.9}",manual_only
grapheme:vn:c,grapheme:vn:k,vn,visually_confusable_with,0.85,"{""seed_reason"": ""phonetic and visual overlap"", ""seed_weight"": 0.85}",manual_only
grapheme:vn:k,grapheme:vn:c,vn,visually_confusable_with,0.85,"{""seed_reason"": ""phonetic and visual overlap"", ""seed_weight"": 0.85}",manual_only
grapheme:vn:s,grapheme:vn:x,vn,visually_confusable_with,0.8,"{""seed_reason"": ""phonetic lookalike"", ""seed_weight"": 0.8}",manual_only
grapheme:vn:x,grapheme:vn:s,vn,visually_confusable_with,0.8,"{""seed_reason"": ""phonetic lookalike"", ""seed_weight"": 0.8}",manual_only
grapheme:dr:ا,grapheme:dr:و,dr,visually_confusable_with,0.8,"{""seed_reason"": ""vowel lookalike"", ""seed_weight"": 0.8}",manual_only
grapheme:dr:و,grapheme:dr:ا,dr,visually_confusable_with,0.8,"{""seed_reason"": ""vowel lookalike"", ""seed_weight"": 0.8}",manual_only
grapheme:dr:ي,grapheme:dr:و,dr,visually_confusable_with,0.8,"{""seed_reason"": ""vowel lookalike"", ""seed_weight"": 0.8}",manual_only
grapheme:dr:و,grapheme:dr:ي,dr,visually_confusable_with,0.8,"{""seed_reason"": ""vowel lookalike"", ""seed_weight"": 0.8}",manual_only
grapheme:dr:ء,grapheme:dr:ا,dr,visually_confusable_with,0.85,"{""seed_reason"": ""hamza/alif confusion"", ""seed_weight"": 0.85}",manual_only
grapheme:dr:ا,grapheme:dr:ء,dr,visually_confusable_with,0.85,"{""seed_reason"": ""hamza/alif confusion"", ""seed_weight"": 0.85}",manual_only
