source,target,language,relation,weight,score_components,method
phoneme:np:/ʌ/,phoneme:np:/ʌi/,np,confusable_with,0.75,"{""ipa_sim"": 1.0, ""len_diff"": 1}",automatic_only
phoneme:np:/ʌ/,phoneme:np:/ʌu/,np,confusable_with,0.75,"{""ipa_sim"": 1.0, ""len_diff"": 1}",automatic_only
phoneme:np:/ʌ/,phoneme:np:/ʌhʌ/,np,confusable_with,0.433,"{""ipa_sim"": 0.667, ""len_diff"": 2}",automatic_only
phoneme:np:/ʌ/,phoneme:np:/kʌ/,np,confusable_with,0.75,"{""ipa_sim"": 1.0, ""len_diff"": 1}",automatic_only
phoneme:np:/ʌ/,phoneme:np:/kʰʌ/,np,confusable_with,0.433,"{""ipa_sim"": 0.667, ""len_diff"": 2}",automatic_only
phoneme:np:/ʌ/,phoneme:np:/ɡʌ/,np,confusable_with,0.75,"{""ipa_sim"": 1.0, ""len_diff"": 1}",automatic_only
phoneme:np:/ʌ/,phoneme:np:/ɡʱʌ/,np,confusable_with,0.433,"{""ipa_sim"": 0.667, ""len_diff"": 2}",automatic_only
phoneme:np:/ʌ/,phoneme:np:/ŋʌ/,np,confusable_with,0.75,"{""ipa_sim"": 1.0, ""len_diff"": 1}",automatic_only
phoneme:np:/ʌ/,phoneme:np:/tsʌ/,np,confusable_with,0.433,"{""ipa_sim"": 0.667, ""len_diff"": 2}",automatic_only
phoneme:np:/ʌ/,phoneme:np:/dzʌ/,np,confusable_with,0.433,"{""ipa_sim"": 0.667, ""len_diff"": 2}",automatic_only
phoneme:np:/ʌ/,phoneme:np:/ʈʌ/,np,confusable_with,0.75,"{""ipa_sim"": 1.0, ""len_diff"": 1}",automatic_only
phoneme:np:/ʌ/,phoneme:np:/ʈʰʌ/,np,confusable_with,0.433,"{""ipa_sim"": 0.667, ""len_diff"": 2}",automatic_only
phoneme:np:/ʌ/,phoneme:np:/ɖʌ/,np,confusable_with,0.75,"{""ipa_sim"": 1.0, ""len_diff"": 1}",automatic_only
phoneme:np:/ʌ/,phoneme:np:/ɖʱʌ/,np,confusable_with,0.433,"{""ipa_sim"": 0.667, ""len_diff"": 2}",automatic_only
phoneme:np:/ʌ/,phoneme:np:/tʌ/,np,confusable_with,0.75,"{""ipa_sim"": 1.0, ""len_diff"": 1}",automatic_only
phoneme:np:/ʌ/,phoneme:np:/tʰʌ/,np,confusable_with,0.433,"{""ipa_sim"": 0.667, ""len_diff"": 2}",automatic_only
phoneme:np:/ʌ/,phoneme:np:/dʌ/,np,confusable_with,0.75,"{""ipa_sim"": 1.0, ""len_diff"": 1}",automatic_only
phoneme:np:/ʌ/,phoneme:np:/dʱʌ/,np,confusable_with,0.433,"{""ipa_sim"": 0.667, ""len_diff"": 2}",automatic_only
phoneme:np:/ʌ/,phoneme:np:/nʌ/,np,confusable_with,0.75,"{""ipa_sim"": 1.0, ""len_diff"": 1}",automatic_only
phoneme:np:/ʌ/,phoneme:np:/pʌ/,np,confusable_with,0.75,"{""ipa_sim"": 1.0, ""len_diff"": 1}",automatic_only
phoneme:np:/ʌ/,phoneme:np:/bʌ/,np,confusable_with,0.75,"{""ipa_sim"": 1.0, ""len_diff"": 1}",automatic_only
phoneme:np:/ʌ/,phoneme:np:/bʱʌ/,np,confusable_with,0.433,"{""ipa_sim"": 0.667, ""len_diff"": 2}",automatic_only
phoneme:np:/ʌ/,phoneme:np:/mʌ/,np,confusable_with,0.75,"{""ipa_sim"": 1.0, ""len_diff"": 1}",automatic_only
phoneme:np:/ʌ/,phoneme:np:/jʌ/,np,confusable_with,0.75,"{""ipa_sim"": 1.0, ""len_diff"": 1}",automatic_only
phoneme:np:/ʌ/,phoneme:np:/rʌ/,np,confusable_with,0.75,"{""ipa_sim"": 1.0, ""len_diff"": 1}",automatic_only
phoneme:np:/ʌ/,phoneme:np:/lʌ/,np,confusable_with,0.75,"{""ipa_sim"": 1.0, ""len_diff"": 1}",automatic_only
phoneme:np:/ʌ/,phoneme:np:/sʌ/,np,confusable_with,0.75,"{""ipa_sim"": 1.0, ""len_diff"": 1}",automatic_only
phoneme:np:/ʌ/,phoneme:np:/hʌ/,np,confusable_with,0.75,"{""ipa_sim"": 1.0, ""len_diff"": 1}",automatic_only
phoneme:np:/ʌ/,phoneme:np:/ksʌ/,np,confusable_with,0.433,"{""ipa_sim"": 0.667, ""len_diff"": 2}",automatic_only
phoneme:np:/ʌ/,phoneme:np:/trʌ/,np,confusable_with,0.433,"{""ipa_sim"": 0.667, ""len_diff"": 2}",automatic_only
phoneme:np:/ʌ/,phoneme:np:/srʌ/,np,confusable_with,0.433,"{""ipa_sim"": 0.667, ""len_diff"": 2}",automatic_only
phoneme:np:/ʌ/,phoneme:np:/djʌ/,np,confusable_with,0.433,"{""ipa_sim"": 0.667, ""len_diff"": 2}",automatic_only
phoneme:np:/ʌ/,phoneme:np:/dwʌ/,np,confusable_with,0.433,"{""ipa_sim"": 0.667, ""len_diff"": 2}",automatic_only
phoneme:np:/ʌ/,phoneme:np:/ttʌ/,np,confusable_with,0.433,"{""ipa_sim"": 0.667, ""len_diff"": 2}",automatic_only
phoneme:np:/i/,phoneme:np:/ʌi/,np,confusable_with,0.75,"{""ipa_sim"": 1.0, ""len_diff"": 1}",automatic_only
phoneme:np:/i/,phoneme:np:/ri/,np,confusable_with,0.75,"{""ipa_sim"": 1.0, ""len_diff"": 1}",automatic_only
phoneme:np:/u/,phoneme:np:/ʌu/,np,confusable_with,0.75,"{""ipa_sim"": 1.0, ""len_diff"": 1}",automatic_only
phoneme:np:/ʌi/,phoneme:np:/ʌ/,np,confusable_with,0.75,"{""ipa_sim"": 1.0, ""len_diff"": 1}",automatic_only
phoneme:np:/ʌi/,phoneme:np:/i/,np,confusable_with,0.75,"{""ipa_sim"": 1.0, ""len_diff"": 1}",automatic_only
phoneme:np:/ʌi/,phoneme:np:/ʌu/,np,confusable_with,0.4,"{""ipa_sim"": 0.5, ""len_diff"": 0}",automatic_only
phoneme:np:/ʌi/,phoneme:np:/ri/,np,confusable_with,0.4,"{""ipa_sim"": 0.5, ""len_diff"": 0}",automatic_only
phoneme:np:/ʌi/,phoneme:np:/ʌhʌ/,np,confusable_with,0.483,"{""ipa_sim"": 0.667, ""len_diff"": 1}",automatic_only
phoneme:np:/ʌi/,phoneme:np:/kʌ/,np,confusable_with,0.4,"{""ipa_sim"": 0.5, ""len_diff"": 0}",automatic_only
phoneme:np:/ʌi/,phoneme:np:/kʰʌ/,np,confusable_with,0.483,"{""ipa_sim"": 0.667, ""len_diff"": 1}",automatic_only
phoneme:np:/ʌi/,phoneme:np:/ɡʌ/,np,confusable_with,0.4,"{""ipa_sim"": 0.5, ""len_diff"": 0}",automatic_only
phoneme:np:/ʌi/,phoneme:np:/ɡʱʌ/,np,confusable_with,0.483,"{""ipa_sim"": 0.667, ""len_diff"": 1}",automatic_only
phoneme:np:/ʌi/,phoneme:np:/ŋʌ/,np,confusable_with,0.4,"{""ipa_sim"": 0.5, ""len_diff"": 0}",automatic_only
phoneme:np:/ʌi/,phoneme:np:/tsʌ/,np,confusable_with,0.483,"{""ipa_sim"": 0.667, ""len_diff"": 1}",automatic_only
phoneme:np:/ʌi/,phoneme:np:/dzʌ/,np,confusable_with,0.483,"{""ipa_sim"": 0.667, ""len_diff"": 1}",automatic_only
phoneme:np:/ʌi/,phoneme:np:/ʈʌ/,np,confusable_with,0.4,"{""ipa_sim"": 0.5, ""len_diff"": 0}",automatic_only
phoneme:np:/ʌi/,phoneme:np:/ʈʰʌ/,np,confusable_with,0.483,"{""ipa_sim"": 0.667, ""len_diff"": 1}",automatic_only
phoneme:np:/ʌi/,phoneme:np:/ɖʌ/,np,confusable_with,0.4,"{""ipa_sim"": 0.5, ""len_diff"": 0}",automatic_only
phoneme:np:/ʌi/,phoneme:np:/ɖʱʌ/,np,confusable_with,0.483,"{""ipa_sim"": 0.667, ""len_diff"": 1}",automatic_only
phoneme:np:/ʌi/,phoneme:np:/tʌ/,np,confusable_with,0.4,"{""ipa_sim"": 0.5, ""len_diff"": 0}",automatic_only
phoneme:np:/ʌi/,phoneme:np:/tʰʌ/,np,confusable_with,0.483,"{""ipa_sim"": 0.667, ""len_diff"": 1}",automatic_only
phoneme:np:/ʌi/,phoneme:np:/dʌ/,np,confusable_with,0.4,"{""ipa_sim"": 0.5, ""len_diff"": 0}",automatic_only
phoneme:np:/ʌi/,phoneme:np:/dʱʌ/,np,confusable_with,0.483,"{""ipa_sim"": 0.667, ""len_diff"": 1}",automatic_only
phoneme:np:/ʌi/,phoneme:np:/nʌ/,np,confusable_with,0.4,"{""ipa_sim"": 0.5, ""len_diff"": 0}",automatic_only
phoneme:np:/ʌi/,phoneme:np:/pʌ/,np,confusable_with,0.4,"{""ipa_sim"": 0.5, ""len_diff"": 0}",automatic_only
phoneme:np:/ʌi/,phoneme:np:/bʌ/,np,confusable_with,0.4,"{""ipa_sim"": 0.5, ""len_diff"": 0}",automatic_only
phoneme:np:/ʌi/,phoneme:np:/bʱʌ/,np,confusable_with,0.483,"{""ipa_sim"": 0.667, ""len_diff"": 1}",automatic_only
phoneme:np:/ʌi/,phoneme:np:/mʌ/,np,confusable_with,0.4,"{""ipa_sim"": 0.5, ""len_diff"": 0}",automatic_only
phoneme:np:/ʌi/,phoneme:np:/jʌ/,np,confusable_with,0.4,"{""ipa_sim"": 0.5, ""len_diff"": 0}",automatic_only
phoneme:np:/ʌi/,phoneme:np:/rʌ/,np,confusable_with,0.4,"{""ipa_sim"": 0.5, ""len_diff"": 0}",automatic_only
phoneme:np:/ʌi/,phoneme:np:/lʌ/,np,confusable_with,0.4,"{""ipa_sim"": 0.5, ""len_diff"": 0}",automatic_only
phoneme:np:/ʌi/,phoneme:np:/sʌ/,np,confusable_with,0.4,"{""ipa_sim"": 0.5, ""len_diff"": 0}",automatic_only
phoneme:np:/ʌi/,phoneme:np:/hʌ/,np,confusable_with,0.4,"{""ipa_sim"": 0.5, ""len_diff"": 0}",automatic_only
phoneme:np:/ʌi/,phoneme:np:/ksʌ/,np,confusable_with,0.483,"{""ipa_sim"": 0.667, ""len_diff"": 1}",automatic_only
phoneme:np:/ʌi/,phoneme:np:/trʌ/,np,confusable_with,0.483,"{""ipa_sim"": 0.667, ""len_diff"": 1}",automatic_only
phoneme:np:/ʌi/,phoneme:np:/srʌ/,np,confusable_with,0.483,"{""ipa_sim"": 0.667, ""len_diff"": 1}",automatic_only
phoneme:np:/ʌi/,phoneme:np:/djʌ/,np,confusable_with,0.483,"{""ipa_sim"": 0.667, ""len_diff"": 1}",automatic_only
phoneme:np:/ʌi/,phoneme:np:/dwʌ/,np,confusable_with,0.483,"{""ipa_sim"": 0.667, ""len_diff"": 1}",automatic_only
phoneme:np:/ʌi/,phoneme:np:/ttʌ/,np,confusable_with,0.483,"{""ipa_sim"": 0.667, ""len_diff"": 1}",automatic_only
phoneme:np:/ʌu/,phoneme:np:/ʌ/,np,confusable_with,0.75,"{""ipa_sim"": 1.0, ""len_diff"": 1}",automatic_only
phoneme:np:/ʌu/,phoneme:np:/u/,np,confusable_with,0.75,"{""ipa_sim"": 1.0, ""len_diff"": 1}",automatic_only
phoneme:np:/ʌu/,phoneme:np:/ʌi/,np,confusable_with,0.4,"{""ipa_sim"": 0.5, ""len_diff"": 0}",automatic_only
phoneme:np:/ʌu/,phoneme:np:/ʌhʌ/,np,confusable_with,0.483,"{""ipa_sim"": 0.667, ""len_diff"": 1}",automatic_only
phoneme:np:/ʌu/,phoneme:np:/kʌ/,np,confusable_with,0.4,"{""ipa_sim"": 0.5, ""len_diff"": 0}",automatic_only
phoneme:np:/ʌu/,phoneme:np:/kʰʌ/,np,confusable_with,0.483,"{""ipa_sim"": 0.667, ""len_diff"": 1}",automatic_only
phoneme:np:/ʌu/,phoneme:np:/ɡʌ/,np,confusable_with,0.4,"{""ipa_sim"": 0.5, ""len_diff"": 0}",automatic_only
phoneme:np:/ʌu/,phoneme:np:/ɡʱʌ/,np,confusable_with,0.483,"{""ipa_sim"": 0.667, ""len_diff"": 1}",automatic_only
phoneme:np:/ʌu/,phoneme:np:/ŋʌ/,np,confusable_with,0.4,"{""ipa_sim"": 0.5, ""len_diff"": 0}",automatic_only
phoneme:np:/ʌu/,phoneme:np:/tsʌ/,np,confusable_with,0.483,"{""ipa_sim"": 0.667, ""len_diff"": 1}",automatic_only
phoneme:np:/ʌu/,phoneme:np:/dzʌ/,np,confusable_with,0.483,"{""ipa_sim"": 0.667, ""len_diff"": 1}",automatic_only
phoneme:np:/ʌu/,phoneme:np:/ʈʌ/,np,confusable_with,0.4,"{""ipa_sim"": 0.5, ""len_diff"": 0}",automatic_only
phoneme:np:/ʌu/,phoneme:np:/ʈʰʌ/,np,confusable_with,0.483,"{""ipa_sim"": 0.667, ""len_diff"": 1}",automatic_only
phoneme:np:/ʌu/,phoneme:np:/ɖʌ/,np,confusable_with,0.4,"{""ipa_sim"": 0.5, ""len_diff"": 0}",automatic_only
phoneme:np:/ʌu/,phoneme:np:/ɖʱʌ/,np,confusable_with,0.483,"{""ipa_sim"": 0.667, ""len_diff"": 1}",automatic_only
phoneme:np:/ʌu/,phoneme:np:/tʌ/,np,confusable_with,0.4,"{""ipa_sim"": 0.5, ""len_diff"": 0}",automatic_only
phoneme:np:/ʌu/,phoneme:np:/tʰʌ/,np,confusable_with,0.483,"{""ipa_sim"": 0.667, ""len_diff"": 1}",automatic_only
phoneme:np:/ʌu/,phoneme:np:/dʌ/,np,confusable_with,0.4,"{""ipa_sim"": 0.5, ""len_diff"": 0}",automatic_only
phoneme:np:/ʌu/,phoneme:np:/dʱʌ/,np,confusable_with,0.483,"{""ipa_sim"": 0.667, ""len_diff"": 1}",automatic_only
phoneme:np:/ʌu/,phoneme:np:/nʌ/,np,confusable_with,0.4,"{""ipa_sim"": 0.5, ""len_diff"": 0}",automatic_only
phoneme:np:/ʌu/,phoneme:np:/pʌ/,np,confusable_with,0.4,"{""ipa_sim"": 0.5, ""len_diff"": 0}",automatic_only
phoneme:np:/ʌu/,phoneme:np:/bʌ/,np,confusable_with,0.4,"{""ipa_sim"": 0.5, ""len_diff"": 0}",automatic_only
phoneme:np:/ʌu/,phoneme:np:/bʱʌ/,np,confusable_with,0.483,"{""ipa_sim"": 0.667, ""len_diff"": 1}",automatic_only
phoneme:np:/ʌu/,phoneme:np:/mʌ/,np,confusable_with,0.4,"{""ipa_sim"": 0.5, ""len_diff"": 0}",automatic_only
phoneme:np:/ʌu/,phoneme:np:/jʌ/,np,confusable_with,0.4,"{""ipa_sim"": 0.5, ""len_diff"": 0}",automatic_only
phoneme:np:/ʌu/,phoneme:np:/rʌ/,np,confusable_with,0.4,"{""ipa_sim"": 0.5, ""len_diff"": 0}",automatic_only
phoneme:np:/ʌu/,phoneme:np:/lʌ/,np,confusable_with,0.4,"{""ipa_sim"": 0.5, ""len_diff"": 0}",automatic_only
phoneme:np:/ʌu/,phoneme:np:/sʌ/,np,confusable_with,0.4,"{""ipa_sim"": 0.5, ""len_diff"": 0}",automatic_only
phoneme:np:/ʌu/,phoneme:np:/hʌ/,np,confusable_with,0.4,"{""ipa_sim"": 0.5, ""len_diff"": 0}",automatic_only
phoneme:np:/ʌu/,phoneme:np:/ksʌ/,np,confusable_with,0.483,"{""ipa_sim"": 0.667, ""len_diff"": 1}",automatic_only
phoneme:np:/ʌu/,phoneme:np:/trʌ/,np,confusable_with,0.483,"{""ipa_sim"": 0.667, ""len_diff"": 1}",automatic_only
phoneme:np:/ʌu/,phoneme:np:/srʌ/,np,confusable_with,0.483,"{""ipa_sim"": 0.667, ""len_diff"": 1}",automatic_only
phoneme:np:/ʌu/,phoneme:np:/djʌ/,np,confusable_with,0.483,"{""ipa_sim"": 0.667, ""len_diff"": 1}",automatic_only
phoneme:np:/ʌu/,phoneme:np:/dwʌ/,np,confusable_with,0.483,"{""ipa_sim"": 0.667, ""len_diff"": 1}",automatic_only
phoneme:np:/ʌu/,phoneme:np:/ttʌ/,np,confusable_with,0.483,"{""ipa_sim"": 0.667, ""len_diff"": 1}",automatic_only
phoneme:np:/ri/,phoneme:np:/i/,np,confusable_with,0.75,"{""ipa_sim"": 1.0, ""len_diff"": 1}",automatic_only
phoneme:np:/ri/,phoneme:np:/ʌi/,np,confusable_with,0.4,"{""ipa_sim"": 0.5, ""len_diff"": 0}",automatic_only
phoneme:np:/ri/,phoneme:np:/rʌ/,np,confusable_with,0.4,"{""ipa_sim"": 0.5, ""len_diff"": 0}",automatic_only
phoneme:np:/ri/,phoneme:np:/trʌ/,np,confusable_with,0.483,"{""ipa_sim"": 0.667, ""len_diff"": 1}",automatic_only
phoneme:np:/ri/,phoneme:np:/srʌ/,np,confusable_with,0.483,"{""ipa_sim"": 0.667, ""len_diff"": 1}",automatic_only
phoneme:np:/ʌm/ or /ʌ̃/,phoneme:np:/pʰʌ/ or /fʌ/,np,confusable_with,0.572,"{""ipa_sim"": 0.778, ""len_diff"": 1}",automatic_only
phoneme:np:/ʌm/ or /ʌ̃/,phoneme:np:/wʌ/ or /bʌ/,np,confusable_with,0.6,"{""ipa_sim"": 0.75, ""len_diff"": 0}",automatic_only
phoneme:np:/ʌhʌ/,phoneme:np:/ʌ/,np,confusable_with,0.433,"{""ipa_sim"": 0.667, ""len_diff"": 2}",automatic_only
phoneme:np:/ʌhʌ/,phoneme:np:/ʌi/,np,confusable_with,0.483,"{""ipa_sim"": 0.667, ""len_diff"": 1}",automatic_only
phoneme:np:/ʌhʌ/,phoneme:np:/ʌu/,np,confusable_with,0.483,"{""ipa_sim"": 0.667, ""len_diff"": 1}",automatic_only
phoneme:np:/ʌhʌ/,phoneme:np:/kʌ/,np,confusable_with,0.483,"{""ipa_sim"": 0.667, ""len_diff"": 1}",automatic_only
phoneme:np:/ʌhʌ/,phoneme:np:/ɡʌ/,np,confusable_with,0.483,"{""ipa_sim"": 0.667, ""len_diff"": 1}",automatic_only
phoneme:np:/ʌhʌ/,phoneme:np:/ŋʌ/,np,confusable_with,0.483,"{""ipa_sim"": 0.667, ""len_diff"": 1}",automatic_only
phoneme:np:/ʌhʌ/,phoneme:np:/tsʰʌ/,np,confusable_with,0.35,"{""ipa_sim"": 0.5, ""len_diff"": 1}",automatic_only
phoneme:np:/ʌhʌ/,phoneme:np:/dzʱʌ/,np,confusable_with,0.35,"{""ipa_sim"": 0.5, ""len_diff"": 1}",automatic_only
phoneme:np:/ʌhʌ/,phoneme:np:/ʈʌ/,np,confusable_with,0.483,"{""ipa_sim"": 0.667, ""len_diff"": 1}",automatic_only
phoneme:np:/ʌhʌ/,phoneme:np:/ɖʌ/,np,confusable_with,0.483,"{""ipa_sim"": 0.667, ""len_diff"": 1}",automatic_only
phoneme:np:/ʌhʌ/,phoneme:np:/tʌ/,np,confusable_with,0.483,"{""ipa_sim"": 0.667, ""len_diff"": 1}",automatic_only
phoneme:np:/ʌhʌ/,phoneme:np:/dʌ/,np,confusable_with,0.483,"{""ipa_sim"": 0.667, ""len_diff"": 1}",automatic_only
phoneme:np:/ʌhʌ/,phoneme:np:/nʌ/,np,confusable_with,0.483,"{""ipa_sim"": 0.667, ""len_diff"": 1}",automatic_only
phoneme:np:/ʌhʌ/,phoneme:np:/pʌ/,np,confusable_with,0.483,"{""ipa_sim"": 0.667, ""len_diff"": 1}",automatic_only
phoneme:np:/ʌhʌ/,phoneme:np:/bʌ/,np,confusable_with,0.483,"{""ipa_sim"": 0.667, ""len_diff"": 1}",automatic_only
phoneme:np:/ʌhʌ/,phoneme:np:/mʌ/,np,confusable_with,0.483,"{""ipa_sim"": 0.667, ""len_diff"": 1}",automatic_only
phoneme:np:/ʌhʌ/,phoneme:np:/jʌ/,np,confusable_with,0.483,"{""ipa_sim"": 0.667, ""len_diff"": 1}",automatic_only
phoneme:np:/ʌhʌ/,phoneme:np:/rʌ/,np,confusable_with,0.483,"{""ipa_sim"": 0.667, ""len_diff"": 1}",automatic_only
phoneme:np:/ʌhʌ/,phoneme:np:/lʌ/,np,confusable_with,0.483,"{""ipa_sim"": 0.667, ""len_diff"": 1}",automatic_only
phoneme:np:/ʌhʌ/,phoneme:np:/sʌ/,np,confusable_with,0.483,"{""ipa_sim"": 0.667, ""len_diff"": 1}",automatic_only
phoneme:np:/ʌhʌ/,phoneme:np:/hʌ/,np,confusable_with,0.75,"{""ipa_sim"": 1.0, ""len_diff"": 1}",automatic_only
phoneme:np:/ʌhʌ/,phoneme:np:/ɡjʌ̃/,np,confusable_with,0.35,"{""ipa_sim"": 0.5, ""len_diff"": 1}",automatic_only
phoneme:np:/kʌ/,phoneme:np:/ʌ/,np,confusable_with,0.75,"{""ipa_sim"": 1.0, ""len_diff"": 1}",automatic_only
phoneme:np:/kʌ/,phoneme:np:/ʌi/,np,confusable_with,0.4,"{""ipa_sim"": 0.5, ""len_diff"": 0}",automatic_only
phoneme:np:/kʌ/,phoneme:np:/ʌu/,np,confusable_with,0.4,"{""ipa_sim"": 0.5, ""len_diff"": 0}",automatic_only
phoneme:np:/kʌ/,phoneme:np:/ʌhʌ/,np,confusable_with,0.483,"{""ipa_sim"": 0.667, ""len_diff"": 1}",automatic_only
phoneme:np:/kʌ/,phoneme:np:/kʰʌ/,np,confusable_with,0.75,"{""ipa_sim"": 1.0, ""len_diff"": 1}",automatic_only
phoneme:np:/kʌ/,phoneme:np:/ɡʌ/,np,confusable_with,0.4,"{""ipa_sim"": 0.5, ""len_diff"": 0}",automatic_only
phoneme:np:/kʌ/,phoneme:np:/ɡʱʌ/,np,confusable_with,0.483,"{""ipa_sim"": 0.667, ""len_diff"": 1}",automatic_only
phoneme:np:/kʌ/,phoneme:np:/ŋʌ/,np,confusable_with,0.4,"{""ipa_sim"": 0.5, ""len_diff"": 0}",automatic_only
phoneme:np:/kʌ/,phoneme:np:/tsʌ/,np,confusable_with,0.483,"{""ipa_sim"": 0.667, ""len_diff"": 1}",automatic_only
phoneme:np:/kʌ/,phoneme:np:/dzʌ/,np,confusable_with,0.483,"{""ipa_sim"": 0.667, ""len_diff"": 1}",automatic_only
phoneme:np:/kʌ/,phoneme:np:/ʈʌ/,np,confusable_with,0.4,"{""ipa_sim"": 0.5, ""len_diff"": 0}",automatic_only
phoneme:np:/kʌ/,phoneme:np:/ʈʰʌ/,np,confusable_with,0.483,"{""ipa_sim"": 0.667, ""len_diff"": 1}",automatic_only
phoneme:np:/kʌ/,phoneme:np:/ɖʌ/,np,confusable_with,0.4,"{""ipa_sim"": 0.5, ""len_diff"": 0}",automatic_only
phoneme:np:/kʌ/,phoneme:np:/ɖʱʌ/,np,confusable_with,0.483,"{""ipa_sim"": 0.667, ""len_diff"": 1}",automatic_only
phoneme:np:/kʌ/,phoneme:np:/tʌ/,np,confusable_with,0.4,"{""ipa_sim"": 0.5, ""len_diff"": 0}",automatic_only
phoneme:np:/kʌ/,phoneme:np:/tʰʌ/,np,confusable_with,0.483,"{""ipa_sim"": 0.667, ""len_diff"": 1}",automatic_only
phoneme:np:/kʌ/,phoneme:np:/dʌ/,np,confusable_with,0.4,"{""ipa_sim"": 0.5, ""len_diff"": 0}",automatic_only
phoneme:np:/kʌ/,phoneme:np:/dʱʌ/,np,confusable_with,0.483,"{""ipa_sim"": 0.667, ""len_diff"": 1}",automatic_only
phoneme:np:/kʌ/,phoneme:np:/nʌ/,np,confusable_with,0.4,"{""ipa_sim"": 0.5, ""len_diff"": 0}",automatic_only
phoneme:np:/kʌ/,phoneme:np:/pʌ/,np,confusable_with,0.4,"{""ipa_sim"": 0.5, ""len_diff"": 0}",automatic_only
phoneme:np:/kʌ/,phoneme:np:/bʌ/,np,confusable_with,0.4,"{""ipa_sim"": 0.5, ""len_diff"": 0}",automatic_only
phoneme:np:/kʌ/,phoneme:np:/bʱʌ/,np,confusable_with,0.483,"{""ipa_sim"": 0.667, ""len_diff"": 1}",automatic_only
phoneme:np:/kʌ/,phoneme:np:/mʌ/,np,confusable_with,0.4,"{""ipa_sim"": 0.5, ""len_diff"": 0}",automatic_only
phoneme:np:/kʌ/,phoneme:np:/jʌ/,np,confusable_with,0.4,"{""ipa_sim"": 0.5, ""len_diff"": 0}",automatic_only
phoneme:np:/kʌ/,phoneme:np:/rʌ/,np,confusable_with,0.4,"{""ipa_sim"": 0.5, ""len_diff"": 0}",automatic_only
phoneme:np:/kʌ/,phoneme:np:/lʌ/,np,confusable_with,0.4,"{""ipa_sim"": 0.5, ""len_diff"": 0}",automatic_only
phoneme:np:/kʌ/,phoneme:np:/sʌ/,np,confusable_with,0.4,"{""ipa_sim"": 0.5, ""len_diff"": 0}",automatic_only
phoneme:np:/kʌ/,phoneme:np:/hʌ/,np,confusable_with,0.4,"{""ipa_sim"": 0.5, ""len_diff"": 0}",automatic_only
phoneme:np:/kʌ/,phoneme:np:/ksʌ/,np,confusable_with,0.75,"{""ipa_sim"": 1.0, ""len_diff"": 1}",automatic_only
phoneme:np:/kʌ/,phoneme:np:/trʌ/,np,confusable_with,0.483,"{""ipa_sim"": 0.667, ""len_diff"": 1}",automatic_only
phoneme:np:/kʌ/,phoneme:np:/srʌ/,np,confusable_with,0.483,"{""ipa_sim"": 0.667, ""len_diff"": 1}",automatic_only
phoneme:np:/kʌ/,phoneme:np:/djʌ/,np,confusable_with,0.483,"{""ipa_sim"": 0.667, ""len_diff"": 1}",automatic_only
phoneme:np:/kʌ/,phoneme:np:/dwʌ/,np,confusable_with,0.483,"{""ipa_sim"": 0.667, ""len_diff"": 1}",automatic_only
phoneme:np:/kʌ/,phoneme:np:/ttʌ/,np,confusable_with,0.483,"{""ipa_sim"": 0.667, ""len_diff"": 1}",automatic_only
phoneme:np:/kʰʌ/,phoneme:np:/ʌ/,np,confusable_with,0.433,"{""ipa_sim"": 0.667, ""len_diff"": 2}",automatic_only
phoneme:np:/kʰʌ/,phoneme:np:/ʌi/,np,confusable_with,0.483,"{""ipa_sim"": 0.667, ""len_diff"": 1}",automatic_only
phoneme:np:/kʰʌ/,phoneme:np:/ʌu/,np,confusable_with,0.483,"{""ipa_sim"": 0.667, ""len_diff"": 1}",automatic_only
phoneme:np:/kʰʌ/,phoneme:np:/kʌ/,np,confusable_with,0.75,"{""ipa_sim"": 1.0, ""len_diff"": 1}",automatic_only
phoneme:np:/kʰʌ/,phoneme:np:/ɡʌ/,np,confusable_with,0.483,"{""ipa_sim"": 0.667, ""len_diff"": 1}",automatic_only
phoneme:np:/kʰʌ/,phoneme:np:/ŋʌ/,np,confusable_with,0.483,"{""ipa_sim"": 0.667, ""len_diff"": 1}",automatic_only
phoneme:np:/kʰʌ/,phoneme:np:/tsʰʌ/,np,confusable_with,0.55,"{""ipa_sim"": 0.75, ""len_diff"": 1}",automatic_only
phoneme:np:/kʰʌ/,phoneme:np:/dzʱʌ/,np,confusable_with,0.35,"{""ipa_sim"": 0.5, ""len_diff"": 1}",automatic_only
phoneme:np:/kʰʌ/,phoneme:np:/ʈʌ/,np,confusable_with,0.483,"{""ipa_sim"": 0.667, ""len_diff"": 1}",automatic_only
phoneme:np:/kʰʌ/,phoneme:np:/ʈʰʌ/,np,confusable_with,0.533,"{""ipa_sim"": 0.667, ""len_diff"": 0}",automatic_only
phoneme:np:/kʰʌ/,phoneme:np:/ɖʌ/,np,confusable_with,0.483,"{""ipa_sim"": 0.667, ""len_diff"": 1}",automatic_only
phoneme:np:/kʰʌ/,phoneme:np:/tʌ/,np,confusable_with,0.483,"{""ipa_sim"": 0.667, ""len_diff"": 1}",automatic_only
phoneme:np:/kʰʌ/,phoneme:np:/tʰʌ/,np,confusable_with,0.533,"{""ipa_sim"": 0.667, ""len_diff"": 0}",automatic_only
phoneme:np:/kʰʌ/,phoneme:np:/dʌ/,np,confusable_with,0.483,"{""ipa_sim"": 0.667, ""len_diff"": 1}",automatic_only
phoneme:np:/kʰʌ/,phoneme:np:/nʌ/,np,confusable_with,0.483,"{""ipa_sim"": 0.667, ""len_diff"": 1}",automatic_only
phoneme:np:/kʰʌ/,phoneme:np:/pʌ/,np,confusable_with,0.483,"{""ipa_sim"": 0.667, ""len_diff"": 1}",automatic_only
phoneme:np:/kʰʌ/,phoneme:np:/bʌ/,np,confusable_with,0.483,"{""ipa_sim"": 0.667, ""len_diff"": 1}",automatic_only
phoneme:np:/kʰʌ/,phoneme:np:/mʌ/,np,confusable_with,0.483,"{""ipa_sim"": 0.667, ""len_diff"": 1}",automatic_only
phoneme:np:/kʰʌ/,phoneme:np:/jʌ/,np,confusable_with,0.483,"{""ipa_sim"": 0.667, ""len_diff"": 1}",automatic_only
phoneme:np:/kʰʌ/,phoneme:np:/rʌ/,np,confusable_with,0.483,"{""ipa_sim"": 0.667, ""len_diff"": 1}",automatic_only
phoneme:np:/kʰʌ/,phoneme:np:/lʌ/,np,confusable_with,0.483,"{""ipa_sim"": 0.667, ""len_diff"": 1}",automatic_only
phoneme:np:/kʰʌ/,phoneme:np:/sʌ/,np,confusable_with,0.483,"{""ipa_sim"": 0.667, ""len_diff"": 1}",automatic_only
phoneme:np:/kʰʌ/,phoneme:np:/hʌ/,np,confusable_with,0.483,"{""ipa_sim"": 0.667, ""len_diff"": 1}",automatic_only
phoneme:np:/kʰʌ/,phoneme:np:/ksʌ/,np,confusable_with,0.533,"{""ipa_sim"": 0.667, ""len_diff"": 0}",automatic_only
phoneme:np:/kʰʌ/,phoneme:np:/ɡjʌ̃/,np,confusable_with,0.35,"{""ipa_sim"": 0.5, ""len_diff"": 1}",automatic_only
phoneme:np:/ɡʌ/,phoneme:np:/ʌ/,np,confusable_with,0.75,"{""ipa_sim"": 1.0, ""len_diff"": 1}",automatic_only
phoneme:np:/ɡʌ/,phoneme:np:/ʌi/,np,confusable_with,0.4,"{""ipa_sim"": 0.5, ""len_diff"": 0}",automatic_only
phoneme:np:/ɡʌ/,phoneme:np:/ʌu/,np,confusable_with,0.4,"{""ipa_sim"": 0.5, ""len_diff"": 0}",automatic_only
phoneme:np:/ɡʌ/,phoneme:np:/ʌhʌ/,np,confusable_with,0.483,"{""ipa_sim"": 0.667, ""len_diff"": 1}",automatic_only
phoneme:np:/ɡʌ/,phoneme:np:/kʌ/,np,confusable_with,0.4,"{""ipa_sim"": 0.5, ""len_diff"": 0}",automatic_only
phoneme:np:/ɡʌ/,phoneme:np:/kʰʌ/,np,confusable_with,0.483,"{""ipa_sim"": 0.667, ""len_diff"": 1}",automatic_only
phoneme:np:/ɡʌ/,phoneme:np:/ɡʱʌ/,np,confusable_with,0.75,"{""ipa_sim"": 1.0, ""len_diff"": 1}",automatic_only
phoneme:np:/ɡʌ/,phoneme:np:/ŋʌ/,np,confusable_with,0.4,"{""ipa_sim"": 0.5, ""len_diff"": 0}",automatic_only
phoneme:np:/ɡʌ/,phoneme:np:/tsʌ/,np,confusable_with,0.483,"{""ipa_sim"": 0.667, ""len_diff"": 1}",automatic_only
phoneme:np:/ɡʌ/,phoneme:np:/dzʌ/,np,confusable_with,0.483,"{""ipa_sim"": 0.667, ""len_diff"": 1}",automatic_only
phoneme:np:/ɡʌ/,phoneme:np:/ʈʌ/,np,confusable_with,0.4,"{""ipa_sim"": 0.5, ""len_diff"": 0}",automatic_only
phoneme:np:/ɡʌ/,phoneme:np:/ʈʰʌ/,np,confusable_with,0.483,"{""ipa_sim"": 0.667, ""len_diff"": 1}",automatic_only
phoneme:np:/ɡʌ/,phoneme:np:/ɖʌ/,np,confusable_with,0.4,"{""ipa_sim"": 0.5, ""len_diff"": 0}",automatic_only
phoneme:np:/ɡʌ/,phoneme:np:/ɖʱʌ/,np,confusable_with,0.483,"{""ipa_sim"": 0.667, ""len_diff"": 1}",automatic_only
phoneme:np:/ɡʌ/,phoneme:np:/tʌ/,np,confusable_with,0.4,"{""ipa_sim"": 0.5, ""len_diff"": 0}",automatic_only
phoneme:np:/ɡʌ/,phoneme:np:/tʰʌ/,np,confusable_with,0.483,"{""ipa_sim"": 0.667, ""len_diff"": 1}",automatic_only
phoneme:np:/ɡʌ/,phoneme:np:/dʌ/,np,confusable_with,0.4,"{""ipa_sim"": 0.5, ""len_diff"": 0}",automatic_only
phoneme:np:/ɡʌ/,phoneme:np:/dʱʌ/,np,confusable_with,0.483,"{""ipa_sim"": 0.667, ""len_diff"": 1}",automatic_only
phoneme:np:/ɡʌ/,phoneme:np:/nʌ/,np,confusable_with,0.4,"{""ipa_sim"": 0.5, ""len_diff"": 0}",automatic_only
phoneme:np:/ɡʌ/,phoneme:np:/pʌ/,np,confusable_with,0.4,"{""ipa_sim"": 0.5, ""len_diff"": 0}",automatic_only
phoneme:np:/ɡʌ/,phoneme:np:/bʌ/,np,confusable_with,0.4,"{""ipa_sim"": 0.5, ""len_diff"": 0}",automatic_only
phoneme:np:/ɡʌ/,phoneme:np:/bʱʌ/,np,confusable_with,0.483,"{""ipa_sim"": 0.667, ""len_diff"": 1}",automatic_only
phoneme:np:/ɡʌ/,phoneme:np:/mʌ/,np,confusable_with,0.4,"{""ipa_sim"": 0.5, ""len_diff"": 0}",automatic_only
phoneme:np:/ɡʌ/,phoneme:np:/jʌ/,np,confusable_with,0.4,"{""ipa_sim"": 0.5, ""len_diff"": 0}",automatic_only
phoneme:np:/ɡʌ/,phoneme:np:/rʌ/,np,confusable_with,0.4,"{""ipa_sim"": 0.5, ""len_diff"": 0}",automatic_only
phoneme:np:/ɡʌ/,phoneme:np:/lʌ/,np,confusable_with,0.4,"{""ipa_sim"": 0.5, ""len_diff"": 0}",automatic_only
phoneme:np:/ɡʌ/,phoneme:np:/sʌ/,np,confusable_with,0.4,"{""ipa_sim"": 0.5, ""len_diff"": 0}",automatic_only
phoneme:np:/ɡʌ/,phoneme:np:/hʌ/,np,confusable_with,0.4,"{""ipa_sim"": 0.5, ""len_diff"": 0}",automatic_only
phoneme:np:/ɡʌ/,phoneme:np:/ksʌ/,np,confusable_with,0.483,"{""ipa_sim"": 0.667, ""len_diff"": 1}",automatic_only
phoneme:np:/ɡʌ/,phoneme:np:/trʌ/,np,confusable_with,0.483,"{""ipa_sim"": 0.667, ""len_diff"": 1}",automatic_only
phoneme:np:/ɡʌ/,phoneme:np:/ɡjʌ̃/,np,confusable_with,0.5,"{""ipa_sim"": 0.75, ""len_diff"": 2}",automatic_only
phoneme:np:/ɡʌ/,phoneme:np:/srʌ/,np,confusable_with,0.483,"{""ipa_sim"": 0.667, ""len_diff"": 1}",automatic_only
phoneme:np:/ɡʌ/,phoneme:np:/djʌ/,np,confusable_with,0.483,"{""ipa_sim"": 0.667, ""len_diff"": 1}",automatic_only
phoneme:np:/ɡʌ/,phoneme:np:/dwʌ/,np,confusable_with,0.483,"{""ipa_sim"": 0.667, ""len_diff"": 1}",automatic_only
phoneme:np:/ɡʌ/,phoneme:np:/ttʌ/,np,confusable_with,0.483,"{""ipa_sim"": 0.667, ""len_diff"": 1}",automatic_only
phoneme:np:/ɡʱʌ/,phoneme:np:/ʌ/,np,confusable_with,0.433,"{""ipa_sim"": 0.667, ""len_diff"": 2}",automatic_only
phoneme:np:/ɡʱʌ/,phoneme:np:/ʌi/,np,confusable_with,0.483,"{""ipa_sim"": 0.667, ""len_diff"": 1}",automatic_only
phoneme:np:/ɡʱʌ/,phoneme:np:/ʌu/,np,confusable_with,0.483,"{""ipa_sim"": 0.667, ""len_diff"": 1}",automatic_only
phoneme:np:/ɡʱʌ/,phoneme:np:/kʌ/,np,confusable_with,0.483,"{""ipa_sim"": 0.667, ""len_diff"": 1}",automatic_only
phoneme:np:/ɡʱʌ/,phoneme:np:/ɡʌ/,np,confusable_with,0.75,"{""ipa_sim"": 1.0, ""len_diff"": 1}",automatic_only
phoneme:np:/ɡʱʌ/,phoneme:np:/ŋʌ/,np,confusable_with,0.483,"{""ipa_sim"": 0.667, ""len_diff"": 1}",automatic_only
phoneme:np:/ɡʱʌ/,phoneme:np:/tsʰʌ/,np,confusable_with,0.35,"{""ipa_sim"": 0.5, ""len_diff"": 1}",automatic_only
phoneme:np:/ɡʱʌ/,phoneme:np:/dzʱʌ/,np,confusable_with,0.55,"{""ipa_sim"": 0.75, ""len_diff"": 1}",automatic_only
phoneme:np:/ɡʱʌ/,phoneme:np:/ʈʌ/,np,confusable_with,0.483,"{""ipa_sim"": 0.667, ""len_diff"": 1}",automatic_only
phoneme:np:/ɡʱʌ/,phoneme:np:/ɖʌ/,np,confusable_with,0.483,"{""ipa_sim"": 0.667, ""len_diff"": 1}",automatic_only
phoneme:np:/ɡʱʌ/,phoneme:np:/ɖʱʌ/,np,confusable_with,0.533,"{""ipa_sim"": 0.667, ""len_diff"": 0}",automatic_only
phoneme:np:/ɡʱʌ/,phoneme:np:/tʌ/,np,confusable_with,0.483,"{""ipa_sim"": 0.667, ""len_diff"": 1}",automatic_only
phoneme:np:/ɡʱʌ/,phoneme:np:/dʌ/,np,confusable_with,0.483,"{""ipa_sim"": 0.667, ""len_diff"": 1}",automatic_only
phoneme:np:/ɡʱʌ/,phoneme:np:/dʱʌ/,np,confusable_with,0.533,"{""ipa_sim"": 0.667, ""len_diff"": 0}",automatic_only
phoneme:np:/ɡʱʌ/,phoneme:np:/nʌ/,np,confusable_with,0.483,"{""ipa_sim"": 0.667, ""len_diff"": 1}",automatic_only
phoneme:np:/ɡʱʌ/,phoneme:np:/pʌ/,np,confusable_with,0.483,"{""ipa_sim"": 0.667, ""len_diff"": 1}",automatic_only
phoneme:np:/ɡʱʌ/,phoneme:np:/bʌ/,np,confusable_with,0.483,"{""ipa_sim"": 0.667, ""len_diff"": 1}",automatic_only
phoneme:np:/ɡʱʌ/,phoneme:np:/bʱʌ/,np,confusable_with,0.533,"{""ipa_sim"": 0.667, ""len_diff"": 0}",automatic_only
phoneme:np:/ɡʱʌ/,phoneme:np:/mʌ/,np,confusable_with,0.483,"{""ipa_sim"": 0.667, ""len_diff"": 1}",automatic_only
phoneme:np:/ɡʱʌ/,phoneme:np:/jʌ/,np,confusable_with,0.483,"{""ipa_sim"": 0.667, ""len_diff"": 1}",automatic_only
phoneme:np:/ɡʱʌ/,phoneme:np:/rʌ/,np,confusable_with,0.483,"{""ipa_sim"": 0.667, ""len_diff"": 1}",automatic_only
phoneme:np:/ɡʱʌ/,phoneme:np:/lʌ/,np,confusable_with,0.483,"{""ipa_sim"": 0.667, ""len_diff"": 1}",automatic_only
phoneme:np:/ɡʱʌ/,phoneme:np:/sʌ/,np,confusable_with,0.483,"{""ipa_sim"": 0.667, ""len_diff"": 1}",automatic_only
phoneme:np:/ɡʱʌ/,phoneme:np:/hʌ/,np,confusable_with,0.483,"{""ipa_sim"": 0.667, ""len_diff"": 1}",automatic_only
phoneme:np:/ɡʱʌ/,phoneme:np:/ɡjʌ̃/,np,confusable_with,0.55,"{""ipa_sim"": 0.75, ""len_diff"": 1}",automatic_only
phoneme:np:/ŋʌ/,phoneme:np:/ʌ/,np,confusable_with,0.75,"{""ipa_sim"": 1.0, ""len_diff"": 1}",automatic_only
phoneme:np:/ŋʌ/,phoneme:np:/ʌi/,np,confusable_with,0.4,"{""ipa_sim"": 0.5, ""len_diff"": 0}",automatic_only
phoneme:np:/ŋʌ/,phoneme:np:/ʌu/,np,confusable_with,0.4,"{""ipa_sim"": 0.5, ""len_diff"": 0}",automatic_only
phoneme:np:/ŋʌ/,phoneme:np:/ʌhʌ/,np,confusable_with,0.483,"{""ipa_sim"": 0.667, ""len_diff"": 1}",automatic_only
phoneme:np:/ŋʌ/,phoneme:np:/kʌ/,np,confusable_with,0.4,"{""ipa_sim"": 0.5, ""len_diff"": 0}",automatic_only
phoneme:np:/ŋʌ/,phoneme:np:/kʰʌ/,np,confusable_with,0.483,"{""ipa_sim"": 0.667, ""len_diff"": 1}",automatic_only
phoneme:np:/ŋʌ/,phoneme:np:/ɡʌ/,np,confusable_with,0.4,"{""ipa_sim"": 0.5, ""len_diff"": 0}",automatic_only
phoneme:np:/ŋʌ/,phoneme:np:/ɡʱʌ/,np,confusable_with,0.483,"{""ipa_sim"": 0.667, ""len_diff"": 1}",automatic_only
phoneme:np:/ŋʌ/,phoneme:np:/tsʌ/,np,confusable_with,0.483,"{""ipa_sim"": 0.667, ""len_diff"": 1}",automatic_only
phoneme:np:/ŋʌ/,phoneme:np:/dzʌ/,np,confusable_with,0.483,"{""ipa_sim"": 0.667, ""len_diff"": 1}",automatic_only
phoneme:np:/ŋʌ/,phoneme:np:/ʈʌ/,np,confusable_with,0.4,"{""ipa_sim"": 0.5, ""len_diff"": 0}",automatic_only
phoneme:np:/ŋʌ/,phoneme:np:/ʈʰʌ/,np,confusable_with,0.483,"{""ipa_sim"": 0.667, ""len_diff"": 1}",automatic_only
phoneme:np:/ŋʌ/,phoneme:np:/ɖʌ/,np,confusable_with,0.4,"{""ipa_sim"": 0.5, ""len_diff"": 0}",automatic_only
phoneme:np:/ŋʌ/,phoneme:np:/ɖʱʌ/,np,confusable_with,0.483,"{""ipa_sim"": 0.667, ""len_diff"": 1}",automatic_only
phoneme:np:/ŋʌ/,phoneme:np:/tʌ/,np,confusable_with,0.4,"{""ipa_sim"": 0.5, ""len_diff"": 0}",automatic_only
phoneme:np:/ŋʌ/,phoneme:np:/tʰʌ/,np,confusable_with,0.483,"{""ipa_sim"": 0.667, ""len_diff"": 1}",automatic_only
phoneme:np:/ŋʌ/,phoneme:np:/dʌ/,np,confusable_with,0.4,"{""ipa_sim"": 0.5, ""len_diff"": 0}",automatic_only
phoneme:np:/ŋʌ/,phoneme:np:/dʱʌ/,np,confusable_with,0.483,"{""ipa_sim"": 0.667, ""len_diff"": 1}",automatic_only
phoneme:np:/ŋʌ/,phoneme:np:/nʌ/,np,confusable_with,0.4,"{""ipa_sim"": 0.5, ""len_diff"": 0}",automatic_only
phoneme:np:/ŋʌ/,phoneme:np:/pʌ/,np,confusable_with,0.4,"{""ipa_sim"": 0.5, ""len_diff"": 0}",automatic_only
phoneme:np:/ŋʌ/,phoneme:np:/bʌ/,np,confusable_with,0.4,"{""ipa_sim"": 0.5, ""len_diff"": 0}",automatic_only
phoneme:np:/ŋʌ/,phoneme:np:/bʱʌ/,np,confusable_with,0.483,"{""ipa_sim"": 0.667, ""len_diff"": 1}",automatic_only
phoneme:np:/ŋʌ/,phoneme:np:/mʌ/,np,confusable_with,0.4,"{""ipa_sim"": 0.5, ""len_diff"": 0}",automatic_only
phoneme:np:/ŋʌ/,phoneme:np:/jʌ/,np,confusable_with,0.4,"{""ipa_sim"": 0.5, ""len_diff"": 0}",automatic_only
phoneme:np:/ŋʌ/,phoneme:np:/rʌ/,np,confusable_with,0.4,"{""ipa_sim"": 0.5, ""len_diff"": 0}",automatic_only
phoneme:np:/ŋʌ/,phoneme:np:/lʌ/,np,confusable_with,0.4,"{""ipa_sim"": 0.5, ""len_diff"": 0}",automatic_only
phoneme:np:/ŋʌ/,phoneme:np:/sʌ/,np,confusable_with,0.4,"{""ipa_sim"": 0.5, ""len_diff"": 0}",automatic_only
phoneme:np:/ŋʌ/,phoneme:np:/hʌ/,np,confusable_with,0.4,"{""ipa_sim"": 0.5, ""len_diff"": 0}",automatic_only
phoneme:np:/ŋʌ/,phoneme:np:/ksʌ/,np,confusable_with,0.483,"{""ipa_sim"": 0.667, ""len_diff"": 1}",automatic_only
phoneme:np:/ŋʌ/,phoneme:np:/trʌ/,np,confusable_with,0.483,"{""ipa_sim"": 0.667, ""len_diff"": 1}",automatic_only
phoneme:np:/ŋʌ/,phoneme:np:/srʌ/,np,confusable_with,0.483,"{""ipa_sim"": 0.667, ""len_diff"": 1}",automatic_only
phoneme:np:/ŋʌ/,phoneme:np:/djʌ/,np,confusable_with,0.483,"{""ipa_sim"": 0.667, ""len_diff"": 1}",automatic_only
phoneme:np:/ŋʌ/,phoneme:np:/dwʌ/,np,confusable_with,0.483,"{""ipa_sim"": 0.667, ""len_diff"": 1}",automatic_only
phoneme:np:/ŋʌ/,phoneme:np:/ttʌ/,np,confusable_with,0.483,"{""ipa_sim"": 0.667, ""len_diff"": 1}",automatic_only
phoneme:np:/tsʌ/,phoneme:np:/ʌ/,np,confusable_with,0.433,"{""ipa_sim"": 0.667, ""len_diff"": 2}",automatic_only
phoneme:np:/tsʌ/,phoneme:np:/ʌi/,np,confusable_with,0.483,"{""ipa_sim"": 0.667, ""len_diff"": 1}",automatic_only
phoneme:np:/tsʌ/,phoneme:np:/ʌu/,np,confusable_with,0.483,"{""ipa_sim"": 0.667, ""len_diff"": 1}",automatic_only
phoneme:np:/tsʌ/,phoneme:np:/kʌ/,np,confusable_with,0.483,"{""ipa_sim"": 0.667, ""len_diff"": 1}",automatic_only
phoneme:np:/tsʌ/,phoneme:np:/ɡʌ/,np,confusable_with,0.483,"{""ipa_sim"": 0.667, ""len_diff"": 1}",automatic_only
phoneme:np:/tsʌ/,phoneme:np:/ŋʌ/,np,confusable_with,0.483,"{""ipa_sim"": 0.667, ""len_diff"": 1}",automatic_only
phoneme:np:/tsʌ/,phoneme:np:/tsʰʌ/,np,confusable_with,0.75,"{""ipa_sim"": 1.0, ""len_diff"": 1}",automatic_only
phoneme:np:/tsʌ/,phoneme:np:/dzʱʌ/,np,confusable_with,0.35,"{""ipa_sim"": 0.5, ""len_diff"": 1}",automatic_only
phoneme:np:/tsʌ/,phoneme:np:/ʈʌ/,np,confusable_with,0.483,"{""ipa_sim"": 0.667, ""len_diff"": 1}",automatic_only
phoneme:np:/tsʌ/,phoneme:np:/ɖʌ/,np,confusable_with,0.483,"{""ipa_sim"": 0.667, ""len_diff"": 1}",automatic_only
phoneme:np:/tsʌ/,phoneme:np:/tʌ/,np,confusable_with,0.75,"{""ipa_sim"": 1.0, ""len_diff"": 1}",automatic_only
phoneme:np:/tsʌ/,phoneme:np:/tʰʌ/,np,confusable_with,0.533,"{""ipa_sim"": 0.667, ""len_diff"": 0}",automatic_only
phoneme:np:/tsʌ/,phoneme:np:/dʌ/,np,confusable_with,0.483,"{""ipa_sim"": 0.667, ""len_diff"": 1}",automatic_only
phoneme:np:/tsʌ/,phoneme:np:/nʌ/,np,confusable_with,0.483,"{""ipa_sim"": 0.667, ""len_diff"": 1}",automatic_only
phoneme:np:/tsʌ/,phoneme:np:/pʌ/,np,confusable_with,0.483,"{""ipa_sim"": 0.667, ""len_diff"": 1}",automatic_only
phoneme:np:/tsʌ/,phoneme:np:/bʌ/,np,confusable_with,0.483,"{""ipa_sim"": 0.667, ""len_diff"": 1}",automatic_only
phoneme:np:/tsʌ/,phoneme:np:/mʌ/,np,confusable_with,0.483,"{""ipa_sim"": 0.667, ""len_diff"": 1}",automatic_only
phoneme:np:/tsʌ/,phoneme:np:/jʌ/,np,confusable_with,0.483,"{""ipa_sim"": 0.667, ""len_diff"": 1}",automatic_only
phoneme:np:/tsʌ/,phoneme:np:/rʌ/,np,confusable_with,0.483,"{""ipa_sim"": 0.667, ""len_diff"": 1}",automatic_only
phoneme:np:/tsʌ/,phoneme:np:/lʌ/,np,confusable_with,0.483,"{""ipa_sim"": 0.667, ""len_diff"": 1}",automatic_only
phoneme:np:/tsʌ/,phoneme:np:/sʌ/,np,confusable_with,0.75,"{""ipa_sim"": 1.0, ""len_diff"": 1}",automatic_only
phoneme:np:/tsʌ/,phoneme:np:/hʌ/,np,confusable_with,0.483,"{""ipa_sim"": 0.667, ""len_diff"": 1}",automatic_only
phoneme:np:/tsʌ/,phoneme:np:/ksʌ/,np,confusable_with,0.533,"{""ipa_sim"": 0.667, ""len_diff"": 0}",automatic_only
phoneme:np:/tsʌ/,phoneme:np:/trʌ/,np,confusable_with,0.533,"{""ipa_sim"": 0.667, ""len_diff"": 0}",automatic_only
phoneme:np:/tsʌ/,phoneme:np:/ɡjʌ̃/,np,confusable_with,0.35,"{""ipa_sim"": 0.5, ""len_diff"": 1}",automatic_only
phoneme:np:/tsʌ/,phoneme:np:/srʌ/,np,confusable_with,0.533,"{""ipa_sim"": 0.667, ""len_diff"": 0}",automatic_only
phoneme:np:/tsʌ/,phoneme:np:/ttʌ/,np,confusable_with,0.533,"{""ipa_sim"": 0.667, ""len_diff"": 0}",automatic_only
phoneme:np:/tsʰʌ/,phoneme:np:/ʌhʌ/,np,confusable_with,0.35,"{""ipa_sim"": 0.5, ""len_diff"": 1}",automatic_only
phoneme:np:/tsʰʌ/,phoneme:np:/kʰʌ/,np,confusable_with,0.55,"{""ipa_sim"": 0.75, ""len_diff"": 1}",automatic_only
phoneme:np:/tsʰʌ/,phoneme:np:/ɡʱʌ/,np,confusable_with,0.35,"{""ipa_sim"": 0.5, ""len_diff"": 1}",automatic_only
phoneme:np:/tsʰʌ/,phoneme:np:/tsʌ/,np,confusable_with,0.75,"{""ipa_sim"": 1.0, ""len_diff"": 1}",automatic_only
phoneme:np:/tsʰʌ/,phoneme:np:/dzʌ/,np,confusable_with,0.35,"{""ipa_sim"": 0.5, ""len_diff"": 1}",automatic_only
phoneme:np:/tsʰʌ/,phoneme:np:/ʈʰʌ/,np,confusable_with,0.55,"{""ipa_sim"": 0.75, ""len_diff"": 1}",automatic_only
phoneme:np:/tsʰʌ/,phoneme:np:/ɖʱʌ/,np,confusable_with,0.35,"{""ipa_sim"": 0.5, ""len_diff"": 1}",automatic_only
phoneme:np:/tsʰʌ/,phoneme:np:/tʌ/,np,confusable_with,0.5,"{""ipa_sim"": 0.75, ""len_diff"": 2}",automatic_only
phoneme:np:/tsʰʌ/,phoneme:np:/tʰʌ/,np,confusable_with,0.75,"{""ipa_sim"": 1.0, ""len_diff"": 1}",automatic_only
phoneme:np:/tsʰʌ/,phoneme:np:/dʱʌ/,np,confusable_with,0.35,"{""ipa_sim"": 0.5, ""len_diff"": 1}",automatic_only
phoneme:np:/tsʰʌ/,phoneme:np:/bʱʌ/,np,confusable_with,0.35,"{""ipa_sim"": 0.5, ""len_diff"": 1}",automatic_only
phoneme:np:/tsʰʌ/,phoneme:np:/sʌ/,np,confusable_with,0.5,"{""ipa_sim"": 0.75, ""len_diff"": 2}",automatic_only
phoneme:np:/tsʰʌ/,phoneme:np:/ksʌ/,np,confusable_with,0.55,"{""ipa_sim"": 0.75, ""len_diff"": 1}",automatic_only
phoneme:np:/tsʰʌ/,phoneme:np:/trʌ/,np,confusable_with,0.55,"{""ipa_sim"": 0.75, ""len_diff"": 1}",automatic_only
phoneme:np:/tsʰʌ/,phoneme:np:/srʌ/,np,confusable_with,0.55,"{""ipa_sim"": 0.75, ""len_diff"": 1}",automatic_only
phoneme:np:/tsʰʌ/,phoneme:np:/djʌ/,np,confusable_with,0.35,"{""ipa_sim"": 0.5, ""len_diff"": 1}",automatic_only
phoneme:np:/tsʰʌ/,phoneme:np:/dwʌ/,np,confusable_with,0.35,"{""ipa_sim"": 0.5, ""len_diff"": 1}",automatic_only
phoneme:np:/tsʰʌ/,phoneme:np:/ttʌ/,np,confusable_with,0.55,"{""ipa_sim"": 0.75, ""len_diff"": 1}",automatic_only
phoneme:np:/dzʌ/,phoneme:np:/ʌ/,np,confusable_with,0.433,"{""ipa_sim"": 0.667, ""len_diff"": 2}",automatic_only
phoneme:np:/dzʌ/,phoneme:np:/ʌi/,np,confusable_with,0.483,"{""ipa_sim"": 0.667, ""len_diff"": 1}",automatic_only
phoneme:np:/dzʌ/,phoneme:np:/ʌu/,np,confusable_with,0.483,"{""ipa_sim"": 0.667, ""len_diff"": 1}",automatic_only
phoneme:np:/dzʌ/,phoneme:np:/kʌ/,np,confusable_with,0.483,"{""ipa_sim"": 0.667, ""len_diff"": 1}",automatic_only
phoneme:np:/dzʌ/,phoneme:np:/ɡʌ/,np,confusable_with,0.483,"{""ipa_sim"": 0.667, ""len_diff"": 1}",automatic_only
phoneme:np:/dzʌ/,phoneme:np:/ŋʌ/,np,confusable_with,0.483,"{""ipa_sim"": 0.667, ""len_diff"": 1}",automatic_only
phoneme:np:/dzʌ/,phoneme:np:/tsʰʌ/,np,confusable_with,0.35,"{""ipa_sim"": 0.5, ""len_diff"": 1}",automatic_only
phoneme:np:/dzʌ/,phoneme:np:/dzʱʌ/,np,confusable_with,0.75,"{""ipa_sim"": 1.0, ""len_diff"": 1}",automatic_only
phoneme:np:/dzʌ/,phoneme:np:/ʈʌ/,np,confusable_with,0.483,"{""ipa_sim"": 0.667, ""len_diff"": 1}",automatic_only
phoneme:np:/dzʌ/,phoneme:np:/ɖʌ/,np,confusable_with,0.483,"{""ipa_sim"": 0.667, ""len_diff"": 1}",automatic_only
phoneme:np:/dzʌ/,phoneme:np:/tʌ/,np,confusable_with,0.483,"{""ipa_sim"": 0.667, ""len_diff"": 1}",automatic_only
phoneme:np:/dzʌ/,phoneme:np:/dʌ/,np,confusable_with,0.75,"{""ipa_sim"": 1.0, ""len_diff"": 1}",automatic_only
phoneme:np:/dzʌ/,phoneme:np:/dʱʌ/,np,confusable_with,0.533,"{""ipa_sim"": 0.667, ""len_diff"": 0}",automatic_only
phoneme:np:/dzʌ/,phoneme:np:/nʌ/,np,confusable_with,0.483,"{""ipa_sim"": 0.667, ""len_diff"": 1}",automatic_only
phoneme:np:/dzʌ/,phoneme:np:/pʌ/,np,confusable_with,0.483,"{""ipa_sim"": 0.667, ""len_diff"": 1}",automatic_only
phoneme:np:/dzʌ/,phoneme:np:/bʌ/,np,confusable_with,0.483,"{""ipa_sim"": 0.667, ""len_diff"": 1}",automatic_only
phoneme:np:/dzʌ/,phoneme:np:/mʌ/,np,confusable_with,0.483,"{""ipa_sim"": 0.667, ""len_diff"": 1}",automatic_only
phoneme:np:/dzʌ/,phoneme:np:/jʌ/,np,confusable_with,0.483,"{""ipa_sim"": 0.667, ""len_diff"": 1}",automatic_only
phoneme:np:/dzʌ/,phoneme:np:/rʌ/,np,confusable_with,0.483,"{""ipa_sim"": 0.667, ""len_diff"": 1}",automatic_only
phoneme:np:/dzʌ/,phoneme:np:/lʌ/,np,confusable_with,0.483,"{""ipa_sim"": 0.667, ""len_diff"": 1}",automatic_only
phoneme:np:/dzʌ/,phoneme:np:/sʌ/,np,confusable_with,0.483,"{""ipa_sim"": 0.667, ""len_diff"": 1}",automatic_only
phoneme:np:/dzʌ/,phoneme:np:/hʌ/,np,confusable_with,0.483,"{""ipa_sim"": 0.667, ""len_diff"": 1}",automatic_only
phoneme:np:/dzʌ/,phoneme:np:/ɡjʌ̃/,np,confusable_with,0.35,"{""ipa_sim"": 0.5, ""len_diff"": 1}",automatic_only
phoneme:np:/dzʌ/,phoneme:np:/djʌ/,np,confusable_with,0.533,"{""ipa_sim"": 0.667, ""len_diff"": 0}",automatic_only
phoneme:np:/dzʌ/,phoneme:np:/dwʌ/,np,confusable_with,0.533,"{""ipa_sim"": 0.667, ""len_diff"": 0}",automatic_only
phoneme:np:/dzʱʌ/,phoneme:np:/ʌhʌ/,np,confusable_with,0.35,"{""ipa_sim"": 0.5, ""len_diff"": 1}",automatic_only
phoneme:np:/dzʱʌ/,phoneme:np:/kʰʌ/,np,confusable_with,0.35,"{""ipa_sim"": 0.5, ""len_diff"": 1}",automatic_only
phoneme:np:/dzʱʌ/,phoneme:np:/ɡʱʌ/,np,confusable_with,0.55,"{""ipa_sim"": 0.75, ""len_diff"": 1}",automatic_only
phoneme:np:/dzʱʌ/,phoneme:np:/tsʌ/,np,confusable_with,0.35,"{""ipa_sim"": 0.5, ""len_diff"": 1}",automatic_only
phoneme:np:/dzʱʌ/,phoneme:np:/dzʌ/,np,confusable_with,0.75,"{""ipa_sim"": 1.0, ""len_diff"": 1}",automatic_only
phoneme:np:/dzʱʌ/,phoneme:np:/ʈʰʌ/,np,confusable_with,0.35,"{""ipa_sim"": 0.5, ""len_diff"": 1}",automatic_only
phoneme:np:/dzʱʌ/,phoneme:np:/ɖʱʌ/,np,confusable_with,0.55,"{""ipa_sim"": 0.75, ""len_diff"": 1}",automatic_only
phoneme:np:/dzʱʌ/,phoneme:np:/tʰʌ/,np,confusable_with,0.35,"{""ipa_sim"": 0.5, ""len_diff"": 1}",automatic_only
phoneme:np:/dzʱʌ/,phoneme:np:/dʌ/,np,confusable_with,0.5,"{""ipa_sim"": 0.75, ""len_diff"": 2}",automatic_only
phoneme:np:/dzʱʌ/,phoneme:np:/dʱʌ/,np,confusable_with,0.75,"{""ipa_sim"": 1.0, ""len_diff"": 1}",automatic_only
phoneme:np:/dzʱʌ/,phoneme:np:/bʱʌ/,np,confusable_with,0.55,"{""ipa_sim"": 0.75, ""len_diff"": 1}",automatic_only
phoneme:np:/dzʱʌ/,phoneme:np:/ksʌ/,np,confusable_with,0.35,"{""ipa_sim"": 0.5, ""len_diff"": 1}",automatic_only
phoneme:np:/dzʱʌ/,phoneme:np:/trʌ/,np,confusable_with,0.35,"{""ipa_sim"": 0.5, ""len_diff"": 1}",automatic_only
phoneme:np:/dzʱʌ/,phoneme:np:/srʌ/,np,confusable_with,0.35,"{""ipa_sim"": 0.5, ""len_diff"": 1}",automatic_only
phoneme:np:/dzʱʌ/,phoneme:np:/djʌ/,np,confusable_with,0.55,"{""ipa_sim"": 0.75, ""len_diff"": 1}",automatic_only
phoneme:np:/dzʱʌ/,phoneme:np:/dwʌ/,np,confusable_with,0.55,"{""ipa_sim"": 0.75, ""len_diff"": 1}",automatic_only
phoneme:np:/dzʱʌ/,phoneme:np:/ttʌ/,np,confusable_with,0.35,"{""ipa_sim"": 0.5, ""len_diff"": 1}",automatic_only
phoneme:np:/ɲʌ/ (often /nʌ/),phoneme:np:/ɳʌ/ (often /nʌ/),np,confusable_with,0.8,"{""ipa_sim"": 1.0, ""len_diff"": 0}",automatic_only
phoneme:np:/ʈʌ/,phoneme:np:/ʌ/,np,confusable_with,0.75,"{""ipa_sim"": 1.0, ""len_diff"": 1}",automatic_only
phoneme:np:/ʈʌ/,phoneme:np:/ʌi/,np,confusable_with,0.4,"{""ipa_sim"": 0.5, ""len_diff"": 0}",automatic_only
phoneme:np:/ʈʌ/,phoneme:np:/ʌu/,np,confusable_with,0.4,"{""ipa_sim"": 0.5, ""len_diff"": 0}",automatic_only
phoneme:np:/ʈʌ/,phoneme:np:/ʌhʌ/,np,confusable_with,0.483,"{""ipa_sim"": 0.667, ""len_diff"": 1}",automatic_only
phoneme:np:/ʈʌ/,phoneme:np:/kʌ/,np,confusable_with,0.4,"{""ipa_sim"": 0.5, ""len_diff"": 0}",automatic_only
phoneme:np:/ʈʌ/,phoneme:np:/kʰʌ/,np,confusable_with,0.483,"{""ipa_sim"": 0.667, ""len_diff"": 1}",automatic_only
phoneme:np:/ʈʌ/,phoneme:np:/ɡʌ/,np,confusable_with,0.4,"{""ipa_sim"": 0.5, ""len_diff"": 0}",automatic_only
phoneme:np:/ʈʌ/,phoneme:np:/ɡʱʌ/,np,confusable_with,0.483,"{""ipa_sim"": 0.667, ""len_diff"": 1}",automatic_only
phoneme:np:/ʈʌ/,phoneme:np:/ŋʌ/,np,confusable_with,0.4,"{""ipa_sim"": 0.5, ""len_diff"": 0}",automatic_only
phoneme:np:/ʈʌ/,phoneme:np:/tsʌ/,np,confusable_with,0.483,"{""ipa_sim"": 0.667, ""len_diff"": 1}",automatic_only
phoneme:np:/ʈʌ/,phoneme:np:/dzʌ/,np,confusable_with,0.483,"{""ipa_sim"": 0.667, ""len_diff"": 1}",automatic_only
phoneme:np:/ʈʌ/,phoneme:np:/ʈʰʌ/,np,confusable_with,0.75,"{""ipa_sim"": 1.0, ""len_diff"": 1}",automatic_only
phoneme:np:/ʈʌ/,phoneme:np:/ɖʌ/,np,confusable_with,0.4,"{""ipa_sim"": 0.5, ""len_diff"": 0}",automatic_only
phoneme:np:/ʈʌ/,phoneme:np:/ɖʱʌ/,np,confusable_with,0.483,"{""ipa_sim"": 0.667, ""len_diff"": 1}",automatic_only
phoneme:np:/ʈʌ/,phoneme:np:/tʌ/,np,confusable_with,0.4,"{""ipa_sim"": 0.5, ""len_diff"": 0}",automatic_only
phoneme:np:/ʈʌ/,phoneme:np:/tʰʌ/,np,confusable_with,0.483,"{""ipa_sim"": 0.667, ""len_diff"": 1}",automatic_only
phoneme:np:/ʈʌ/,phoneme:np:/dʌ/,np,confusable_with,0.4,"{""ipa_sim"": 0.5, ""len_diff"": 0}",automatic_only
phoneme:np:/ʈʌ/,phoneme:np:/dʱʌ/,np,confusable_with,0.483,"{""ipa_sim"": 0.667, ""len_diff"": 1}",automatic_only
phoneme:np:/ʈʌ/,phoneme:np:/nʌ/,np,confusable_with,0.4,"{""ipa_sim"": 0.5, ""len_diff"": 0}",automatic_only
phoneme:np:/ʈʌ/,phoneme:np:/pʌ/,np,confusable_with,0.4,"{""ipa_sim"": 0.5, ""len_diff"": 0}",automatic_only
phoneme:np:/ʈʌ/,phoneme:np:/bʌ/,np,confusable_with,0.4,"{""ipa_sim"": 0.5, ""len_diff"": 0}",automatic_only
phoneme:np:/ʈʌ/,phoneme:np:/bʱʌ/,np,confusable_with,0.483,"{""ipa_sim"": 0.667, ""len_diff"": 1}",automatic_only
phoneme:np:/ʈʌ/,phoneme:np:/mʌ/,np,confusable_with,0.4,"{""ipa_sim"": 0.5, ""len_diff"": 0}",automatic_only
phoneme:np:/ʈʌ/,phoneme:np:/jʌ/,np,confusable_with,0.4,"{""ipa_sim"": 0.5, ""len_diff"": 0}",automatic_only
phoneme:np:/ʈʌ/,phoneme:np:/rʌ/,np,confusable_with,0.4,"{""ipa_sim"": 0.5, ""len_diff"": 0}",automatic_only
phoneme:np:/ʈʌ/,phoneme:np:/lʌ/,np,confusable_with,0.4,"{""ipa_sim"": 0.5, ""len_diff"": 0}",automatic_only
phoneme:np:/ʈʌ/,phoneme:np:/sʌ/,np,confusable_with,0.4,"{""ipa_sim"": 0.5, ""len_diff"": 0}",automatic_only
phoneme:np:/ʈʌ/,phoneme:np:/hʌ/,np,confusable_with,0.4,"{""ipa_sim"": 0.5, ""len_diff"": 0}",automatic_only
phoneme:np:/ʈʌ/,phoneme:np:/ksʌ/,np,confusable_with,0.483,"{""ipa_sim"": 0.667, ""len_diff"": 1}",automatic_only
phoneme:np:/ʈʌ/,phoneme:np:/trʌ/,np,confusable_with,0.483,"{""ipa_sim"": 0.667, ""len_diff"": 1}",automatic_only
phoneme:np:/ʈʌ/,phoneme:np:/srʌ/,np,confusable_with,0.483,"{""ipa_sim"": 0.667, ""len_diff"": 1}",automatic_only
phoneme:np:/ʈʌ/,phoneme:np:/djʌ/,np,confusable_with,0.483,"{""ipa_sim"": 0.667, ""len_diff"": 1}",automatic_only
phoneme:np:/ʈʌ/,phoneme:np:/dwʌ/,np,confusable_with,0.483,"{""ipa_sim"": 0.667, ""len_diff"": 1}",automatic_only
phoneme:np:/ʈʌ/,phoneme:np:/ttʌ/,np,confusable_with,0.483,"{""ipa_sim"": 0.667, ""len_diff"": 1}",automatic_only
phoneme:np:/ʈʰʌ/,phoneme:np:/ʌ/,np,confusable_with,0.433,"{""ipa_sim"": 0.667, ""len_diff"": 2}",automatic_only
phoneme:np:/ʈʰʌ/,phoneme:np:/ʌi/,np,confusable_with,0.483,"{""ipa_sim"": 0.667, ""len_diff"": 1}",automatic_only
phoneme:np:/ʈʰʌ/,phoneme:np:/ʌu/,np,confusable_with,0.483,"{""ipa_sim"": 0.667, ""len_diff"": 1}",automatic_only
phoneme:np:/ʈʰʌ/,phoneme:np:/kʌ/,np,confusable_with,0.483,"{""ipa_sim"": 0.667, ""len_diff"": 1}",automatic_only
phoneme:np:/ʈʰʌ/,phoneme:np:/kʰʌ/,np,confusable_with,0.533,"{""ipa_sim"": 0.667, ""len_diff"": 0}",automatic_only
phoneme:np:/ʈʰʌ/,phoneme:np:/ɡʌ/,np,confusable_with,0.483,"{""ipa_sim"": 0.667, ""len_diff"": 1}",automatic_only
phoneme:np:/ʈʰʌ/,phoneme:np:/ŋʌ/,np,confusable_with,0.483,"{""ipa_sim"": 0.667, ""len_diff"": 1}",automatic_only
phoneme:np:/ʈʰʌ/,phoneme:np:/tsʰʌ/,np,confusable_with,0.55,"{""ipa_sim"": 0.75, ""len_diff"": 1}",automatic_only
phoneme:np:/ʈʰʌ/,phoneme:np:/dzʱʌ/,np,confusable_with,0.35,"{""ipa_sim"": 0.5, ""len_diff"": 1}",automatic_only
phoneme:np:/ʈʰʌ/,phoneme:np:/ʈʌ/,np,confusable_with,0.75,"{""ipa_sim"": 1.0, ""len_diff"": 1}",automatic_only
phoneme:np:/ʈʰʌ/,phoneme:np:/ɖʌ/,np,confusable_with,0.483,"{""ipa_sim"": 0.667, ""len_diff"": 1}",automatic_only
phoneme:np:/ʈʰʌ/,phoneme:np:/tʌ/,np,confusable_with,0.483,"{""ipa_sim"": 0.667, ""len_diff"": 1}",automatic_only
phoneme:np:/ʈʰʌ/,phoneme:np:/tʰʌ/,np,confusable_with,0.533,"{""ipa_sim"": 0.667, ""len_diff"": 0}",automatic_only
phoneme:np:/ʈʰʌ/,phoneme:np:/dʌ/,np,confusable_with,0.483,"{""ipa_sim"": 0.667, ""len_diff"": 1}",automatic_only
phoneme:np:/ʈʰʌ/,phoneme:np:/nʌ/,np,confusable_with,0.483,"{""ipa_sim"": 0.667, ""len_diff"": 1}",automatic_only
phoneme:np:/ʈʰʌ/,phoneme:np:/pʌ/,np,confusable_with,0.483,"{""ipa_sim"": 0.667, ""len_diff"": 1}",automatic_only
phoneme:np:/ʈʰʌ/,phoneme:np:/bʌ/,np,confusable_with,0.483,"{""ipa_sim"": 0.667, ""len_diff"": 1}",automatic_only
phoneme:np:/ʈʰʌ/,phoneme:np:/mʌ/,np,confusable_with,0.483,"{""ipa_sim"": 0.667, ""len_diff"": 1}",automatic_only
phoneme:np:/ʈʰʌ/,phoneme:np:/jʌ/,np,confusable_with,0.483,"{""ipa_sim"": 0.667, ""len_diff"": 1}",automatic_only
phoneme:np:/ʈʰʌ/,phoneme:np:/rʌ/,np,confusable_with,0.483,"{""ipa_sim"": 0.667, ""len_diff"": 1}",automatic_only
phoneme:np:/ʈʰʌ/,phoneme:np:/lʌ/,np,confusable_with,0.483,"{""ipa_sim"": 0.667, ""len_diff"": 1}",automatic_only
phoneme:np:/ʈʰʌ/,phoneme:np:/sʌ/,np,confusable_with,0.483,"{""ipa_sim"": 0.667, ""len_diff"": 1}",automatic_only
phoneme:np:/ʈʰʌ/,phoneme:np:/hʌ/,np,confusable_with,0.483,"{""ipa_sim"": 0.667, ""len_diff"": 1}",automatic_only
phoneme:np:/ʈʰʌ/,phoneme:np:/ɡjʌ̃/,np,confusable_with,0.35,"{""ipa_sim"": 0.5, ""len_diff"": 1}",automatic_only
phoneme:np:/ɖʌ/,phoneme:np:/ʌ/,np,confusable_with,0.75,"{""ipa_sim"": 1.0, ""len_diff"": 1}",automatic_only
phoneme:np:/ɖʌ/,phoneme:np:/ʌi/,np,confusable_with,0.4,"{""ipa_sim"": 0.5, ""len_diff"": 0}",automatic_only
phoneme:np:/ɖʌ/,phoneme:np:/ʌu/,np,confusable_with,0.4,"{""ipa_sim"": 0.5, ""len_diff"": 0}",automatic_only
phoneme:np:/ɖʌ/,phoneme:np:/ʌhʌ/,np,confusable_with,0.483,"{""ipa_sim"": 0.667, ""len_diff"": 1}",automatic_only
phoneme:np:/ɖʌ/,phoneme:np:/kʌ/,np,confusable_with,0.4,"{""ipa_sim"": 0.5, ""len_diff"": 0}",automatic_only
phoneme:np:/ɖʌ/,phoneme:np:/kʰʌ/,np,confusable_with,0.483,"{""ipa_sim"": 0.667, ""len_diff"": 1}",automatic_only
phoneme:np:/ɖʌ/,phoneme:np:/ɡʌ/,np,confusable_with,0.4,"{""ipa_sim"": 0.5, ""len_diff"": 0}",automatic_only
phoneme:np:/ɖʌ/,phoneme:np:/ɡʱʌ/,np,confusable_with,0.483,"{""ipa_sim"": 0.667, ""len_diff"": 1}",automatic_only
phoneme:np:/ɖʌ/,phoneme:np:/ŋʌ/,np,confusable_with,0.4,"{""ipa_sim"": 0.5, ""len_diff"": 0}",automatic_only
phoneme:np:/ɖʌ/,phoneme:np:/tsʌ/,np,confusable_with,0.483,"{""ipa_sim"": 0.667, ""len_diff"": 1}",automatic_only
phoneme:np:/ɖʌ/,phoneme:np:/dzʌ/,np,confusable_with,0.483,"{""ipa_sim"": 0.667, ""len_diff"": 1}",automatic_only
phoneme:np:/ɖʌ/,phoneme:np:/ʈʌ/,np,confusable_with,0.4,"{""ipa_sim"": 0.5, ""len_diff"": 0}",automatic_only
phoneme:np:/ɖʌ/,phoneme:np:/ʈʰʌ/,np,confusable_with,0.483,"{""ipa_sim"": 0.667, ""len_diff"": 1}",automatic_only
phoneme:np:/ɖʌ/,phoneme:np:/ɖʱʌ/,np,confusable_with,0.75,"{""ipa_sim"": 1.0, ""len_diff"": 1}",automatic_only
phoneme:np:/ɖʌ/,phoneme:np:/tʌ/,np,confusable_with,0.4,"{""ipa_sim"": 0.5, ""len_diff"": 0}",automatic_only
phoneme:np:/ɖʌ/,phoneme:np:/tʰʌ/,np,confusable_with,0.483,"{""ipa_sim"": 0.667, ""len_diff"": 1}",automatic_only
phoneme:np:/ɖʌ/,phoneme:np:/dʌ/,np,confusable_with,0.4,"{""ipa_sim"": 0.5, ""len_diff"": 0}",automatic_only
phoneme:np:/ɖʌ/,phoneme:np:/dʱʌ/,np,confusable_with,0.483,"{""ipa_sim"": 0.667, ""len_diff"": 1}",automatic_only
phoneme:np:/ɖʌ/,phoneme:np:/nʌ/,np,confusable_with,0.4,"{""ipa_sim"": 0.5, ""len_diff"": 0}",automatic_only
phoneme:np:/ɖʌ/,phoneme:np:/pʌ/,np,confusable_with,0.4,"{""ipa_sim"": 0.5, ""len_diff"": 0}",automatic_only
phoneme:np:/ɖʌ/,phoneme:np:/bʌ/,np,confusable_with,0.4,"{""ipa_sim"": 0.5, ""len_diff"": 0}",automatic_only
phoneme:np:/ɖʌ/,phoneme:np:/bʱʌ/,np,confusable_with,0.483,"{""ipa_sim"": 0.667, ""len_diff"": 1}",automatic_only
phoneme:np:/ɖʌ/,phoneme:np:/mʌ/,np,confusable_with,0.4,"{""ipa_sim"": 0.5, ""len_diff"": 0}",automatic_only
phoneme:np:/ɖʌ/,phoneme:np:/jʌ/,np,confusable_with,0.4,"{""ipa_sim"": 0.5, ""len_diff"": 0}",automatic_only
phoneme:np:/ɖʌ/,phoneme:np:/rʌ/,np,confusable_with,0.4,"{""ipa_sim"": 0.5, ""len_diff"": 0}",automatic_only
phoneme:np:/ɖʌ/,phoneme:np:/lʌ/,np,confusable_with,0.4,"{""ipa_sim"": 0.5, ""len_diff"": 0}",automatic_only
phoneme:np:/ɖʌ/,phoneme:np:/sʌ/,np,confusable_with,0.4,"{""ipa_sim"": 0.5, ""len_diff"": 0}",automatic_only
phoneme:np:/ɖʌ/,phoneme:np:/hʌ/,np,confusable_with,0.4,"{""ipa_sim"": 0.5, ""len_diff"": 0}",automatic_only
phoneme:np:/ɖʌ/,phoneme:np:/ksʌ/,np,confusable_with,0.483,"{""ipa_sim"": 0.667, ""len_diff"": 1}",automatic_only
phoneme:np:/ɖʌ/,phoneme:np:/trʌ/,np,confusable_with,0.483,"{""ipa_sim"": 0.667, ""len_diff"": 1}",automatic_only
phoneme:np:/ɖʌ/,phoneme:np:/srʌ/,np,confusable_with,0.483,"{""ipa_sim"": 0.667, ""len_diff"": 1}",automatic_only
phoneme:np:/ɖʌ/,phoneme:np:/djʌ/,np,confusable_with,0.483,"{""ipa_sim"": 0.667, ""len_diff"": 1}",automatic_only
phoneme:np:/ɖʌ/,phoneme:np:/dwʌ/,np,confusable_with,0.483,"{""ipa_sim"": 0.667, ""len_diff"": 1}",automatic_only
phoneme:np:/ɖʌ/,phoneme:np:/ttʌ/,np,confusable_with,0.483,"{""ipa_sim"": 0.667, ""len_diff"": 1}",automatic_only
phoneme:np:/ɖʱʌ/,phoneme:np:/ʌ/,np,confusable_with,0.433,"{""ipa_sim"": 0.667, ""len_diff"": 2}",automatic_only
phoneme:np:/ɖʱʌ/,phoneme:np:/ʌi/,np,confusable_with,0.483,"{""ipa_sim"": 0.667, ""len_diff"": 1}",automatic_only
phoneme:np:/ɖʱʌ/,phoneme:np:/ʌu/,np,confusable_with,0.483,"{""ipa_sim"": 0.667, ""len_diff"": 1}",automatic_only
phoneme:np:/ɖʱʌ/,phoneme:np:/kʌ/,np,confusable_with,0.483,"{""ipa_sim"": 0.667, ""len_diff"": 1}",automatic_only
phoneme:np:/ɖʱʌ/,phoneme:np:/ɡʌ/,np,confusable_with,0.483,"{""ipa_sim"": 0.667, ""len_diff"": 1}",automatic_only
phoneme:np:/ɖʱʌ/,phoneme:np:/ɡʱʌ/,np,confusable_with,0.533,"{""ipa_sim"": 0.667, ""len_diff"": 0}",automatic_only
phoneme:np:/ɖʱʌ/,phoneme:np:/ŋʌ/,np,confusable_with,0.483,"{""ipa_sim"": 0.667, ""len_diff"": 1}",automatic_only
phoneme:np:/ɖʱʌ/,phoneme:np:/tsʰʌ/,np,confusable_with,0.35,"{""ipa_sim"": 0.5, ""len_diff"": 1}",automatic_only
phoneme:np:/ɖʱʌ/,phoneme:np:/dzʱʌ/,np,confusable_with,0.55,"{""ipa_sim"": 0.75, ""len_diff"": 1}",automatic_only
phoneme:np:/ɖʱʌ/,phoneme:np:/ʈʌ/,np,confusable_with,0.483,"{""ipa_sim"": 0.667, ""len_diff"": 1}",automatic_only
phoneme:np:/ɖʱʌ/,phoneme:np:/ɖʌ/,np,confusable_with,0.75,"{""ipa_sim"": 1.0, ""len_diff"": 1}",automatic_only
phoneme:np:/ɖʱʌ/,phoneme:np:/tʌ/,np,confusable_with,0.483,"{""ipa_sim"": 0.667, ""len_diff"": 1}",automatic_only
phoneme:np:/ɖʱʌ/,phoneme:np:/dʌ/,np,confusable_with,0.483,"{""ipa_sim"": 0.667, ""len_diff"": 1}",automatic_only
phoneme:np:/ɖʱʌ/,phoneme:np:/dʱʌ/,np,confusable_with,0.533,"{""ipa_sim"": 0.667, ""len_diff"": 0}",automatic_only
phoneme:np:/ɖʱʌ/,phoneme:np:/nʌ/,np,confusable_with,0.483,"{""ipa_sim"": 0.667, ""len_diff"": 1}",automatic_only
phoneme:np:/ɖʱʌ/,phoneme:np:/pʌ/,np,confusable_with,0.483,"{""ipa_sim"": 0.667, ""len_diff"": 1}",automatic_only
phoneme:np:/ɖʱʌ/,phoneme:np:/bʌ/,np,confusable_with,0.483,"{""ipa_sim"": 0.667, ""len_diff"": 1}",automatic_only
phoneme:np:/ɖʱʌ/,phoneme:np:/bʱʌ/,np,confusable_with,0.533,"{""ipa_sim"": 0.667, ""len_diff"": 0}",automatic_only
phoneme:np:/ɖʱʌ/,phoneme:np:/mʌ/,np,confusable_with,0.483,"{""ipa_sim"": 0.667, ""len_diff"": 1}",automatic_only
phoneme:np:/ɖʱʌ/,phoneme:np:/jʌ/,np,confusable_with,0.483,"{""ipa_sim"": 0.667, ""len_diff"": 1}",automatic_only
phoneme:np:/ɖʱʌ/,phoneme:np:/rʌ/,np,confusable_with,0.483,"{""ipa_sim"": 0.667, ""len_diff"": 1}",automatic_only
phoneme:np:/ɖʱʌ/,phoneme:np:/lʌ/,np,confusable_with,0.483,"{""ipa_sim"": 0.667, ""len_diff"": 1}",automatic_only
phoneme:np:/ɖʱʌ/,phoneme:np:/sʌ/,np,confusable_with,0.483,"{""ipa_sim"": 0.667, ""len_diff"": 1}",automatic_only
phoneme:np:/ɖʱʌ/,phoneme:np:/hʌ/,np,confusable_with,0.483,"{""ipa_sim"": 0.667, ""len_diff"": 1}",automatic_only
phoneme:np:/ɖʱʌ/,phoneme:np:/ɡjʌ̃/,np,confusable_with,0.35,"{""ipa_sim"": 0.5, ""len_diff"": 1}",automatic_only
phoneme:np:/ɳʌ/ (often /nʌ/),phoneme:np:/ɲʌ/ (often /nʌ/),np,confusable_with,0.8,"{""ipa_sim"": 1.0, ""len_diff"": 0}",automatic_only
phoneme:np:/tʌ/,phoneme:np:/ʌ/,np,confusable_with,0.75,"{""ipa_sim"": 1.0, ""len_diff"": 1}",automatic_only
phoneme:np:/tʌ/,phoneme:np:/ʌi/,np,confusable_with,0.4,"{""ipa_sim"": 0.5, ""len_diff"": 0}",automatic_only
phoneme:np:/tʌ/,phoneme:np:/ʌu/,np,confusable_with,0.4,"{""ipa_sim"": 0.5, ""len_diff"": 0}",automatic_only
phoneme:np:/tʌ/,phoneme:np:/ʌhʌ/,np,confusable_with,0.483,"{""ipa_sim"": 0.667, ""len_diff"": 1}",automatic_only
phoneme:np:/tʌ/,phoneme:np:/kʌ/,np,confusable_with,0.4,"{""ipa_sim"": 0.5, ""len_diff"": 0}",automatic_only
phoneme:np:/tʌ/,phoneme:np:/kʰʌ/,np,confusable_with,0.483,"{""ipa_sim"": 0.667, ""len_diff"": 1}",automatic_only
phoneme:np:/tʌ/,phoneme:np:/ɡʌ/,np,confusable_with,0.4,"{""ipa_sim"": 0.5, ""len_diff"": 0}",automatic_only
phoneme:np:/tʌ/,phoneme:np:/ɡʱʌ/,np,confusable_with,0.483,"{""ipa_sim"": 0.667, ""len_diff"": 1}",automatic_only
phoneme:np:/tʌ/,phoneme:np:/ŋʌ/,np,confusable_with,0.4,"{""ipa_sim"": 0.5, ""len_diff"": 0}",automatic_only
phoneme:np:/tʌ/,phoneme:np:/tsʌ/,np,confusable_with,0.75,"{""ipa_sim"": 1.0, ""len_diff"": 1}",automatic_only
phoneme:np:/tʌ/,phoneme:np:/tsʰʌ/,np,confusable_with,0.5,"{""ipa_sim"": 0.75, ""len_diff"": 2}",automatic_only
phoneme:np:/tʌ/,phoneme:np:/dzʌ/,np,confusable_with,0.483,"{""ipa_sim"": 0.667, ""len_diff"": 1}",automatic_only
phoneme:np:/tʌ/,phoneme:np:/ʈʌ/,np,confusable_with,0.4,"{""ipa_sim"": 0.5, ""len_diff"": 0}",automatic_only
phoneme:np:/tʌ/,phoneme:np:/ʈʰʌ/,np,confusable_with,0.483,"{""ipa_sim"": 0.667, ""len_diff"": 1}",automatic_only
phoneme:np:/tʌ/,phoneme:np:/ɖʌ/,np,confusable_with,0.4,"{""ipa_sim"": 0.5, ""len_diff"": 0}",automatic_only
phoneme:np:/tʌ/,phoneme:np:/ɖʱʌ/,np,confusable_with,0.483,"{""ipa_sim"": 0.667, ""len_diff"": 1}",automatic_only
phoneme:np:/tʌ/,phoneme:np:/tʰʌ/,np,confusable_with,0.75,"{""ipa_sim"": 1.0, ""len_diff"": 1}",automatic_only
phoneme:np:/tʌ/,phoneme:np:/dʌ/,np,confusable_with,0.4,"{""ipa_sim"": 0.5, ""len_diff"": 0}",automatic_only
phoneme:np:/tʌ/,phoneme:np:/dʱʌ/,np,confusable_with,0.483,"{""ipa_sim"": 0.667, ""len_diff"": 1}",automatic_only
phoneme:np:/tʌ/,phoneme:np:/nʌ/,np,confusable_with,0.4,"{""ipa_sim"": 0.5, ""len_diff"": 0}",automatic_only
phoneme:np:/tʌ/,phoneme:np:/pʌ/,np,confusable_with,0.4,"{""ipa_sim"": 0.5, ""len_diff"": 0}",automatic_only
phoneme:np:/tʌ/,phoneme:np:/bʌ/,np,confusable_with,0.4,"{""ipa_sim"": 0.5, ""len_diff"": 0}",automatic_only
phoneme:np:/tʌ/,phoneme:np:/bʱʌ/,np,confusable_with,0.483,"{""ipa_sim"": 0.667, ""len_diff"": 1}",automatic_only
phoneme:np:/tʌ/,phoneme:np:/mʌ/,np,confusable_with,0.4,"{""ipa_sim"": 0.5, ""len_diff"": 0}",automatic_only
phoneme:np:/tʌ/,phoneme:np:/jʌ/,np,confusable_with,0.4,"{""ipa_sim"": 0.5, ""len_diff"": 0}",automatic_only
phoneme:np:/tʌ/,phoneme:np:/rʌ/,np,confusable_with,0.4,"{""ipa_sim"": 0.5, ""len_diff"": 0}",automatic_only
phoneme:np:/tʌ/,phoneme:np:/lʌ/,np,confusable_with,0.4,"{""ipa_sim"": 0.5, ""len_diff"": 0}",automatic_only
phoneme:np:/tʌ/,phoneme:np:/sʌ/,np,confusable_with,0.4,"{""ipa_sim"": 0.5, ""len_diff"": 0}",automatic_only
phoneme:np:/tʌ/,phoneme:np:/hʌ/,np,confusable_with,0.4,"{""ipa_sim"": 0.5, ""len_diff"": 0}",automatic_only
phoneme:np:/tʌ/,phoneme:np:/ksʌ/,np,confusable_with,0.483,"{""ipa_sim"": 0.667, ""len_diff"": 1}",automatic_only
phoneme:np:/tʌ/,phoneme:np:/trʌ/,np,confusable_with,0.75,"{""ipa_sim"": 1.0, ""len_diff"": 1}",automatic_only
phoneme:np:/tʌ/,phoneme:np:/srʌ/,np,confusable_with,0.483,"{""ipa_sim"": 0.667, ""len_diff"": 1}",automatic_only
phoneme:np:/tʌ/,phoneme:np:/djʌ/,np,confusable_with,0.483,"{""ipa_sim"": 0.667, ""len_diff"": 1}",automatic_only
phoneme:np:/tʌ/,phoneme:np:/dwʌ/,np,confusable_with,0.483,"{""ipa_sim"": 0.667, ""len_diff"": 1}",automatic_only
phoneme:np:/tʌ/,phoneme:np:/ttʌ/,np,confusable_with,0.75,"{""ipa_sim"": 1.0, ""len_diff"": 1}",automatic_only
phoneme:np:/tʰʌ/,phoneme:np:/ʌ/,np,confusable_with,0.433,"{""ipa_sim"": 0.667, ""len_diff"": 2}",automatic_only
phoneme:np:/tʰʌ/,phoneme:np:/ʌi/,np,confusable_with,0.483,"{""ipa_sim"": 0.667, ""len_diff"": 1}",automatic_only
phoneme:np:/tʰʌ/,phoneme:np:/ʌu/,np,confusable_with,0.483,"{""ipa_sim"": 0.667, ""len_diff"": 1}",automatic_only
phoneme:np:/tʰʌ/,phoneme:np:/kʌ/,np,confusable_with,0.483,"{""ipa_sim"": 0.667, ""len_diff"": 1}",automatic_only
phoneme:np:/tʰʌ/,phoneme:np:/kʰʌ/,np,confusable_with,0.533,"{""ipa_sim"": 0.667, ""len_diff"": 0}",automatic_only
phoneme:np:/tʰʌ/,phoneme:np:/ɡʌ/,np,confusable_with,0.483,"{""ipa_sim"": 0.667, ""len_diff"": 1}",automatic_only
phoneme:np:/tʰʌ/,phoneme:np:/ŋʌ/,np,confusable_with,0.483,"{""ipa_sim"": 0.667, ""len_diff"": 1}",automatic_only
phoneme:np:/tʰʌ/,phoneme:np:/tsʌ/,np,confusable_with,0.533,"{""ipa_sim"": 0.667, ""len_diff"": 0}",automatic_only
phoneme:np:/tʰʌ/,phoneme:np:/tsʰʌ/,np,confusable_with,0.75,"{""ipa_sim"": 1.0, ""len_diff"": 1}",automatic_only
phoneme:np:/tʰʌ/,phoneme:np:/dzʱʌ/,np,confusable_with,0.35,"{""ipa_sim"": 0.5, ""len_diff"": 1}",automatic_only
phoneme:np:/tʰʌ/,phoneme:np:/ʈʌ/,np,confusable_with,0.483,"{""ipa_sim"": 0.667, ""len_diff"": 1}",automatic_only
phoneme:np:/tʰʌ/,phoneme:np:/ʈʰʌ/,np,confusable_with,0.533,"{""ipa_sim"": 0.667, ""len_diff"": 0}",automatic_only
phoneme:np:/tʰʌ/,phoneme:np:/ɖʌ/,np,confusable_with,0.483,"{""ipa_sim"": 0.667, ""len_diff"": 1}",automatic_only
phoneme:np:/tʰʌ/,phoneme:np:/tʌ/,np,confusable_with,0.75,"{""ipa_sim"": 1.0, ""len_diff"": 1}",automatic_only
phoneme:np:/tʰʌ/,phoneme:np:/dʌ/,np,confusable_with,0.483,"{""ipa_sim"": 0.667, ""len_diff"": 1}",automatic_only
phoneme:np:/tʰʌ/,phoneme:np:/nʌ/,np,confusable_with,0.483,"{""ipa_sim"": 0.667, ""len_diff"": 1}",automatic_only
phoneme:np:/tʰʌ/,phoneme:np:/pʌ/,np,confusable_with,0.483,"{""ipa_sim"": 0.667, ""len_diff"": 1}",automatic_only
phoneme:np:/tʰʌ/,phoneme:np:/bʌ/,np,confusable_with,0.483,"{""ipa_sim"": 0.667, ""len_diff"": 1}",automatic_only
phoneme:np:/tʰʌ/,phoneme:np:/mʌ/,np,confusable_with,0.483,"{""ipa_sim"": 0.667, ""len_diff"": 1}",automatic_only
phoneme:np:/tʰʌ/,phoneme:np:/jʌ/,np,confusable_with,0.483,"{""ipa_sim"": 0.667, ""len_diff"": 1}",automatic_only
phoneme:np:/tʰʌ/,phoneme:np:/rʌ/,np,confusable_with,0.483,"{""ipa_sim"": 0.667, ""len_diff"": 1}",automatic_only
phoneme:np:/tʰʌ/,phoneme:np:/lʌ/,np,confusable_with,0.483,"{""ipa_sim"": 0.667, ""len_diff"": 1}",automatic_only
phoneme:np:/tʰʌ/,phoneme:np:/sʌ/,np,confusable_with,0.483,"{""ipa_sim"": 0.667, ""len_diff"": 1}",automatic_only
phoneme:np:/tʰʌ/,phoneme:np:/hʌ/,np,confusable_with,0.483,"{""ipa_sim"": 0.667, ""len_diff"": 1}",automatic_only
phoneme:np:/tʰʌ/,phoneme:np:/trʌ/,np,confusable_with,0.533,"{""ipa_sim"": 0.667, ""len_diff"": 0}",automatic_only
phoneme:np:/tʰʌ/,phoneme:np:/ɡjʌ̃/,np,confusable_with,0.35,"{""ipa_sim"": 0.5, ""len_diff"": 1}",automatic_only
phoneme:np:/tʰʌ/,phoneme:np:/ttʌ/,np,confusable_with,0.533,"{""ipa_sim"": 0.667, ""len_diff"": 0}",automatic_only
phoneme:np:/dʌ/,phoneme:np:/ʌ/,np,confusable_with,0.75,"{""ipa_sim"": 1.0, ""len_diff"": 1}",automatic_only
phoneme:np:/dʌ/,phoneme:np:/ʌi/,np,confusable_with,0.4,"{""ipa_sim"": 0.5, ""len_diff"": 0}",automatic_only
phoneme:np:/dʌ/,phoneme:np:/ʌu/,np,confusable_with,0.4,"{""ipa_sim"": 0.5, ""len_diff"": 0}",automatic_only
phoneme:np:/dʌ/,phoneme:np:/ʌhʌ/,np,confusable_with,0.483,"{""ipa_sim"": 0.667, ""len_diff"": 1}",automatic_only
phoneme:np:/dʌ/,phoneme:np:/kʌ/,np,confusable_with,0.4,"{""ipa_sim"": 0.5, ""len_diff"": 0}",automatic_only
phoneme:np:/dʌ/,phoneme:np:/kʰʌ/,np,confusable_with,0.483,"{""ipa_sim"": 0.667, ""len_diff"": 1}",automatic_only
phoneme:np:/dʌ/,phoneme:np:/ɡʌ/,np,confusable_with,0.4,"{""ipa_sim"": 0.5, ""len_diff"": 0}",automatic_only
phoneme:np:/dʌ/,phoneme:np:/ɡʱʌ/,np,confusable_with,0.483,"{""ipa_sim"": 0.667, ""len_diff"": 1}",automatic_only
phoneme:np:/dʌ/,phoneme:np:/ŋʌ/,np,confusable_with,0.4,"{""ipa_sim"": 0.5, ""len_diff"": 0}",automatic_only
phoneme:np:/dʌ/,phoneme:np:/tsʌ/,np,confusable_with,0.483,"{""ipa_sim"": 0.667, ""len_diff"": 1}",automatic_only
phoneme:np:/dʌ/,phoneme:np:/dzʌ/,np,confusable_with,0.75,"{""ipa_sim"": 1.0, ""len_diff"": 1}",automatic_only
phoneme:np:/dʌ/,phoneme:np:/dzʱʌ/,np,confusable_with,0.5,"{""ipa_sim"": 0.75, ""len_diff"": 2}",automatic_only
phoneme:np:/dʌ/,phoneme:np:/ʈʌ/,np,confusable_with,0.4,"{""ipa_sim"": 0.5, ""len_diff"": 0}",automatic_only
phoneme:np:/dʌ/,phoneme:np:/ʈʰʌ/,np,confusable_with,0.483,"{""ipa_sim"": 0.667, ""len_diff"": 1}",automatic_only
phoneme:np:/dʌ/,phoneme:np:/ɖʌ/,np,confusable_with,0.4,"{""ipa_sim"": 0.5, ""len_diff"": 0}",automatic_only
phoneme:np:/dʌ/,phoneme:np:/ɖʱʌ/,np,confusable_with,0.483,"{""ipa_sim"": 0.667, ""len_diff"": 1}",automatic_only
phoneme:np:/dʌ/,phoneme:np:/tʌ/,np,confusable_with,0.4,"{""ipa_sim"": 0.5, ""len_diff"": 0}",automatic_only
phoneme:np:/dʌ/,phoneme:np:/tʰʌ/,np,confusable_with,0.483,"{""ipa_sim"": 0.667, ""len_diff"": 1}",automatic_only
phoneme:np:/dʌ/,phoneme:np:/dʱʌ/,np,confusable_with,0.75,"{""ipa_sim"": 1.0, ""len_diff"": 1}",automatic_only
phoneme:np:/dʌ/,phoneme:np:/nʌ/,np,confusable_with,0.4,"{""ipa_sim"": 0.5, ""len_diff"": 0}",automatic_only
phoneme:np:/dʌ/,phoneme:np:/pʌ/,np,confusable_with,0.4,"{""ipa_sim"": 0.5, ""len_diff"": 0}",automatic_only
phoneme:np:/dʌ/,phoneme:np:/bʌ/,np,confusable_with,0.4,"{""ipa_sim"": 0.5, ""len_diff"": 0}",automatic_only
phoneme:np:/dʌ/,phoneme:np:/bʱʌ/,np,confusable_with,0.483,"{""ipa_sim"": 0.667, ""len_diff"": 1}",automatic_only
phoneme:np:/dʌ/,phoneme:np:/mʌ/,np,confusable_with,0.4,"{""ipa_sim"": 0.5, ""len_diff"": 0}",automatic_only
phoneme:np:/dʌ/,phoneme:np:/jʌ/,np,confusable_with,0.4,"{""ipa_sim"": 0.5, ""len_diff"": 0}",automatic_only
phoneme:np:/dʌ/,phoneme:np:/rʌ/,np,confusable_with,0.4,"{""ipa_sim"": 0.5, ""len_diff"": 0}",automatic_only
phoneme:np:/dʌ/,phoneme:np:/lʌ/,np,confusable_with,0.4,"{""ipa_sim"": 0.5, ""len_diff"": 0}",automatic_only
phoneme:np:/dʌ/,phoneme:np:/sʌ/,np,confusable_with,0.4,"{""ipa_sim"": 0.5, ""len_diff"": 0}",automatic_only
phoneme:np:/dʌ/,phoneme:np:/hʌ/,np,confusable_with,0.4,"{""ipa_sim"": 0.5, ""len_diff"": 0}",automatic_only
phoneme:np:/dʌ/,phoneme:np:/ksʌ/,np,confusable_with,0.483,"{""ipa_sim"": 0.667, ""len_diff"": 1}",automatic_only
phoneme:np:/dʌ/,phoneme:np:/trʌ/,np,confusable_with,0.483,"{""ipa_sim"": 0.667, ""len_diff"": 1}",automatic_only
phoneme:np:/dʌ/,phoneme:np:/srʌ/,np,confusable_with,0.483,"{""ipa_sim"": 0.667, ""len_diff"": 1}",automatic_only
phoneme:np:/dʌ/,phoneme:np:/djʌ/,np,confusable_with,0.75,"{""ipa_sim"": 1.0, ""len_diff"": 1}",automatic_only
phoneme:np:/dʌ/,phoneme:np:/dwʌ/,np,confusable_with,0.75,"{""ipa_sim"": 1.0, ""len_diff"": 1}",automatic_only
phoneme:np:/dʌ/,phoneme:np:/ttʌ/,np,confusable_with,0.483,"{""ipa_sim"": 0.667, ""len_diff"": 1}",automatic_only
phoneme:np:/dʱʌ/,phoneme:np:/ʌ/,np,confusable_with,0.433,"{""ipa_sim"": 0.667, ""len_diff"": 2}",automatic_only
phoneme:np:/dʱʌ/,phoneme:np:/ʌi/,np,confusable_with,0.483,"{""ipa_sim"": 0.667, ""len_diff"": 1}",automatic_only
phoneme:np:/dʱʌ/,phoneme:np:/ʌu/,np,confusable_with,0.483,"{""ipa_sim"": 0.667, ""len_diff"": 1}",automatic_only
phoneme:np:/dʱʌ/,phoneme:np:/kʌ/,np,confusable_with,0.483,"{""ipa_sim"": 0.667, ""len_diff"": 1}",automatic_only
phoneme:np:/dʱʌ/,phoneme:np:/ɡʌ/,np,confusable_with,0.483,"{""ipa_sim"": 0.667, ""len_diff"": 1}",automatic_only
phoneme:np:/dʱʌ/,phoneme:np:/ɡʱʌ/,np,confusable_with,0.533,"{""ipa_sim"": 0.667, ""len_diff"": 0}",automatic_only
phoneme:np:/dʱʌ/,phoneme:np:/ŋʌ/,np,confusable_with,0.483,"{""ipa_sim"": 0.667, ""len_diff"": 1}",automatic_only
phoneme:np:/dʱʌ/,phoneme:np:/tsʰʌ/,np,confusable_with,0.35,"{""ipa_sim"": 0.5, ""len_diff"": 1}",automatic_only
phoneme:np:/dʱʌ/,phoneme:np:/dzʌ/,np,confusable_with,0.533,"{""ipa_sim"": 0.667, ""len_diff"": 0}",automatic_only
phoneme:np:/dʱʌ/,phoneme:np:/dzʱʌ/,np,confusable_with,0.75,"{""ipa_sim"": 1.0, ""len_diff"": 1}",automatic_only
phoneme:np:/dʱʌ/,phoneme:np:/ʈʌ/,np,confusable_with,0.483,"{""ipa_sim"": 0.667, ""len_diff"": 1}",automatic_only
phoneme:np:/dʱʌ/,phoneme:np:/ɖʌ/,np,confusable_with,0.483,"{""ipa_sim"": 0.667, ""len_diff"": 1}",automatic_only
phoneme:np:/dʱʌ/,phoneme:np:/ɖʱʌ/,np,confusable_with,0.533,"{""ipa_sim"": 0.667, ""len_diff"": 0}",automatic_only
phoneme:np:/dʱʌ/,phoneme:np:/tʌ/,np,confusable_with,0.483,"{""ipa_sim"": 0.667, ""len_diff"": 1}",automatic_only
phoneme:np:/dʱʌ/,phoneme:np:/dʌ/,np,confusable_with,0.75,"{""ipa_sim"": 1.0, ""len_diff"": 1}",automatic_only
phoneme:np:/dʱʌ/,phoneme:np:/nʌ/,np,confusable_with,0.483,"{""ipa_sim"": 0.667, ""len_diff"": 1}",automatic_only
phoneme:np:/dʱʌ/,phoneme:np:/pʌ/,np,confusable_with,0.483,"{""ipa_sim"": 0.667, ""len_diff"": 1}",automatic_only
phoneme:np:/dʱʌ/,phoneme:np:/bʌ/,np,confusable_with,0.483,"{""ipa_sim"": 0.667, ""len_diff"": 1}",automatic_only
phoneme:np:/dʱʌ/,phoneme:np:/bʱʌ/,np,confusable_with,0.533,"{""ipa_sim"": 0.667, ""len_diff"": 0}",automatic_only
phoneme:np:/dʱʌ/,phoneme:np:/mʌ/,np,confusable_with,0.483,"{""ipa_sim"": 0.667, ""len_diff"": 1}",automatic_only
phoneme:np:/dʱʌ/,phoneme:np:/jʌ/,np,confusable_with,0.483,"{""ipa_sim"": 0.667, ""len_diff"": 1}",automatic_only
phoneme:np:/dʱʌ/,phoneme:np:/rʌ/,np,confusable_with,0.483,"{""ipa_sim"": 0.667, ""len_diff"": 1}",automatic_only
phoneme:np:/dʱʌ/,phoneme:np:/lʌ/,np,confusable_with,0.483,"{""ipa_sim"": 0.667, ""len_diff"": 1}",automatic_only
phoneme:np:/dʱʌ/,phoneme:np:/sʌ/,np,confusable_with,0.483,"{""ipa_sim"": 0.667, ""len_diff"": 1}",automatic_only
phoneme:np:/dʱʌ/,phoneme:np:/hʌ/,np,confusable_with,0.483,"{""ipa_sim"": 0.667, ""len_diff"": 1}",automatic_only
phoneme:np:/dʱʌ/,phoneme:np:/ɡjʌ̃/,np,confusable_with,0.35,"{""ipa_sim"": 0.5, ""len_diff"": 1}",automatic_only
phoneme:np:/dʱʌ/,phoneme:np:/djʌ/,np,confusable_with,0.533,"{""ipa_sim"": 0.667, ""len_diff"": 0}",automatic_only
phoneme:np:/dʱʌ/,phoneme:np:/dwʌ/,np,confusable_with,0.533,"{""ipa_sim"": 0.667, ""len_diff"": 0}",automatic_only
phoneme:np:/nʌ/,phoneme:np:/ʌ/,np,confusable_with,0.75,"{""ipa_sim"": 1.0, ""len_diff"": 1}",automatic_only
phoneme:np:/nʌ/,phoneme:np:/ʌi/,np,confusable_with,0.4,"{""ipa_sim"": 0.5, ""len_diff"": 0}",automatic_only
phoneme:np:/nʌ/,phoneme:np:/ʌu/,np,confusable_with,0.4,"{""ipa_sim"": 0.5, ""len_diff"": 0}",automatic_only
phoneme:np:/nʌ/,phoneme:np:/ʌhʌ/,np,confusable_with,0.483,"{""ipa_sim"": 0.667, ""len_diff"": 1}",automatic_only
phoneme:np:/nʌ/,phoneme:np:/kʌ/,np,confusable_with,0.4,"{""ipa_sim"": 0.5, ""len_diff"": 0}",automatic_only
phoneme:np:/nʌ/,phoneme:np:/kʰʌ/,np,confusable_with,0.483,"{""ipa_sim"": 0.667, ""len_diff"": 1}",automatic_only
phoneme:np:/nʌ/,phoneme:np:/ɡʌ/,np,confusable_with,0.4,"{""ipa_sim"": 0.5, ""len_diff"": 0}",automatic_only
phoneme:np:/nʌ/,phoneme:np:/ɡʱʌ/,np,confusable_with,0.483,"{""ipa_sim"": 0.667, ""len_diff"": 1}",automatic_only
phoneme:np:/nʌ/,phoneme:np:/ŋʌ/,np,confusable_with,0.4,"{""ipa_sim"": 0.5, ""len_diff"": 0}",automatic_only
phoneme:np:/nʌ/,phoneme:np:/tsʌ/,np,confusable_with,0.483,"{""ipa_sim"": 0.667, ""len_diff"": 1}",automatic_only
phoneme:np:/nʌ/,phoneme:np:/dzʌ/,np,confusable_with,0.483,"{""ipa_sim"": 0.667, ""len_diff"": 1}",automatic_only
phoneme:np:/nʌ/,phoneme:np:/ʈʌ/,np,confusable_with,0.4,"{""ipa_sim"": 0.5, ""len_diff"": 0}",automatic_only
phoneme:np:/nʌ/,phoneme:np:/ʈʰʌ/,np,confusable_with,0.483,"{""ipa_sim"": 0.667, ""len_diff"": 1}",automatic_only
phoneme:np:/nʌ/,phoneme:np:/ɖʌ/,np,confusable_with,0.4,"{""ipa_sim"": 0.5, ""len_diff"": 0}",automatic_only
phoneme:np:/nʌ/,phoneme:np:/ɖʱʌ/,np,confusable_with,0.483,"{""ipa_sim"": 0.667, ""len_diff"": 1}",automatic_only
phoneme:np:/nʌ/,phoneme:np:/tʌ/,np,confusable_with,0.4,"{""ipa_sim"": 0.5, ""len_diff"": 0}",automatic_only
phoneme:np:/nʌ/,phoneme:np:/tʰʌ/,np,confusable_with,0.483,"{""ipa_sim"": 0.667, ""len_diff"": 1}",automatic_only
phoneme:np:/nʌ/,phoneme:np:/dʌ/,np,confusable_with,0.4,"{""ipa_sim"": 0.5, ""len_diff"": 0}",automatic_only
phoneme:np:/nʌ/,phoneme:np:/dʱʌ/,np,confusable_with,0.483,"{""ipa_sim"": 0.667, ""len_diff"": 1}",automatic_only
phoneme:np:/nʌ/,phoneme:np:/pʌ/,np,confusable_with,0.4,"{""ipa_sim"": 0.5, ""len_diff"": 0}",automatic_only
phoneme:np:/nʌ/,phoneme:np:/bʌ/,np,confusable_with,0.4,"{""ipa_sim"": 0.5, ""len_diff"": 0}",automatic_only
phoneme:np:/nʌ/,phoneme:np:/bʱʌ/,np,confusable_with,0.483,"{""ipa_sim"": 0.667, ""len_diff"": 1}",automatic_only
phoneme:np:/nʌ/,phoneme:np:/mʌ/,np,confusable_with,0.4,"{""ipa_sim"": 0.5, ""len_diff"": 0}",automatic_only
phoneme:np:/nʌ/,phoneme:np:/jʌ/,np,confusable_with,0.4,"{""ipa_sim"": 0.5, ""len_diff"": 0}",automatic_only
phoneme:np:/nʌ/,phoneme:np:/rʌ/,np,confusable_with,0.4,"{""ipa_sim"": 0.5, ""len_diff"": 0}",automatic_only
phoneme:np:/nʌ/,phoneme:np:/lʌ/,np,confusable_with,0.4,"{""ipa_sim"": 0.5, ""len_diff"": 0}",automatic_only
phoneme:np:/nʌ/,phoneme:np:/sʌ/,np,confusable_with,0.4,"{""ipa_sim"": 0.5, ""len_diff"": 0}",automatic_only
phoneme:np:/nʌ/,phoneme:np:/hʌ/,np,confusable_with,0.4,"{""ipa_sim"": 0.5, ""len_diff"": 0}",automatic_only
phoneme:np:/nʌ/,phoneme:np:/ksʌ/,np,confusable_with,0.483,"{""ipa_sim"": 0.667, ""len_diff"": 1}",automatic_only
phoneme:np:/nʌ/,phoneme:np:/trʌ/,np,confusable_with,0.483,"{""ipa_sim"": 0.667, ""len_diff"": 1}",automatic_only
phoneme:np:/nʌ/,phoneme:np:/srʌ/,np,confusable_with,0.483,"{""ipa_sim"": 0.667, ""len_diff"": 1}",automatic_only
phoneme:np:/nʌ/,phoneme:np:/djʌ/,np,confusable_with,0.483,"{""ipa_sim"": 0.667, ""len_diff"": 1}",automatic_only
phoneme:np:/nʌ/,phoneme:np:/dwʌ/,np,confusable_with,0.483,"{""ipa_sim"": 0.667, ""len_diff"": 1}",automatic_only
phoneme:np:/nʌ/,phoneme:np:/ttʌ/,np,confusable_with,0.483,"{""ipa_sim"": 0.667, ""len_diff"": 1}",automatic_only
phoneme:np:/pʌ/,phoneme:np:/ʌ/,np,confusable_with,0.75,"{""ipa_sim"": 1.0, ""len_diff"": 1}",automatic_only
phoneme:np:/pʌ/,phoneme:np:/ʌi/,np,confusable_with,0.4,"{""ipa_sim"": 0.5, ""len_diff"": 0}",automatic_only
phoneme:np:/pʌ/,phoneme:np:/ʌu/,np,confusable_with,0.4,"{""ipa_sim"": 0.5, ""len_diff"": 0}",automatic_only
phoneme:np:/pʌ/,phoneme:np:/ʌhʌ/,np,confusable_with,0.483,"{""ipa_sim"": 0.667, ""len_diff"": 1}",automatic_only
phoneme:np:/pʌ/,phoneme:np:/kʌ/,np,confusable_with,0.4,"{""ipa_sim"": 0.5, ""len_diff"": 0}",automatic_only
phoneme:np:/pʌ/,phoneme:np:/kʰʌ/,np,confusable_with,0.483,"{""ipa_sim"": 0.667, ""len_diff"": 1}",automatic_only
phoneme:np:/pʌ/,phoneme:np:/ɡʌ/,np,confusable_with,0.4,"{""ipa_sim"": 0.5, ""len_diff"": 0}",automatic_only
phoneme:np:/pʌ/,phoneme:np:/ɡʱʌ/,np,confusable_with,0.483,"{""ipa_sim"": 0.667, ""len_diff"": 1}",automatic_only
phoneme:np:/pʌ/,phoneme:np:/ŋʌ/,np,confusable_with,0.4,"{""ipa_sim"": 0.5, ""len_diff"": 0}",automatic_only
phoneme:np:/pʌ/,phoneme:np:/tsʌ/,np,confusable_with,0.483,"{""ipa_sim"": 0.667, ""len_diff"": 1}",automatic_only
phoneme:np:/pʌ/,phoneme:np:/dzʌ/,np,confusable_with,0.483,"{""ipa_sim"": 0.667, ""len_diff"": 1}",automatic_only
phoneme:np:/pʌ/,phoneme:np:/ʈʌ/,np,confusable_with,0.4,"{""ipa_sim"": 0.5, ""len_diff"": 0}",automatic_only
phoneme:np:/pʌ/,phoneme:np:/ʈʰʌ/,np,confusable_with,0.483,"{""ipa_sim"": 0.667, ""len_diff"": 1}",automatic_only
phoneme:np:/pʌ/,phoneme:np:/ɖʌ/,np,confusable_with,0.4,"{""ipa_sim"": 0.5, ""len_diff"": 0}",automatic_only
phoneme:np:/pʌ/,phoneme:np:/ɖʱʌ/,np,confusable_with,0.483,"{""ipa_sim"": 0.667, ""len_diff"": 1}",automatic_only
phoneme:np:/pʌ/,phoneme:np:/tʌ/,np,confusable_with,0.4,"{""ipa_sim"": 0.5, ""len_diff"": 0}",automatic_only
phoneme:np:/pʌ/,phoneme:np:/tʰʌ/,np,confusable_with,0.483,"{""ipa_sim"": 0.667, ""len_diff"": 1}",automatic_only
phoneme:np:/pʌ/,phoneme:np:/dʌ/,np,confusable_with,0.4,"{""ipa_sim"": 0.5, ""len_diff"": 0}",automatic_only
phoneme:np:/pʌ/,phoneme:np:/dʱʌ/,np,confusable_with,0.483,"{""ipa_sim"": 0.667, ""len_diff"": 1}",automatic_only
phoneme:np:/pʌ/,phoneme:np:/nʌ/,np,confusable_with,0.4,"{""ipa_sim"": 0.5, ""len_diff"": 0}",automatic_only
phoneme:np:/pʌ/,phoneme:np:/bʌ/,np,confusable_with,0.4,"{""ipa_sim"": 0.5, ""len_diff"": 0}",automatic_only
phoneme:np:/pʌ/,phoneme:np:/bʱʌ/,np,confusable_with,0.483,"{""ipa_sim"": 0.667, ""len_diff"": 1}",automatic_only
phoneme:np:/pʌ/,phoneme:np:/mʌ/,np,confusable_with,0.4,"{""ipa_sim"": 0.5, ""len_diff"": 0}",automatic_only
phoneme:np:/pʌ/,phoneme:np:/jʌ/,np,confusable_with,0.4,"{""ipa_sim"": 0.5, ""len_diff"": 0}",automatic_only
phoneme:np:/pʌ/,phoneme:np:/rʌ/,np,confusable_with,0.4,"{""ipa_sim"": 0.5, ""len_diff"": 0}",automatic_only
phoneme:np:/pʌ/,phoneme:np:/lʌ/,np,confusable_with,0.4,"{""ipa_sim"": 0.5, ""len_diff"": 0}",automatic_only
phoneme:np:/pʌ/,phoneme:np:/sʌ/,np,confusable_with,0.4,"{""ipa_sim"": 0.5, ""len_diff"": 0}",automatic_only
phoneme:np:/pʌ/,phoneme:np:/hʌ/,np,confusable_with,0.4,"{""ipa_sim"": 0.5, ""len_diff"": 0}",automatic_only
phoneme:np:/pʌ/,phoneme:np:/ksʌ/,np,confusable_with,0.483,"{""ipa_sim"": 0.667, ""len_diff"": 1}",automatic_only
phoneme:np:/pʌ/,phoneme:np:/trʌ/,np,confusable_with,0.483,"{""ipa_sim"": 0.667, ""len_diff"": 1}",automatic_only
phoneme:np:/pʌ/,phoneme:np:/srʌ/,np,confusable_with,0.483,"{""ipa_sim"": 0.667, ""len_diff"": 1}",automatic_only
phoneme:np:/pʌ/,phoneme:np:/djʌ/,np,confusable_with,0.483,"{""ipa_sim"": 0.667, ""len_diff"": 1}",automatic_only
phoneme:np:/pʌ/,phoneme:np:/dwʌ/,np,confusable_with,0.483,"{""ipa_sim"": 0.667, ""len_diff"": 1}",automatic_only
phoneme:np:/pʌ/,phoneme:np:/ttʌ/,np,confusable_with,0.483,"{""ipa_sim"": 0.667, ""len_diff"": 1}",automatic_only
phoneme:np:/pʰʌ/ or /fʌ/,phoneme:np:/ʌm/ or /ʌ̃/,np,confusable_with,0.572,"{""ipa_sim"": 0.778, ""len_diff"": 1}",automatic_only
phoneme:np:/pʰʌ/ or /fʌ/,phoneme:np:/wʌ/ or /bʌ/,np,confusable_with,0.572,"{""ipa_sim"": 0.778, ""len_diff"": 1}",automatic_only
phoneme:np:/bʌ/,phoneme:np:/ʌ/,np,confusable_with,0.75,"{""ipa_sim"": 1.0, ""len_diff"": 1}",automatic_only
phoneme:np:/bʌ/,phoneme:np:/ʌi/,np,confusable_with,0.4,"{""ipa_sim"": 0.5, ""len_diff"": 0}",automatic_only
phoneme:np:/bʌ/,phoneme:np:/ʌu/,np,confusable_with,0.4,"{""ipa_sim"": 0.5, ""len_diff"": 0}",automatic_only
phoneme:np:/bʌ/,phoneme:np:/ʌhʌ/,np,confusable_with,0.483,"{""ipa_sim"": 0.667, ""len_diff"": 1}",automatic_only
phoneme:np:/bʌ/,phoneme:np:/kʌ/,np,confusable_with,0.4,"{""ipa_sim"": 0.5, ""len_diff"": 0}",automatic_only
phoneme:np:/bʌ/,phoneme:np:/kʰʌ/,np,confusable_with,0.483,"{""ipa_sim"": 0.667, ""len_diff"": 1}",automatic_only
phoneme:np:/bʌ/,phoneme:np:/ɡʌ/,np,confusable_with,0.4,"{""ipa_sim"": 0.5, ""len_diff"": 0}",automatic_only
phoneme:np:/bʌ/,phoneme:np:/ɡʱʌ/,np,confusable_with,0.483,"{""ipa_sim"": 0.667, ""len_diff"": 1}",automatic_only
phoneme:np:/bʌ/,phoneme:np:/ŋʌ/,np,confusable_with,0.4,"{""ipa_sim"": 0.5, ""len_diff"": 0}",automatic_only
phoneme:np:/bʌ/,phoneme:np:/tsʌ/,np,confusable_with,0.483,"{""ipa_sim"": 0.667, ""len_diff"": 1}",automatic_only
phoneme:np:/bʌ/,phoneme:np:/dzʌ/,np,confusable_with,0.483,"{""ipa_sim"": 0.667, ""len_diff"": 1}",automatic_only
phoneme:np:/bʌ/,phoneme:np:/ʈʌ/,np,confusable_with,0.4,"{""ipa_sim"": 0.5, ""len_diff"": 0}",automatic_only
phoneme:np:/bʌ/,phoneme:np:/ʈʰʌ/,np,confusable_with,0.483,"{""ipa_sim"": 0.667, ""len_diff"": 1}",automatic_only
phoneme:np:/bʌ/,phoneme:np:/ɖʌ/,np,confusable_with,0.4,"{""ipa_sim"": 0.5, ""len_diff"": 0}",automatic_only
phoneme:np:/bʌ/,phoneme:np:/ɖʱʌ/,np,confusable_with,0.483,"{""ipa_sim"": 0.667, ""len_diff"": 1}",automatic_only
phoneme:np:/bʌ/,phoneme:np:/tʌ/,np,confusable_with,0.4,"{""ipa_sim"": 0.5, ""len_diff"": 0}",automatic_only
phoneme:np:/bʌ/,phoneme:np:/tʰʌ/,np,confusable_with,0.483,"{""ipa_sim"": 0.667, ""len_diff"": 1}",automatic_only
phoneme:np:/bʌ/,phoneme:np:/dʌ/,np,confusable_with,0.4,"{""ipa_sim"": 0.5, ""len_diff"": 0}",automatic_only
phoneme:np:/bʌ/,phoneme:np:/dʱʌ/,np,confusable_with,0.483,"{""ipa_sim"": 0.667, ""len_diff"": 1}",automatic_only
phoneme:np:/bʌ/,phoneme:np:/nʌ/,np,confusable_with,0.4,"{""ipa_sim"": 0.5, ""len_diff"": 0}",automatic_only
phoneme:np:/bʌ/,phoneme:np:/pʌ/,np,confusable_with,0.4,"{""ipa_sim"": 0.5, ""len_diff"": 0}",automatic_only
phoneme:np:/bʌ/,phoneme:np:/bʱʌ/,np,confusable_with,0.75,"{""ipa_sim"": 1.0, ""len_diff"": 1}",automatic_only
phoneme:np:/bʌ/,phoneme:np:/mʌ/,np,confusable_with,0.4,"{""ipa_sim"": 0.5, ""len_diff"": 0}",automatic_only
phoneme:np:/bʌ/,phoneme:np:/jʌ/,np,confusable_with,0.4,"{""ipa_sim"": 0.5, ""len_diff"": 0}",automatic_only
phoneme:np:/bʌ/,phoneme:np:/rʌ/,np,confusable_with,0.4,"{""ipa_sim"": 0.5, ""len_diff"": 0}",automatic_only
phoneme:np:/bʌ/,phoneme:np:/lʌ/,np,confusable_with,0.4,"{""ipa_sim"": 0.5, ""len_diff"": 0}",automatic_only
phoneme:np:/bʌ/,phoneme:np:/sʌ/,np,confusable_with,0.4,"{""ipa_sim"": 0.5, ""len_diff"": 0}",automatic_only
phoneme:np:/bʌ/,phoneme:np:/hʌ/,np,confusable_with,0.4,"{""ipa_sim"": 0.5, ""len_diff"": 0}",automatic_only
phoneme:np:/bʌ/,phoneme:np:/ksʌ/,np,confusable_with,0.483,"{""ipa_sim"": 0.667, ""len_diff"": 1}",automatic_only
phoneme:np:/bʌ/,phoneme:np:/trʌ/,np,confusable_with,0.483,"{""ipa_sim"": 0.667, ""len_diff"": 1}",automatic_only
phoneme:np:/bʌ/,phoneme:np:/srʌ/,np,confusable_with,0.483,"{""ipa_sim"": 0.667, ""len_diff"": 1}",automatic_only
phoneme:np:/bʌ/,phoneme:np:/djʌ/,np,confusable_with,0.483,"{""ipa_sim"": 0.667, ""len_diff"": 1}",automatic_only
phoneme:np:/bʌ/,phoneme:np:/dwʌ/,np,confusable_with,0.483,"{""ipa_sim"": 0.667, ""len_diff"": 1}",automatic_only
phoneme:np:/bʌ/,phoneme:np:/ttʌ/,np,confusable_with,0.483,"{""ipa_sim"": 0.667, ""len_diff"": 1}",automatic_only
phoneme:np:/bʱʌ/,phoneme:np:/ʌ/,np,confusable_with,0.433,"{""ipa_sim"": 0.667, ""len_diff"": 2}",automatic_only
phoneme:np:/bʱʌ/,phoneme:np:/ʌi/,np,confusable_with,0.483,"{""ipa_sim"": 0.667, ""len_diff"": 1}",automatic_only
phoneme:np:/bʱʌ/,phoneme:np:/ʌu/,np,confusable_with,0.483,"{""ipa_sim"": 0.667, ""len_diff"": 1}",automatic_only
phoneme:np:/bʱʌ/,phoneme:np:/kʌ/,np,confusable_with,0.483,"{""ipa_sim"": 0.667, ""len_diff"": 1}",automatic_only
phoneme:np:/bʱʌ/,phoneme:np:/ɡʌ/,np,confusable_with,0.483,"{""ipa_sim"": 0.667, ""len_diff"": 1}",automatic_only
phoneme:np:/bʱʌ/,phoneme:np:/ɡʱʌ/,np,confusable_with,0.533,"{""ipa_sim"": 0.667, ""len_diff"": 0}",automatic_only
phoneme:np:/bʱʌ/,phoneme:np:/ŋʌ/,np,confusable_with,0.483,"{""ipa_sim"": 0.667, ""len_diff"": 1}",automatic_only
phoneme:np:/bʱʌ/,phoneme:np:/tsʰʌ/,np,confusable_with,0.35,"{""ipa_sim"": 0.5, ""len_diff"": 1}",automatic_only
phoneme:np:/bʱʌ/,phoneme:np:/dzʱʌ/,np,confusable_with,0.55,"{""ipa_sim"": 0.75, ""len_diff"": 1}",automatic_only
phoneme:np:/bʱʌ/,phoneme:np:/ʈʌ/,np,confusable_with,0.483,"{""ipa_sim"": 0.667, ""len_diff"": 1}",automatic_only
phoneme:np:/bʱʌ/,phoneme:np:/ɖʌ/,np,confusable_with,0.483,"{""ipa_sim"": 0.667, ""len_diff"": 1}",automatic_only
phoneme:np:/bʱʌ/,phoneme:np:/ɖʱʌ/,np,confusable_with,0.533,"{""ipa_sim"": 0.667, ""len_diff"": 0}",automatic_only
phoneme:np:/bʱʌ/,phoneme:np:/tʌ/,np,confusable_with,0.483,"{""ipa_sim"": 0.667, ""len_diff"": 1}",automatic_only
phoneme:np:/bʱʌ/,phoneme:np:/dʌ/,np,confusable_with,0.483,"{""ipa_sim"": 0.667, ""len_diff"": 1}",automatic_only
phoneme:np:/bʱʌ/,phoneme:np:/dʱʌ/,np,confusable_with,0.533,"{""ipa_sim"": 0.667, ""len_diff"": 0}",automatic_only
phoneme:np:/bʱʌ/,phoneme:np:/nʌ/,np,confusable_with,0.483,"{""ipa_sim"": 0.667, ""len_diff"": 1}",automatic_only
phoneme:np:/bʱʌ/,phoneme:np:/pʌ/,np,confusable_with,0.483,"{""ipa_sim"": 0.667, ""len_diff"": 1}",automatic_only
phoneme:np:/bʱʌ/,phoneme:np:/bʌ/,np,confusable_with,0.75,"{""ipa_sim"": 1.0, ""len_diff"": 1}",automatic_only
phoneme:np:/bʱʌ/,phoneme:np:/mʌ/,np,confusable_with,0.483,"{""ipa_sim"": 0.667, ""len_diff"": 1}",automatic_only
phoneme:np:/bʱʌ/,phoneme:np:/jʌ/,np,confusable_with,0.483,"{""ipa_sim"": 0.667, ""len_diff"": 1}",automatic_only
phoneme:np:/bʱʌ/,phoneme:np:/rʌ/,np,confusable_with,0.483,"{""ipa_sim"": 0.667, ""len_diff"": 1}",automatic_only
phoneme:np:/bʱʌ/,phoneme:np:/lʌ/,np,confusable_with,0.483,"{""ipa_sim"": 0.667, ""len_diff"": 1}",automatic_only
phoneme:np:/bʱʌ/,phoneme:np:/sʌ/,np,confusable_with,0.483,"{""ipa_sim"": 0.667, ""len_diff"": 1}",automatic_only
phoneme:np:/bʱʌ/,phoneme:np:/hʌ/,np,confusable_with,0.483,"{""ipa_sim"": 0.667, ""len_diff"": 1}",automatic_only
phoneme:np:/bʱʌ/,phoneme:np:/ɡjʌ̃/,np,confusable_with,0.35,"{""ipa_sim"": 0.5, ""len_diff"": 1}",automatic_only
phoneme:np:/mʌ/,phoneme:np:/ʌ/,np,confusable_with,0.75,"{""ipa_sim"": 1.0, ""len_diff"": 1}",automatic_only
phoneme:np:/mʌ/,phoneme:np:/ʌi/,np,confusable_with,0.4,"{""ipa_sim"": 0.5, ""len_diff"": 0}",automatic_only
phoneme:np:/mʌ/,phoneme:np:/ʌu/,np,confusable_with,0.4,"{""ipa_sim"": 0.5, ""len_diff"": 0}",automatic_only
phoneme:np:/mʌ/,phoneme:np:/ʌhʌ/,np,confusable_with,0.483,"{""ipa_sim"": 0.667, ""len_diff"": 1}",automatic_only
phoneme:np:/mʌ/,phoneme:np:/kʌ/,np,confusable_with,0.4,"{""ipa_sim"": 0.5, ""len_diff"": 0}",automatic_only
phoneme:np:/mʌ/,phoneme:np:/kʰʌ/,np,confusable_with,0.483,"{""ipa_sim"": 0.667, ""len_diff"": 1}",automatic_only
phoneme:np:/mʌ/,phoneme:np:/ɡʌ/,np,confusable_with,0.4,"{""ipa_sim"": 0.5, ""len_diff"": 0}",automatic_only
phoneme:np:/mʌ/,phoneme:np:/ɡʱʌ/,np,confusable_with,0.483,"{""ipa_sim"": 0.667, ""len_diff"": 1}",automatic_only
phoneme:np:/mʌ/,phoneme:np:/ŋʌ/,np,confusable_with,0.4,"{""ipa_sim"": 0.5, ""len_diff"": 0}",automatic_only
phoneme:np:/mʌ/,phoneme:np:/tsʌ/,np,confusable_with,0.483,"{""ipa_sim"": 0.667, ""len_diff"": 1}",automatic_only
phoneme:np:/mʌ/,phoneme:np:/dzʌ/,np,confusable_with,0.483,"{""ipa_sim"": 0.667, ""len_diff"": 1}",automatic_only
phoneme:np:/mʌ/,phoneme:np:/ʈʌ/,np,confusable_with,0.4,"{""ipa_sim"": 0.5, ""len_diff"": 0}",automatic_only
phoneme:np:/mʌ/,phoneme:np:/ʈʰʌ/,np,confusable_with,0.483,"{""ipa_sim"": 0.667, ""len_diff"": 1}",automatic_only
phoneme:np:/mʌ/,phoneme:np:/ɖʌ/,np,confusable_with,0.4,"{""ipa_sim"": 0.5, ""len_diff"": 0}",automatic_only
phoneme:np:/mʌ/,phoneme:np:/ɖʱʌ/,np,confusable_with,0.483,"{""ipa_sim"": 0.667, ""len_diff"": 1}",automatic_only
phoneme:np:/mʌ/,phoneme:np:/tʌ/,np,confusable_with,0.4,"{""ipa_sim"": 0.5, ""len_diff"": 0}",automatic_only
phoneme:np:/mʌ/,phoneme:np:/tʰʌ/,np,confusable_with,0.483,"{""ipa_sim"": 0.667, ""len_diff"": 1}",automatic_only
phoneme:np:/mʌ/,phoneme:np:/dʌ/,np,confusable_with,0.4,"{""ipa_sim"": 0.5, ""len_diff"": 0}",automatic_only
phoneme:np:/mʌ/,phoneme:np:/dʱʌ/,np,confusable_with,0.483,"{""ipa_sim"": 0.667, ""len_diff"": 1}",automatic_only
phoneme:np:/mʌ/,phoneme:np:/nʌ/,np,confusable_with,0.4,"{""ipa_sim"": 0.5, ""len_diff"": 0}",automatic_only
phoneme:np:/mʌ/,phoneme:np:/pʌ/,np,confusable_with,0.4,"{""ipa_sim"": 0.5, ""len_diff"": 0}",automatic_only
phoneme:np:/mʌ/,phoneme:np:/bʌ/,np,confusable_with,0.4,"{""ipa_sim"": 0.5, ""len_diff"": 0}",automatic_only
phoneme:np:/mʌ/,phoneme:np:/bʱʌ/,np,confusable_with,0.483,"{""ipa_sim"": 0.667, ""len_diff"": 1}",automatic_only
phoneme:np:/mʌ/,phoneme:np:/jʌ/,np,confusable_with,0.4,"{""ipa_sim"": 0.5, ""len_diff"": 0}",automatic_only
phoneme:np:/mʌ/,phoneme:np:/rʌ/,np,confusable_with,0.4,"{""ipa_sim"": 0.5, ""len_diff"": 0}",automatic_only
phoneme:np:/mʌ/,phoneme:np:/lʌ/,np,confusable_with,0.4,"{""ipa_sim"": 0.5, ""len_diff"": 0}",automatic_only
phoneme:np:/mʌ/,phoneme:np:/sʌ/,np,confusable_with,0.4,"{""ipa_sim"": 0.5, ""len_diff"": 0}",automatic_only
phoneme:np:/mʌ/,phoneme:np:/hʌ/,np,confusable_with,0.4,"{""ipa_sim"": 0.5, ""len_diff"": 0}",automatic_only
phoneme:np:/mʌ/,phoneme:np:/ksʌ/,np,confusable_with,0.483,"{""ipa_sim"": 0.667, ""len_diff"": 1}",automatic_only
phoneme:np:/mʌ/,phoneme:np:/trʌ/,np,confusable_with,0.483,"{""ipa_sim"": 0.667, ""len_diff"": 1}",automatic_only
phoneme:np:/mʌ/,phoneme:np:/srʌ/,np,confusable_with,0.483,"{""ipa_sim"": 0.667, ""len_diff"": 1}",automatic_only
phoneme:np:/mʌ/,phoneme:np:/djʌ/,np,confusable_with,0.483,"{""ipa_sim"": 0.667, ""len_diff"": 1}",automatic_only
phoneme:np:/mʌ/,phoneme:np:/dwʌ/,np,confusable_with,0.483,"{""ipa_sim"": 0.667, ""len_diff"": 1}",automatic_only
phoneme:np:/mʌ/,phoneme:np:/ttʌ/,np,confusable_with,0.483,"{""ipa_sim"": 0.667, ""len_diff"": 1}",automatic_only
phoneme:np:/jʌ/,phoneme:np:/ʌ/,np,confusable_with,0.75,"{""ipa_sim"": 1.0, ""len_diff"": 1}",automatic_only
phoneme:np:/jʌ/,phoneme:np:/ʌi/,np,confusable_with,0.4,"{""ipa_sim"": 0.5, ""len_diff"": 0}",automatic_only
phoneme:np:/jʌ/,phoneme:np:/ʌu/,np,confusable_with,0.4,"{""ipa_sim"": 0.5, ""len_diff"": 0}",automatic_only
phoneme:np:/jʌ/,phoneme:np:/ʌhʌ/,np,confusable_with,0.483,"{""ipa_sim"": 0.667, ""len_diff"": 1}",automatic_only
phoneme:np:/jʌ/,phoneme:np:/kʌ/,np,confusable_with,0.4,"{""ipa_sim"": 0.5, ""len_diff"": 0}",automatic_only
phoneme:np:/jʌ/,phoneme:np:/kʰʌ/,np,confusable_with,0.483,"{""ipa_sim"": 0.667, ""len_diff"": 1}",automatic_only
phoneme:np:/jʌ/,phoneme:np:/ɡʌ/,np,confusable_with,0.4,"{""ipa_sim"": 0.5, ""len_diff"": 0}",automatic_only
phoneme:np:/jʌ/,phoneme:np:/ɡʱʌ/,np,confusable_with,0.483,"{""ipa_sim"": 0.667, ""len_diff"": 1}",automatic_only
phoneme:np:/jʌ/,phoneme:np:/ŋʌ/,np,confusable_with,0.4,"{""ipa_sim"": 0.5, ""len_diff"": 0}",automatic_only
phoneme:np:/jʌ/,phoneme:np:/tsʌ/,np,confusable_with,0.483,"{""ipa_sim"": 0.667, ""len_diff"": 1}",automatic_only
phoneme:np:/jʌ/,phoneme:np:/dzʌ/,np,confusable_with,0.483,"{""ipa_sim"": 0.667, ""len_diff"": 1}",automatic_only
phoneme:np:/jʌ/,phoneme:np:/ʈʌ/,np,confusable_with,0.4,"{""ipa_sim"": 0.5, ""len_diff"": 0}",automatic_only
phoneme:np:/jʌ/,phoneme:np:/ʈʰʌ/,np,confusable_with,0.483,"{""ipa_sim"": 0.667, ""len_diff"": 1}",automatic_only
phoneme:np:/jʌ/,phoneme:np:/ɖʌ/,np,confusable_with,0.4,"{""ipa_sim"": 0.5, ""len_diff"": 0}",automatic_only
phoneme:np:/jʌ/,phoneme:np:/ɖʱʌ/,np,confusable_with,0.483,"{""ipa_sim"": 0.667, ""len_diff"": 1}",automatic_only
phoneme:np:/jʌ/,phoneme:np:/tʌ/,np,confusable_with,0.4,"{""ipa_sim"": 0.5, ""len_diff"": 0}",automatic_only
phoneme:np:/jʌ/,phoneme:np:/tʰʌ/,np,confusable_with,0.483,"{""ipa_sim"": 0.667, ""len_diff"": 1}",automatic_only
phoneme:np:/jʌ/,phoneme:np:/dʌ/,np,confusable_with,0.4,"{""ipa_sim"": 0.5, ""len_diff"": 0}",automatic_only
phoneme:np:/jʌ/,phoneme:np:/dʱʌ/,np,confusable_with,0.483,"{""ipa_sim"": 0.667, ""len_diff"": 1}",automatic_only
phoneme:np:/jʌ/,phoneme:np:/nʌ/,np,confusable_with,0.4,"{""ipa_sim"": 0.5, ""len_diff"": 0}",automatic_only
phoneme:np:/jʌ/,phoneme:np:/pʌ/,np,confusable_with,0.4,"{""ipa_sim"": 0.5, ""len_diff"": 0}",automatic_only
phoneme:np:/jʌ/,phoneme:np:/bʌ/,np,confusable_with,0.4,"{""ipa_sim"": 0.5, ""len_diff"": 0}",automatic_only
phoneme:np:/jʌ/,phoneme:np:/bʱʌ/,np,confusable_with,0.483,"{""ipa_sim"": 0.667, ""len_diff"": 1}",automatic_only
phoneme:np:/jʌ/,phoneme:np:/mʌ/,np,confusable_with,0.4,"{""ipa_sim"": 0.5, ""len_diff"": 0}",automatic_only
phoneme:np:/jʌ/,phoneme:np:/rʌ/,np,confusable_with,0.4,"{""ipa_sim"": 0.5, ""len_diff"": 0}",automatic_only
phoneme:np:/jʌ/,phoneme:np:/lʌ/,np,confusable_with,0.4,"{""ipa_sim"": 0.5, ""len_diff"": 0}",automatic_only
phoneme:np:/jʌ/,phoneme:np:/sʌ/,np,confusable_with,0.4,"{""ipa_sim"": 0.5, ""len_diff"": 0}",automatic_only
phoneme:np:/jʌ/,phoneme:np:/hʌ/,np,confusable_with,0.4,"{""ipa_sim"": 0.5, ""len_diff"": 0}",automatic_only
phoneme:np:/jʌ/,phoneme:np:/ksʌ/,np,confusable_with,0.483,"{""ipa_sim"": 0.667, ""len_diff"": 1}",automatic_only
phoneme:np:/jʌ/,phoneme:np:/trʌ/,np,confusable_with,0.483,"{""ipa_sim"": 0.667, ""len_diff"": 1}",automatic_only
phoneme:np:/jʌ/,phoneme:np:/ɡjʌ̃/,np,confusable_with,0.5,"{""ipa_sim"": 0.75, ""len_diff"": 2}",automatic_only
phoneme:np:/jʌ/,phoneme:np:/srʌ/,np,confusable_with,0.483,"{""ipa_sim"": 0.667, ""len_diff"": 1}",automatic_only
phoneme:np:/jʌ/,phoneme:np:/djʌ/,np,confusable_with,0.75,"{""ipa_sim"": 1.0, ""len_diff"": 1}",automatic_only
phoneme:np:/jʌ/,phoneme:np:/dwʌ/,np,confusable_with,0.483,"{""ipa_sim"": 0.667, ""len_diff"": 1}",automatic_only
phoneme:np:/jʌ/,phoneme:np:/ttʌ/,np,confusable_with,0.483,"{""ipa_sim"": 0.667, ""len_diff"": 1}",automatic_only
phoneme:np:/rʌ/,phoneme:np:/ʌ/,np,confusable_with,0.75,"{""ipa_sim"": 1.0, ""len_diff"": 1}",automatic_only
phoneme:np:/rʌ/,phoneme:np:/ʌi/,np,confusable_with,0.4,"{""ipa_sim"": 0.5, ""len_diff"": 0}",automatic_only
phoneme:np:/rʌ/,phoneme:np:/ʌu/,np,confusable_with,0.4,"{""ipa_sim"": 0.5, ""len_diff"": 0}",automatic_only
phoneme:np:/rʌ/,phoneme:np:/ri/,np,confusable_with,0.4,"{""ipa_sim"": 0.5, ""len_diff"": 0}",automatic_only
phoneme:np:/rʌ/,phoneme:np:/ʌhʌ/,np,confusable_with,0.483,"{""ipa_sim"": 0.667, ""len_diff"": 1}",automatic_only
phoneme:np:/rʌ/,phoneme:np:/kʌ/,np,confusable_with,0.4,"{""ipa_sim"": 0.5, ""len_diff"": 0}",automatic_only
phoneme:np:/rʌ/,phoneme:np:/kʰʌ/,np,confusable_with,0.483,"{""ipa_sim"": 0.667, ""len_diff"": 1}",automatic_only
phoneme:np:/rʌ/,phoneme:np:/ɡʌ/,np,confusable_with,0.4,"{""ipa_sim"": 0.5, ""len_diff"": 0}",automatic_only
phoneme:np:/rʌ/,phoneme:np:/ɡʱʌ/,np,confusable_with,0.483,"{""ipa_sim"": 0.667, ""len_diff"": 1}",automatic_only
phoneme:np:/rʌ/,phoneme:np:/ŋʌ/,np,confusable_with,0.4,"{""ipa_sim"": 0.5, ""len_diff"": 0}",automatic_only
phoneme:np:/rʌ/,phoneme:np:/tsʌ/,np,confusable_with,0.483,"{""ipa_sim"": 0.667, ""len_diff"": 1}",automatic_only
phoneme:np:/rʌ/,phoneme:np:/dzʌ/,np,confusable_with,0.483,"{""ipa_sim"": 0.667, ""len_diff"": 1}",automatic_only
phoneme:np:/rʌ/,phoneme:np:/ʈʌ/,np,confusable_with,0.4,"{""ipa_sim"": 0.5, ""len_diff"": 0}",automatic_only
phoneme:np:/rʌ/,phoneme:np:/ʈʰʌ/,np,confusable_with,0.483,"{""ipa_sim"": 0.667, ""len_diff"": 1}",automatic_only
phoneme:np:/rʌ/,phoneme:np:/ɖʌ/,np,confusable_with,0.4,"{""ipa_sim"": 0.5, ""len_diff"": 0}",automatic_only
phoneme:np:/rʌ/,phoneme:np:/ɖʱʌ/,np,confusable_with,0.483,"{""ipa_sim"": 0.667, ""len_diff"": 1}",automatic_only
phoneme:np:/rʌ/,phoneme:np:/tʌ/,np,confusable_with,0.4,"{""ipa_sim"": 0.5, ""len_diff"": 0}",automatic_only
phoneme:np:/rʌ/,phoneme:np:/tʰʌ/,np,confusable_with,0.483,"{""ipa_sim"": 0.667, ""len_diff"": 1}",automatic_only
phoneme:np:/rʌ/,phoneme:np:/dʌ/,np,confusable_with,0.4,"{""ipa_sim"": 0.5, ""len_diff"": 0}",automatic_only
phoneme:np:/rʌ/,phoneme:np:/dʱʌ/,np,confusable_with,0.483,"{""ipa_sim"": 0.667, ""len_diff"": 1}",automatic_only
phoneme:np:/rʌ/,phoneme:np:/nʌ/,np,confusable_with,0.4,"{""ipa_sim"": 0.5, ""len_diff"": 0}",automatic_only
phoneme:np:/rʌ/,phoneme:np:/pʌ/,np,confusable_with,0.4,"{""ipa_sim"": 0.5, ""len_diff"": 0}",automatic_only
phoneme:np:/rʌ/,phoneme:np:/bʌ/,np,confusable_with,0.4,"{""ipa_sim"": 0.5, ""len_diff"": 0}",automatic_only
phoneme:np:/rʌ/,phoneme:np:/bʱʌ/,np,confusable_with,0.483,"{""ipa_sim"": 0.667, ""len_diff"": 1}",automatic_only
phoneme:np:/rʌ/,phoneme:np:/mʌ/,np,confusable_with,0.4,"{""ipa_sim"": 0.5, ""len_diff"": 0}",automatic_only
phoneme:np:/rʌ/,phoneme:np:/jʌ/,np,confusable_with,0.4,"{""ipa_sim"": 0.5, ""len_diff"": 0}",automatic_only
phoneme:np:/rʌ/,phoneme:np:/lʌ/,np,confusable_with,0.4,"{""ipa_sim"": 0.5, ""len_diff"": 0}",automatic_only
phoneme:np:/rʌ/,phoneme:np:/sʌ/,np,confusable_with,0.4,"{""ipa_sim"": 0.5, ""len_diff"": 0}",automatic_only
phoneme:np:/rʌ/,phoneme:np:/hʌ/,np,confusable_with,0.4,"{""ipa_sim"": 0.5, ""len_diff"": 0}",automatic_only
phoneme:np:/rʌ/,phoneme:np:/ksʌ/,np,confusable_with,0.483,"{""ipa_sim"": 0.667, ""len_diff"": 1}",automatic_only
phoneme:np:/rʌ/,phoneme:np:/trʌ/,np,confusable_with,0.75,"{""ipa_sim"": 1.0, ""len_diff"": 1}",automatic_only
phoneme:np:/rʌ/,phoneme:np:/srʌ/,np,confusable_with,0.75,"{""ipa_sim"": 1.0, ""len_diff"": 1}",automatic_only
phoneme:np:/rʌ/,phoneme:np:/djʌ/,np,confusable_with,0.483,"{""ipa_sim"": 0.667, ""len_diff"": 1}",automatic_only
phoneme:np:/rʌ/,phoneme:np:/dwʌ/,np,confusable_with,0.483,"{""ipa_sim"": 0.667, ""len_diff"": 1}",automatic_only
phoneme:np:/rʌ/,phoneme:np:/ttʌ/,np,confusable_with,0.483,"{""ipa_sim"": 0.667, ""len_diff"": 1}",automatic_only
phoneme:np:/lʌ/,phoneme:np:/ʌ/,np,confusable_with,0.75,"{""ipa_sim"": 1.0, ""len_diff"": 1}",automatic_only
phoneme:np:/lʌ/,phoneme:np:/ʌi/,np,confusable_with,0.4,"{""ipa_sim"": 0.5, ""len_diff"": 0}",automatic_only
phoneme:np:/lʌ/,phoneme:np:/ʌu/,np,confusable_with,0.4,"{""ipa_sim"": 0.5, ""len_diff"": 0}",automatic_only
phoneme:np:/lʌ/,phoneme:np:/ʌhʌ/,np,confusable_with,0.483,"{""ipa_sim"": 0.667, ""len_diff"": 1}",automatic_only
phoneme:np:/lʌ/,phoneme:np:/kʌ/,np,confusable_with,0.4,"{""ipa_sim"": 0.5, ""len_diff"": 0}",automatic_only
phoneme:np:/lʌ/,phoneme:np:/kʰʌ/,np,confusable_with,0.483,"{""ipa_sim"": 0.667, ""len_diff"": 1}",automatic_only
phoneme:np:/lʌ/,phoneme:np:/ɡʌ/,np,confusable_with,0.4,"{""ipa_sim"": 0.5, ""len_diff"": 0}",automatic_only
phoneme:np:/lʌ/,phoneme:np:/ɡʱʌ/,np,confusable_with,0.483,"{""ipa_sim"": 0.667, ""len_diff"": 1}",automatic_only
phoneme:np:/lʌ/,phoneme:np:/ŋʌ/,np,confusable_with,0.4,"{""ipa_sim"": 0.5, ""len_diff"": 0}",automatic_only
phoneme:np:/lʌ/,phoneme:np:/tsʌ/,np,confusable_with,0.483,"{""ipa_sim"": 0.667, ""len_diff"": 1}",automatic_only
phoneme:np:/lʌ/,phoneme:np:/dzʌ/,np,confusable_with,0.483,"{""ipa_sim"": 0.667, ""len_diff"": 1}",automatic_only
phoneme:np:/lʌ/,phoneme:np:/ʈʌ/,np,confusable_with,0.4,"{""ipa_sim"": 0.5, ""len_diff"": 0}",automatic_only
phoneme:np:/lʌ/,phoneme:np:/ʈʰʌ/,np,confusable_with,0.483,"{""ipa_sim"": 0.667, ""len_diff"": 1}",automatic_only
phoneme:np:/lʌ/,phoneme:np:/ɖʌ/,np,confusable_with,0.4,"{""ipa_sim"": 0.5, ""len_diff"": 0}",automatic_only
phoneme:np:/lʌ/,phoneme:np:/ɖʱʌ/,np,confusable_with,0.483,"{""ipa_sim"": 0.667, ""len_diff"": 1}",automatic_only
phoneme:np:/lʌ/,phoneme:np:/tʌ/,np,confusable_with,0.4,"{""ipa_sim"": 0.5, ""len_diff"": 0}",automatic_only
phoneme:np:/lʌ/,phoneme:np:/tʰʌ/,np,confusable_with,0.483,"{""ipa_sim"": 0.667, ""len_diff"": 1}",automatic_only
phoneme:np:/lʌ/,phoneme:np:/dʌ/,np,confusable_with,0.4,"{""ipa_sim"": 0.5, ""len_diff"": 0}",automatic_only
phoneme:np:/lʌ/,phoneme:np:/dʱʌ/,np,confusable_with,0.483,"{""ipa_sim"": 0.667, ""len_diff"": 1}",automatic_only
phoneme:np:/lʌ/,phoneme:np:/nʌ/,np,confusable_with,0.4,"{""ipa_sim"": 0.5, ""len_diff"": 0}",automatic_only
phoneme:np:/lʌ/,phoneme:np:/pʌ/,np,confusable_with,0.4,"{""ipa_sim"": 0.5, ""len_diff"": 0}",automatic_only
phoneme:np:/lʌ/,phoneme:np:/bʌ/,np,confusable_with,0.4,"{""ipa_sim"": 0.5, ""len_diff"": 0}",automatic_only
phoneme:np:/lʌ/,phoneme:np:/bʱʌ/,np,confusable_with,0.483,"{""ipa_sim"": 0.667, ""len_diff"": 1}",automatic_only
phoneme:np:/lʌ/,phoneme:np:/mʌ/,np,confusable_with,0.4,"{""ipa_sim"": 0.5, ""len_diff"": 0}",automatic_only
phoneme:np:/lʌ/,phoneme:np:/jʌ/,np,confusable_with,0.4,"{""ipa_sim"": 0.5, ""len_diff"": 0}",automatic_only
phoneme:np:/lʌ/,phoneme:np:/rʌ/,np,confusable_with,0.4,"{""ipa_sim"": 0.5, ""len_diff"": 0}",automatic_only
phoneme:np:/lʌ/,phoneme:np:/sʌ/,np,confusable_with,0.4,"{""ipa_sim"": 0.5, ""len_diff"": 0}",automatic_only
phoneme:np:/lʌ/,phoneme:np:/hʌ/,np,confusable_with,0.4,"{""ipa_sim"": 0.5, ""len_diff"": 0}",automatic_only
phoneme:np:/lʌ/,phoneme:np:/ksʌ/,np,confusable_with,0.483,"{""ipa_sim"": 0.667, ""len_diff"": 1}",automatic_only
phoneme:np:/lʌ/,phoneme:np:/trʌ/,np,confusable_with,0.483,"{""ipa_sim"": 0.667, ""len_diff"": 1}",automatic_only
phoneme:np:/lʌ/,phoneme:np:/srʌ/,np,confusable_with,0.483,"{""ipa_sim"": 0.667, ""len_diff"": 1}",automatic_only
phoneme:np:/lʌ/,phoneme:np:/djʌ/,np,confusable_with,0.483,"{""ipa_sim"": 0.667, ""len_diff"": 1}",automatic_only
phoneme:np:/lʌ/,phoneme:np:/dwʌ/,np,confusable_with,0.483,"{""ipa_sim"": 0.667, ""len_diff"": 1}",automatic_only
phoneme:np:/lʌ/,phoneme:np:/ttʌ/,np,confusable_with,0.483,"{""ipa_sim"": 0.667, ""len_diff"": 1}",automatic_only
phoneme:np:/wʌ/ or /bʌ/,phoneme:np:/ʌm/ or /ʌ̃/,np,confusable_with,0.6,"{""ipa_sim"": 0.75, ""len_diff"": 0}",automatic_only
phoneme:np:/wʌ/ or /bʌ/,phoneme:np:/pʰʌ/ or /fʌ/,np,confusable_with,0.572,"{""ipa_sim"": 0.778, ""len_diff"": 1}",automatic_only
phoneme:np:/sʌ/,phoneme:np:/ʌ/,np,confusable_with,0.75,"{""ipa_sim"": 1.0, ""len_diff"": 1}",automatic_only
phoneme:np:/sʌ/,phoneme:np:/ʌi/,np,confusable_with,0.4,"{""ipa_sim"": 0.5, ""len_diff"": 0}",automatic_only
phoneme:np:/sʌ/,phoneme:np:/ʌu/,np,confusable_with,0.4,"{""ipa_sim"": 0.5, ""len_diff"": 0}",automatic_only
phoneme:np:/sʌ/,phoneme:np:/ʌhʌ/,np,confusable_with,0.483,"{""ipa_sim"": 0.667, ""len_diff"": 1}",automatic_only
phoneme:np:/sʌ/,phoneme:np:/kʌ/,np,confusable_with,0.4,"{""ipa_sim"": 0.5, ""len_diff"": 0}",automatic_only
phoneme:np:/sʌ/,phoneme:np:/kʰʌ/,np,confusable_with,0.483,"{""ipa_sim"": 0.667, ""len_diff"": 1}",automatic_only
phoneme:np:/sʌ/,phoneme:np:/ɡʌ/,np,confusable_with,0.4,"{""ipa_sim"": 0.5, ""len_diff"": 0}",automatic_only
phoneme:np:/sʌ/,phoneme:np:/ɡʱʌ/,np,confusable_with,0.483,"{""ipa_sim"": 0.667, ""len_diff"": 1}",automatic_only
phoneme:np:/sʌ/,phoneme:np:/ŋʌ/,np,confusable_with,0.4,"{""ipa_sim"": 0.5, ""len_diff"": 0}",automatic_only
phoneme:np:/sʌ/,phoneme:np:/tsʌ/,np,confusable_with,0.75,"{""ipa_sim"": 1.0, ""len_diff"": 1}",automatic_only
phoneme:np:/sʌ/,phoneme:np:/tsʰʌ/,np,confusable_with,0.5,"{""ipa_sim"": 0.75, ""len_diff"": 2}",automatic_only
phoneme:np:/sʌ/,phoneme:np:/dzʌ/,np,confusable_with,0.483,"{""ipa_sim"": 0.667, ""len_diff"": 1}",automatic_only
phoneme:np:/sʌ/,phoneme:np:/ʈʌ/,np,confusable_with,0.4,"{""ipa_sim"": 0.5, ""len_diff"": 0}",automatic_only
phoneme:np:/sʌ/,phoneme:np:/ʈʰʌ/,np,confusable_with,0.483,"{""ipa_sim"": 0.667, ""len_diff"": 1}",automatic_only
phoneme:np:/sʌ/,phoneme:np:/ɖʌ/,np,confusable_with,0.4,"{""ipa_sim"": 0.5, ""len_diff"": 0}",automatic_only
phoneme:np:/sʌ/,phoneme:np:/ɖʱʌ/,np,confusable_with,0.483,"{""ipa_sim"": 0.667, ""len_diff"": 1}",automatic_only
phoneme:np:/sʌ/,phoneme:np:/tʌ/,np,confusable_with,0.4,"{""ipa_sim"": 0.5, ""len_diff"": 0}",automatic_only
phoneme:np:/sʌ/,phoneme:np:/tʰʌ/,np,confusable_with,0.483,"{""ipa_sim"": 0.667, ""len_diff"": 1}",automatic_only
phoneme:np:/sʌ/,phoneme:np:/dʌ/,np,confusable_with,0.4,"{""ipa_sim"": 0.5, ""len_diff"": 0}",automatic_only
phoneme:np:/sʌ/,phoneme:np:/dʱʌ/,np,confusable_with,0.483,"{""ipa_sim"": 0.667, ""len_diff"": 1}",automatic_only
phoneme:np:/sʌ/,phoneme:np:/nʌ/,np,confusable_with,0.4,"{""ipa_sim"": 0.5, ""len_diff"": 0}",automatic_only
phoneme:np:/sʌ/,phoneme:np:/pʌ/,np,confusable_with,0.4,"{""ipa_sim"": 0.5, ""len_diff"": 0}",automatic_only
phoneme:np:/sʌ/,phoneme:np:/bʌ/,np,confusable_with,0.4,"{""ipa_sim"": 0.5, ""len_diff"": 0}",automatic_only
phoneme:np:/sʌ/,phoneme:np:/bʱʌ/,np,confusable_with,0.483,"{""ipa_sim"": 0.667, ""len_diff"": 1}",automatic_only
phoneme:np:/sʌ/,phoneme:np:/mʌ/,np,confusable_with,0.4,"{""ipa_sim"": 0.5, ""len_diff"": 0}",automatic_only
phoneme:np:/sʌ/,phoneme:np:/jʌ/,np,confusable_with,0.4,"{""ipa_sim"": 0.5, ""len_diff"": 0}",automatic_only
phoneme:np:/sʌ/,phoneme:np:/rʌ/,np,confusable_with,0.4,"{""ipa_sim"": 0.5, ""len_diff"": 0}",automatic_only
phoneme:np:/sʌ/,phoneme:np:/lʌ/,np,confusable_with,0.4,"{""ipa_sim"": 0.5, ""len_diff"": 0}",automatic_only
phoneme:np:/sʌ/,phoneme:np:/hʌ/,np,confusable_with,0.4,"{""ipa_sim"": 0.5, ""len_diff"": 0}",automatic_only
phoneme:np:/sʌ/,phoneme:np:/ksʌ/,np,confusable_with,0.75,"{""ipa_sim"": 1.0, ""len_diff"": 1}",automatic_only
phoneme:np:/sʌ/,phoneme:np:/trʌ/,np,confusable_with,0.483,"{""ipa_sim"": 0.667, ""len_diff"": 1}",automatic_only
phoneme:np:/sʌ/,phoneme:np:/srʌ/,np,confusable_with,0.75,"{""ipa_sim"": 1.0, ""len_diff"": 1}",automatic_only
phoneme:np:/sʌ/,phoneme:np:/djʌ/,np,confusable_with,0.483,"{""ipa_sim"": 0.667, ""len_diff"": 1}",automatic_only
phoneme:np:/sʌ/,phoneme:np:/dwʌ/,np,confusable_with,0.483,"{""ipa_sim"": 0.667, ""len_diff"": 1}",automatic_only
phoneme:np:/sʌ/,phoneme:np:/ttʌ/,np,confusable_with,0.483,"{""ipa_sim"": 0.667, ""len_diff"": 1}",automatic_only
phoneme:np:/hʌ/,phoneme:np:/ʌ/,np,confusable_with,0.75,"{""ipa_sim"": 1.0, ""len_diff"": 1}",automatic_only
phoneme:np:/hʌ/,phoneme:np:/ʌi/,np,confusable_with,0.4,"{""ipa_sim"": 0.5, ""len_diff"": 0}",automatic_only
phoneme:np:/hʌ/,phoneme:np:/ʌu/,np,confusable_with,0.4,"{""ipa_sim"": 0.5, ""len_diff"": 0}",automatic_only
phoneme:np:/hʌ/,phoneme:np:/ʌhʌ/,np,confusable_with,0.75,"{""ipa_sim"": 1.0, ""len_diff"": 1}",automatic_only
phoneme:np:/hʌ/,phoneme:np:/kʌ/,np,confusable_with,0.4,"{""ipa_sim"": 0.5, ""len_diff"": 0}",automatic_only
phoneme:np:/hʌ/,phoneme:np:/kʰʌ/,np,confusable_with,0.483,"{""ipa_sim"": 0.667, ""len_diff"": 1}",automatic_only
phoneme:np:/hʌ/,phoneme:np:/ɡʌ/,np,confusable_with,0.4,"{""ipa_sim"": 0.5, ""len_diff"": 0}",automatic_only
phoneme:np:/hʌ/,phoneme:np:/ɡʱʌ/,np,confusable_with,0.483,"{""ipa_sim"": 0.667, ""len_diff"": 1}",automatic_only
phoneme:np:/hʌ/,phoneme:np:/ŋʌ/,np,confusable_with,0.4,"{""ipa_sim"": 0.5, ""len_diff"": 0}",automatic_only
phoneme:np:/hʌ/,phoneme:np:/tsʌ/,np,confusable_with,0.483,"{""ipa_sim"": 0.667, ""len_diff"": 1}",automatic_only
phoneme:np:/hʌ/,phoneme:np:/dzʌ/,np,confusable_with,0.483,"{""ipa_sim"": 0.667, ""len_diff"": 1}",automatic_only
phoneme:np:/hʌ/,phoneme:np:/ʈʌ/,np,confusable_with,0.4,"{""ipa_sim"": 0.5, ""len_diff"": 0}",automatic_only
phoneme:np:/hʌ/,phoneme:np:/ʈʰʌ/,np,confusable_with,0.483,"{""ipa_sim"": 0.667, ""len_diff"": 1}",automatic_only
phoneme:np:/hʌ/,phoneme:np:/ɖʌ/,np,confusable_with,0.4,"{""ipa_sim"": 0.5, ""len_diff"": 0}",automatic_only
phoneme:np:/hʌ/,phoneme:np:/ɖʱʌ/,np,confusable_with,0.483,"{""ipa_sim"": 0.667, ""len_diff"": 1}",automatic_only
phoneme:np:/hʌ/,phoneme:np:/tʌ/,np,confusable_with,0.4,"{""ipa_sim"": 0.5, ""len_diff"": 0}",automatic_only
phoneme:np:/hʌ/,phoneme:np:/tʰʌ/,np,confusable_with,0.483,"{""ipa_sim"": 0.667, ""len_diff"": 1}",automatic_only
phoneme:np:/hʌ/,phoneme:np:/dʌ/,np,confusable_with,0.4,"{""ipa_sim"": 0.5, ""len_diff"": 0}",automatic_only
phoneme:np:/hʌ/,phoneme:np:/dʱʌ/,np,confusable_with,0.483,"{""ipa_sim"": 0.667, ""len_diff"": 1}",automatic_only
phoneme:np:/hʌ/,phoneme:np:/nʌ/,np,confusable_with,0.4,"{""ipa_sim"": 0.5, ""len_diff"": 0}",automatic_only
phoneme:np:/hʌ/,phoneme:np:/pʌ/,np,confusable_with,0.4,"{""ipa_sim"": 0.5, ""len_diff"": 0}",automatic_only
phoneme:np:/hʌ/,phoneme:np:/bʌ/,np,confusable_with,0.4,"{""ipa_sim"": 0.5, ""len_diff"": 0}",automatic_only
phoneme:np:/hʌ/,phoneme:np:/bʱʌ/,np,confusable_with,0.483,"{""ipa_sim"": 0.667, ""len_diff"": 1}",automatic_only
phoneme:np:/hʌ/,phoneme:np:/mʌ/,np,confusable_with,0.4,"{""ipa_sim"": 0.5, ""len_diff"": 0}",automatic_only
phoneme:np:/hʌ/,phoneme:np:/jʌ/,np,confusable_with,0.4,"{""ipa_sim"": 0.5, ""len_diff"": 0}",automatic_only
phoneme:np:/hʌ/,phoneme:np:/rʌ/,np,confusable_with,0.4,"{""ipa_sim"": 0.5, ""len_diff"": 0}",automatic_only
phoneme:np:/hʌ/,phoneme:np:/lʌ/,np,confusable_with,0.4,"{""ipa_sim"": 0.5, ""len_diff"": 0}",automatic_only
phoneme:np:/hʌ/,phoneme:np:/sʌ/,np,confusable_with,0.4,"{""ipa_sim"": 0.5, ""len_diff"": 0}",automatic_only
phoneme:np:/hʌ/,phoneme:np:/ksʌ/,np,confusable_with,0.483,"{""ipa_sim"": 0.667, ""len_diff"": 1}",automatic_only
phoneme:np:/hʌ/,phoneme:np:/trʌ/,np,confusable_with,0.483,"{""ipa_sim"": 0.667, ""len_diff"": 1}",automatic_only
phoneme:np:/hʌ/,phoneme:np:/srʌ/,np,confusable_with,0.483,"{""ipa_sim"": 0.667, ""len_diff"": 1}",automatic_only
phoneme:np:/hʌ/,phoneme:np:/djʌ/,np,confusable_with,0.483,"{""ipa_sim"": 0.667, ""len_diff"": 1}",automatic_only
phoneme:np:/hʌ/,phoneme:np:/dwʌ/,np,confusable_with,0.483,"{""ipa_sim"": 0.667, ""len_diff"": 1}",automatic_only
phoneme:np:/hʌ/,phoneme:np:/ttʌ/,np,confusable_with,0.483,"{""ipa_sim"": 0.667, ""len_diff"": 1}",automatic_only
phoneme:np:/ksʌ/,phoneme:np:/ʌ/,np,confusable_with,0.433,"{""ipa_sim"": 0.667, ""len_diff"": 2}",automatic_only
phoneme:np:/ksʌ/,phoneme:np:/ʌi/,np,confusable_with,0.483,"{""ipa_sim"": 0.667, ""len_diff"": 1}",automatic_only
phoneme:np:/ksʌ/,phoneme:np:/ʌu/,np,confusable_with,0.483,"{""ipa_sim"": 0.667, ""len_diff"": 1}",automatic_only
phoneme:np:/ksʌ/,phoneme:np:/kʌ/,np,confusable_with,0.75,"{""ipa_sim"": 1.0, ""len_diff"": 1}",automatic_only
phoneme:np:/ksʌ/,phoneme:np:/kʰʌ/,np,confusable_with,0.533,"{""ipa_sim"": 0.667, ""len_diff"": 0}",automatic_only
phoneme:np:/ksʌ/,phoneme:np:/ɡʌ/,np,confusable_with,0.483,"{""ipa_sim"": 0.667, ""len_diff"": 1}",automatic_only
phoneme:np:/ksʌ/,phoneme:np:/ŋʌ/,np,confusable_with,0.483,"{""ipa_sim"": 0.667, ""len_diff"": 1}",automatic_only
phoneme:np:/ksʌ/,phoneme:np:/tsʌ/,np,confusable_with,0.533,"{""ipa_sim"": 0.667, ""len_diff"": 0}",automatic_only
phoneme:np:/ksʌ/,phoneme:np:/tsʰʌ/,np,confusable_with,0.55,"{""ipa_sim"": 0.75, ""len_diff"": 1}",automatic_only
phoneme:np:/ksʌ/,phoneme:np:/dzʱʌ/,np,confusable_with,0.35,"{""ipa_sim"": 0.5, ""len_diff"": 1}",automatic_only
phoneme:np:/ksʌ/,phoneme:np:/ʈʌ/,np,confusable_with,0.483,"{""ipa_sim"": 0.667, ""len_diff"": 1}",automatic_only
phoneme:np:/ksʌ/,phoneme:np:/ɖʌ/,np,confusable_with,0.483,"{""ipa_sim"": 0.667, ""len_diff"": 1}",automatic_only
phoneme:np:/ksʌ/,phoneme:np:/tʌ/,np,confusable_with,0.483,"{""ipa_sim"": 0.667, ""len_diff"": 1}",automatic_only
phoneme:np:/ksʌ/,phoneme:np:/dʌ/,np,confusable_with,0.483,"{""ipa_sim"": 0.667, ""len_diff"": 1}",automatic_only
phoneme:np:/ksʌ/,phoneme:np:/nʌ/,np,confusable_with,0.483,"{""ipa_sim"": 0.667, ""len_diff"": 1}",automatic_only
phoneme:np:/ksʌ/,phoneme:np:/pʌ/,np,confusable_with,0.483,"{""ipa_sim"": 0.667, ""len_diff"": 1}",automatic_only
phoneme:np:/ksʌ/,phoneme:np:/bʌ/,np,confusable_with,0.483,"{""ipa_sim"": 0.667, ""len_diff"": 1}",automatic_only
phoneme:np:/ksʌ/,phoneme:np:/mʌ/,np,confusable_with,0.483,"{""ipa_sim"": 0.667, ""len_diff"": 1}",automatic_only
phoneme:np:/ksʌ/,phoneme:np:/jʌ/,np,confusable_with,0.483,"{""ipa_sim"": 0.667, ""len_diff"": 1}",automatic_only
phoneme:np:/ksʌ/,phoneme:np:/rʌ/,np,confusable_with,0.483,"{""ipa_sim"": 0.667, ""len_diff"": 1}",automatic_only
phoneme:np:/ksʌ/,phoneme:np:/lʌ/,np,confusable_with,0.483,"{""ipa_sim"": 0.667, ""len_diff"": 1}",automatic_only
phoneme:np:/ksʌ/,phoneme:np:/sʌ/,np,confusable_with,0.75,"{""ipa_sim"": 1.0, ""len_diff"": 1}",automatic_only
phoneme:np:/ksʌ/,phoneme:np:/hʌ/,np,confusable_with,0.483,"{""ipa_sim"": 0.667, ""len_diff"": 1}",automatic_only
phoneme:np:/ksʌ/,phoneme:np:/ɡjʌ̃/,np,confusable_with,0.35,"{""ipa_sim"": 0.5, ""len_diff"": 1}",automatic_only
phoneme:np:/ksʌ/,phoneme:np:/srʌ/,np,confusable_with,0.533,"{""ipa_sim"": 0.667, ""len_diff"": 0}",automatic_only
phoneme:np:/trʌ/,phoneme:np:/ʌ/,np,confusable_with,0.433,"{""ipa_sim"": 0.667, ""len_diff"": 2}",automatic_only
phoneme:np:/trʌ/,phoneme:np:/ʌi/,np,confusable_with,0.483,"{""ipa_sim"": 0.667, ""len_diff"": 1}",automatic_only
phoneme:np:/trʌ/,phoneme:np:/ʌu/,np,confusable_with,0.483,"{""ipa_sim"": 0.667, ""len_diff"": 1}",automatic_only
phoneme:np:/trʌ/,phoneme:np:/ri/,np,confusable_with,0.483,"{""ipa_sim"": 0.667, ""len_diff"": 1}",automatic_only
phoneme:np:/trʌ/,phoneme:np:/kʌ/,np,confusable_with,0.483,"{""ipa_sim"": 0.667, ""len_diff"": 1}",automatic_only
phoneme:np:/trʌ/,phoneme:np:/ɡʌ/,np,confusable_with,0.483,"{""ipa_sim"": 0.667, ""len_diff"": 1}",automatic_only
phoneme:np:/trʌ/,phoneme:np:/ŋʌ/,np,confusable_with,0.483,"{""ipa_sim"": 0.667, ""len_diff"": 1}",automatic_only
phoneme:np:/trʌ/,phoneme:np:/tsʌ/,np,confusable_with,0.533,"{""ipa_sim"": 0.667, ""len_diff"": 0}",automatic_only
phoneme:np:/trʌ/,phoneme:np:/tsʰʌ/,np,confusable_with,0.55,"{""ipa_sim"": 0.75, ""len_diff"": 1}",automatic_only
phoneme:np:/trʌ/,phoneme:np:/dzʱʌ/,np,confusable_with,0.35,"{""ipa_sim"": 0.5, ""len_diff"": 1}",automatic_only
phoneme:np:/trʌ/,phoneme:np:/ʈʌ/,np,confusable_with,0.483,"{""ipa_sim"": 0.667, ""len_diff"": 1}",automatic_only
phoneme:np:/trʌ/,phoneme:np:/ɖʌ/,np,confusable_with,0.483,"{""ipa_sim"": 0.667, ""len_diff"": 1}",automatic_only
phoneme:np:/trʌ/,phoneme:np:/tʌ/,np,confusable_with,0.75,"{""ipa_sim"": 1.0, ""len_diff"": 1}",automatic_only
phoneme:np:/trʌ/,phoneme:np:/tʰʌ/,np,confusable_with,0.533,"{""ipa_sim"": 0.667, ""len_diff"": 0}",automatic_only
phoneme:np:/trʌ/,phoneme:np:/dʌ/,np,confusable_with,0.483,"{""ipa_sim"": 0.667, ""len_diff"": 1}",automatic_only
phoneme:np:/trʌ/,phoneme:np:/nʌ/,np,confusable_with,0.483,"{""ipa_sim"": 0.667, ""len_diff"": 1}",automatic_only
phoneme:np:/trʌ/,phoneme:np:/pʌ/,np,confusable_with,0.483,"{""ipa_sim"": 0.667, ""len_diff"": 1}",automatic_only
phoneme:np:/trʌ/,phoneme:np:/bʌ/,np,confusable_with,0.483,"{""ipa_sim"": 0.667, ""len_diff"": 1}",automatic_only
phoneme:np:/trʌ/,phoneme:np:/mʌ/,np,confusable_with,0.483,"{""ipa_sim"": 0.667, ""len_diff"": 1}",automatic_only
phoneme:np:/trʌ/,phoneme:np:/jʌ/,np,confusable_with,0.483,"{""ipa_sim"": 0.667, ""len_diff"": 1}",automatic_only
phoneme:np:/trʌ/,phoneme:np:/rʌ/,np,confusable_with,0.75,"{""ipa_sim"": 1.0, ""len_diff"": 1}",automatic_only
phoneme:np:/trʌ/,phoneme:np:/lʌ/,np,confusable_with,0.483,"{""ipa_sim"": 0.667, ""len_diff"": 1}",automatic_only
phoneme:np:/trʌ/,phoneme:np:/sʌ/,np,confusable_with,0.483,"{""ipa_sim"": 0.667, ""len_diff"": 1}",automatic_only
phoneme:np:/trʌ/,phoneme:np:/hʌ/,np,confusable_with,0.483,"{""ipa_sim"": 0.667, ""len_diff"": 1}",automatic_only
phoneme:np:/trʌ/,phoneme:np:/ɡjʌ̃/,np,confusable_with,0.35,"{""ipa_sim"": 0.5, ""len_diff"": 1}",automatic_only
phoneme:np:/trʌ/,phoneme:np:/srʌ/,np,confusable_with,0.533,"{""ipa_sim"": 0.667, ""len_diff"": 0}",automatic_only
phoneme:np:/trʌ/,phoneme:np:/ttʌ/,np,confusable_with,0.533,"{""ipa_sim"": 0.667, ""len_diff"": 0}",automatic_only
phoneme:np:/ɡjʌ̃/,phoneme:np:/ʌhʌ/,np,confusable_with,0.35,"{""ipa_sim"": 0.5, ""len_diff"": 1}",automatic_only
phoneme:np:/ɡjʌ̃/,phoneme:np:/kʰʌ/,np,confusable_with,0.35,"{""ipa_sim"": 0.5, ""len_diff"": 1}",automatic_only
phoneme:np:/ɡjʌ̃/,phoneme:np:/ɡʌ/,np,confusable_with,0.5,"{""ipa_sim"": 0.75, ""len_diff"": 2}",automatic_only
phoneme:np:/ɡjʌ̃/,phoneme:np:/ɡʱʌ/,np,confusable_with,0.55,"{""ipa_sim"": 0.75, ""len_diff"": 1}",automatic_only
phoneme:np:/ɡjʌ̃/,phoneme:np:/tsʌ/,np,confusable_with,0.35,"{""ipa_sim"": 0.5, ""len_diff"": 1}",automatic_only
phoneme:np:/ɡjʌ̃/,phoneme:np:/dzʌ/,np,confusable_with,0.35,"{""ipa_sim"": 0.5, ""len_diff"": 1}",automatic_only
phoneme:np:/ɡjʌ̃/,phoneme:np:/ʈʰʌ/,np,confusable_with,0.35,"{""ipa_sim"": 0.5, ""len_diff"": 1}",automatic_only
phoneme:np:/ɡjʌ̃/,phoneme:np:/ɖʱʌ/,np,confusable_with,0.35,"{""ipa_sim"": 0.5, ""len_diff"": 1}",automatic_only
phoneme:np:/ɡjʌ̃/,phoneme:np:/tʰʌ/,np,confusable_with,0.35,"{""ipa_sim"": 0.5, ""len_diff"": 1}",automatic_only
phoneme:np:/ɡjʌ̃/,phoneme:np:/dʱʌ/,np,confusable_with,0.35,"{""ipa_sim"": 0.5, ""len_diff"": 1}",automatic_only
phoneme:np:/ɡjʌ̃/,phoneme:np:/bʱʌ/,np,confusable_with,0.35,"{""ipa_sim"": 0.5, ""len_diff"": 1}",automatic_only
phoneme:np:/ɡjʌ̃/,phoneme:np:/jʌ/,np,confusable_with,0.5,"{""ipa_sim"": 0.75, ""len_diff"": 2}",automatic_only
phoneme:np:/ɡjʌ̃/,phoneme:np:/ksʌ/,np,confusable_with,0.35,"{""ipa_sim"": 0.5, ""len_diff"": 1}",automatic_only
phoneme:np:/ɡjʌ̃/,phoneme:np:/trʌ/,np,confusable_with,0.35,"{""ipa_sim"": 0.5, ""len_diff"": 1}",automatic_only
phoneme:np:/ɡjʌ̃/,phoneme:np:/srʌ/,np,confusable_with,0.35,"{""ipa_sim"": 0.5, ""len_diff"": 1}",automatic_only
phoneme:np:/ɡjʌ̃/,phoneme:np:/djʌ/,np,confusable_with,0.55,"{""ipa_sim"": 0.75, ""len_diff"": 1}",automatic_only
phoneme:np:/ɡjʌ̃/,phoneme:np:/dwʌ/,np,confusable_with,0.35,"{""ipa_sim"": 0.5, ""len_diff"": 1}",automatic_only
phoneme:np:/ɡjʌ̃/,phoneme:np:/ttʌ/,np,confusable_with,0.35,"{""ipa_sim"": 0.5, ""len_diff"": 1}",automatic_only
phoneme:np:/srʌ/,phoneme:np:/ʌ/,np,confusable_with,0.433,"{""ipa_sim"": 0.667, ""len_diff"": 2}",automatic_only
phoneme:np:/srʌ/,phoneme:np:/ʌi/,np,confusable_with,0.483,"{""ipa_sim"": 0.667, ""len_diff"": 1}",automatic_only
phoneme:np:/srʌ/,phoneme:np:/ʌu/,np,confusable_with,0.483,"{""ipa_sim"": 0.667, ""len_diff"": 1}",automatic_only
phoneme:np:/srʌ/,phoneme:np:/ri/,np,confusable_with,0.483,"{""ipa_sim"": 0.667, ""len_diff"": 1}",automatic_only
phoneme:np:/srʌ/,phoneme:np:/kʌ/,np,confusable_with,0.483,"{""ipa_sim"": 0.667, ""len_diff"": 1}",automatic_only
phoneme:np:/srʌ/,phoneme:np:/ɡʌ/,np,confusable_with,0.483,"{""ipa_sim"": 0.667, ""len_diff"": 1}",automatic_only
phoneme:np:/srʌ/,phoneme:np:/ŋʌ/,np,confusable_with,0.483,"{""ipa_sim"": 0.667, ""len_diff"": 1}",automatic_only
phoneme:np:/srʌ/,phoneme:np:/tsʌ/,np,confusable_with,0.533,"{""ipa_sim"": 0.667, ""len_diff"": 0}",automatic_only
phoneme:np:/srʌ/,phoneme:np:/tsʰʌ/,np,confusable_with,0.55,"{""ipa_sim"": 0.75, ""len_diff"": 1}",automatic_only
phoneme:np:/srʌ/,phoneme:np:/dzʱʌ/,np,confusable_with,0.35,"{""ipa_sim"": 0.5, ""len_diff"": 1}",automatic_only
phoneme:np:/srʌ/,phoneme:np:/ʈʌ/,np,confusable_with,0.483,"{""ipa_sim"": 0.667, ""len_diff"": 1}",automatic_only
phoneme:np:/srʌ/,phoneme:np:/ɖʌ/,np,confusable_with,0.483,"{""ipa_sim"": 0.667, ""len_diff"": 1}",automatic_only
phoneme:np:/srʌ/,phoneme:np:/tʌ/,np,confusable_with,0.483,"{""ipa_sim"": 0.667, ""len_diff"": 1}",automatic_only
phoneme:np:/srʌ/,phoneme:np:/dʌ/,np,confusable_with,0.483,"{""ipa_sim"": 0.667, ""len_diff"": 1}",automatic_only
phoneme:np:/srʌ/,phoneme:np:/nʌ/,np,confusable_with,0.483,"{""ipa_sim"": 0.667, ""len_diff"": 1}",automatic_only
phoneme:np:/srʌ/,phoneme:np:/pʌ/,np,confusable_with,0.483,"{""ipa_sim"": 0.667, ""len_diff"": 1}",automatic_only
phoneme:np:/srʌ/,phoneme:np:/bʌ/,np,confusable_with,0.483,"{""ipa_sim"": 0.667, ""len_diff"": 1}",automatic_only
phoneme:np:/srʌ/,phoneme:np:/mʌ/,np,confusable_with,0.483,"{""ipa_sim"": 0.667, ""len_diff"": 1}",automatic_only
phoneme:np:/srʌ/,phoneme:np:/jʌ/,np,confusable_with,0.483,"{""ipa_sim"": 0.667, ""len_diff"": 1}",automatic_only
phoneme:np:/srʌ/,phoneme:np:/rʌ/,np,confusable_with,0.75,"{""ipa_sim"": 1.0, ""len_diff"": 1}",automatic_only
phoneme:np:/srʌ/,phoneme:np:/lʌ/,np,confusable_with,0.483,"{""ipa_sim"": 0.667, ""len_diff"": 1}",automatic_only
phoneme:np:/srʌ/,phoneme:np:/sʌ/,np,confusable_with,0.75,"{""ipa_sim"": 1.0, ""len_diff"": 1}",automatic_only
phoneme:np:/srʌ/,phoneme:np:/hʌ/,np,confusable_with,0.483,"{""ipa_sim"": 0.667, ""len_diff"": 1}",automatic_only
phoneme:np:/srʌ/,phoneme:np:/ksʌ/,np,confusable_with,0.533,"{""ipa_sim"": 0.667, ""len_diff"": 0}",automatic_only
phoneme:np:/srʌ/,phoneme:np:/trʌ/,np,confusable_with,0.533,"{""ipa_sim"": 0.667, ""len_diff"": 0}",automatic_only
phoneme:np:/srʌ/,phoneme:np:/ɡjʌ̃/,np,confusable_with,0.35,"{""ipa_sim"": 0.5, ""len_diff"": 1}",automatic_only
phoneme:np:/djʌ/,phoneme:np:/ʌ/,np,confusable_with,0.433,"{""ipa_sim"": 0.667, ""len_diff"": 2}",automatic_only
phoneme:np:/djʌ/,phoneme:np:/ʌi/,np,confusable_with,0.483,"{""ipa_sim"": 0.667, ""len_diff"": 1}",automatic_only
phoneme:np:/djʌ/,phoneme:np:/ʌu/,np,confusable_with,0.483,"{""ipa_sim"": 0.667, ""len_diff"": 1}",automatic_only
phoneme:np:/djʌ/,phoneme:np:/kʌ/,np,confusable_with,0.483,"{""ipa_sim"": 0.667, ""len_diff"": 1}",automatic_only
phoneme:np:/djʌ/,phoneme:np:/ɡʌ/,np,confusable_with,0.483,"{""ipa_sim"": 0.667, ""len_diff"": 1}",automatic_only
phoneme:np:/djʌ/,phoneme:np:/ŋʌ/,np,confusable_with,0.483,"{""ipa_sim"": 0.667, ""len_diff"": 1}",automatic_only
phoneme:np:/djʌ/,phoneme:np:/tsʰʌ/,np,confusable_with,0.35,"{""ipa_sim"": 0.5, ""len_diff"": 1}",automatic_only
phoneme:np:/djʌ/,phoneme:np:/dzʌ/,np,confusable_with,0.533,"{""ipa_sim"": 0.667, ""len_diff"": 0}",automatic_only
phoneme:np:/djʌ/,phoneme:np:/dzʱʌ/,np,confusable_with,0.55,"{""ipa_sim"": 0.75, ""len_diff"": 1}",automatic_only
phoneme:np:/djʌ/,phoneme:np:/ʈʌ/,np,confusable_with,0.483,"{""ipa_sim"": 0.667, ""len_diff"": 1}",automatic_only
phoneme:np:/djʌ/,phoneme:np:/ɖʌ/,np,confusable_with,0.483,"{""ipa_sim"": 0.667, ""len_diff"": 1}",automatic_only
phoneme:np:/djʌ/,phoneme:np:/tʌ/,np,confusable_with,0.483,"{""ipa_sim"": 0.667, ""len_diff"": 1}",automatic_only
phoneme:np:/djʌ/,phoneme:np:/dʌ/,np,confusable_with,0.75,"{""ipa_sim"": 1.0, ""len_diff"": 1}",automatic_only
phoneme:np:/djʌ/,phoneme:np:/dʱʌ/,np,confusable_with,0.533,"{""ipa_sim"": 0.667, ""len_diff"": 0}",automatic_only
phoneme:np:/djʌ/,phoneme:np:/nʌ/,np,confusable_with,0.483,"{""ipa_sim"": 0.667, ""len_diff"": 1}",automatic_only
phoneme:np:/djʌ/,phoneme:np:/pʌ/,np,confusable_with,0.483,"{""ipa_sim"": 0.667, ""len_diff"": 1}",automatic_only
phoneme:np:/djʌ/,phoneme:np:/bʌ/,np,confusable_with,0.483,"{""ipa_sim"": 0.667, ""len_diff"": 1}",automatic_only
phoneme:np:/djʌ/,phoneme:np:/mʌ/,np,confusable_with,0.483,"{""ipa_sim"": 0.667, ""len_diff"": 1}",automatic_only
phoneme:np:/djʌ/,phoneme:np:/jʌ/,np,confusable_with,0.75,"{""ipa_sim"": 1.0, ""len_diff"": 1}",automatic_only
phoneme:np:/djʌ/,phoneme:np:/rʌ/,np,confusable_with,0.483,"{""ipa_sim"": 0.667, ""len_diff"": 1}",automatic_only
phoneme:np:/djʌ/,phoneme:np:/lʌ/,np,confusable_with,0.483,"{""ipa_sim"": 0.667, ""len_diff"": 1}",automatic_only
phoneme:np:/djʌ/,phoneme:np:/sʌ/,np,confusable_with,0.483,"{""ipa_sim"": 0.667, ""len_diff"": 1}",automatic_only
phoneme:np:/djʌ/,phoneme:np:/hʌ/,np,confusable_with,0.483,"{""ipa_sim"": 0.667, ""len_diff"": 1}",automatic_only
phoneme:np:/djʌ/,phoneme:np:/ɡjʌ̃/,np,confusable_with,0.55,"{""ipa_sim"": 0.75, ""len_diff"": 1}",automatic_only
phoneme:np:/djʌ/,phoneme:np:/dwʌ/,np,confusable_with,0.533,"{""ipa_sim"": 0.667, ""len_diff"": 0}",automatic_only
phoneme:np:/dwʌ/,phoneme:np:/ʌ/,np,confusable_with,0.433,"{""ipa_sim"": 0.667, ""len_diff"": 2}",automatic_only
phoneme:np:/dwʌ/,phoneme:np:/ʌi/,np,confusable_with,0.483,"{""ipa_sim"": 0.667, ""len_diff"": 1}",automatic_only
phoneme:np:/dwʌ/,phoneme:np:/ʌu/,np,confusable_with,0.483,"{""ipa_sim"": 0.667, ""len_diff"": 1}",automatic_only
phoneme:np:/dwʌ/,phoneme:np:/kʌ/,np,confusable_with,0.483,"{""ipa_sim"": 0.667, ""len_diff"": 1}",automatic_only
phoneme:np:/dwʌ/,phoneme:np:/ɡʌ/,np,confusable_with,0.483,"{""ipa_sim"": 0.667, ""len_diff"": 1}",automatic_only
phoneme:np:/dwʌ/,phoneme:np:/ŋʌ/,np,confusable_with,0.483,"{""ipa_sim"": 0.667, ""len_diff"": 1}",automatic_only
phoneme:np:/dwʌ/,phoneme:np:/tsʰʌ/,np,confusable_with,0.35,"{""ipa_sim"": 0.5, ""len_diff"": 1}",automatic_only
phoneme:np:/dwʌ/,phoneme:np:/dzʌ/,np,confusable_with,0.533,"{""ipa_sim"": 0.667, ""len_diff"": 0}",automatic_only
phoneme:np:/dwʌ/,phoneme:np:/dzʱʌ/,np,confusable_with,0.55,"{""ipa_sim"": 0.75, ""len_diff"": 1}",automatic_only
phoneme:np:/dwʌ/,phoneme:np:/ʈʌ/,np,confusable_with,0.483,"{""ipa_sim"": 0.667, ""len_diff"": 1}",automatic_only
phoneme:np:/dwʌ/,phoneme:np:/ɖʌ/,np,confusable_with,0.483,"{""ipa_sim"": 0.667, ""len_diff"": 1}",automatic_only
phoneme:np:/dwʌ/,phoneme:np:/tʌ/,np,confusable_with,0.483,"{""ipa_sim"": 0.667, ""len_diff"": 1}",automatic_only
phoneme:np:/dwʌ/,phoneme:np:/dʌ/,np,confusable_with,0.75,"{""ipa_sim"": 1.0, ""len_diff"": 1}",automatic_only
phoneme:np:/dwʌ/,phoneme:np:/dʱʌ/,np,confusable_with,0.533,"{""ipa_sim"": 0.667, ""len_diff"": 0}",automatic_only
phoneme:np:/dwʌ/,phoneme:np:/nʌ/,np,confusable_with,0.483,"{""ipa_sim"": 0.667, ""len_diff"": 1}",automatic_only
phoneme:np:/dwʌ/,phoneme:np:/pʌ/,np,confusable_with,0.483,"{""ipa_sim"": 0.667, ""len_diff"": 1}",automatic_only
phoneme:np:/dwʌ/,phoneme:np:/bʌ/,np,confusable_with,0.483,"{""ipa_sim"": 0.667, ""len_diff"": 1}",automatic_only
phoneme:np:/dwʌ/,phoneme:np:/mʌ/,np,confusable_with,0.483,"{""ipa_sim"": 0.667, ""len_diff"": 1}",automatic_only
phoneme:np:/dwʌ/,phoneme:np:/jʌ/,np,confusable_with,0.483,"{""ipa_sim"": 0.667, ""len_diff"": 1}",automatic_only
phoneme:np:/dwʌ/,phoneme:np:/rʌ/,np,confusable_with,0.483,"{""ipa_sim"": 0.667, ""len_diff"": 1}",automatic_only
phoneme:np:/dwʌ/,phoneme:np:/lʌ/,np,confusable_with,0.483,"{""ipa_sim"": 0.667, ""len_diff"": 1}",automatic_only
phoneme:np:/dwʌ/,phoneme:np:/sʌ/,np,confusable_with,0.483,"{""ipa_sim"": 0.667, ""len_diff"": 1}",automatic_only
phoneme:np:/dwʌ/,phoneme:np:/hʌ/,np,confusable_with,0.483,"{""ipa_sim"": 0.667, ""len_diff"": 1}",automatic_only
phoneme:np:/dwʌ/,phoneme:np:/ɡjʌ̃/,np,confusable_with,0.35,"{""ipa_sim"": 0.5, ""len_diff"": 1}",automatic_only
phoneme:np:/dwʌ/,phoneme:np:/djʌ/,np,confusable_with,0.533,"{""ipa_sim"": 0.667, ""len_diff"": 0}",automatic_only
phoneme:np:/ttʌ/,phoneme:np:/ʌ/,np,confusable_with,0.433,"{""ipa_sim"": 0.667, ""len_diff"": 2}",automatic_only
phoneme:np:/ttʌ/,phoneme:np:/ʌi/,np,confusable_with,0.483,"{""ipa_sim"": 0.667, ""len_diff"": 1}",automatic_only
phoneme:np:/ttʌ/,phoneme:np:/ʌu/,np,confusable_with,0.483,"{""ipa_sim"": 0.667, ""len_diff"": 1}",automatic_only
phoneme:np:/ttʌ/,phoneme:np:/kʌ/,np,confusable_with,0.483,"{""ipa_sim"": 0.667, ""len_diff"": 1}",automatic_only
phoneme:np:/ttʌ/,phoneme:np:/ɡʌ/,np,confusable_with,0.483,"{""ipa_sim"": 0.667, ""len_diff"": 1}",automatic_only
phoneme:np:/ttʌ/,phoneme:np:/ŋʌ/,np,confusable_with,0.483,"{""ipa_sim"": 0.667, ""len_diff"": 1}",automatic_only
phoneme:np:/ttʌ/,phoneme:np:/tsʌ/,np,confusable_with,0.533,"{""ipa_sim"": 0.667, ""len_diff"": 0}",automatic_only
phoneme:np:/ttʌ/,phoneme:np:/tsʰʌ/,np,confusable_with,0.55,"{""ipa_sim"": 0.75, ""len_diff"": 1}",automatic_only
phoneme:np:/ttʌ/,phoneme:np:/dzʱʌ/,np,confusable_with,0.35,"{""ipa_sim"": 0.5, ""len_diff"": 1}",automatic_only
phoneme:np:/ttʌ/,phoneme:np:/ʈʌ/,np,confusable_with,0.483,"{""ipa_sim"": 0.667, ""len_diff"": 1}",automatic_only
phoneme:np:/ttʌ/,phoneme:np:/ɖʌ/,np,confusable_with,0.483,"{""ipa_sim"": 0.667, ""len_diff"": 1}",automatic_only
phoneme:np:/ttʌ/,phoneme:np:/tʌ/,np,confusable_with,0.75,"{""ipa_sim"": 1.0, ""len_diff"": 1}",automatic_only
phoneme:np:/ttʌ/,phoneme:np:/tʰʌ/,np,confusable_with,0.533,"{""ipa_sim"": 0.667, ""len_diff"": 0}",automatic_only
phoneme:np:/ttʌ/,phoneme:np:/dʌ/,np,confusable_with,0.483,"{""ipa_sim"": 0.667, ""len_diff"": 1}",automatic_only
phoneme:np:/ttʌ/,phoneme:np:/nʌ/,np,confusable_with,0.483,"{""ipa_sim"": 0.667, ""len_diff"": 1}",automatic_only
phoneme:np:/ttʌ/,phoneme:np:/pʌ/,np,confusable_with,0.483,"{""ipa_sim"": 0.667, ""len_diff"": 1}",automatic_only
phoneme:np:/ttʌ/,phoneme:np:/bʌ/,np,confusable_with,0.483,"{""ipa_sim"": 0.667, ""len_diff"": 1}",automatic_only
phoneme:np:/ttʌ/,phoneme:np:/mʌ/,np,confusable_with,0.483,"{""ipa_sim"": 0.667, ""len_diff"": 1}",automatic_only
phoneme:np:/ttʌ/,phoneme:np:/jʌ/,np,confusable_with,0.483,"{""ipa_sim"": 0.667, ""len_diff"": 1}",automatic_only
phoneme:np:/ttʌ/,phoneme:np:/rʌ/,np,confusable_with,0.483,"{""ipa_sim"": 0.667, ""len_diff"": 1}",automatic_only
phoneme:np:/ttʌ/,phoneme:np:/lʌ/,np,confusable_with,0.483,"{""ipa_sim"": 0.667, ""len_diff"": 1}",automatic_only
phoneme:np:/ttʌ/,phoneme:np:/sʌ/,np,confusable_with,0.483,"{""ipa_sim"": 0.667, ""len_diff"": 1}",automatic_only
phoneme:np:/ttʌ/,phoneme:np:/hʌ/,np,confusable_with,0.483,"{""ipa_sim"": 0.667, ""len_diff"": 1}",automatic_only
phoneme:np:/ttʌ/,phoneme:np:/trʌ/,np,confusable_with,0.533,"{""ipa_sim"": 0.667, ""len_diff"": 0}",automatic_only
phoneme:np:/ttʌ/,phoneme:np:/ɡjʌ̃/,np,confusable_with,0.35,"{""ipa_sim"": 0.5, ""len_diff"": 1}",automatic_only
phoneme:ur:/t̪/,phoneme:ur:/d̪/,ur,confusable_with,0.4,"{""ipa_sim"": 0.5, ""len_diff"": 0}",automatic_only
phoneme:ur:/d̪/,phoneme:ur:/t̪/,ur,confusable_with,0.4,"{""ipa_sim"": 0.5, ""len_diff"": 0}",automatic_only
phoneme:ur:/v/ or /uː/,phoneme:ur:/j/ or /iː/,ur,confusable_with,0.571,"{""ipa_sim"": 0.714, ""len_diff"": 0}",automatic_only
phoneme:ur:/j/ or /iː/,phoneme:ur:/v/ or /uː/,ur,confusable_with,0.571,"{""ipa_sim"": 0.714, ""len_diff"": 0}",automatic_only
phoneme:vn:/aː˧/,phoneme:vn:/aː˧˥/,vn,confusable_with,0.75,"{""ipa_sim"": 1.0, ""len_diff"": 1}",automatic_only
phoneme:vn:/aː˧/,phoneme:vn:/aː˨˩/,vn,confusable_with,0.55,"{""ipa_sim"": 0.75, ""len_diff"": 1}",automatic_only
phoneme:vn:/aː˧/,phoneme:vn:/aː˧˩˧/,vn,confusable_with,0.54,"{""ipa_sim"": 0.8, ""len_diff"": 2}",automatic_only
phoneme:vn:/aː˧/,phoneme:vn:/aː˧ˀ˥/,vn,confusable_with,0.54,"{""ipa_sim"": 0.8, ""len_diff"": 2}",automatic_only
phoneme:vn:/aː˧/,phoneme:vn:/aː˧˨ˀ/,vn,confusable_with,0.54,"{""ipa_sim"": 0.8, ""len_diff"": 2}",automatic_only
phoneme:vn:/aː˧/,phoneme:vn:/a˧/,vn,confusable_with,0.9,"{""ipa_sim"": 1.0, ""len_diff"": 1, ""seed_reason"": ""vowel length contrast"", ""seed_weight"": 0.9}",automatic_plus_manual
phoneme:vn:/aː˧/,phoneme:vn:/a˧˥/,vn,confusable_with,0.533,"{""ipa_sim"": 0.667, ""len_diff"": 0}",automatic_only
phoneme:vn:/aː˧/,phoneme:vn:/a˧˩˧/,vn,confusable_with,0.55,"{""ipa_sim"": 0.75, ""len_diff"": 1}",automatic_only
phoneme:vn:/aː˧/,phoneme:vn:/a˧ˀ˥/,vn,confusable_with,0.55,"{""ipa_sim"": 0.75, ""len_diff"": 1}",automatic_only
phoneme:vn:/aː˧/,phoneme:vn:/a˧˨ˀ/,vn,confusable_with,0.55,"{""ipa_sim"": 0.75, ""len_diff"": 1}",automatic_only
phoneme:vn:/aː˧/,phoneme:vn:/ə˧/,vn,confusable_with,0.483,"{""ipa_sim"": 0.667, ""len_diff"": 1}",automatic_only
phoneme:vn:/aː˧/,phoneme:vn:/ə˧˩˧/,vn,confusable_with,0.35,"{""ipa_sim"": 0.5, ""len_diff"": 1}",automatic_only
phoneme:vn:/aː˧/,phoneme:vn:/ə˧ˀ˥/,vn,confusable_with,0.35,"{""ipa_sim"": 0.5, ""len_diff"": 1}",automatic_only
phoneme:vn:/aː˧/,phoneme:vn:/ə˧˨ˀ/,vn,confusable_with,0.35,"{""ipa_sim"": 0.5, ""len_diff"": 1}",automatic_only
phoneme:vn:/aː˧/,phoneme:vn:/ɛ˧/,vn,confusable_with,0.483,"{""ipa_sim"": 0.667, ""len_diff"": 1}",automatic_only
phoneme:vn:/aː˧/,phoneme:vn:/ɛ˧˩˧/,vn,confusable_with,0.35,"{""ipa_sim"": 0.5, ""len_diff"": 1}",automatic_only
phoneme:vn:/aː˧/,phoneme:vn:/ɛ˧ˀ˥/,vn,confusable_with,0.35,"{""ipa_sim"": 0.5, ""len_diff"": 1}",automatic_only
phoneme:vn:/aː˧/,phoneme:vn:/ɛ˧˨ˀ/,vn,confusable_with,0.35,"{""ipa_sim"": 0.5, ""len_diff"": 1}",automatic_only
phoneme:vn:/aː˧/,phoneme:vn:/e˧/,vn,confusable_with,0.483,"{""ipa_sim"": 0.667, ""len_diff"": 1}",automatic_only
phoneme:vn:/aː˧/,phoneme:vn:/e˧˩˧/,vn,confusable_with,0.35,"{""ipa_sim"": 0.5, ""len_diff"": 1}",automatic_only
phoneme:vn:/aː˧/,phoneme:vn:/e˧ˀ˥/,vn,confusable_with,0.35,"{""ipa_sim"": 0.5, ""len_diff"": 1}",automatic_only
phoneme:vn:/aː˧/,phoneme:vn:/e˧˨ˀ/,vn,confusable_with,0.35,"{""ipa_sim"": 0.5, ""len_diff"": 1}",automatic_only
phoneme:vn:/aː˧/,phoneme:vn:/i˧/,vn,confusable_with,0.483,"{""ipa_sim"": 0.667, ""len_diff"": 1}",automatic_only
phoneme:vn:/aː˧/,phoneme:vn:/i˧˩˧/,vn,confusable_with,0.35,"{""ipa_sim"": 0.5, ""len_diff"": 1}",automatic_only
phoneme:vn:/aː˧/,phoneme:vn:/i˧ˀ˥/,vn,confusable_with,0.35,"{""ipa_sim"": 0.5, ""len_diff"": 1}",automatic_only
phoneme:vn:/aː˧/,phoneme:vn:/i˧˨ˀ/,vn,confusable_with,0.35,"{""ipa_sim"": 0.5, ""len_diff"": 1}",automatic_only
phoneme:vn:/aː˧/,phoneme:vn:/ɔ˧/,vn,confusable_with,0.483,"{""ipa_sim"": 0.667, ""len_diff"": 1}",automatic_only
phoneme:vn:/aː˧/,phoneme:vn:/ɔ˧˩˧/,vn,confusable_with,0.35,"{""ipa_sim"": 0.5, ""len_diff"": 1}",automatic_only
phoneme:vn:/aː˧/,phoneme:vn:/ɔ˧ˀ˥/,vn,confusable_with,0.35,"{""ipa_sim"": 0.5, ""len_diff"": 1}",automatic_only
phoneme:vn:/aː˧/,phoneme:vn:/ɔ˧˨ˀ/,vn,confusable_with,0.35,"{""ipa_sim"": 0.5, ""len_diff"": 1}",automatic_only
phoneme:vn:/aː˧/,phoneme:vn:/o˧/,vn,confusable_with,0.483,"{""ipa_sim"": 0.667, ""len_diff"": 1}",automatic_only
phoneme:vn:/aː˧/,phoneme:vn:/o˧˩˧/,vn,confusable_with,0.35,"{""ipa_sim"": 0.5, ""len_diff"": 1}",automatic_only
phoneme:vn:/aː˧/,phoneme:vn:/o˧ˀ˥/,vn,confusable_with,0.35,"{""ipa_sim"": 0.5, ""len_diff"": 1}",automatic_only
phoneme:vn:/aː˧/,phoneme:vn:/o˧˨ˀ/,vn,confusable_with,0.35,"{""ipa_sim"": 0.5, ""len_diff"": 1}",automatic_only
phoneme:vn:/aː˧/,phoneme:vn:/əː˧/,vn,confusable_with,0.533,"{""ipa_sim"": 0.667, ""len_diff"": 0}",automatic_only
phoneme:vn:/aː˧/,phoneme:vn:/əː˧˥/,vn,confusable_with,0.55,"{""ipa_sim"": 0.75, ""len_diff"": 1}",automatic_only
phoneme:vn:/aː˧/,phoneme:vn:/əː˨˩/,vn,confusable_with,0.35,"{""ipa_sim"": 0.5, ""len_diff"": 1}",automatic_only
phoneme:vn:/aː˧/,phoneme:vn:/əː˧˩˧/,vn,confusable_with,0.38,"{""ipa_sim"": 0.6, ""len_diff"": 2}",automatic_only
phoneme:vn:/aː˧/,phoneme:vn:/əː˧ˀ˥/,vn,confusable_with,0.38,"{""ipa_sim"": 0.6, ""len_diff"": 2}",automatic_only
phoneme:vn:/aː˧/,phoneme:vn:/əː˧˨ˀ/,vn,confusable_with,0.38,"{""ipa_sim"": 0.6, ""len_diff"": 2}",automatic_only
phoneme:vn:/aː˧/,phoneme:vn:/u˧/,vn,confusable_with,0.483,"{""ipa_sim"": 0.667, ""len_diff"": 1}",automatic_only
phoneme:vn:/aː˧/,phoneme:vn:/u˧˩˧/,vn,confusable_with,0.35,"{""ipa_sim"": 0.5, ""len_diff"": 1}",automatic_only
phoneme:vn:/aː˧/,phoneme:vn:/u˧ˀ˥/,vn,confusable_with,0.35,"{""ipa_sim"": 0.5, ""len_diff"": 1}",automatic_only
phoneme:vn:/aː˧/,phoneme:vn:/u˧˨ˀ/,vn,confusable_with,0.35,"{""ipa_sim"": 0.5, ""len_diff"": 1}",automatic_only
phoneme:vn:/aː˧/,phoneme:vn:/ɨ˧/,vn,confusable_with,0.483,"{""ipa_sim"": 0.667, ""len_diff"": 1}",automatic_only
phoneme:vn:/aː˧/,phoneme:vn:/ɨ˧˩˧/,vn,confusable_with,0.35,"{""ipa_sim"": 0.5, ""len_diff"": 1}",automatic_only
phoneme:vn:/aː˧/,phoneme:vn:/ɨ˧ˀ˥/,vn,confusable_with,0.35,"{""ipa_sim"": 0.5, ""len_diff"": 1}",automatic_only
phoneme:vn:/aː˧/,phoneme:vn:/ɨ˧˨ˀ/,vn,confusable_with,0.35,"{""ipa_sim"": 0.5, ""len_diff"": 1}",automatic_only
phoneme:vn:/aː˧˥/,phoneme:vn:/aː˧/,vn,confusable_with,0.75,"{""ipa_sim"": 1.0, ""len_diff"": 1}",automatic_only
phoneme:vn:/aː˧˥/,phoneme:vn:/aː˨˩/,vn,confusable_with,0.4,"{""ipa_sim"": 0.5, ""len_diff"": 0}",automatic_only
phoneme:vn:/aː˧˥/,phoneme:vn:/aː˧˩˧/,vn,confusable_with,0.59,"{""ipa_sim"": 0.8, ""len_diff"": 1}",automatic_only
phoneme:vn:/aː˧˥/,phoneme:vn:/aː˧ˀ˥/,vn,confusable_with,0.75,"{""ipa_sim"": 1.0, ""len_diff"": 1}",automatic_only
phoneme:vn:/aː˧˥/,phoneme:vn:/aː˧˨ˀ/,vn,confusable_with,0.59,"{""ipa_sim"": 0.8, ""len_diff"": 1}",automatic_only
phoneme:vn:/aː˧˥/,phoneme:vn:/a˧/,vn,confusable_with,0.5,"{""ipa_sim"": 0.75, ""len_diff"": 2}",automatic_only
phoneme:vn:/aː˧˥/,phoneme:vn:/a˧˥/,vn,confusable_with,0.75,"{""ipa_sim"": 1.0, ""len_diff"": 1}",automatic_only
phoneme:vn:/aː˧˥/,phoneme:vn:/a˨˩/,vn,confusable_with,0.35,"{""ipa_sim"": 0.5, ""len_diff"": 1}",automatic_only
phoneme:vn:/aː˧˥/,phoneme:vn:/a˧˩˧/,vn,confusable_with,0.4,"{""ipa_sim"": 0.5, ""len_diff"": 0}",automatic_only
phoneme:vn:/aː˧˥/,phoneme:vn:/a˧ˀ˥/,vn,confusable_with,0.6,"{""ipa_sim"": 0.75, ""len_diff"": 0}",automatic_only
phoneme:vn:/aː˧˥/,phoneme:vn:/a˧˨ˀ/,vn,confusable_with,0.4,"{""ipa_sim"": 0.5, ""len_diff"": 0}",automatic_only
phoneme:vn:/aː˧˥/,phoneme:vn:/ə˧˥/,vn,confusable_with,0.55,"{""ipa_sim"": 0.75, ""len_diff"": 1}",automatic_only
phoneme:vn:/aː˧˥/,phoneme:vn:/ə˧ˀ˥/,vn,confusable_with,0.4,"{""ipa_sim"": 0.5, ""len_diff"": 0}",automatic_only
phoneme:vn:/aː˧˥/,phoneme:vn:/ɛ˧˥/,vn,confusable_with,0.55,"{""ipa_sim"": 0.75, ""len_diff"": 1}",automatic_only
phoneme:vn:/aː˧˥/,phoneme:vn:/ɛ˧ˀ˥/,vn,confusable_with,0.4,"{""ipa_sim"": 0.5, ""len_diff"": 0}",automatic_only
phoneme:vn:/aː˧˥/,phoneme:vn:/e˧˥/,vn,confusable_with,0.55,"{""ipa_sim"": 0.75, ""len_diff"": 1}",automatic_only
phoneme:vn:/aː˧˥/,phoneme:vn:/e˧ˀ˥/,vn,confusable_with,0.4,"{""ipa_sim"": 0.5, ""len_diff"": 0}",automatic_only
phoneme:vn:/aː˧˥/,phoneme:vn:/i˧˥/,vn,confusable_with,0.55,"{""ipa_sim"": 0.75, ""len_diff"": 1}",automatic_only
phoneme:vn:/aː˧˥/,phoneme:vn:/i˧ˀ˥/,vn,confusable_with,0.4,"{""ipa_sim"": 0.5, ""len_diff"": 0}",automatic_only
phoneme:vn:/aː˧˥/,phoneme:vn:/ɔ˧˥/,vn,confusable_with,0.55,"{""ipa_sim"": 0.75, ""len_diff"": 1}",automatic_only
phoneme:vn:/aː˧˥/,phoneme:vn:/ɔ˧ˀ˥/,vn,confusable_with,0.4,"{""ipa_sim"": 0.5, ""len_diff"": 0}",automatic_only
phoneme:vn:/aː˧˥/,phoneme:vn:/o˧˥/,vn,confusable_with,0.55,"{""ipa_sim"": 0.75, ""len_diff"": 1}",automatic_only
phoneme:vn:/aː˧˥/,phoneme:vn:/o˧ˀ˥/,vn,confusable_with,0.4,"{""ipa_sim"": 0.5, ""len_diff"": 0}",automatic_only
phoneme:vn:/aː˧˥/,phoneme:vn:/əː˧/,vn,confusable_with,0.55,"{""ipa_sim"": 0.75, ""len_diff"": 1}",automatic_only
phoneme:vn:/aː˧˥/,phoneme:vn:/əː˧˥/,vn,confusable_with,0.6,"{""ipa_sim"": 0.75, ""len_diff"": 0}",automatic_only
phoneme:vn:/aː˧˥/,phoneme:vn:/əː˧˩˧/,vn,confusable_with,0.43,"{""ipa_sim"": 0.6, ""len_diff"": 1}",automatic_only
phoneme:vn:/aː˧˥/,phoneme:vn:/əː˧ˀ˥/,vn,confusable_with,0.59,"{""ipa_sim"": 0.8, ""len_diff"": 1}",automatic_only
phoneme:vn:/aː˧˥/,phoneme:vn:/əː˧˨ˀ/,vn,confusable_with,0.43,"{""ipa_sim"": 0.6, ""len_diff"": 1}",automatic_only
phoneme:vn:/aː˧˥/,phoneme:vn:/u˧˥/,vn,confusable_with,0.55,"{""ipa_sim"": 0.75, ""len_diff"": 1}",automatic_only
phoneme:vn:/aː˧˥/,phoneme:vn:/u˧ˀ˥/,vn,confusable_with,0.4,"{""ipa_sim"": 0.5, ""len_diff"": 0}",automatic_only
phoneme:vn:/aː˧˥/,phoneme:vn:/ɨ˧˥/,vn,confusable_with,0.55,"{""ipa_sim"": 0.75, ""len_diff"": 1}",automatic_only
phoneme:vn:/aː˧˥/,phoneme:vn:/ɨ˧ˀ˥/,vn,confusable_with,0.4,"{""ipa_sim"": 0.5, ""len_diff"": 0}",automatic_only
phoneme:vn:/aː˨˩/,phoneme:vn:/aː˧/,vn,confusable_with,0.55,"{""ipa_sim"": 0.75, ""len_diff"": 1}",automatic_only
phoneme:vn:/aː˨˩/,phoneme:vn:/aː˧˥/,vn,confusable_with,0.4,"{""ipa_sim"": 0.5, ""len_diff"": 0}",automatic_only
phoneme:vn:/aː˨˩/,phoneme:vn:/aː˧˩˧/,vn,confusable_with,0.59,"{""ipa_sim"": 0.8, ""len_diff"": 1}",automatic_only
phoneme:vn:/aː˨˩/,phoneme:vn:/aː˧ˀ˥/,vn,confusable_with,0.43,"{""ipa_sim"": 0.6, ""len_diff"": 1}",automatic_only
phoneme:vn:/aː˨˩/,phoneme:vn:/aː˧˨ˀ/,vn,confusable_with,0.59,"{""ipa_sim"": 0.8, ""len_diff"": 1}",automatic_only
phoneme:vn:/aː˨˩/,phoneme:vn:/a˧˥/,vn,confusable_with,0.35,"{""ipa_sim"": 0.5, ""len_diff"": 1}",automatic_only
phoneme:vn:/aː˨˩/,phoneme:vn:/a˨˩/,vn,confusable_with,0.75,"{""ipa_sim"": 1.0, ""len_diff"": 1}",automatic_only
phoneme:vn:/aː˨˩/,phoneme:vn:/a˧˩˧/,vn,confusable_with,0.4,"{""ipa_sim"": 0.5, ""len_diff"": 0}",automatic_only
phoneme:vn:/aː˨˩/,phoneme:vn:/a˧˨ˀ/,vn,confusable_with,0.4,"{""ipa_sim"": 0.5, ""len_diff"": 0}",automatic_only
phoneme:vn:/aː˨˩/,phoneme:vn:/ə˨˩/,vn,confusable_with,0.55,"{""ipa_sim"": 0.75, ""len_diff"": 1}",automatic_only
phoneme:vn:/aː˨˩/,phoneme:vn:/ɛ˨˩/,vn,confusable_with,0.55,"{""ipa_sim"": 0.75, ""len_diff"": 1}",automatic_only
phoneme:vn:/aː˨˩/,phoneme:vn:/e˨˩/,vn,confusable_with,0.55,"{""ipa_sim"": 0.75, ""len_diff"": 1}",automatic_only
phoneme:vn:/aː˨˩/,phoneme:vn:/i˨˩/,vn,confusable_with,0.55,"{""ipa_sim"": 0.75, ""len_diff"": 1}",automatic_only
phoneme:vn:/aː˨˩/,phoneme:vn:/ɔ˨˩/,vn,confusable_with,0.55,"{""ipa_sim"": 0.75, ""len_diff"": 1}",automatic_only
phoneme:vn:/aː˨˩/,phoneme:vn:/o˨˩/,vn,confusable_with,0.55,"{""ipa_sim"": 0.75, ""len_diff"": 1}",automatic_only
phoneme:vn:/aː˨˩/,phoneme:vn:/əː˧/,vn,confusable_with,0.35,"{""ipa_sim"": 0.5, ""len_diff"": 1}",automatic_only
phoneme:vn:/aː˨˩/,phoneme:vn:/əː˨˩/,vn,confusable_with,0.6,"{""ipa_sim"": 0.75, ""len_diff"": 0}",automatic_only
phoneme:vn:/aː˨˩/,phoneme:vn:/əː˧˩˧/,vn,confusable_with,0.43,"{""ipa_sim"": 0.6, ""len_diff"": 1}",automatic_only
phoneme:vn:/aː˨˩/,phoneme:vn:/əː˧˨ˀ/,vn,confusable_with,0.43,"{""ipa_sim"": 0.6, ""len_diff"": 1}",automatic_only
phoneme:vn:/aː˨˩/,phoneme:vn:/u˨˩/,vn,confusable_with,0.55,"{""ipa_sim"": 0.75, ""len_diff"": 1}",automatic_only
phoneme:vn:/aː˨˩/,phoneme:vn:/ɨ˨˩/,vn,confusable_with,0.55,"{""ipa_sim"": 0.75, ""len_diff"": 1}",automatic_only
phoneme:vn:/aː˧˩˧/,phoneme:vn:/aː˧/,vn,confusable_with,0.54,"{""ipa_sim"": 0.8, ""len_diff"": 2}",automatic_only
phoneme:vn:/aː˧˩˧/,phoneme:vn:/aː˧˥/,vn,confusable_with,0.59,"{""ipa_sim"": 0.8, ""len_diff"": 1}",automatic_only
phoneme:vn:/aː˧˩˧/,phoneme:vn:/aː˨˩/,vn,confusable_with,0.59,"{""ipa_sim"": 0.8, ""len_diff"": 1}",automatic_only
phoneme:vn:/aː˧˩˧/,phoneme:vn:/aː˧ˀ˥/,vn,confusable_with,0.48,"{""ipa_sim"": 0.6, ""len_diff"": 0}",automatic_only
phoneme:vn:/aː˧˩˧/,phoneme:vn:/aː˧˨ˀ/,vn,confusable_with,0.48,"{""ipa_sim"": 0.6, ""len_diff"": 0}",automatic_only
phoneme:vn:/aː˧˩˧/,phoneme:vn:/a˧˥/,vn,confusable_with,0.38,"{""ipa_sim"": 0.6, ""len_diff"": 2}",automatic_only
phoneme:vn:/aː˧˩˧/,phoneme:vn:/a˨˩/,vn,confusable_with,0.38,"{""ipa_sim"": 0.6, ""len_diff"": 2}",automatic_only
phoneme:vn:/aː˧˩˧/,phoneme:vn:/a˧˩˧/,vn,confusable_with,0.75,"{""ipa_sim"": 1.0, ""len_diff"": 1}",automatic_only
phoneme:vn:/aː˧˩˧/,phoneme:vn:/a˧ˀ˥/,vn,confusable_with,0.43,"{""ipa_sim"": 0.6, ""len_diff"": 1}",automatic_only
phoneme:vn:/aː˧˩˧/,phoneme:vn:/a˧˨ˀ/,vn,confusable_with,0.43,"{""ipa_sim"": 0.6, ""len_diff"": 1}",automatic_only
phoneme:vn:/aː˧˩˧/,phoneme:vn:/ə˧˩˧/,vn,confusable_with,0.59,"{""ipa_sim"": 0.8, ""len_diff"": 1}",automatic_only
phoneme:vn:/aː˧˩˧/,phoneme:vn:/ɛ˧˩˧/,vn,confusable_with,0.59,"{""ipa_sim"": 0.8, ""len_diff"": 1}",automatic_only
phoneme:vn:/aː˧˩˧/,phoneme:vn:/e˧˩˧/,vn,confusable_with,0.59,"{""ipa_sim"": 0.8, ""len_diff"": 1}",automatic_only
phoneme:vn:/aː˧˩˧/,phoneme:vn:/i˧˩˧/,vn,confusable_with,0.59,"{""ipa_sim"": 0.8, ""len_diff"": 1}",automatic_only
phoneme:vn:/aː˧˩˧/,phoneme:vn:/ɔ˧˩˧/,vn,confusable_with,0.59,"{""ipa_sim"": 0.8, ""len_diff"": 1}",automatic_only
phoneme:vn:/aː˧˩˧/,phoneme:vn:/o˧˩˧/,vn,confusable_with,0.59,"{""ipa_sim"": 0.8, ""len_diff"": 1}",automatic_only
phoneme:vn:/aː˧˩˧/,phoneme:vn:/əː˧/,vn,confusable_with,0.38,"{""ipa_sim"": 0.6, ""len_diff"": 2}",automatic_only
phoneme:vn:/aː˧˩˧/,phoneme:vn:/əː˧˥/,vn,confusable_with,0.43,"{""ipa_sim"": 0.6, ""len_diff"": 1}",automatic_only
phoneme:vn:/aː˧˩˧/,phoneme:vn:/əː˨˩/,vn,confusable_with,0.43,"{""ipa_sim"": 0.6, ""len_diff"": 1}",automatic_only
phoneme:vn:/aː˧˩˧/,phoneme:vn:/əː˧˩˧/,vn,confusable_with,0.8,"{""ipa_sim"": 1.0, ""len_diff"": 0}",automatic_only
phoneme:vn:/aː˧˩˧/,phoneme:vn:/u˧˩˧/,vn,confusable_with,0.59,"{""ipa_sim"": 0.8, ""len_diff"": 1}",automatic_only
phoneme:vn:/aː˧˩˧/,phoneme:vn:/ɨ˧˩˧/,vn,confusable_with,0.59,"{""ipa_sim"": 0.8, ""len_diff"": 1}",automatic_only
phoneme:vn:/aː˧ˀ˥/,phoneme:vn:/aː˧/,vn,confusable_with,0.54,"{""ipa_sim"": 0.8, ""len_diff"": 2}",automatic_only
phoneme:vn:/aː˧ˀ˥/,phoneme:vn:/aː˧˥/,vn,confusable_with,0.75,"{""ipa_sim"": 1.0, ""len_diff"": 1}",automatic_only
phoneme:vn:/aː˧ˀ˥/,phoneme:vn:/aː˨˩/,vn,confusable_with,0.43,"{""ipa_sim"": 0.6, ""len_diff"": 1}",automatic_only
phoneme:vn:/aː˧ˀ˥/,phoneme:vn:/aː˧˩˧/,vn,confusable_with,0.48,"{""ipa_sim"": 0.6, ""len_diff"": 0}",automatic_only
phoneme:vn:/aː˧ˀ˥/,phoneme:vn:/aː˧˨ˀ/,vn,confusable_with,0.8,"{""ipa_sim"": 1.0, ""len_diff"": 0}",automatic_only
phoneme:vn:/aː˧ˀ˥/,phoneme:vn:/a˧˥/,vn,confusable_with,0.54,"{""ipa_sim"": 0.8, ""len_diff"": 2}",automatic_only
phoneme:vn:/aː˧ˀ˥/,phoneme:vn:/a˧˩˧/,vn,confusable_with,0.43,"{""ipa_sim"": 0.6, ""len_diff"": 1}",automatic_only
phoneme:vn:/aː˧ˀ˥/,phoneme:vn:/a˧ˀ˥/,vn,confusable_with,0.75,"{""ipa_sim"": 1.0, ""len_diff"": 1}",automatic_only
phoneme:vn:/aː˧ˀ˥/,phoneme:vn:/a˧˨ˀ/,vn,confusable_with,0.59,"{""ipa_sim"": 0.8, ""len_diff"": 1}",automatic_only
phoneme:vn:/aː˧ˀ˥/,phoneme:vn:/ə˧˥/,vn,confusable_with,0.38,"{""ipa_sim"": 0.6, ""len_diff"": 2}",automatic_only
phoneme:vn:/aː˧ˀ˥/,phoneme:vn:/ə˧ˀ˥/,vn,confusable_with,0.59,"{""ipa_sim"": 0.8, ""len_diff"": 1}",automatic_only
phoneme:vn:/aː˧ˀ˥/,phoneme:vn:/ə˧˨ˀ/,vn,confusable_with,0.43,"{""ipa_sim"": 0.6, ""len_diff"": 1}",automatic_only
phoneme:vn:/aː˧ˀ˥/,phoneme:vn:/ɛ˧˥/,vn,confusable_with,0.38,"{""ipa_sim"": 0.6, ""len_diff"": 2}",automatic_only
phoneme:vn:/aː˧ˀ˥/,phoneme:vn:/ɛ˧ˀ˥/,vn,confusable_with,0.59,"{""ipa_sim"": 0.8, ""len_diff"": 1}",automatic_only
phoneme:vn:/aː˧ˀ˥/,phoneme:vn:/ɛ˧˨ˀ/,vn,confusable_with,0.43,"{""ipa_sim"": 0.6, ""len_diff"": 1}",automatic_only
phoneme:vn:/aː˧ˀ˥/,phoneme:vn:/e˧˥/,vn,confusable_with,0.38,"{""ipa_sim"": 0.6, ""len_diff"": 2}",automatic_only
phoneme:vn:/aː˧ˀ˥/,phoneme:vn:/e˧ˀ˥/,vn,confusable_with,0.59,"{""ipa_sim"": 0.8, ""len_diff"": 1}",automatic_only
phoneme:vn:/aː˧ˀ˥/,phoneme:vn:/e˧˨ˀ/,vn,confusable_with,0.43,"{""ipa_sim"": 0.6, ""len_diff"": 1}",automatic_only
phoneme:vn:/aː˧ˀ˥/,phoneme:vn:/i˧˥/,vn,confusable_with,0.38,"{""ipa_sim"": 0.6, ""len_diff"": 2}",automatic_only
phoneme:vn:/aː˧ˀ˥/,phoneme:vn:/i˧ˀ˥/,vn,confusable_with,0.59,"{""ipa_sim"": 0.8, ""len_diff"": 1}",automatic_only
phoneme:vn:/aː˧ˀ˥/,phoneme:vn:/i˧˨ˀ/,vn,confusable_with,0.43,"{""ipa_sim"": 0.6, ""len_diff"": 1}",automatic_only
phoneme:vn:/aː˧ˀ˥/,phoneme:vn:/ɔ˧˥/,vn,confusable_with,0.38,"{""ipa_sim"": 0.6, ""len_diff"": 2}",automatic_only
phoneme:vn:/aː˧ˀ˥/,phoneme:vn:/ɔ˧ˀ˥/,vn,confusable_with,0.59,"{""ipa_sim"": 0.8, ""len_diff"": 1}",automatic_only
phoneme:vn:/aː˧ˀ˥/,phoneme:vn:/ɔ˧˨ˀ/,vn,confusable_with,0.43,"{""ipa_sim"": 0.6, ""len_diff"": 1}",automatic_only
phoneme:vn:/aː˧ˀ˥/,phoneme:vn:/o˧˥/,vn,confusable_with,0.38,"{""ipa_sim"": 0.6, ""len_diff"": 2}",automatic_only
phoneme:vn:/aː˧ˀ˥/,phoneme:vn:/o˧ˀ˥/,vn,confusable_with,0.59,"{""ipa_sim"": 0.8, ""len_diff"": 1}",automatic_only
phoneme:vn:/aː˧ˀ˥/,phoneme:vn:/o˧˨ˀ/,vn,confusable_with,0.43,"{""ipa_sim"": 0.6, ""len_diff"": 1}",automatic_only
phoneme:vn:/aː˧ˀ˥/,phoneme:vn:/əː˧/,vn,confusable_with,0.38,"{""ipa_sim"": 0.6, ""len_diff"": 2}",automatic_only
phoneme:vn:/aː˧ˀ˥/,phoneme:vn:/əː˧˥/,vn,confusable_with,0.59,"{""ipa_sim"": 0.8, ""len_diff"": 1}",automatic_only
phoneme:vn:/aː˧ˀ˥/,phoneme:vn:/əː˧ˀ˥/,vn,confusable_with,0.8,"{""ipa_sim"": 1.0, ""len_diff"": 0}",automatic_only
phoneme:vn:/aː˧ˀ˥/,phoneme:vn:/əː˧˨ˀ/,vn,confusable_with,0.48,"{""ipa_sim"": 0.6, ""len_diff"": 0}",automatic_only
phoneme:vn:/aː˧ˀ˥/,phoneme:vn:/u˧˥/,vn,confusable_with,0.38,"{""ipa_sim"": 0.6, ""len_diff"": 2}",automatic_only
phoneme:vn:/aː˧ˀ˥/,phoneme:vn:/u˧ˀ˥/,vn,confusable_with,0.59,"{""ipa_sim"": 0.8, ""len_diff"": 1}",automatic_only
phoneme:vn:/aː˧ˀ˥/,phoneme:vn:/u˧˨ˀ/,vn,confusable_with,0.43,"{""ipa_sim"": 0.6, ""len_diff"": 1}",automatic_only
phoneme:vn:/aː˧ˀ˥/,phoneme:vn:/ɨ˧˥/,vn,confusable_with,0.38,"{""ipa_sim"": 0.6, ""len_diff"": 2}",automatic_only
phoneme:vn:/aː˧ˀ˥/,phoneme:vn:/ɨ˧ˀ˥/,vn,confusable_with,0.59,"{""ipa_sim"": 0.8, ""len_diff"": 1}",automatic_only
phoneme:vn:/aː˧ˀ˥/,phoneme:vn:/ɨ˧˨ˀ/,vn,confusable_with,0.43,"{""ipa_sim"": 0.6, ""len_diff"": 1}",automatic_only
phoneme:vn:/aː˧˨ˀ/,phoneme:vn:/aː˧/,vn,confusable_with,0.54,"{""ipa_sim"": 0.8, ""len_diff"": 2}",automatic_only
phoneme:vn:/aː˧˨ˀ/,phoneme:vn:/aː˧˥/,vn,confusable_with,0.59,"{""ipa_sim"": 0.8, ""len_diff"": 1}",automatic_only
phoneme:vn:/aː˧˨ˀ/,phoneme:vn:/aː˨˩/,vn,confusable_with,0.59,"{""ipa_sim"": 0.8, ""len_diff"": 1}",automatic_only
phoneme:vn:/aː˧˨ˀ/,phoneme:vn:/aː˧˩˧/,vn,confusable_with,0.48,"{""ipa_sim"": 0.6, ""len_diff"": 0}",automatic_only
phoneme:vn:/aː˧˨ˀ/,phoneme:vn:/aː˧ˀ˥/,vn,confusable_with,0.8,"{""ipa_sim"": 1.0, ""len_diff"": 0}",automatic_only
phoneme:vn:/aː˧˨ˀ/,phoneme:vn:/a˧˥/,vn,confusable_with,0.38,"{""ipa_sim"": 0.6, ""len_diff"": 2}",automatic_only
phoneme:vn:/aː˧˨ˀ/,phoneme:vn:/a˨˩/,vn,confusable_with,0.38,"{""ipa_sim"": 0.6, ""len_diff"": 2}",automatic_only
phoneme:vn:/aː˧˨ˀ/,phoneme:vn:/a˧˩˧/,vn,confusable_with,0.43,"{""ipa_sim"": 0.6, ""len_diff"": 1}",automatic_only
phoneme:vn:/aː˧˨ˀ/,phoneme:vn:/a˧ˀ˥/,vn,confusable_with,0.59,"{""ipa_sim"": 0.8, ""len_diff"": 1}",automatic_only
phoneme:vn:/aː˧˨ˀ/,phoneme:vn:/a˧˨ˀ/,vn,confusable_with,0.75,"{""ipa_sim"": 1.0, ""len_diff"": 1}",automatic_only
phoneme:vn:/aː˧˨ˀ/,phoneme:vn:/ə˧ˀ˥/,vn,confusable_with,0.43,"{""ipa_sim"": 0.6, ""len_diff"": 1}",automatic_only
phoneme:vn:/aː˧˨ˀ/,phoneme:vn:/ə˧˨ˀ/,vn,confusable_with,0.59,"{""ipa_sim"": 0.8, ""len_diff"": 1}",automatic_only
phoneme:vn:/aː˧˨ˀ/,phoneme:vn:/ɛ˧ˀ˥/,vn,confusable_with,0.43,"{""ipa_sim"": 0.6, ""len_diff"": 1}",automatic_only
phoneme:vn:/aː˧˨ˀ/,phoneme:vn:/ɛ˧˨ˀ/,vn,confusable_with,0.59,"{""ipa_sim"": 0.8, ""len_diff"": 1}",automatic_only
phoneme:vn:/aː˧˨ˀ/,phoneme:vn:/e˧ˀ˥/,vn,confusable_with,0.43,"{""ipa_sim"": 0.6, ""len_diff"": 1}",automatic_only
phoneme:vn:/aː˧˨ˀ/,phoneme:vn:/e˧˨ˀ/,vn,confusable_with,0.59,"{""ipa_sim"": 0.8, ""len_diff"": 1}",automatic_only
phoneme:vn:/aː˧˨ˀ/,phoneme:vn:/i˧ˀ˥/,vn,confusable_with,0.43,"{""ipa_sim"": 0.6, ""len_diff"": 1}",automatic_only
phoneme:vn:/aː˧˨ˀ/,phoneme:vn:/i˧˨ˀ/,vn,confusable_with,0.59,"{""ipa_sim"": 0.8, ""len_diff"": 1}",automatic_only
phoneme:vn:/aː˧˨ˀ/,phoneme:vn:/ɔ˧ˀ˥/,vn,confusable_with,0.43,"{""ipa_sim"": 0.6, ""len_diff"": 1}",automatic_only
phoneme:vn:/aː˧˨ˀ/,phoneme:vn:/ɔ˧˨ˀ/,vn,confusable_with,0.59,"{""ipa_sim"": 0.8, ""len_diff"": 1}",automatic_only
phoneme:vn:/aː˧˨ˀ/,phoneme:vn:/o˧ˀ˥/,vn,confusable_with,0.43,"{""ipa_sim"": 0.6, ""len_diff"": 1}",automatic_only
phoneme:vn:/aː˧˨ˀ/,phoneme:vn:/o˧˨ˀ/,vn,confusable_with,0.59,"{""ipa_sim"": 0.8, ""len_diff"": 1}",automatic_only
phoneme:vn:/aː˧˨ˀ/,phoneme:vn:/əː˧/,vn,confusable_with,0.38,"{""ipa_sim"": 0.6, ""len_diff"": 2}",automatic_only
phoneme:vn:/aː˧˨ˀ/,phoneme:vn:/əː˧˥/,vn,confusable_with,0.43,"{""ipa_sim"": 0.6, ""len_diff"": 1}",automatic_only
phoneme:vn:/aː˧˨ˀ/,phoneme:vn:/əː˨˩/,vn,confusable_with,0.43,"{""ipa_sim"": 0.6, ""len_diff"": 1}",automatic_only
phoneme:vn:/aː˧˨ˀ/,phoneme:vn:/əː˧ˀ˥/,vn,confusable_with,0.48,"{""ipa_sim"": 0.6, ""len_diff"": 0}",automatic_only
phoneme:vn:/aː˧˨ˀ/,phoneme:vn:/əː˧˨ˀ/,vn,confusable_with,0.8,"{""ipa_sim"": 1.0, ""len_diff"": 0}",automatic_only
phoneme:vn:/aː˧˨ˀ/,phoneme:vn:/u˧ˀ˥/,vn,confusable_with,0.43,"{""ipa_sim"": 0.6, ""len_diff"": 1}",automatic_only
phoneme:vn:/aː˧˨ˀ/,phoneme:vn:/u˧˨ˀ/,vn,confusable_with,0.59,"{""ipa_sim"": 0.8, ""len_diff"": 1}",automatic_only
phoneme:vn:/aː˧˨ˀ/,phoneme:vn:/ɨ˧ˀ˥/,vn,confusable_with,0.43,"{""ipa_sim"": 0.6, ""len_diff"": 1}",automatic_only
phoneme:vn:/aː˧˨ˀ/,phoneme:vn:/ɨ˧˨ˀ/,vn,confusable_with,0.59,"{""ipa_sim"": 0.8, ""len_diff"": 1}",automatic_only
phoneme:vn:/a˧/,phoneme:vn:/aː˧/,vn,confusable_with,0.9,"{""ipa_sim"": 1.0, ""len_diff"": 1, ""seed_reason"": ""vowel length contrast"", ""seed_weight"": 0.9}",automatic_plus_manual
phoneme:vn:/a˧/,phoneme:vn:/aː˧˥/,vn,confusable_with,0.5,"{""ipa_sim"": 0.75, ""len_diff"": 2}",automatic_only
phoneme:vn:/a˧/,phoneme:vn:/a˧˥/,vn,confusable_with,0.75,"{""ipa_sim"": 1.0, ""len_diff"": 1}",automatic_only
phoneme:vn:/a˧/,phoneme:vn:/a˨˩/,vn,confusable_with,0.483,"{""ipa_sim"": 0.667, ""len_diff"": 1}",automatic_only
phoneme:vn:/a˧/,phoneme:vn:/a˧˩˧/,vn,confusable_with,0.5,"{""ipa_sim"": 0.75, ""len_diff"": 2}",automatic_only
phoneme:vn:/a˧/,phoneme:vn:/a˧ˀ˥/,vn,confusable_with,0.5,"{""ipa_sim"": 0.75, ""len_diff"": 2}",automatic_only
phoneme:vn:/a˧/,phoneme:vn:/a˧˨ˀ/,vn,confusable_with,0.5,"{""ipa_sim"": 0.75, ""len_diff"": 2}",automatic_only
phoneme:vn:/a˧/,phoneme:vn:/ə˧/,vn,confusable_with,0.85,"{""ipa_sim"": 0.5, ""len_diff"": 0, ""seed_reason"": ""central vowel proximity"", ""seed_weight"": 0.85}",automatic_plus_manual
phoneme:vn:/a˧/,phoneme:vn:/ə˧˥/,vn,confusable_with,0.483,"{""ipa_sim"": 0.667, ""len_diff"": 1}",automatic_only
phoneme:vn:/a˧/,phoneme:vn:/ɛ˧/,vn,confusable_with,0.4,"{""ipa_sim"": 0.5, ""len_diff"": 0}",automatic_only
phoneme:vn:/a˧/,phoneme:vn:/ɛ˧˥/,vn,confusable_with,0.483,"{""ipa_sim"": 0.667, ""len_diff"": 1}",automatic_only
phoneme:vn:/a˧/,phoneme:vn:/e˧/,vn,confusable_with,0.4,"{""ipa_sim"": 0.5, ""len_diff"": 0}",automatic_only
phoneme:vn:/a˧/,phoneme:vn:/e˧˥/,vn,confusable_with,0.483,"{""ipa_sim"": 0.667, ""len_diff"": 1}",automatic_only
phoneme:vn:/a˧/,phoneme:vn:/i˧/,vn,confusable_with,0.4,"{""ipa_sim"": 0.5, ""len_diff"": 0}",automatic_only
phoneme:vn:/a˧/,phoneme:vn:/i˧˥/,vn,confusable_with,0.483,"{""ipa_sim"": 0.667, ""len_diff"": 1}",automatic_only
phoneme:vn:/a˧/,phoneme:vn:/ɔ˧/,vn,confusable_with,0.4,"{""ipa_sim"": 0.5, ""len_diff"": 0}",automatic_only
phoneme:vn:/a˧/,phoneme:vn:/ɔ˧˥/,vn,confusable_with,0.483,"{""ipa_sim"": 0.667, ""len_diff"": 1}",automatic_only
phoneme:vn:/a˧/,phoneme:vn:/o˧/,vn,confusable_with,0.4,"{""ipa_sim"": 0.5, ""len_diff"": 0}",automatic_only
phoneme:vn:/a˧/,phoneme:vn:/o˧˥/,vn,confusable_with,0.483,"{""ipa_sim"": 0.667, ""len_diff"": 1}",automatic_only
phoneme:vn:/a˧/,phoneme:vn:/əː˧/,vn,confusable_with,0.483,"{""ipa_sim"": 0.667, ""len_diff"": 1}",automatic_only
phoneme:vn:/a˧/,phoneme:vn:/u˧/,vn,confusable_with,0.4,"{""ipa_sim"": 0.5, ""len_diff"": 0}",automatic_only
phoneme:vn:/a˧/,phoneme:vn:/u˧˥/,vn,confusable_with,0.483,"{""ipa_sim"": 0.667, ""len_diff"": 1}",automatic_only
phoneme:vn:/a˧/,phoneme:vn:/ɨ˧/,vn,confusable_with,0.4,"{""ipa_sim"": 0.5, ""len_diff"": 0}",automatic_only
phoneme:vn:/a˧/,phoneme:vn:/ɨ˧˥/,vn,confusable_with,0.483,"{""ipa_sim"": 0.667, ""len_diff"": 1}",automatic_only
phoneme:vn:/a˧˥/,phoneme:vn:/aː˧/,vn,confusable_with,0.533,"{""ipa_sim"": 0.667, ""len_diff"": 0}",automatic_only
phoneme:vn:/a˧˥/,phoneme:vn:/aː˧˥/,vn,confusable_with,0.75,"{""ipa_sim"": 1.0, ""len_diff"": 1}",automatic_only
phoneme:vn:/a˧˥/,phoneme:vn:/aː˨˩/,vn,confusable_with,0.35,"{""ipa_sim"": 0.5, ""len_diff"": 1}",automatic_only
phoneme:vn:/a˧˥/,phoneme:vn:/aː˧˩˧/,vn,confusable_with,0.38,"{""ipa_sim"": 0.6, ""len_diff"": 2}",automatic_only
phoneme:vn:/a˧˥/,phoneme:vn:/aː˧ˀ˥/,vn,confusable_with,0.54,"{""ipa_sim"": 0.8, ""len_diff"": 2}",automatic_only
phoneme:vn:/a˧˥/,phoneme:vn:/aː˧˨ˀ/,vn,confusable_with,0.38,"{""ipa_sim"": 0.6, ""len_diff"": 2}",automatic_only
phoneme:vn:/a˧˥/,phoneme:vn:/a˧/,vn,confusable_with,0.75,"{""ipa_sim"": 1.0, ""len_diff"": 1}",automatic_only
phoneme:vn:/a˧˥/,phoneme:vn:/a˧˩˧/,vn,confusable_with,0.55,"{""ipa_sim"": 0.75, ""len_diff"": 1}",automatic_only
phoneme:vn:/a˧˥/,phoneme:vn:/a˧ˀ˥/,vn,confusable_with,0.75,"{""ipa_sim"": 1.0, ""len_diff"": 1}",automatic_only
phoneme:vn:/a˧˥/,phoneme:vn:/a˧˨ˀ/,vn,confusable_with,0.55,"{""ipa_sim"": 0.75, ""len_diff"": 1}",automatic_only
phoneme:vn:/a˧˥/,phoneme:vn:/ə˧/,vn,confusable_with,0.483,"{""ipa_sim"": 0.667, ""len_diff"": 1}",automatic_only
phoneme:vn:/a˧˥/,phoneme:vn:/ə˧˥/,vn,confusable_with,0.533,"{""ipa_sim"": 0.667, ""len_diff"": 0}",automatic_only
phoneme:vn:/a˧˥/,phoneme:vn:/ə˧˩˧/,vn,confusable_with,0.35,"{""ipa_sim"": 0.5, ""len_diff"": 1}",automatic_only
phoneme:vn:/a˧˥/,phoneme:vn:/ə˧ˀ˥/,vn,confusable_with,0.55,"{""ipa_sim"": 0.75, ""len_diff"": 1}",automatic_only
phoneme:vn:/a˧˥/,phoneme:vn:/ə˧˨ˀ/,vn,confusable_with,0.35,"{""ipa_sim"": 0.5, ""len_diff"": 1}",automatic_only
phoneme:vn:/a˧˥/,phoneme:vn:/ɛ˧/,vn,confusable_with,0.483,"{""ipa_sim"": 0.667, ""len_diff"": 1}",automatic_only
phoneme:vn:/a˧˥/,phoneme:vn:/ɛ˧˥/,vn,confusable_with,0.533,"{""ipa_sim"": 0.667, ""len_diff"": 0}",automatic_only
phoneme:vn:/a˧˥/,phoneme:vn:/ɛ˧˩˧/,vn,confusable_with,0.35,"{""ipa_sim"": 0.5, ""len_diff"": 1}",automatic_only
phoneme:vn:/a˧˥/,phoneme:vn:/ɛ˧ˀ˥/,vn,confusable_with,0.55,"{""ipa_sim"": 0.75, ""len_diff"": 1}",automatic_only
phoneme:vn:/a˧˥/,phoneme:vn:/ɛ˧˨ˀ/,vn,confusable_with,0.35,"{""ipa_sim"": 0.5, ""len_diff"": 1}",automatic_only
phoneme:vn:/a˧˥/,phoneme:vn:/e˧/,vn,confusable_with,0.483,"{""ipa_sim"": 0.667, ""len_diff"": 1}",automatic_only
phoneme:vn:/a˧˥/,phoneme:vn:/e˧˥/,vn,confusable_with,0.533,"{""ipa_sim"": 0.667, ""len_diff"": 0}",automatic_only
phoneme:vn:/a˧˥/,phoneme:vn:/e˧˩˧/,vn,confusable_with,0.35,"{""ipa_sim"": 0.5, ""len_diff"": 1}",automatic_only
phoneme:vn:/a˧˥/,phoneme:vn:/e˧ˀ˥/,vn,confusable_with,0.55,"{""ipa_sim"": 0.75, ""len_diff"": 1}",automatic_only
phoneme:vn:/a˧˥/,phoneme:vn:/e˧˨ˀ/,vn,confusable_with,0.35,"{""ipa_sim"": 0.5, ""len_diff"": 1}",automatic_only
phoneme:vn:/a˧˥/,phoneme:vn:/i˧/,vn,confusable_with,0.483,"{""ipa_sim"": 0.667, ""len_diff"": 1}",automatic_only
phoneme:vn:/a˧˥/,phoneme:vn:/i˧˥/,vn,confusable_with,0.533,"{""ipa_sim"": 0.667, ""len_diff"": 0}",automatic_only
phoneme:vn:/a˧˥/,phoneme:vn:/i˧˩˧/,vn,confusable_with,0.35,"{""ipa_sim"": 0.5, ""len_diff"": 1}",automatic_only
phoneme:vn:/a˧˥/,phoneme:vn:/i˧ˀ˥/,vn,confusable_with,0.55,"{""ipa_sim"": 0.75, ""len_diff"": 1}",automatic_only
phoneme:vn:/a˧˥/,phoneme:vn:/i˧˨ˀ/,vn,confusable_with,0.35,"{""ipa_sim"": 0.5, ""len_diff"": 1}",automatic_only
phoneme:vn:/a˧˥/,phoneme:vn:/ɔ˧/,vn,confusable_with,0.483,"{""ipa_sim"": 0.667, ""len_diff"": 1}",automatic_only
phoneme:vn:/a˧˥/,phoneme:vn:/ɔ˧˥/,vn,confusable_with,0.533,"{""ipa_sim"": 0.667, ""len_diff"": 0}",automatic_only
phoneme:vn:/a˧˥/,phoneme:vn:/ɔ˧˩˧/,vn,confusable_with,0.35,"{""ipa_sim"": 0.5, ""len_diff"": 1}",automatic_only
phoneme:vn:/a˧˥/,phoneme:vn:/ɔ˧ˀ˥/,vn,confusable_with,0.55,"{""ipa_sim"": 0.75, ""len_diff"": 1}",automatic_only
phoneme:vn:/a˧˥/,phoneme:vn:/ɔ˧˨ˀ/,vn,confusable_with,0.35,"{""ipa_sim"": 0.5, ""len_diff"": 1}",automatic_only
phoneme:vn:/a˧˥/,phoneme:vn:/o˧/,vn,confusable_with,0.483,"{""ipa_sim"": 0.667, ""len_diff"": 1}",automatic_only
phoneme:vn:/a˧˥/,phoneme:vn:/o˧˥/,vn,confusable_with,0.533,"{""ipa_sim"": 0.667, ""len_diff"": 0}",automatic_only
phoneme:vn:/a˧˥/,phoneme:vn:/o˧˩˧/,vn,confusable_with,0.35,"{""ipa_sim"": 0.5, ""len_diff"": 1}",automatic_only
phoneme:vn:/a˧˥/,phoneme:vn:/o˧ˀ˥/,vn,confusable_with,0.55,"{""ipa_sim"": 0.75, ""len_diff"": 1}",automatic_only
phoneme:vn:/a˧˥/,phoneme:vn:/o˧˨ˀ/,vn,confusable_with,0.35,"{""ipa_sim"": 0.5, ""len_diff"": 1}",automatic_only
phoneme:vn:/a˧˥/,phoneme:vn:/əː˧˥/,vn,confusable_with,0.55,"{""ipa_sim"": 0.75, ""len_diff"": 1}",automatic_only
phoneme:vn:/a˧˥/,phoneme:vn:/əː˧ˀ˥/,vn,confusable_with,0.38,"{""ipa_sim"": 0.6, ""len_diff"": 2}",automatic_only
phoneme:vn:/a˧˥/,phoneme:vn:/u˧/,vn,confusable_with,0.483,"{""ipa_sim"": 0.667, ""len_diff"": 1}",automatic_only
phoneme:vn:/a˧˥/,phoneme:vn:/u˧˥/,vn,confusable_with,0.533,"{""ipa_sim"": 0.667, ""len_diff"": 0}",automatic_only
phoneme:vn:/a˧˥/,phoneme:vn:/u˧˩˧/,vn,confusable_with,0.35,"{""ipa_sim"": 0.5, ""len_diff"": 1}",automatic_only
phoneme:vn:/a˧˥/,phoneme:vn:/u˧ˀ˥/,vn,confusable_with,0.55,"{""ipa_sim"": 0.75, ""len_diff"": 1}",automatic_only
phoneme:vn:/a˧˥/,phoneme:vn:/u˧˨ˀ/,vn,confusable_with,0.35,"{""ipa_sim"": 0.5, ""len_diff"": 1}",automatic_only
phoneme:vn:/a˧˥/,phoneme:vn:/ɨ˧/,vn,confusable_with,0.483,"{""ipa_sim"": 0.667, ""len_diff"": 1}",automatic_only
phoneme:vn:/a˧˥/,phoneme:vn:/ɨ˧˥/,vn,confusable_with,0.533,"{""ipa_sim"": 0.667, ""len_diff"": 0}",automatic_only
phoneme:vn:/a˧˥/,phoneme:vn:/ɨ˧˩˧/,vn,confusable_with,0.35,"{""ipa_sim"": 0.5, ""len_diff"": 1}",automatic_only
phoneme:vn:/a˧˥/,phoneme:vn:/ɨ˧ˀ˥/,vn,confusable_with,0.55,"{""ipa_sim"": 0.75, ""len_diff"": 1}",automatic_only
phoneme:vn:/a˧˥/,phoneme:vn:/ɨ˧˨ˀ/,vn,confusable_with,0.35,"{""ipa_sim"": 0.5, ""len_diff"": 1}",automatic_only
phoneme:vn:/a˨˩/,phoneme:vn:/aː˧˥/,vn,confusable_with,0.35,"{""ipa_sim"": 0.5, ""len_diff"": 1}",automatic_only
phoneme:vn:/a˨˩/,phoneme:vn:/aː˨˩/,vn,confusable_with,0.75,"{""ipa_sim"": 1.0, ""len_diff"": 1}",automatic_only
phoneme:vn:/a˨˩/,phoneme:vn:/aː˧˩˧/,vn,confusable_with,0.38,"{""ipa_sim"": 0.6, ""len_diff"": 2}",automatic_only
phoneme:vn:/a˨˩/,phoneme:vn:/aː˧˨ˀ/,vn,confusable_with,0.38,"{""ipa_sim"": 0.6, ""len_diff"": 2}",automatic_only
phoneme:vn:/a˨˩/,phoneme:vn:/a˧/,vn,confusable_with,0.483,"{""ipa_sim"": 0.667, ""len_diff"": 1}",automatic_only
phoneme:vn:/a˨˩/,phoneme:vn:/a˧˩˧/,vn,confusable_with,0.55,"{""ipa_sim"": 0.75, ""len_diff"": 1}",automatic_only
phoneme:vn:/a˨˩/,phoneme:vn:/a˧ˀ˥/,vn,confusable_with,0.35,"{""ipa_sim"": 0.5, ""len_diff"": 1}",automatic_only
phoneme:vn:/a˨˩/,phoneme:vn:/a˧˨ˀ/,vn,confusable_with,0.55,"{""ipa_sim"": 0.75, ""len_diff"": 1}",automatic_only
phoneme:vn:/a˨˩/,phoneme:vn:/ə˨˩/,vn,confusable_with,0.533,"{""ipa_sim"": 0.667, ""len_diff"": 0}",automatic_only
phoneme:vn:/a˨˩/,phoneme:vn:/ə˧˩˧/,vn,confusable_with,0.35,"{""ipa_sim"": 0.5, ""len_diff"": 1}",automatic_only
phoneme:vn:/a˨˩/,phoneme:vn:/ə˧˨ˀ/,vn,confusable_with,0.35,"{""ipa_sim"": 0.5, ""len_diff"": 1}",automatic_only
phoneme:vn:/a˨˩/,phoneme:vn:/ɛ˨˩/,vn,confusable_with,0.533,"{""ipa_sim"": 0.667, ""len_diff"": 0}",automatic_only
phoneme:vn:/a˨˩/,phoneme:vn:/ɛ˧˩˧/,vn,confusable_with,0.35,"{""ipa_sim"": 0.5, ""len_diff"": 1}",automatic_only
phoneme:vn:/a˨˩/,phoneme:vn:/ɛ˧˨ˀ/,vn,confusable_with,0.35,"{""ipa_sim"": 0.5, ""len_diff"": 1}",automatic_only
phoneme:vn:/a˨˩/,phoneme:vn:/e˨˩/,vn,confusable_with,0.533,"{""ipa_sim"": 0.667, ""len_diff"": 0}",automatic_only
phoneme:vn:/a˨˩/,phoneme:vn:/e˧˩˧/,vn,confusable_with,0.35,"{""ipa_sim"": 0.5, ""len_diff"": 1}",automatic_only
phoneme:vn:/a˨˩/,phoneme:vn:/e˧˨ˀ/,vn,confusable_with,0.35,"{""ipa_sim"": 0.5, ""len_diff"": 1}",automatic_only
phoneme:vn:/a˨˩/,phoneme:vn:/i˨˩/,vn,confusable_with,0.533,"{""ipa_sim"": 0.667, ""len_diff"": 0}",automatic_only
phoneme:vn:/a˨˩/,phoneme:vn:/i˧˩˧/,vn,confusable_with,0.35,"{""ipa_sim"": 0.5, ""len_diff"": 1}",automatic_only
phoneme:vn:/a˨˩/,phoneme:vn:/i˧˨ˀ/,vn,confusable_with,0.35,"{""ipa_sim"": 0.5, ""len_diff"": 1}",automatic_only
phoneme:vn:/a˨˩/,phoneme:vn:/ɔ˨˩/,vn,confusable_with,0.533,"{""ipa_sim"": 0.667, ""len_diff"": 0}",automatic_only
phoneme:vn:/a˨˩/,phoneme:vn:/ɔ˧˩˧/,vn,confusable_with,0.35,"{""ipa_sim"": 0.5, ""len_diff"": 1}",automatic_only
phoneme:vn:/a˨˩/,phoneme:vn:/ɔ˧˨ˀ/,vn,confusable_with,0.35,"{""ipa_sim"": 0.5, ""len_diff"": 1}",automatic_only
phoneme:vn:/a˨˩/,phoneme:vn:/o˨˩/,vn,confusable_with,0.533,"{""ipa_sim"": 0.667, ""len_diff"": 0}",automatic_only
phoneme:vn:/a˨˩/,phoneme:vn:/o˧˩˧/,vn,confusable_with,0.35,"{""ipa_sim"": 0.5, ""len_diff"": 1}",automatic_only
phoneme:vn:/a˨˩/,phoneme:vn:/o˧˨ˀ/,vn,confusable_with,0.35,"{""ipa_sim"": 0.5, ""len_diff"": 1}",automatic_only
phoneme:vn:/a˨˩/,phoneme:vn:/əː˨˩/,vn,confusable_with,0.55,"{""ipa_sim"": 0.75, ""len_diff"": 1}",automatic_only
phoneme:vn:/a˨˩/,phoneme:vn:/u˨˩/,vn,confusable_with,0.533,"{""ipa_sim"": 0.667, ""len_diff"": 0}",automatic_only
phoneme:vn:/a˨˩/,phoneme:vn:/u˧˩˧/,vn,confusable_with,0.35,"{""ipa_sim"": 0.5, ""len_diff"": 1}",automatic_only
phoneme:vn:/a˨˩/,phoneme:vn:/u˧˨ˀ/,vn,confusable_with,0.35,"{""ipa_sim"": 0.5, ""len_diff"": 1}",automatic_only
phoneme:vn:/a˨˩/,phoneme:vn:/ɨ˨˩/,vn,confusable_with,0.533,"{""ipa_sim"": 0.667, ""len_diff"": 0}",automatic_only
phoneme:vn:/a˨˩/,phoneme:vn:/ɨ˧˩˧/,vn,confusable_with,0.35,"{""ipa_sim"": 0.5, ""len_diff"": 1}",automatic_only
phoneme:vn:/a˨˩/,phoneme:vn:/ɨ˧˨ˀ/,vn,confusable_with,0.35,"{""ipa_sim"": 0.5, ""len_diff"": 1}",automatic_only
phoneme:vn:/a˧˩˧/,phoneme:vn:/aː˧/,vn,confusable_with,0.55,"{""ipa_sim"": 0.75, ""len_diff"": 1}",automatic_only
phoneme:vn:/a˧˩˧/,phoneme:vn:/aː˧˥/,vn,confusable_with,0.4,"{""ipa_sim"": 0.5, ""len_diff"": 0}",automatic_only
phoneme:vn:/a˧˩˧/,phoneme:vn:/aː˨˩/,vn,confusable_with,0.4,"{""ipa_sim"": 0.5, ""len_diff"": 0}",automatic_only
phoneme:vn:/a˧˩˧/,phoneme:vn:/aː˧˩˧/,vn,confusable_with,0.75,"{""ipa_sim"": 1.0, ""len_diff"": 1}",automatic_only
phoneme:vn:/a˧˩˧/,phoneme:vn:/aː˧ˀ˥/,vn,confusable_with,0.43,"{""ipa_sim"": 0.6, ""len_diff"": 1}",automatic_only
phoneme:vn:/a˧˩˧/,phoneme:vn:/aː˧˨ˀ/,vn,confusable_with,0.43,"{""ipa_sim"": 0.6, ""len_diff"": 1}",automatic_only
phoneme:vn:/a˧˩˧/,phoneme:vn:/a˧/,vn,confusable_with,0.5,"{""ipa_sim"": 0.75, ""len_diff"": 2}",automatic_only
phoneme:vn:/a˧˩˧/,phoneme:vn:/a˧˥/,vn,confusable_with,0.55,"{""ipa_sim"": 0.75, ""len_diff"": 1}",automatic_only
phoneme:vn:/a˧˩˧/,phoneme:vn:/a˨˩/,vn,confusable_with,0.55,"{""ipa_sim"": 0.75, ""len_diff"": 1}",automatic_only
phoneme:vn:/a˧˩˧/,phoneme:vn:/a˧ˀ˥/,vn,confusable_with,0.4,"{""ipa_sim"": 0.5, ""len_diff"": 0}",automatic_only
phoneme:vn:/a˧˩˧/,phoneme:vn:/a˧˨ˀ/,vn,confusable_with,0.4,"{""ipa_sim"": 0.5, ""len_diff"": 0}",automatic_only
phoneme:vn:/a˧˩˧/,phoneme:vn:/ə˧˥/,vn,confusable_with,0.35,"{""ipa_sim"": 0.5, ""len_diff"": 1}",automatic_only
phoneme:vn:/a˧˩˧/,phoneme:vn:/ə˨˩/,vn,confusable_with,0.35,"{""ipa_sim"": 0.5, ""len_diff"": 1}",automatic_only
phoneme:vn:/a˧˩˧/,phoneme:vn:/ə˧˩˧/,vn,confusable_with,0.6,"{""ipa_sim"": 0.75, ""len_diff"": 0}",automatic_only
phoneme:vn:/a˧˩˧/,phoneme:vn:/ɛ˧˥/,vn,confusable_with,0.35,"{""ipa_sim"": 0.5, ""len_diff"": 1}",automatic_only
phoneme:vn:/a˧˩˧/,phoneme:vn:/ɛ˨˩/,vn,confusable_with,0.35,"{""ipa_sim"": 0.5, ""len_diff"": 1}",automatic_only
phoneme:vn:/a˧˩˧/,phoneme:vn:/ɛ˧˩˧/,vn,confusable_with,0.6,"{""ipa_sim"": 0.75, ""len_diff"": 0}",automatic_only
phoneme:vn:/a˧˩˧/,phoneme:vn:/e˧˥/,vn,confusable_with,0.35,"{""ipa_sim"": 0.5, ""len_diff"": 1}",automatic_only
phoneme:vn:/a˧˩˧/,phoneme:vn:/e˨˩/,vn,confusable_with,0.35,"{""ipa_sim"": 0.5, ""len_diff"": 1}",automatic_only
phoneme:vn:/a˧˩˧/,phoneme:vn:/e˧˩˧/,vn,confusable_with,0.6,"{""ipa_sim"": 0.75, ""len_diff"": 0}",automatic_only
phoneme:vn:/a˧˩˧/,phoneme:vn:/i˧˥/,vn,confusable_with,0.35,"{""ipa_sim"": 0.5, ""len_diff"": 1}",automatic_only
phoneme:vn:/a˧˩˧/,phoneme:vn:/i˨˩/,vn,confusable_with,0.35,"{""ipa_sim"": 0.5, ""len_diff"": 1}",automatic_only
phoneme:vn:/a˧˩˧/,phoneme:vn:/i˧˩˧/,vn,confusable_with,0.6,"{""ipa_sim"": 0.75, ""len_diff"": 0}",automatic_only
phoneme:vn:/a˧˩˧/,phoneme:vn:/ɔ˧˥/,vn,confusable_with,0.35,"{""ipa_sim"": 0.5, ""len_diff"": 1}",automatic_only
phoneme:vn:/a˧˩˧/,phoneme:vn:/ɔ˨˩/,vn,confusable_with,0.35,"{""ipa_sim"": 0.5, ""len_diff"": 1}",automatic_only
phoneme:vn:/a˧˩˧/,phoneme:vn:/ɔ˧˩˧/,vn,confusable_with,0.6,"{""ipa_sim"": 0.75, ""len_diff"": 0}",automatic_only
phoneme:vn:/a˧˩˧/,phoneme:vn:/o˧˥/,vn,confusable_with,0.35,"{""ipa_sim"": 0.5, ""len_diff"": 1}",automatic_only
phoneme:vn:/a˧˩˧/,phoneme:vn:/o˨˩/,vn,confusable_with,0.35,"{""ipa_sim"": 0.5, ""len_diff"": 1}",automatic_only
phoneme:vn:/a˧˩˧/,phoneme:vn:/o˧˩˧/,vn,confusable_with,0.6,"{""ipa_sim"": 0.75, ""len_diff"": 0}",automatic_only
phoneme:vn:/a˧˩˧/,phoneme:vn:/əː˧/,vn,confusable_with,0.35,"{""ipa_sim"": 0.5, ""len_diff"": 1}",automatic_only
phoneme:vn:/a˧˩˧/,phoneme:vn:/əː˧˩˧/,vn,confusable_with,0.59,"{""ipa_sim"": 0.8, ""len_diff"": 1}",automatic_only
phoneme:vn:/a˧˩˧/,phoneme:vn:/u˧˥/,vn,confusable_with,0.35,"{""ipa_sim"": 0.5, ""len_diff"": 1}",automatic_only
phoneme:vn:/a˧˩˧/,phoneme:vn:/u˨˩/,vn,confusable_with,0.35,"{""ipa_sim"": 0.5, ""len_diff"": 1}",automatic_only
phoneme:vn:/a˧˩˧/,phoneme:vn:/u˧˩˧/,vn,confusable_with,0.6,"{""ipa_sim"": 0.75, ""len_diff"": 0}",automatic_only
phoneme:vn:/a˧˩˧/,phoneme:vn:/ɨ˧˥/,vn,confusable_with,0.35,"{""ipa_sim"": 0.5, ""len_diff"": 1}",automatic_only
phoneme:vn:/a˧˩˧/,phoneme:vn:/ɨ˨˩/,vn,confusable_with,0.35,"{""ipa_sim"": 0.5, ""len_diff"": 1}",automatic_only
phoneme:vn:/a˧˩˧/,phoneme:vn:/ɨ˧˩˧/,vn,confusable_with,0.6,"{""ipa_sim"": 0.75, ""len_diff"": 0}",automatic_only
phoneme:vn:/a˧ˀ˥/,phoneme:vn:/aː˧/,vn,confusable_with,0.55,"{""ipa_sim"": 0.75, ""len_diff"": 1}",automatic_only
phoneme:vn:/a˧ˀ˥/,phoneme:vn:/aː˧˥/,vn,confusable_with,0.6,"{""ipa_sim"": 0.75, ""len_diff"": 0}",automatic_only
phoneme:vn:/a˧ˀ˥/,phoneme:vn:/aː˧˩˧/,vn,confusable_with,0.43,"{""ipa_sim"": 0.6, ""len_diff"": 1}",automatic_only
phoneme:vn:/a˧ˀ˥/,phoneme:vn:/aː˧ˀ˥/,vn,confusable_with,0.75,"{""ipa_sim"": 1.0, ""len_diff"": 1}",automatic_only
phoneme:vn:/a˧ˀ˥/,phoneme:vn:/aː˧˨ˀ/,vn,confusable_with,0.59,"{""ipa_sim"": 0.8, ""len_diff"": 1}",automatic_only
phoneme:vn:/a˧ˀ˥/,phoneme:vn:/a˧/,vn,confusable_with,0.5,"{""ipa_sim"": 0.75, ""len_diff"": 2}",automatic_only
phoneme:vn:/a˧ˀ˥/,phoneme:vn:/a˧˥/,vn,confusable_with,0.75,"{""ipa_sim"": 1.0, ""len_diff"": 1}",automatic_only
phoneme:vn:/a˧ˀ˥/,phoneme:vn:/a˨˩/,vn,confusable_with,0.35,"{""ipa_sim"": 0.5, ""len_diff"": 1}",automatic_only
phoneme:vn:/a˧ˀ˥/,phoneme:vn:/a˧˩˧/,vn,confusable_with,0.4,"{""ipa_sim"": 0.5, ""len_diff"": 0}",automatic_only
phoneme:vn:/a˧ˀ˥/,phoneme:vn:/a˧˨ˀ/,vn,confusable_with,0.6,"{""ipa_sim"": 0.75, ""len_diff"": 0}",automatic_only
phoneme:vn:/a˧ˀ˥/,phoneme:vn:/ə˧˥/,vn,confusable_with,0.55,"{""ipa_sim"": 0.75, ""len_diff"": 1}",automatic_only
phoneme:vn:/a˧ˀ˥/,phoneme:vn:/ə˧ˀ˥/,vn,confusable_with,0.6,"{""ipa_sim"": 0.75, ""len_diff"": 0}",automatic_only
phoneme:vn:/a˧ˀ˥/,phoneme:vn:/ə˧˨ˀ/,vn,confusable_with,0.4,"{""ipa_sim"": 0.5, ""len_diff"": 0}",automatic_only
phoneme:vn:/a˧ˀ˥/,phoneme:vn:/ɛ˧˥/,vn,confusable_with,0.55,"{""ipa_sim"": 0.75, ""len_diff"": 1}",automatic_only
phoneme:vn:/a˧ˀ˥/,phoneme:vn:/ɛ˧ˀ˥/,vn,confusable_with,0.6,"{""ipa_sim"": 0.75, ""len_diff"": 0}",automatic_only
phoneme:vn:/a˧ˀ˥/,phoneme:vn:/ɛ˧˨ˀ/,vn,confusable_with,0.4,"{""ipa_sim"": 0.5, ""len_diff"": 0}",automatic_only
phoneme:vn:/a˧ˀ˥/,phoneme:vn:/e˧˥/,vn,confusable_with,0.55,"{""ipa_sim"": 0.75, ""len_diff"": 1}",automatic_only
phoneme:vn:/a˧ˀ˥/,phoneme:vn:/e˧ˀ˥/,vn,confusable_with,0.6,"{""ipa_sim"": 0.75, ""len_diff"": 0}",automatic_only
phoneme:vn:/a˧ˀ˥/,phoneme:vn:/e˧˨ˀ/,vn,confusable_with,0.4,"{""ipa_sim"": 0.5, ""len_diff"": 0}",automatic_only
phoneme:vn:/a˧ˀ˥/,phoneme:vn:/i˧˥/,vn,confusable_with,0.55,"{""ipa_sim"": 0.75, ""len_diff"": 1}",automatic_only
phoneme:vn:/a˧ˀ˥/,phoneme:vn:/i˧ˀ˥/,vn,confusable_with,0.6,"{""ipa_sim"": 0.75, ""len_diff"": 0}",automatic_only
phoneme:vn:/a˧ˀ˥/,phoneme:vn:/i˧˨ˀ/,vn,confusable_with,0.4,"{""ipa_sim"": 0.5, ""len_diff"": 0}",automatic_only
phoneme:vn:/a˧ˀ˥/,phoneme:vn:/ɔ˧˥/,vn,confusable_with,0.55,"{""ipa_sim"": 0.75, ""len_diff"": 1}",automatic_only
phoneme:vn:/a˧ˀ˥/,phoneme:vn:/ɔ˧ˀ˥/,vn,confusable_with,0.6,"{""ipa_sim"": 0.75, ""len_diff"": 0}",automatic_only
phoneme:vn:/a˧ˀ˥/,phoneme:vn:/ɔ˧˨ˀ/,vn,confusable_with,0.4,"{""ipa_sim"": 0.5, ""len_diff"": 0}",automatic_only
phoneme:vn:/a˧ˀ˥/,phoneme:vn:/o˧˥/,vn,confusable_with,0.55,"{""ipa_sim"": 0.75, ""len_diff"": 1}",automatic_only
phoneme:vn:/a˧ˀ˥/,phoneme:vn:/o˧ˀ˥/,vn,confusable_with,0.6,"{""ipa_sim"": 0.75, ""len_diff"": 0}",automatic_only
phoneme:vn:/a˧ˀ˥/,phoneme:vn:/o˧˨ˀ/,vn,confusable_with,0.4,"{""ipa_sim"": 0.5, ""len_diff"": 0}",automatic_only
phoneme:vn:/a˧ˀ˥/,phoneme:vn:/əː˧/,vn,confusable_with,0.35,"{""ipa_sim"": 0.5, ""len_diff"": 1}",automatic_only
phoneme:vn:/a˧ˀ˥/,phoneme:vn:/əː˧˥/,vn,confusable_with,0.4,"{""ipa_sim"": 0.5, ""len_diff"": 0}",automatic_only
phoneme:vn:/a˧ˀ˥/,phoneme:vn:/əː˧ˀ˥/,vn,confusable_with,0.59,"{""ipa_sim"": 0.8, ""len_diff"": 1}",automatic_only
phoneme:vn:/a˧ˀ˥/,phoneme:vn:/əː˧˨ˀ/,vn,confusable_with,0.43,"{""ipa_sim"": 0.6, ""len_diff"": 1}",automatic_only
phoneme:vn:/a˧ˀ˥/,phoneme:vn:/u˧˥/,vn,confusable_with,0.55,"{""ipa_sim"": 0.75, ""len_diff"": 1}",automatic_only
phoneme:vn:/a˧ˀ˥/,phoneme:vn:/u˧ˀ˥/,vn,confusable_with,0.6,"{""ipa_sim"": 0.75, ""len_diff"": 0}",automatic_only
phoneme:vn:/a˧ˀ˥/,phoneme:vn:/u˧˨ˀ/,vn,confusable_with,0.4,"{""ipa_sim"": 0.5, ""len_diff"": 0}",automatic_only
phoneme:vn:/a˧ˀ˥/,phoneme:vn:/ɨ˧˥/,vn,confusable_with,0.55,"{""ipa_sim"": 0.75, ""len_diff"": 1}",automatic_only
phoneme:vn:/a˧ˀ˥/,phoneme:vn:/ɨ˧ˀ˥/,vn,confusable_with,0.6,"{""ipa_sim"": 0.75, ""len_diff"": 0}",automatic_only
phoneme:vn:/a˧ˀ˥/,phoneme:vn:/ɨ˧˨ˀ/,vn,confusable_with,0.4,"{""ipa_sim"": 0.5, ""len_diff"": 0}",automatic_only
phoneme:vn:/a˧˨ˀ/,phoneme:vn:/aː˧/,vn,confusable_with,0.55,"{""ipa_sim"": 0.75, ""len_diff"": 1}",automatic_only
phoneme:vn:/a˧˨ˀ/,phoneme:vn:/aː˧˥/,vn,confusable_with,0.4,"{""ipa_sim"": 0.5, ""len_diff"": 0}",automatic_only
phoneme:vn:/a˧˨ˀ/,phoneme:vn:/aː˨˩/,vn,confusable_with,0.4,"{""ipa_sim"": 0.5, ""len_diff"": 0}",automatic_only
phoneme:vn:/a˧˨ˀ/,phoneme:vn:/aː˧˩˧/,vn,confusable_with,0.43,"{""ipa_sim"": 0.6, ""len_diff"": 1}",automatic_only
phoneme:vn:/a˧˨ˀ/,phoneme:vn:/aː˧ˀ˥/,vn,confusable_with,0.59,"{""ipa_sim"": 0.8, ""len_diff"": 1}",automatic_only
phoneme:vn:/a˧˨ˀ/,phoneme:vn:/aː˧˨ˀ/,vn,confusable_with,0.75,"{""ipa_sim"": 1.0, ""len_diff"": 1}",automatic_only
phoneme:vn:/a˧˨ˀ/,phoneme:vn:/a˧/,vn,confusable_with,0.5,"{""ipa_sim"": 0.75, ""len_diff"": 2}",automatic_only
phoneme:vn:/a˧˨ˀ/,phoneme:vn:/a˧˥/,vn,confusable_with,0.55,"{""ipa_sim"": 0.75, ""len_diff"": 1}",automatic_only
phoneme:vn:/a˧˨ˀ/,phoneme:vn:/a˨˩/,vn,confusable_with,0.55,"{""ipa_sim"": 0.75, ""len_diff"": 1}",automatic_only
phoneme:vn:/a˧˨ˀ/,phoneme:vn:/a˧˩˧/,vn,confusable_with,0.4,"{""ipa_sim"": 0.5, ""len_diff"": 0}",automatic_only
phoneme:vn:/a˧˨ˀ/,phoneme:vn:/a˧ˀ˥/,vn,confusable_with,0.6,"{""ipa_sim"": 0.75, ""len_diff"": 0}",automatic_only
phoneme:vn:/a˧˨ˀ/,phoneme:vn:/ə˧˥/,vn,confusable_with,0.35,"{""ipa_sim"": 0.5, ""len_diff"": 1}",automatic_only
phoneme:vn:/a˧˨ˀ/,phoneme:vn:/ə˨˩/,vn,confusable_with,0.35,"{""ipa_sim"": 0.5, ""len_diff"": 1}",automatic_only
phoneme:vn:/a˧˨ˀ/,phoneme:vn:/ə˧ˀ˥/,vn,confusable_with,0.4,"{""ipa_sim"": 0.5, ""len_diff"": 0}",automatic_only
phoneme:vn:/a˧˨ˀ/,phoneme:vn:/ə˧˨ˀ/,vn,confusable_with,0.6,"{""ipa_sim"": 0.75, ""len_diff"": 0}",automatic_only
phoneme:vn:/a˧˨ˀ/,phoneme:vn:/ɛ˧˥/,vn,confusable_with,0.35,"{""ipa_sim"": 0.5, ""len_diff"": 1}",automatic_only
phoneme:vn:/a˧˨ˀ/,phoneme:vn:/ɛ˨˩/,vn,confusable_with,0.35,"{""ipa_sim"": 0.5, ""len_diff"": 1}",automatic_only
phoneme:vn:/a˧˨ˀ/,phoneme:vn:/ɛ˧ˀ˥/,vn,confusable_with,0.4,"{""ipa_sim"": 0.5, ""len_diff"": 0}",automatic_only
phoneme:vn:/a˧˨ˀ/,phoneme:vn:/ɛ˧˨ˀ/,vn,confusable_with,0.6,"{""ipa_sim"": 0.75, ""len_diff"": 0}",automatic_only
phoneme:vn:/a˧˨ˀ/,phoneme:vn:/e˧˥/,vn,confusable_with,0.35,"{""ipa_sim"": 0.5, ""len_diff"": 1}",automatic_only
phoneme:vn:/a˧˨ˀ/,phoneme:vn:/e˨˩/,vn,confusable_with,0.35,"{""ipa_sim"": 0.5, ""len_diff"": 1}",automatic_only
phoneme:vn:/a˧˨ˀ/,phoneme:vn:/e˧ˀ˥/,vn,confusable_with,0.4,"{""ipa_sim"": 0.5, ""len_diff"": 0}",automatic_only
phoneme:vn:/a˧˨ˀ/,phoneme:vn:/e˧˨ˀ/,vn,confusable_with,0.6,"{""ipa_sim"": 0.75, ""len_diff"": 0}",automatic_only
phoneme:vn:/a˧˨ˀ/,phoneme:vn:/i˧˥/,vn,confusable_with,0.35,"{""ipa_sim"": 0.5, ""len_diff"": 1}",automatic_only
phoneme:vn:/a˧˨ˀ/,phoneme:vn:/i˨˩/,vn,confusable_with,0.35,"{""ipa_sim"": 0.5, ""len_diff"": 1}",automatic_only
phoneme:vn:/a˧˨ˀ/,phoneme:vn:/i˧ˀ˥/,vn,confusable_with,0.4,"{""ipa_sim"": 0.5, ""len_diff"": 0}",automatic_only
phoneme:vn:/a˧˨ˀ/,phoneme:vn:/i˧˨ˀ/,vn,confusable_with,0.6,"{""ipa_sim"": 0.75, ""len_diff"": 0}",automatic_only
phoneme:vn:/a˧˨ˀ/,phoneme:vn:/ɔ˧˥/,vn,confusable_with,0.35,"{""ipa_sim"": 0.5, ""len_diff"": 1}",automatic_only
phoneme:vn:/a˧˨ˀ/,phoneme:vn:/ɔ˨˩/,vn,confusable_with,0.35,"{""ipa_sim"": 0.5, ""len_diff"": 1}",automatic_only
phoneme:vn:/a˧˨ˀ/,phoneme:vn:/ɔ˧ˀ˥/,vn,confusable_with,0.4,"{""ipa_sim"": 0.5, ""len_diff"": 0}",automatic_only
phoneme:vn:/a˧˨ˀ/,phoneme:vn:/ɔ˧˨ˀ/,vn,confusable_with,0.6,"{""ipa_sim"": 0.75, ""len_diff"": 0}",automatic_only
phoneme:vn:/a˧˨ˀ/,phoneme:vn:/o˧˥/,vn,confusable_with,0.35,"{""ipa_sim"": 0.5, ""len_diff"": 1}",automatic_only
phoneme:vn:/a˧˨ˀ/,phoneme:vn:/o˨˩/,vn,confusable_with,0.35,"{""ipa_sim"": 0.5, ""len_diff"": 1}",automatic_only
phoneme:vn:/a˧˨ˀ/,phoneme:vn:/o˧ˀ˥/,vn,confusable_with,0.4,"{""ipa_sim"": 0.5, ""len_diff"": 0}",automatic_only
phoneme:vn:/a˧˨ˀ/,phoneme:vn:/o˧˨ˀ/,vn,confusable_with,0.6,"{""ipa_sim"": 0.75, ""len_diff"": 0}",automatic_only
phoneme:vn:/a˧˨ˀ/,phoneme:vn:/əː˧/,vn,confusable_with,0.35,"{""ipa_sim"": 0.5, ""len_diff"": 1}",automatic_only
phoneme:vn:/a˧˨ˀ/,phoneme:vn:/əː˧ˀ˥/,vn,confusable_with,0.43,"{""ipa_sim"": 0.6, ""len_diff"": 1}",automatic_only
phoneme:vn:/a˧˨ˀ/,phoneme:vn:/əː˧˨ˀ/,vn,confusable_with,0.59,"{""ipa_sim"": 0.8, ""len_diff"": 1}",automatic_only
phoneme:vn:/a˧˨ˀ/,phoneme:vn:/u˧˥/,vn,confusable_with,0.35,"{""ipa_sim"": 0.5, ""len_diff"": 1}",automatic_only
phoneme:vn:/a˧˨ˀ/,phoneme:vn:/u˨˩/,vn,confusable_with,0.35,"{""ipa_sim"": 0.5, ""len_diff"": 1}",automatic_only
phoneme:vn:/a˧˨ˀ/,phoneme:vn:/u˧ˀ˥/,vn,confusable_with,0.4,"{""ipa_sim"": 0.5, ""len_diff"": 0}",automatic_only
phoneme:vn:/a˧˨ˀ/,phoneme:vn:/u˧˨ˀ/,vn,confusable_with,0.6,"{""ipa_sim"": 0.75, ""len_diff"": 0}",automatic_only
phoneme:vn:/a˧˨ˀ/,phoneme:vn:/ɨ˧˥/,vn,confusable_with,0.35,"{""ipa_sim"": 0.5, ""len_diff"": 1}",automatic_only
phoneme:vn:/a˧˨ˀ/,phoneme:vn:/ɨ˨˩/,vn,confusable_with,0.35,"{""ipa_sim"": 0.5, ""len_diff"": 1}",automatic_only
phoneme:vn:/a˧˨ˀ/,phoneme:vn:/ɨ˧ˀ˥/,vn,confusable_with,0.4,"{""ipa_sim"": 0.5, ""len_diff"": 0}",automatic_only
phoneme:vn:/a˧˨ˀ/,phoneme:vn:/ɨ˧˨ˀ/,vn,confusable_with,0.6,"{""ipa_sim"": 0.75, ""len_diff"": 0}",automatic_only
phoneme:vn:/ə˧/,phoneme:vn:/aː˧/,vn,confusable_with,0.483,"{""ipa_sim"": 0.667, ""len_diff"": 1}",automatic_only
phoneme:vn:/ə˧/,phoneme:vn:/a˧/,vn,confusable_with,0.85,"{""ipa_sim"": 0.5, ""len_diff"": 0, ""seed_reason"": ""central vowel proximity"", ""seed_weight"": 0.85}",automatic_plus_manual
phoneme:vn:/ə˧/,phoneme:vn:/a˧˥/,vn,confusable_with,0.483,"{""ipa_sim"": 0.667, ""len_diff"": 1}",automatic_only
phoneme:vn:/ə˧/,phoneme:vn:/ə˧˥/,vn,confusable_with,0.75,"{""ipa_sim"": 1.0, ""len_diff"": 1}",automatic_only
phoneme:vn:/ə˧/,phoneme:vn:/ə˨˩/,vn,confusable_with,0.483,"{""ipa_sim"": 0.667, ""len_diff"": 1}",automatic_only
phoneme:vn:/ə˧/,phoneme:vn:/ə˧˩˧/,vn,confusable_with,0.5,"{""ipa_sim"": 0.75, ""len_diff"": 2}",automatic_only
phoneme:vn:/ə˧/,phoneme:vn:/ə˧ˀ˥/,vn,confusable_with,0.5,"{""ipa_sim"": 0.75, ""len_diff"": 2}",automatic_only
phoneme:vn:/ə˧/,phoneme:vn:/ə˧˨ˀ/,vn,confusable_with,0.5,"{""ipa_sim"": 0.75, ""len_diff"": 2}",automatic_only
phoneme:vn:/ə˧/,phoneme:vn:/ɛ˧/,vn,confusable_with,0.4,"{""ipa_sim"": 0.5, ""len_diff"": 0}",automatic_only
phoneme:vn:/ə˧/,phoneme:vn:/ɛ˧˥/,vn,confusable_with,0.483,"{""ipa_sim"": 0.667, ""len_diff"": 1}",automatic_only
phoneme:vn:/ə˧/,phoneme:vn:/e˧/,vn,confusable_with,0.4,"{""ipa_sim"": 0.5, ""len_diff"": 0}",automatic_only
phoneme:vn:/ə˧/,phoneme:vn:/e˧˥/,vn,confusable_with,0.483,"{""ipa_sim"": 0.667, ""len_diff"": 1}",automatic_only
phoneme:vn:/ə˧/,phoneme:vn:/i˧/,vn,confusable_with,0.4,"{""ipa_sim"": 0.5, ""len_diff"": 0}",automatic_only
phoneme:vn:/ə˧/,phoneme:vn:/i˧˥/,vn,confusable_with,0.483,"{""ipa_sim"": 0.667, ""len_diff"": 1}",automatic_only
phoneme:vn:/ə˧/,phoneme:vn:/ɔ˧/,vn,confusable_with,0.4,"{""ipa_sim"": 0.5, ""len_diff"": 0}",automatic_only
phoneme:vn:/ə˧/,phoneme:vn:/ɔ˧˥/,vn,confusable_with,0.483,"{""ipa_sim"": 0.667, ""len_diff"": 1}",automatic_only
phoneme:vn:/ə˧/,phoneme:vn:/o˧/,vn,confusable_with,0.4,"{""ipa_sim"": 0.5, ""len_diff"": 0}",automatic_only
phoneme:vn:/ə˧/,phoneme:vn:/o˧˥/,vn,confusable_with,0.483,"{""ipa_sim"": 0.667, ""len_diff"": 1}",automatic_only
phoneme:vn:/ə˧/,phoneme:vn:/əː˧/,vn,confusable_with,0.75,"{""ipa_sim"": 1.0, ""len_diff"": 1}",automatic_only
phoneme:vn:/ə˧/,phoneme:vn:/əː˧˥/,vn,confusable_with,0.5,"{""ipa_sim"": 0.75, ""len_diff"": 2}",automatic_only
phoneme:vn:/ə˧/,phoneme:vn:/u˧/,vn,confusable_with,0.4,"{""ipa_sim"": 0.5, ""len_diff"": 0}",automatic_only
phoneme:vn:/ə˧/,phoneme:vn:/u˧˥/,vn,confusable_with,0.483,"{""ipa_sim"": 0.667, ""len_diff"": 1}",automatic_only
phoneme:vn:/ə˧/,phoneme:vn:/ɨ˧/,vn,confusable_with,0.4,"{""ipa_sim"": 0.5, ""len_diff"": 0}",automatic_only
phoneme:vn:/ə˧/,phoneme:vn:/ɨ˧˥/,vn,confusable_with,0.483,"{""ipa_sim"": 0.667, ""len_diff"": 1}",automatic_only
phoneme:vn:/ə˧˥/,phoneme:vn:/aː˧˥/,vn,confusable_with,0.55,"{""ipa_sim"": 0.75, ""len_diff"": 1}",automatic_only
phoneme:vn:/ə˧˥/,phoneme:vn:/aː˧ˀ˥/,vn,confusable_with,0.38,"{""ipa_sim"": 0.6, ""len_diff"": 2}",automatic_only
phoneme:vn:/ə˧˥/,phoneme:vn:/a˧/,vn,confusable_with,0.483,"{""ipa_sim"": 0.667, ""len_diff"": 1}",automatic_only
phoneme:vn:/ə˧˥/,phoneme:vn:/a˧˥/,vn,confusable_with,0.533,"{""ipa_sim"": 0.667, ""len_diff"": 0}",automatic_only
phoneme:vn:/ə˧˥/,phoneme:vn:/a˧˩˧/,vn,confusable_with,0.35,"{""ipa_sim"": 0.5, ""len_diff"": 1}",automatic_only
phoneme:vn:/ə˧˥/,phoneme:vn:/a˧ˀ˥/,vn,confusable_with,0.55,"{""ipa_sim"": 0.75, ""len_diff"": 1}",automatic_only
phoneme:vn:/ə˧˥/,phoneme:vn:/a˧˨ˀ/,vn,confusable_with,0.35,"{""ipa_sim"": 0.5, ""len_diff"": 1}",automatic_only
phoneme:vn:/ə˧˥/,phoneme:vn:/ə˧/,vn,confusable_with,0.75,"{""ipa_sim"": 1.0, ""len_diff"": 1}",automatic_only
phoneme:vn:/ə˧˥/,phoneme:vn:/ə˧˩˧/,vn,confusable_with,0.55,"{""ipa_sim"": 0.75, ""len_diff"": 1}",automatic_only
phoneme:vn:/ə˧˥/,phoneme:vn:/ə˧ˀ˥/,vn,confusable_with,0.75,"{""ipa_sim"": 1.0, ""len_diff"": 1}",automatic_only
phoneme:vn:/ə˧˥/,phoneme:vn:/ə˧˨ˀ/,vn,confusable_with,0.55,"{""ipa_sim"": 0.75, ""len_diff"": 1}",automatic_only
phoneme:vn:/ə˧˥/,phoneme:vn:/ɛ˧/,vn,confusable_with,0.483,"{""ipa_sim"": 0.667, ""len_diff"": 1}",automatic_only
phoneme:vn:/ə˧˥/,phoneme:vn:/ɛ˧˥/,vn,confusable_with,0.533,"{""ipa_sim"": 0.667, ""len_diff"": 0}",automatic_only
phoneme:vn:/ə˧˥/,phoneme:vn:/ɛ˧˩˧/,vn,confusable_with,0.35,"{""ipa_sim"": 0.5, ""len_diff"": 1}",automatic_only
phoneme:vn:/ə˧˥/,phoneme:vn:/ɛ˧ˀ˥/,vn,confusable_with,0.55,"{""ipa_sim"": 0.75, ""len_diff"": 1}",automatic_only
phoneme:vn:/ə˧˥/,phoneme:vn:/ɛ˧˨ˀ/,vn,confusable_with,0.35,"{""ipa_sim"": 0.5, ""len_diff"": 1}",automatic_only
phoneme:vn:/ə˧˥/,phoneme:vn:/e˧/,vn,confusable_with,0.483,"{""ipa_sim"": 0.667, ""len_diff"": 1}",automatic_only
phoneme:vn:/ə˧˥/,phoneme:vn:/e˧˥/,vn,confusable_with,0.533,"{""ipa_sim"": 0.667, ""len_diff"": 0}",automatic_only
phoneme:vn:/ə˧˥/,phoneme:vn:/e˧˩˧/,vn,confusable_with,0.35,"{""ipa_sim"": 0.5, ""len_diff"": 1}",automatic_only
phoneme:vn:/ə˧˥/,phoneme:vn:/e˧ˀ˥/,vn,confusable_with,0.55,"{""ipa_sim"": 0.75, ""len_diff"": 1}",automatic_only
phoneme:vn:/ə˧˥/,phoneme:vn:/e˧˨ˀ/,vn,confusable_with,0.35,"{""ipa_sim"": 0.5, ""len_diff"": 1}",automatic_only
phoneme:vn:/ə˧˥/,phoneme:vn:/i˧/,vn,confusable_with,0.483,"{""ipa_sim"": 0.667, ""len_diff"": 1}",automatic_only
phoneme:vn:/ə˧˥/,phoneme:vn:/i˧˥/,vn,confusable_with,0.533,"{""ipa_sim"": 0.667, ""len_diff"": 0}",automatic_only
phoneme:vn:/ə˧˥/,phoneme:vn:/i˧˩˧/,vn,confusable_with,0.35,"{""ipa_sim"": 0.5, ""len_diff"": 1}",automatic_only
phoneme:vn:/ə˧˥/,phoneme:vn:/i˧ˀ˥/,vn,confusable_with,0.55,"{""ipa_sim"": 0.75, ""len_diff"": 1}",automatic_only
phoneme:vn:/ə˧˥/,phoneme:vn:/i˧˨ˀ/,vn,confusable_with,0.35,"{""ipa_sim"": 0.5, ""len_diff"": 1}",automatic_only
phoneme:vn:/ə˧˥/,phoneme:vn:/ɔ˧/,vn,confusable_with,0.483,"{""ipa_sim"": 0.667, ""len_diff"": 1}",automatic_only
phoneme:vn:/ə˧˥/,phoneme:vn:/ɔ˧˥/,vn,confusable_with,0.533,"{""ipa_sim"": 0.667, ""len_diff"": 0}",automatic_only
phoneme:vn:/ə˧˥/,phoneme:vn:/ɔ˧˩˧/,vn,confusable_with,0.35,"{""ipa_sim"": 0.5, ""len_diff"": 1}",automatic_only
phoneme:vn:/ə˧˥/,phoneme:vn:/ɔ˧ˀ˥/,vn,confusable_with,0.55,"{""ipa_sim"": 0.75, ""len_diff"": 1}",automatic_only
phoneme:vn:/ə˧˥/,phoneme:vn:/ɔ˧˨ˀ/,vn,confusable_with,0.35,"{""ipa_sim"": 0.5, ""len_diff"": 1}",automatic_only
phoneme:vn:/ə˧˥/,phoneme:vn:/o˧/,vn,confusable_with,0.483,"{""ipa_sim"": 0.667, ""len_diff"": 1}",automatic_only
phoneme:vn:/ə˧˥/,phoneme:vn:/o˧˥/,vn,confusable_with,0.533,"{""ipa_sim"": 0.667, ""len_diff"": 0}",automatic_only
phoneme:vn:/ə˧˥/,phoneme:vn:/o˧˩˧/,vn,confusable_with,0.35,"{""ipa_sim"": 0.5, ""len_diff"": 1}",automatic_only
phoneme:vn:/ə˧˥/,phoneme:vn:/o˧ˀ˥/,vn,confusable_with,0.55,"{""ipa_sim"": 0.75, ""len_diff"": 1}",automatic_only
phoneme:vn:/ə˧˥/,phoneme:vn:/o˧˨ˀ/,vn,confusable_with,0.35,"{""ipa_sim"": 0.5, ""len_diff"": 1}",automatic_only
phoneme:vn:/ə˧˥/,phoneme:vn:/əː˧/,vn,confusable_with,0.533,"{""ipa_sim"": 0.667, ""len_diff"": 0}",automatic_only
phoneme:vn:/ə˧˥/,phoneme:vn:/əː˧˥/,vn,confusable_with,0.75,"{""ipa_sim"": 1.0, ""len_diff"": 1}",automatic_only
phoneme:vn:/ə˧˥/,phoneme:vn:/əː˨˩/,vn,confusable_with,0.35,"{""ipa_sim"": 0.5, ""len_diff"": 1}",automatic_only
phoneme:vn:/ə˧˥/,phoneme:vn:/əː˧˩˧/,vn,confusable_with,0.38,"{""ipa_sim"": 0.6, ""len_diff"": 2}",automatic_only
phoneme:vn:/ə˧˥/,phoneme:vn:/əː˧ˀ˥/,vn,confusable_with,0.54,"{""ipa_sim"": 0.8, ""len_diff"": 2}",automatic_only
phoneme:vn:/ə˧˥/,phoneme:vn:/əː˧˨ˀ/,vn,confusable_with,0.38,"{""ipa_sim"": 0.6, ""len_diff"": 2}",automatic_only
phoneme:vn:/ə˧˥/,phoneme:vn:/u˧/,vn,confusable_with,0.483,"{""ipa_sim"": 0.667, ""len_diff"": 1}",automatic_only
phoneme:vn:/ə˧˥/,phoneme:vn:/u˧˥/,vn,confusable_with,0.533,"{""ipa_sim"": 0.667, ""len_diff"": 0}",automatic_only
phoneme:vn:/ə˧˥/,phoneme:vn:/u˧˩˧/,vn,confusable_with,0.35,"{""ipa_sim"": 0.5, ""len_diff"": 1}",automatic_only
phoneme:vn:/ə˧˥/,phoneme:vn:/u˧ˀ˥/,vn,confusable_with,0.55,"{""ipa_sim"": 0.75, ""len_diff"": 1}",automatic_only
phoneme:vn:/ə˧˥/,phoneme:vn:/u˧˨ˀ/,vn,confusable_with,0.35,"{""ipa_sim"": 0.5, ""len_diff"": 1}",automatic_only
phoneme:vn:/ə˧˥/,phoneme:vn:/ɨ˧/,vn,confusable_with,0.483,"{""ipa_sim"": 0.667, ""len_diff"": 1}",automatic_only
phoneme:vn:/ə˧˥/,phoneme:vn:/ɨ˧˥/,vn,confusable_with,0.533,"{""ipa_sim"": 0.667, ""len_diff"": 0}",automatic_only
phoneme:vn:/ə˧˥/,phoneme:vn:/ɨ˧˩˧/,vn,confusable_with,0.35,"{""ipa_sim"": 0.5, ""len_diff"": 1}",automatic_only
phoneme:vn:/ə˧˥/,phoneme:vn:/ɨ˧ˀ˥/,vn,confusable_with,0.55,"{""ipa_sim"": 0.75, ""len_diff"": 1}",automatic_only
phoneme:vn:/ə˧˥/,phoneme:vn:/ɨ˧˨ˀ/,vn,confusable_with,0.35,"{""ipa_sim"": 0.5, ""len_diff"": 1}",automatic_only
phoneme:vn:/ə˨˩/,phoneme:vn:/aː˨˩/,vn,confusable_with,0.55,"{""ipa_sim"": 0.75, ""len_diff"": 1}",automatic_only
phoneme:vn:/ə˨˩/,phoneme:vn:/a˨˩/,vn,confusable_with,0.533,"{""ipa_sim"": 0.667, ""len_diff"": 0}",automatic_only
phoneme:vn:/ə˨˩/,phoneme:vn:/a˧˩˧/,vn,confusable_with,0.35,"{""ipa_sim"": 0.5, ""len_diff"": 1}",automatic_only
phoneme:vn:/ə˨˩/,phoneme:vn:/a˧˨ˀ/,vn,confusable_with,0.35,"{""ipa_sim"": 0.5, ""len_diff"": 1}",automatic_only
phoneme:vn:/ə˨˩/,phoneme:vn:/ə˧/,vn,confusable_with,0.483,"{""ipa_sim"": 0.667, ""len_diff"": 1}",automatic_only
phoneme:vn:/ə˨˩/,phoneme:vn:/ə˧˩˧/,vn,confusable_with,0.55,"{""ipa_sim"": 0.75, ""len_diff"": 1}",automatic_only
phoneme:vn:/ə˨˩/,phoneme:vn:/ə˧ˀ˥/,vn,confusable_with,0.35,"{""ipa_sim"": 0.5, ""len_diff"": 1}",automatic_only
phoneme:vn:/ə˨˩/,phoneme:vn:/ə˧˨ˀ/,vn,confusable_with,0.55,"{""ipa_sim"": 0.75, ""len_diff"": 1}",automatic_only
phoneme:vn:/ə˨˩/,phoneme:vn:/ɛ˨˩/,vn,confusable_with,0.533,"{""ipa_sim"": 0.667, ""len_diff"": 0}",automatic_only
phoneme:vn:/ə˨˩/,phoneme:vn:/ɛ˧˩˧/,vn,confusable_with,0.35,"{""ipa_sim"": 0.5, ""len_diff"": 1}",automatic_only
phoneme:vn:/ə˨˩/,phoneme:vn:/ɛ˧˨ˀ/,vn,confusable_with,0.35,"{""ipa_sim"": 0.5, ""len_diff"": 1}",automatic_only
phoneme:vn:/ə˨˩/,phoneme:vn:/e˨˩/,vn,confusable_with,0.533,"{""ipa_sim"": 0.667, ""len_diff"": 0}",automatic_only
phoneme:vn:/ə˨˩/,phoneme:vn:/e˧˩˧/,vn,confusable_with,0.35,"{""ipa_sim"": 0.5, ""len_diff"": 1}",automatic_only
phoneme:vn:/ə˨˩/,phoneme:vn:/e˧˨ˀ/,vn,confusable_with,0.35,"{""ipa_sim"": 0.5, ""len_diff"": 1}",automatic_only
phoneme:vn:/ə˨˩/,phoneme:vn:/i˨˩/,vn,confusable_with,0.533,"{""ipa_sim"": 0.667, ""len_diff"": 0}",automatic_only
phoneme:vn:/ə˨˩/,phoneme:vn:/i˧˩˧/,vn,confusable_with,0.35,"{""ipa_sim"": 0.5, ""len_diff"": 1}",automatic_only
phoneme:vn:/ə˨˩/,phoneme:vn:/i˧˨ˀ/,vn,confusable_with,0.35,"{""ipa_sim"": 0.5, ""len_diff"": 1}",automatic_only
phoneme:vn:/ə˨˩/,phoneme:vn:/ɔ˨˩/,vn,confusable_with,0.533,"{""ipa_sim"": 0.667, ""len_diff"": 0}",automatic_only
phoneme:vn:/ə˨˩/,phoneme:vn:/ɔ˧˩˧/,vn,confusable_with,0.35,"{""ipa_sim"": 0.5, ""len_diff"": 1}",automatic_only
phoneme:vn:/ə˨˩/,phoneme:vn:/ɔ˧˨ˀ/,vn,confusable_with,0.35,"{""ipa_sim"": 0.5, ""len_diff"": 1}",automatic_only
phoneme:vn:/ə˨˩/,phoneme:vn:/o˨˩/,vn,confusable_with,0.533,"{""ipa_sim"": 0.667, ""len_diff"": 0}",automatic_only
phoneme:vn:/ə˨˩/,phoneme:vn:/o˧˩˧/,vn,confusable_with,0.35,"{""ipa_sim"": 0.5, ""len_diff"": 1}",automatic_only
phoneme:vn:/ə˨˩/,phoneme:vn:/o˧˨ˀ/,vn,confusable_with,0.35,"{""ipa_sim"": 0.5, ""len_diff"": 1}",automatic_only
phoneme:vn:/ə˨˩/,phoneme:vn:/əː˧˥/,vn,confusable_with,0.35,"{""ipa_sim"": 0.5, ""len_diff"": 1}",automatic_only
phoneme:vn:/ə˨˩/,phoneme:vn:/əː˨˩/,vn,confusable_with,0.75,"{""ipa_sim"": 1.0, ""len_diff"": 1}",automatic_only
phoneme:vn:/ə˨˩/,phoneme:vn:/əː˧˩˧/,vn,confusable_with,0.38,"{""ipa_sim"": 0.6, ""len_diff"": 2}",automatic_only
phoneme:vn:/ə˨˩/,phoneme:vn:/əː˧˨ˀ/,vn,confusable_with,0.38,"{""ipa_sim"": 0.6, ""len_diff"": 2}",automatic_only
phoneme:vn:/ə˨˩/,phoneme:vn:/u˨˩/,vn,confusable_with,0.533,"{""ipa_sim"": 0.667, ""len_diff"": 0}",automatic_only
phoneme:vn:/ə˨˩/,phoneme:vn:/u˧˩˧/,vn,confusable_with,0.35,"{""ipa_sim"": 0.5, ""len_diff"": 1}",automatic_only
phoneme:vn:/ə˨˩/,phoneme:vn:/u˧˨ˀ/,vn,confusable_with,0.35,"{""ipa_sim"": 0.5, ""len_diff"": 1}",automatic_only
phoneme:vn:/ə˨˩/,phoneme:vn:/ɨ˨˩/,vn,confusable_with,0.533,"{""ipa_sim"": 0.667, ""len_diff"": 0}",automatic_only
phoneme:vn:/ə˨˩/,phoneme:vn:/ɨ˧˩˧/,vn,confusable_with,0.35,"{""ipa_sim"": 0.5, ""len_diff"": 1}",automatic_only
phoneme:vn:/ə˨˩/,phoneme:vn:/ɨ˧˨ˀ/,vn,confusable_with,0.35,"{""ipa_sim"": 0.5, ""len_diff"": 1}",automatic_only
phoneme:vn:/ə˧˩˧/,phoneme:vn:/aː˧/,vn,confusable_with,0.35,"{""ipa_sim"": 0.5, ""len_diff"": 1}",automatic_only
phoneme:vn:/ə˧˩˧/,phoneme:vn:/aː˧˩˧/,vn,confusable_with,0.59,"{""ipa_sim"": 0.8, ""len_diff"": 1}",automatic_only
phoneme:vn:/ə˧˩˧/,phoneme:vn:/a˧˥/,vn,confusable_with,0.35,"{""ipa_sim"": 0.5, ""len_diff"": 1}",automatic_only
phoneme:vn:/ə˧˩˧/,phoneme:vn:/a˨˩/,vn,confusable_with,0.35,"{""ipa_sim"": 0.5, ""len_diff"": 1}",automatic_only
phoneme:vn:/ə˧˩˧/,phoneme:vn:/a˧˩˧/,vn,confusable_with,0.6,"{""ipa_sim"": 0.75, ""len_diff"": 0}",automatic_only
phoneme:vn:/ə˧˩˧/,phoneme:vn:/ə˧/,vn,confusable_with,0.5,"{""ipa_sim"": 0.75, ""len_diff"": 2}",automatic_only
phoneme:vn:/ə˧˩˧/,phoneme:vn:/ə˧˥/,vn,confusable_with,0.55,"{""ipa_sim"": 0.75, ""len_diff"": 1}",automatic_only
phoneme:vn:/ə˧˩˧/,phoneme:vn:/ə˨˩/,vn,confusable_with,0.55,"{""ipa_sim"": 0.75, ""len_diff"": 1}",automatic_only
phoneme:vn:/ə˧˩˧/,phoneme:vn:/ə˧ˀ˥/,vn,confusable_with,0.4,"{""ipa_sim"": 0.5, ""len_diff"": 0}",automatic_only
phoneme:vn:/ə˧˩˧/,phoneme:vn:/ə˧˨ˀ/,vn,confusable_with,0.4,"{""ipa_sim"": 0.5, ""len_diff"": 0}",automatic_only
phoneme:vn:/ə˧˩˧/,phoneme:vn:/ɛ˧˥/,vn,confusable_with,0.35,"{""ipa_sim"": 0.5, ""len_diff"": 1}",automatic_only
phoneme:vn:/ə˧˩˧/,phoneme:vn:/ɛ˨˩/,vn,confusable_with,0.35,"{""ipa_sim"": 0.5, ""len_diff"": 1}",automatic_only
phoneme:vn:/ə˧˩˧/,phoneme:vn:/ɛ˧˩˧/,vn,confusable_with,0.6,"{""ipa_sim"": 0.75, ""len_diff"": 0}",automatic_only
phoneme:vn:/ə˧˩˧/,phoneme:vn:/e˧˥/,vn,confusable_with,0.35,"{""ipa_sim"": 0.5, ""len_diff"": 1}",automatic_only
phoneme:vn:/ə˧˩˧/,phoneme:vn:/e˨˩/,vn,confusable_with,0.35,"{""ipa_sim"": 0.5, ""len_diff"": 1}",automatic_only
phoneme:vn:/ə˧˩˧/,phoneme:vn:/e˧˩˧/,vn,confusable_with,0.6,"{""ipa_sim"": 0.75, ""len_diff"": 0}",automatic_only
phoneme:vn:/ə˧˩˧/,phoneme:vn:/i˧˥/,vn,confusable_with,0.35,"{""ipa_sim"": 0.5, ""len_diff"": 1}",automatic_only
phoneme:vn:/ə˧˩˧/,phoneme:vn:/i˨˩/,vn,confusable_with,0.35,"{""ipa_sim"": 0.5, ""len_diff"": 1}",automatic_only
phoneme:vn:/ə˧˩˧/,phoneme:vn:/i˧˩˧/,vn,confusable_with,0.6,"{""ipa_sim"": 0.75, ""len_diff"": 0}",automatic_only
phoneme:vn:/ə˧˩˧/,phoneme:vn:/ɔ˧˥/,vn,confusable_with,0.35,"{""ipa_sim"": 0.5, ""len_diff"": 1}",automatic_only
phoneme:vn:/ə˧˩˧/,phoneme:vn:/ɔ˨˩/,vn,confusable_with,0.35,"{""ipa_sim"": 0.5, ""len_diff"": 1}",automatic_only
phoneme:vn:/ə˧˩˧/,phoneme:vn:/ɔ˧˩˧/,vn,confusable_with,0.6,"{""ipa_sim"": 0.75, ""len_diff"": 0}",automatic_only
phoneme:vn:/ə˧˩˧/,phoneme:vn:/o˧˥/,vn,confusable_with,0.35,"{""ipa_sim"": 0.5, ""len_diff"": 1}",automatic_only
phoneme:vn:/ə˧˩˧/,phoneme:vn:/o˨˩/,vn,confusable_with,0.35,"{""ipa_sim"": 0.5, ""len_diff"": 1}",automatic_only
phoneme:vn:/ə˧˩˧/,phoneme:vn:/o˧˩˧/,vn,confusable_with,0.6,"{""ipa_sim"": 0.75, ""len_diff"": 0}",automatic_only
phoneme:vn:/ə˧˩˧/,phoneme:vn:/əː˧/,vn,confusable_with,0.55,"{""ipa_sim"": 0.75, ""len_diff"": 1}",automatic_only
phoneme:vn:/ə˧˩˧/,phoneme:vn:/əː˧˥/,vn,confusable_with,0.4,"{""ipa_sim"": 0.5, ""len_diff"": 0}",automatic_only
phoneme:vn:/ə˧˩˧/,phoneme:vn:/əː˨˩/,vn,confusable_with,0.4,"{""ipa_sim"": 0.5, ""len_diff"": 0}",automatic_only
phoneme:vn:/ə˧˩˧/,phoneme:vn:/əː˧˩˧/,vn,confusable_with,0.75,"{""ipa_sim"": 1.0, ""len_diff"": 1}",automatic_only
phoneme:vn:/ə˧˩˧/,phoneme:vn:/əː˧ˀ˥/,vn,confusable_with,0.43,"{""ipa_sim"": 0.6, ""len_diff"": 1}",automatic_only
phoneme:vn:/ə˧˩˧/,phoneme:vn:/əː˧˨ˀ/,vn,confusable_with,0.43,"{""ipa_sim"": 0.6, ""len_diff"": 1}",automatic_only
phoneme:vn:/ə˧˩˧/,phoneme:vn:/u˧˥/,vn,confusable_with,0.35,"{""ipa_sim"": 0.5, ""len_diff"": 1}",automatic_only
phoneme:vn:/ə˧˩˧/,phoneme:vn:/u˨˩/,vn,confusable_with,0.35,"{""ipa_sim"": 0.5, ""len_diff"": 1}",automatic_only
phoneme:vn:/ə˧˩˧/,phoneme:vn:/u˧˩˧/,vn,confusable_with,0.6,"{""ipa_sim"": 0.75, ""len_diff"": 0}",automatic_only
phoneme:vn:/ə˧˩˧/,phoneme:vn:/ɨ˧˥/,vn,confusable_with,0.35,"{""ipa_sim"": 0.5, ""len_diff"": 1}",automatic_only
phoneme:vn:/ə˧˩˧/,phoneme:vn:/ɨ˨˩/,vn,confusable_with,0.35,"{""ipa_sim"": 0.5, ""len_diff"": 1}",automatic_only
phoneme:vn:/ə˧˩˧/,phoneme:vn:/ɨ˧˩˧/,vn,confusable_with,0.6,"{""ipa_sim"": 0.75, ""len_diff"": 0}",automatic_only
phoneme:vn:/ə˧ˀ˥/,phoneme:vn:/aː˧/,vn,confusable_with,0.35,"{""ipa_sim"": 0.5, ""len_diff"": 1}",automatic_only
phoneme:vn:/ə˧ˀ˥/,phoneme:vn:/aː˧˥/,vn,confusable_with,0.4,"{""ipa_sim"": 0.5, ""len_diff"": 0}",automatic_only
phoneme:vn:/ə˧ˀ˥/,phoneme:vn:/aː˧ˀ˥/,vn,confusable_with,0.59,"{""ipa_sim"": 0.8, ""len_diff"": 1}",automatic_only
phoneme:vn:/ə˧ˀ˥/,phoneme:vn:/aː˧˨ˀ/,vn,confusable_with,0.43,"{""ipa_sim"": 0.6, ""len_diff"": 1}",automatic_only
phoneme:vn:/ə˧ˀ˥/,phoneme:vn:/a˧˥/,vn,confusable_with,0.55,"{""ipa_sim"": 0.75, ""len_diff"": 1}",automatic_only
phoneme:vn:/ə˧ˀ˥/,phoneme:vn:/a˧ˀ˥/,vn,confusable_with,0.6,"{""ipa_sim"": 0.75, ""len_diff"": 0}",automatic_only
phoneme:vn:/ə˧ˀ˥/,phoneme:vn:/a˧˨ˀ/,vn,confusable_with,0.4,"{""ipa_sim"": 0.5, ""len_diff"": 0}",automatic_only
phoneme:vn:/ə˧ˀ˥/,phoneme:vn:/ə˧/,vn,confusable_with,0.5,"{""ipa_sim"": 0.75, ""len_diff"": 2}",automatic_only
phoneme:vn:/ə˧ˀ˥/,phoneme:vn:/ə˧˥/,vn,confusable_with,0.75,"{""ipa_sim"": 1.0, ""len_diff"": 1}",automatic_only
phoneme:vn:/ə˧ˀ˥/,phoneme:vn:/ə˨˩/,vn,confusable_with,0.35,"{""ipa_sim"": 0.5, ""len_diff"": 1}",automatic_only
phoneme:vn:/ə˧ˀ˥/,phoneme:vn:/ə˧˩˧/,vn,confusable_with,0.4,"{""ipa_sim"": 0.5, ""len_diff"": 0}",automatic_only
phoneme:vn:/ə˧ˀ˥/,phoneme:vn:/ə˧˨ˀ/,vn,confusable_with,0.6,"{""ipa_sim"": 0.75, ""len_diff"": 0}",automatic_only
phoneme:vn:/ə˧ˀ˥/,phoneme:vn:/ɛ˧˥/,vn,confusable_with,0.55,"{""ipa_sim"": 0.75, ""len_diff"": 1}",automatic_only
phoneme:vn:/ə˧ˀ˥/,phoneme:vn:/ɛ˧ˀ˥/,vn,confusable_with,0.6,"{""ipa_sim"": 0.75, ""len_diff"": 0}",automatic_only
phoneme:vn:/ə˧ˀ˥/,phoneme:vn:/ɛ˧˨ˀ/,vn,confusable_with,0.4,"{""ipa_sim"": 0.5, ""len_diff"": 0}",automatic_only
phoneme:vn:/ə˧ˀ˥/,phoneme:vn:/e˧˥/,vn,confusable_with,0.55,"{""ipa_sim"": 0.75, ""len_diff"": 1}",automatic_only
phoneme:vn:/ə˧ˀ˥/,phoneme:vn:/e˧ˀ˥/,vn,confusable_with,0.6,"{""ipa_sim"": 0.75, ""len_diff"": 0}",automatic_only
phoneme:vn:/ə˧ˀ˥/,phoneme:vn:/e˧˨ˀ/,vn,confusable_with,0.4,"{""ipa_sim"": 0.5, ""len_diff"": 0}",automatic_only
phoneme:vn:/ə˧ˀ˥/,phoneme:vn:/i˧˥/,vn,confusable_with,0.55,"{""ipa_sim"": 0.75, ""len_diff"": 1}",automatic_only
phoneme:vn:/ə˧ˀ˥/,phoneme:vn:/i˧ˀ˥/,vn,confusable_with,0.6,"{""ipa_sim"": 0.75, ""len_diff"": 0}",automatic_only
phoneme:vn:/ə˧ˀ˥/,phoneme:vn:/i˧˨ˀ/,vn,confusable_with,0.4,"{""ipa_sim"": 0.5, ""len_diff"": 0}",automatic_only
phoneme:vn:/ə˧ˀ˥/,phoneme:vn:/ɔ˧˥/,vn,confusable_with,0.55,"{""ipa_sim"": 0.75, ""len_diff"": 1}",automatic_only
phoneme:vn:/ə˧ˀ˥/,phoneme:vn:/ɔ˧ˀ˥/,vn,confusable_with,0.6,"{""ipa_sim"": 0.75, ""len_diff"": 0}",automatic_only
phoneme:vn:/ə˧ˀ˥/,phoneme:vn:/ɔ˧˨ˀ/,vn,confusable_with,0.4,"{""ipa_sim"": 0.5, ""len_diff"": 0}",automatic_only
phoneme:vn:/ə˧ˀ˥/,phoneme:vn:/o˧˥/,vn,confusable_with,0.55,"{""ipa_sim"": 0.75, ""len_diff"": 1}",automatic_only
phoneme:vn:/ə˧ˀ˥/,phoneme:vn:/o˧ˀ˥/,vn,confusable_with,0.6,"{""ipa_sim"": 0.75, ""len_diff"": 0}",automatic_only
phoneme:vn:/ə˧ˀ˥/,phoneme:vn:/o˧˨ˀ/,vn,confusable_with,0.4,"{""ipa_sim"": 0.5, ""len_diff"": 0}",automatic_only
phoneme:vn:/ə˧ˀ˥/,phoneme:vn:/əː˧/,vn,confusable_with,0.55,"{""ipa_sim"": 0.75, ""len_diff"": 1}",automatic_only
phoneme:vn:/ə˧ˀ˥/,phoneme:vn:/əː˧˥/,vn,confusable_with,0.6,"{""ipa_sim"": 0.75, ""len_diff"": 0}",automatic_only
phoneme:vn:/ə˧ˀ˥/,phoneme:vn:/əː˧˩˧/,vn,confusable_with,0.43,"{""ipa_sim"": 0.6, ""len_diff"": 1}",automatic_only
phoneme:vn:/ə˧ˀ˥/,phoneme:vn:/əː˧ˀ˥/,vn,confusable_with,0.75,"{""ipa_sim"": 1.0, ""len_diff"": 1}",automatic_only
phoneme:vn:/ə˧ˀ˥/,phoneme:vn:/əː˧˨ˀ/,vn,confusable_with,0.59,"{""ipa_sim"": 0.8, ""len_diff"": 1}",automatic_only
phoneme:vn:/ə˧ˀ˥/,phoneme:vn:/u˧˥/,vn,confusable_with,0.55,"{""ipa_sim"": 0.75, ""len_diff"": 1}",automatic_only
phoneme:vn:/ə˧ˀ˥/,phoneme:vn:/u˧ˀ˥/,vn,confusable_with,0.6,"{""ipa_sim"": 0.75, ""len_diff"": 0}",automatic_only
phoneme:vn:/ə˧ˀ˥/,phoneme:vn:/u˧˨ˀ/,vn,confusable_with,0.4,"{""ipa_sim"": 0.5, ""len_diff"": 0}",automatic_only
phoneme:vn:/ə˧ˀ˥/,phoneme:vn:/ɨ˧˥/,vn,confusable_with,0.55,"{""ipa_sim"": 0.75, ""len_diff"": 1}",automatic_only
phoneme:vn:/ə˧ˀ˥/,phoneme:vn:/ɨ˧ˀ˥/,vn,confusable_with,0.6,"{""ipa_sim"": 0.75, ""len_diff"": 0}",automatic_only
phoneme:vn:/ə˧ˀ˥/,phoneme:vn:/ɨ˧˨ˀ/,vn,confusable_with,0.4,"{""ipa_sim"": 0.5, ""len_diff"": 0}",automatic_only
phoneme:vn:/ə˧˨ˀ/,phoneme:vn:/aː˧/,vn,confusable_with,0.35,"{""ipa_sim"": 0.5, ""len_diff"": 1}",automatic_only
phoneme:vn:/ə˧˨ˀ/,phoneme:vn:/aː˧ˀ˥/,vn,confusable_with,0.43,"{""ipa_sim"": 0.6, ""len_diff"": 1}",automatic_only
phoneme:vn:/ə˧˨ˀ/,phoneme:vn:/aː˧˨ˀ/,vn,confusable_with,0.59,"{""ipa_sim"": 0.8, ""len_diff"": 1}",automatic_only
phoneme:vn:/ə˧˨ˀ/,phoneme:vn:/a˧˥/,vn,confusable_with,0.35,"{""ipa_sim"": 0.5, ""len_diff"": 1}",automatic_only
phoneme:vn:/ə˧˨ˀ/,phoneme:vn:/a˨˩/,vn,confusable_with,0.35,"{""ipa_sim"": 0.5, ""len_diff"": 1}",automatic_only
phoneme:vn:/ə˧˨ˀ/,phoneme:vn:/a˧ˀ˥/,vn,confusable_with,0.4,"{""ipa_sim"": 0.5, ""len_diff"": 0}",automatic_only
phoneme:vn:/ə˧˨ˀ/,phoneme:vn:/a˧˨ˀ/,vn,confusable_with,0.6,"{""ipa_sim"": 0.75, ""len_diff"": 0}",automatic_only
phoneme:vn:/ə˧˨ˀ/,phoneme:vn:/ə˧/,vn,confusable_with,0.5,"{""ipa_sim"": 0.75, ""len_diff"": 2}",automatic_only
phoneme:vn:/ə˧˨ˀ/,phoneme:vn:/ə˧˥/,vn,confusable_with,0.55,"{""ipa_sim"": 0.75, ""len_diff"": 1}",automatic_only
phoneme:vn:/ə˧˨ˀ/,phoneme:vn:/ə˨˩/,vn,confusable_with,0.55,"{""ipa_sim"": 0.75, ""len_diff"": 1}",automatic_only
phoneme:vn:/ə˧˨ˀ/,phoneme:vn:/ə˧˩˧/,vn,confusable_with,0.4,"{""ipa_sim"": 0.5, ""len_diff"": 0}",automatic_only
phoneme:vn:/ə˧˨ˀ/,phoneme:vn:/ə˧ˀ˥/,vn,confusable_with,0.6,"{""ipa_sim"": 0.75, ""len_diff"": 0}",automatic_only
phoneme:vn:/ə˧˨ˀ/,phoneme:vn:/ɛ˧˥/,vn,confusable_with,0.35,"{""ipa_sim"": 0.5, ""len_diff"": 1}",automatic_only
phoneme:vn:/ə˧˨ˀ/,phoneme:vn:/ɛ˨˩/,vn,confusable_with,0.35,"{""ipa_sim"": 0.5, ""len_diff"": 1}",automatic_only
phoneme:vn:/ə˧˨ˀ/,phoneme:vn:/ɛ˧ˀ˥/,vn,confusable_with,0.4,"{""ipa_sim"": 0.5, ""len_diff"": 0}",automatic_only
phoneme:vn:/ə˧˨ˀ/,phoneme:vn:/ɛ˧˨ˀ/,vn,confusable_with,0.6,"{""ipa_sim"": 0.75, ""len_diff"": 0}",automatic_only
phoneme:vn:/ə˧˨ˀ/,phoneme:vn:/e˧˥/,vn,confusable_with,0.35,"{""ipa_sim"": 0.5, ""len_diff"": 1}",automatic_only
phoneme:vn:/ə˧˨ˀ/,phoneme:vn:/e˨˩/,vn,confusable_with,0.35,"{""ipa_sim"": 0.5, ""len_diff"": 1}",automatic_only
phoneme:vn:/ə˧˨ˀ/,phoneme:vn:/e˧ˀ˥/,vn,confusable_with,0.4,"{""ipa_sim"": 0.5, ""len_diff"": 0}",automatic_only
phoneme:vn:/ə˧˨ˀ/,phoneme:vn:/e˧˨ˀ/,vn,confusable_with,0.6,"{""ipa_sim"": 0.75, ""len_diff"": 0}",automatic_only
phoneme:vn:/ə˧˨ˀ/,phoneme:vn:/i˧˥/,vn,confusable_with,0.35,"{""ipa_sim"": 0.5, ""len_diff"": 1}",automatic_only
phoneme:vn:/ə˧˨ˀ/,phoneme:vn:/i˨˩/,vn,confusable_with,0.35,"{""ipa_sim"": 0.5, ""len_diff"": 1}",automatic_only
phoneme:vn:/ə˧˨ˀ/,phoneme:vn:/i˧ˀ˥/,vn,confusable_with,0.4,"{""ipa_sim"": 0.5, ""len_diff"": 0}",automatic_only
phoneme:vn:/ə˧˨ˀ/,phoneme:vn:/i˧˨ˀ/,vn,confusable_with,0.6,"{""ipa_sim"": 0.75, ""len_diff"": 0}",automatic_only
phoneme:vn:/ə˧˨ˀ/,phoneme:vn:/ɔ˧˥/,vn,confusable_with,0.35,"{""ipa_sim"": 0.5, ""len_diff"": 1}",automatic_only
phoneme:vn:/ə˧˨ˀ/,phoneme:vn:/ɔ˨˩/,vn,confusable_with,0.35,"{""ipa_sim"": 0.5, ""len_diff"": 1}",automatic_only
phoneme:vn:/ə˧˨ˀ/,phoneme:vn:/ɔ˧ˀ˥/,vn,confusable_with,0.4,"{""ipa_sim"": 0.5, ""len_diff"": 0}",automatic_only
phoneme:vn:/ə˧˨ˀ/,phoneme:vn:/ɔ˧˨ˀ/,vn,confusable_with,0.6,"{""ipa_sim"": 0.75, ""len_diff"": 0}",automatic_only
phoneme:vn:/ə˧˨ˀ/,phoneme:vn:/o˧˥/,vn,confusable_with,0.35,"{""ipa_sim"": 0.5, ""len_diff"": 1}",automatic_only
phoneme:vn:/ə˧˨ˀ/,phoneme:vn:/o˨˩/,vn,confusable_with,0.35,"{""ipa_sim"": 0.5, ""len_diff"": 1}",automatic_only
phoneme:vn:/ə˧˨ˀ/,phoneme:vn:/o˧ˀ˥/,vn,confusable_with,0.4,"{""ipa_sim"": 0.5, ""len_diff"": 0}",automatic_only
phoneme:vn:/ə˧˨ˀ/,phoneme:vn:/o˧˨ˀ/,vn,confusable_with,0.6,"{""ipa_sim"": 0.75, ""len_diff"": 0}",automatic_only
phoneme:vn:/ə˧˨ˀ/,phoneme:vn:/əː˧/,vn,confusable_with,0.55,"{""ipa_sim"": 0.75, ""len_diff"": 1}",automatic_only
phoneme:vn:/ə˧˨ˀ/,phoneme:vn:/əː˧˥/,vn,confusable_with,0.4,"{""ipa_sim"": 0.5, ""len_diff"": 0}",automatic_only
phoneme:vn:/ə˧˨ˀ/,phoneme:vn:/əː˨˩/,vn,confusable_with,0.4,"{""ipa_sim"": 0.5, ""len_diff"": 0}",automatic_only
phoneme:vn:/ə˧˨ˀ/,phoneme:vn:/əː˧˩˧/,vn,confusable_with,0.43,"{""ipa_sim"": 0.6, ""len_diff"": 1}",automatic_only
phoneme:vn:/ə˧˨ˀ/,phoneme:vn:/əː˧ˀ˥/,vn,confusable_with,0.59,"{""ipa_sim"": 0.8, ""len_diff"": 1}",automatic_only
phoneme:vn:/ə˧˨ˀ/,phoneme:vn:/əː˧˨ˀ/,vn,confusable_with,0.75,"{""ipa_sim"": 1.0, ""len_diff"": 1}",automatic_only
phoneme:vn:/ə˧˨ˀ/,phoneme:vn:/u˧˥/,vn,confusable_with,0.35,"{""ipa_sim"": 0.5, ""len_diff"": 1}",automatic_only
phoneme:vn:/ə˧˨ˀ/,phoneme:vn:/u˨˩/,vn,confusable_with,0.35,"{""ipa_sim"": 0.5, ""len_diff"": 1}",automatic_only
phoneme:vn:/ə˧˨ˀ/,phoneme:vn:/u˧ˀ˥/,vn,confusable_with,0.4,"{""ipa_sim"": 0.5, ""len_diff"": 0}",automatic_only
phoneme:vn:/ə˧˨ˀ/,phoneme:vn:/u˧˨ˀ/,vn,confusable_with,0.6,"{""ipa_sim"": 0.75, ""len_diff"": 0}",automatic_only
phoneme:vn:/ə˧˨ˀ/,phoneme:vn:/ɨ˧˥/,vn,confusable_with,0.35,"{""ipa_sim"": 0.5, ""len_diff"": 1}",automatic_only
phoneme:vn:/ə˧˨ˀ/,phoneme:vn:/ɨ˨˩/,vn,confusable_with,0.35,"{""ipa_sim"": 0.5, ""len_diff"": 1}",automatic_only
phoneme:vn:/ə˧˨ˀ/,phoneme:vn:/ɨ˧ˀ˥/,vn,confusable_with,0.4,"{""ipa_sim"": 0.5, ""len_diff"": 0}",automatic_only
phoneme:vn:/ə˧˨ˀ/,phoneme:vn:/ɨ˧˨ˀ/,vn,confusable_with,0.6,"{""ipa_sim"": 0.75, ""len_diff"": 0}",automatic_only
phoneme:vn:/ɛ˧/,phoneme:vn:/aː˧/,vn,confusable_with,0.483,"{""ipa_sim"": 0.667, ""len_diff"": 1}",automatic_only
phoneme:vn:/ɛ˧/,phoneme:vn:/a˧/,vn,confusable_with,0.4,"{""ipa_sim"": 0.5, ""len_diff"": 0}",automatic_only
phoneme:vn:/ɛ˧/,phoneme:vn:/a˧˥/,vn,confusable_with,0.483,"{""ipa_sim"": 0.667, ""len_diff"": 1}",automatic_only
phoneme:vn:/ɛ˧/,phoneme:vn:/ə˧/,vn,confusable_with,0.4,"{""ipa_sim"": 0.5, ""len_diff"": 0}",automatic_only
phoneme:vn:/ɛ˧/,phoneme:vn:/ə˧˥/,vn,confusable_with,0.483,"{""ipa_sim"": 0.667, ""len_diff"": 1}",automatic_only
phoneme:vn:/ɛ˧/,phoneme:vn:/ɛ˧˥/,vn,confusable_with,0.75,"{""ipa_sim"": 1.0, ""len_diff"": 1}",automatic_only
phoneme:vn:/ɛ˧/,phoneme:vn:/ɛ˨˩/,vn,confusable_with,0.483,"{""ipa_sim"": 0.667, ""len_diff"": 1}",automatic_only
phoneme:vn:/ɛ˧/,phoneme:vn:/ɛ˧˩˧/,vn,confusable_with,0.5,"{""ipa_sim"": 0.75, ""len_diff"": 2}",automatic_only
phoneme:vn:/ɛ˧/,phoneme:vn:/ɛ˧ˀ˥/,vn,confusable_with,0.5,"{""ipa_sim"": 0.75, ""len_diff"": 2}",automatic_only
phoneme:vn:/ɛ˧/,phoneme:vn:/ɛ˧˨ˀ/,vn,confusable_with,0.5,"{""ipa_sim"": 0.75, ""len_diff"": 2}",automatic_only
phoneme:vn:/ɛ˧/,phoneme:vn:/e˧/,vn,confusable_with,0.85,"{""ipa_sim"": 0.5, ""len_diff"": 0, ""seed_reason"": ""front vowel proximity"", ""seed_weight"": 0.85}",automatic_plus_manual
phoneme:vn:/ɛ˧/,phoneme:vn:/e˧˥/,vn,confusable_with,0.483,"{""ipa_sim"": 0.667, ""len_diff"": 1}",automatic_only
phoneme:vn:/ɛ˧/,phoneme:vn:/i˧/,vn,confusable_with,0.4,"{""ipa_sim"": 0.5, ""len_diff"": 0}",automatic_only
phoneme:vn:/ɛ˧/,phoneme:vn:/i˧˥/,vn,confusable_with,0.483,"{""ipa_sim"": 0.667, ""len_diff"": 1}",automatic_only
phoneme:vn:/ɛ˧/,phoneme:vn:/ɔ˧/,vn,confusable_with,0.4,"{""ipa_sim"": 0.5, ""len_diff"": 0}",automatic_only
phoneme:vn:/ɛ˧/,phoneme:vn:/ɔ˧˥/,vn,confusable_with,0.483,"{""ipa_sim"": 0.667, ""len_diff"": 1}",automatic_only
phoneme:vn:/ɛ˧/,phoneme:vn:/o˧/,vn,confusable_with,0.4,"{""ipa_sim"": 0.5, ""len_diff"": 0}",automatic_only
phoneme:vn:/ɛ˧/,phoneme:vn:/o˧˥/,vn,confusable_with,0.483,"{""ipa_sim"": 0.667, ""len_diff"": 1}",automatic_only
phoneme:vn:/ɛ˧/,phoneme:vn:/əː˧/,vn,confusable_with,0.483,"{""ipa_sim"": 0.667, ""len_diff"": 1}",automatic_only
phoneme:vn:/ɛ˧/,phoneme:vn:/u˧/,vn,confusable_with,0.4,"{""ipa_sim"": 0.5, ""len_diff"": 0}",automatic_only
phoneme:vn:/ɛ˧/,phoneme:vn:/u˧˥/,vn,confusable_with,0.483,"{""ipa_sim"": 0.667, ""len_diff"": 1}",automatic_only
phoneme:vn:/ɛ˧/,phoneme:vn:/ɨ˧/,vn,confusable_with,0.4,"{""ipa_sim"": 0.5, ""len_diff"": 0}",automatic_only
phoneme:vn:/ɛ˧/,phoneme:vn:/ɨ˧˥/,vn,confusable_with,0.483,"{""ipa_sim"": 0.667, ""len_diff"": 1}",automatic_only
phoneme:vn:/ɛ˧˥/,phoneme:vn:/aː˧˥/,vn,confusable_with,0.55,"{""ipa_sim"": 0.75, ""len_diff"": 1}",automatic_only
phoneme:vn:/ɛ˧˥/,phoneme:vn:/aː˧ˀ˥/,vn,confusable_with,0.38,"{""ipa_sim"": 0.6, ""len_diff"": 2}",automatic_only
phoneme:vn:/ɛ˧˥/,phoneme:vn:/a˧/,vn,confusable_with,0.483,"{""ipa_sim"": 0.667, ""len_diff"": 1}",automatic_only
phoneme:vn:/ɛ˧˥/,phoneme:vn:/a˧˥/,vn,confusable_with,0.533,"{""ipa_sim"": 0.667, ""len_diff"": 0}",automatic_only
phoneme:vn:/ɛ˧˥/,phoneme:vn:/a˧˩˧/,vn,confusable_with,0.35,"{""ipa_sim"": 0.5, ""len_diff"": 1}",automatic_only
phoneme:vn:/ɛ˧˥/,phoneme:vn:/a˧ˀ˥/,vn,confusable_with,0.55,"{""ipa_sim"": 0.75, ""len_diff"": 1}",automatic_only
phoneme:vn:/ɛ˧˥/,phoneme:vn:/a˧˨ˀ/,vn,confusable_with,0.35,"{""ipa_sim"": 0.5, ""len_diff"": 1}",automatic_only
phoneme:vn:/ɛ˧˥/,phoneme:vn:/ə˧/,vn,confusable_with,0.483,"{""ipa_sim"": 0.667, ""len_diff"": 1}",automatic_only
phoneme:vn:/ɛ˧˥/,phoneme:vn:/ə˧˥/,vn,confusable_with,0.533,"{""ipa_sim"": 0.667, ""len_diff"": 0}",automatic_only
phoneme:vn:/ɛ˧˥/,phoneme:vn:/ə˧˩˧/,vn,confusable_with,0.35,"{""ipa_sim"": 0.5, ""len_diff"": 1}",automatic_only
phoneme:vn:/ɛ˧˥/,phoneme:vn:/ə˧ˀ˥/,vn,confusable_with,0.55,"{""ipa_sim"": 0.75, ""len_diff"": 1}",automatic_only
phoneme:vn:/ɛ˧˥/,phoneme:vn:/ə˧˨ˀ/,vn,confusable_with,0.35,"{""ipa_sim"": 0.5, ""len_diff"": 1}",automatic_only
phoneme:vn:/ɛ˧˥/,phoneme:vn:/ɛ˧/,vn,confusable_with,0.75,"{""ipa_sim"": 1.0, ""len_diff"": 1}",automatic_only
phoneme:vn:/ɛ˧˥/,phoneme:vn:/ɛ˧˩˧/,vn,confusable_with,0.55,"{""ipa_sim"": 0.75, ""len_diff"": 1}",automatic_only
phoneme:vn:/ɛ˧˥/,phoneme:vn:/ɛ˧ˀ˥/,vn,confusable_with,0.75,"{""ipa_sim"": 1.0, ""len_diff"": 1}",automatic_only
phoneme:vn:/ɛ˧˥/,phoneme:vn:/ɛ˧˨ˀ/,vn,confusable_with,0.55,"{""ipa_sim"": 0.75, ""len_diff"": 1}",automatic_only
phoneme:vn:/ɛ˧˥/,phoneme:vn:/e˧/,vn,confusable_with,0.483,"{""ipa_sim"": 0.667, ""len_diff"": 1}",automatic_only
phoneme:vn:/ɛ˧˥/,phoneme:vn:/e˧˥/,vn,confusable_with,0.533,"{""ipa_sim"": 0.667, ""len_diff"": 0}",automatic_only
phoneme:vn:/ɛ˧˥/,phoneme:vn:/e˧˩˧/,vn,confusable_with,0.35,"{""ipa_sim"": 0.5, ""len_diff"": 1}",automatic_only
phoneme:vn:/ɛ˧˥/,phoneme:vn:/e˧ˀ˥/,vn,confusable_with,0.55,"{""ipa_sim"": 0.75, ""len_diff"": 1}",automatic_only
phoneme:vn:/ɛ˧˥/,phoneme:vn:/e˧˨ˀ/,vn,confusable_with,0.35,"{""ipa_sim"": 0.5, ""len_diff"": 1}",automatic_only
phoneme:vn:/ɛ˧˥/,phoneme:vn:/i˧/,vn,confusable_with,0.483,"{""ipa_sim"": 0.667, ""len_diff"": 1}",automatic_only
phoneme:vn:/ɛ˧˥/,phoneme:vn:/i˧˥/,vn,confusable_with,0.533,"{""ipa_sim"": 0.667, ""len_diff"": 0}",automatic_only
phoneme:vn:/ɛ˧˥/,phoneme:vn:/i˧˩˧/,vn,confusable_with,0.35,"{""ipa_sim"": 0.5, ""len_diff"": 1}",automatic_only
phoneme:vn:/ɛ˧˥/,phoneme:vn:/i˧ˀ˥/,vn,confusable_with,0.55,"{""ipa_sim"": 0.75, ""len_diff"": 1}",automatic_only
phoneme:vn:/ɛ˧˥/,phoneme:vn:/i˧˨ˀ/,vn,confusable_with,0.35,"{""ipa_sim"": 0.5, ""len_diff"": 1}",automatic_only
phoneme:vn:/ɛ˧˥/,phoneme:vn:/ɔ˧/,vn,confusable_with,0.483,"{""ipa_sim"": 0.667, ""len_diff"": 1}",automatic_only
phoneme:vn:/ɛ˧˥/,phoneme:vn:/ɔ˧˥/,vn,confusable_with,0.533,"{""ipa_sim"": 0.667, ""len_diff"": 0}",automatic_only
phoneme:vn:/ɛ˧˥/,phoneme:vn:/ɔ˧˩˧/,vn,confusable_with,0.35,"{""ipa_sim"": 0.5, ""len_diff"": 1}",automatic_only
phoneme:vn:/ɛ˧˥/,phoneme:vn:/ɔ˧ˀ˥/,vn,confusable_with,0.55,"{""ipa_sim"": 0.75, ""len_diff"": 1}",automatic_only
phoneme:vn:/ɛ˧˥/,phoneme:vn:/ɔ˧˨ˀ/,vn,confusable_with,0.35,"{""ipa_sim"": 0.5, ""len_diff"": 1}",automatic_only
phoneme:vn:/ɛ˧˥/,phoneme:vn:/o˧/,vn,confusable_with,0.483,"{""ipa_sim"": 0.667, ""len_diff"": 1}",automatic_only
phoneme:vn:/ɛ˧˥/,phoneme:vn:/o˧˥/,vn,confusable_with,0.533,"{""ipa_sim"": 0.667, ""len_diff"": 0}",automatic_only
phoneme:vn:/ɛ˧˥/,phoneme:vn:/o˧˩˧/,vn,confusable_with,0.35,"{""ipa_sim"": 0.5, ""len_diff"": 1}",automatic_only
phoneme:vn:/ɛ˧˥/,phoneme:vn:/o˧ˀ˥/,vn,confusable_with,0.55,"{""ipa_sim"": 0.75, ""len_diff"": 1}",automatic_only
phoneme:vn:/ɛ˧˥/,phoneme:vn:/o˧˨ˀ/,vn,confusable_with,0.35,"{""ipa_sim"": 0.5, ""len_diff"": 1}",automatic_only
phoneme:vn:/ɛ˧˥/,phoneme:vn:/əː˧˥/,vn,confusable_with,0.55,"{""ipa_sim"": 0.75, ""len_diff"": 1}",automatic_only
phoneme:vn:/ɛ˧˥/,phoneme:vn:/əː˧ˀ˥/,vn,confusable_with,0.38,"{""ipa_sim"": 0.6, ""len_diff"": 2}",automatic_only
phoneme:vn:/ɛ˧˥/,phoneme:vn:/u˧/,vn,confusable_with,0.483,"{""ipa_sim"": 0.667, ""len_diff"": 1}",automatic_only
phoneme:vn:/ɛ˧˥/,phoneme:vn:/u˧˥/,vn,confusable_with,0.533,"{""ipa_sim"": 0.667, ""len_diff"": 0}",automatic_only
phoneme:vn:/ɛ˧˥/,phoneme:vn:/u˧˩˧/,vn,confusable_with,0.35,"{""ipa_sim"": 0.5, ""len_diff"": 1}",automatic_only
phoneme:vn:/ɛ˧˥/,phoneme:vn:/u˧ˀ˥/,vn,confusable_with,0.55,"{""ipa_sim"": 0.75, ""len_diff"": 1}",automatic_only
phoneme:vn:/ɛ˧˥/,phoneme:vn:/u˧˨ˀ/,vn,confusable_with,0.35,"{""ipa_sim"": 0.5, ""len_diff"": 1}",automatic_only
phoneme:vn:/ɛ˧˥/,phoneme:vn:/ɨ˧/,vn,confusable_with,0.483,"{""ipa_sim"": 0.667, ""len_diff"": 1}",automatic_only
phoneme:vn:/ɛ˧˥/,phoneme:vn:/ɨ˧˥/,vn,confusable_with,0.533,"{""ipa_sim"": 0.667, ""len_diff"": 0}",automatic_only
phoneme:vn:/ɛ˧˥/,phoneme:vn:/ɨ˧˩˧/,vn,confusable_with,0.35,"{""ipa_sim"": 0.5, ""len_diff"": 1}",automatic_only
phoneme:vn:/ɛ˧˥/,phoneme:vn:/ɨ˧ˀ˥/,vn,confusable_with,0.55,"{""ipa_sim"": 0.75, ""len_diff"": 1}",automatic_only
phoneme:vn:/ɛ˧˥/,phoneme:vn:/ɨ˧˨ˀ/,vn,confusable_with,0.35,"{""ipa_sim"": 0.5, ""len_diff"": 1}",automatic_only
phoneme:vn:/ɛ˨˩/,phoneme:vn:/aː˨˩/,vn,confusable_with,0.55,"{""ipa_sim"": 0.75, ""len_diff"": 1}",automatic_only
phoneme:vn:/ɛ˨˩/,phoneme:vn:/a˨˩/,vn,confusable_with,0.533,"{""ipa_sim"": 0.667, ""len_diff"": 0}",automatic_only
phoneme:vn:/ɛ˨˩/,phoneme:vn:/a˧˩˧/,vn,confusable_with,0.35,"{""ipa_sim"": 0.5, ""len_diff"": 1}",automatic_only
phoneme:vn:/ɛ˨˩/,phoneme:vn:/a˧˨ˀ/,vn,confusable_with,0.35,"{""ipa_sim"": 0.5, ""len_diff"": 1}",automatic_only
phoneme:vn:/ɛ˨˩/,phoneme:vn:/ə˨˩/,vn,confusable_with,0.533,"{""ipa_sim"": 0.667, ""len_diff"": 0}",automatic_only
phoneme:vn:/ɛ˨˩/,phoneme:vn:/ə˧˩˧/,vn,confusable_with,0.35,"{""ipa_sim"": 0.5, ""len_diff"": 1}",automatic_only
phoneme:vn:/ɛ˨˩/,phoneme:vn:/ə˧˨ˀ/,vn,confusable_with,0.35,"{""ipa_sim"": 0.5, ""len_diff"": 1}",automatic_only
phoneme:vn:/ɛ˨˩/,phoneme:vn:/ɛ˧/,vn,confusable_with,0.483,"{""ipa_sim"": 0.667, ""len_diff"": 1}",automatic_only
phoneme:vn:/ɛ˨˩/,phoneme:vn:/ɛ˧˩˧/,vn,confusable_with,0.55,"{""ipa_sim"": 0.75, ""len_diff"": 1}",automatic_only
phoneme:vn:/ɛ˨˩/,phoneme:vn:/ɛ˧ˀ˥/,vn,confusable_with,0.35,"{""ipa_sim"": 0.5, ""len_diff"": 1}",automatic_only
phoneme:vn:/ɛ˨˩/,phoneme:vn:/ɛ˧˨ˀ/,vn,confusable_with,0.55,"{""ipa_sim"": 0.75, ""len_diff"": 1}",automatic_only
phoneme:vn:/ɛ˨˩/,phoneme:vn:/e˨˩/,vn,confusable_with,0.533,"{""ipa_sim"": 0.667, ""len_diff"": 0}",automatic_only
phoneme:vn:/ɛ˨˩/,phoneme:vn:/e˧˩˧/,vn,confusable_with,0.35,"{""ipa_sim"": 0.5, ""len_diff"": 1}",automatic_only
phoneme:vn:/ɛ˨˩/,phoneme:vn:/e˧˨ˀ/,vn,confusable_with,0.35,"{""ipa_sim"": 0.5, ""len_diff"": 1}",automatic_only
phoneme:vn:/ɛ˨˩/,phoneme:vn:/i˨˩/,vn,confusable_with,0.533,"{""ipa_sim"": 0.667, ""len_diff"": 0}",automatic_only
phoneme:vn:/ɛ˨˩/,phoneme:vn:/i˧˩˧/,vn,confusable_with,0.35,"{""ipa_sim"": 0.5, ""len_diff"": 1}",automatic_only
phoneme:vn:/ɛ˨˩/,phoneme:vn:/i˧˨ˀ/,vn,confusable_with,0.35,"{""ipa_sim"": 0.5, ""len_diff"": 1}",automatic_only
phoneme:vn:/ɛ˨˩/,phoneme:vn:/ɔ˨˩/,vn,confusable_with,0.533,"{""ipa_sim"": 0.667, ""len_diff"": 0}",automatic_only
phoneme:vn:/ɛ˨˩/,phoneme:vn:/ɔ˧˩˧/,vn,confusable_with,0.35,"{""ipa_sim"": 0.5, ""len_diff"": 1}",automatic_only
phoneme:vn:/ɛ˨˩/,phoneme:vn:/ɔ˧˨ˀ/,vn,confusable_with,0.35,"{""ipa_sim"": 0.5, ""len_diff"": 1}",automatic_only
phoneme:vn:/ɛ˨˩/,phoneme:vn:/o˨˩/,vn,confusable_with,0.533,"{""ipa_sim"": 0.667, ""len_diff"": 0}",automatic_only
phoneme:vn:/ɛ˨˩/,phoneme:vn:/o˧˩˧/,vn,confusable_with,0.35,"{""ipa_sim"": 0.5, ""len_diff"": 1}",automatic_only
phoneme:vn:/ɛ˨˩/,phoneme:vn:/o˧˨ˀ/,vn,confusable_with,0.35,"{""ipa_sim"": 0.5, ""len_diff"": 1}",automatic_only
phoneme:vn:/ɛ˨˩/,phoneme:vn:/əː˨˩/,vn,confusable_with,0.55,"{""ipa_sim"": 0.75, ""len_diff"": 1}",automatic_only
phoneme:vn:/ɛ˨˩/,phoneme:vn:/u˨˩/,vn,confusable_with,0.533,"{""ipa_sim"": 0.667, ""len_diff"": 0}",automatic_only
phoneme:vn:/ɛ˨˩/,phoneme:vn:/u˧˩˧/,vn,confusable_with,0.35,"{""ipa_sim"": 0.5, ""len_diff"": 1}",automatic_only
phoneme:vn:/ɛ˨˩/,phoneme:vn:/u˧˨ˀ/,vn,confusable_with,0.35,"{""ipa_sim"": 0.5, ""len_diff"": 1}",automatic_only
phoneme:vn:/ɛ˨˩/,phoneme:vn:/ɨ˨˩/,vn,confusable_with,0.533,"{""ipa_sim"": 0.667, ""len_diff"": 0}",automatic_only
phoneme:vn:/ɛ˨˩/,phoneme:vn:/ɨ˧˩˧/,vn,confusable_with,0.35,"{""ipa_sim"": 0.5, ""len_diff"": 1}",automatic_only
phoneme:vn:/ɛ˨˩/,phoneme:vn:/ɨ˧˨ˀ/,vn,confusable_with,0.35,"{""ipa_sim"": 0.5, ""len_diff"": 1}",automatic_only
phoneme:vn:/ɛ˧˩˧/,phoneme:vn:/aː˧/,vn,confusable_with,0.35,"{""ipa_sim"": 0.5, ""len_diff"": 1}",automatic_only
phoneme:vn:/ɛ˧˩˧/,phoneme:vn:/aː˧˩˧/,vn,confusable_with,0.59,"{""ipa_sim"": 0.8, ""len_diff"": 1}",automatic_only
phoneme:vn:/ɛ˧˩˧/,phoneme:vn:/a˧˥/,vn,confusable_with,0.35,"{""ipa_sim"": 0.5, ""len_diff"": 1}",automatic_only
phoneme:vn:/ɛ˧˩˧/,phoneme:vn:/a˨˩/,vn,confusable_with,0.35,"{""ipa_sim"": 0.5, ""len_diff"": 1}",automatic_only
phoneme:vn:/ɛ˧˩˧/,phoneme:vn:/a˧˩˧/,vn,confusable_with,0.6,"{""ipa_sim"": 0.75, ""len_diff"": 0}",automatic_only
phoneme:vn:/ɛ˧˩˧/,phoneme:vn:/ə˧˥/,vn,confusable_with,0.35,"{""ipa_sim"": 0.5, ""len_diff"": 1}",automatic_only
phoneme:vn:/ɛ˧˩˧/,phoneme:vn:/ə˨˩/,vn,confusable_with,0.35,"{""ipa_sim"": 0.5, ""len_diff"": 1}",automatic_only
phoneme:vn:/ɛ˧˩˧/,phoneme:vn:/ə˧˩˧/,vn,confusable_with,0.6,"{""ipa_sim"": 0.75, ""len_diff"": 0}",automatic_only
phoneme:vn:/ɛ˧˩˧/,phoneme:vn:/ɛ˧/,vn,confusable_with,0.5,"{""ipa_sim"": 0.75, ""len_diff"": 2}",automatic_only
phoneme:vn:/ɛ˧˩˧/,phoneme:vn:/ɛ˧˥/,vn,confusable_with,0.55,"{""ipa_sim"": 0.75, ""len_diff"": 1}",automatic_only
phoneme:vn:/ɛ˧˩˧/,phoneme:vn:/ɛ˨˩/,vn,confusable_with,0.55,"{""ipa_sim"": 0.75, ""len_diff"": 1}",automatic_only
phoneme:vn:/ɛ˧˩˧/,phoneme:vn:/ɛ˧ˀ˥/,vn,confusable_with,0.4,"{""ipa_sim"": 0.5, ""len_diff"": 0}",automatic_only
phoneme:vn:/ɛ˧˩˧/,phoneme:vn:/ɛ˧˨ˀ/,vn,confusable_with,0.4,"{""ipa_sim"": 0.5, ""len_diff"": 0}",automatic_only
phoneme:vn:/ɛ˧˩˧/,phoneme:vn:/e˧˥/,vn,confusable_with,0.35,"{""ipa_sim"": 0.5, ""len_diff"": 1}",automatic_only
phoneme:vn:/ɛ˧˩˧/,phoneme:vn:/e˨˩/,vn,confusable_with,0.35,"{""ipa_sim"": 0.5, ""len_diff"": 1}",automatic_only
phoneme:vn:/ɛ˧˩˧/,phoneme:vn:/e˧˩˧/,vn,confusable_with,0.6,"{""ipa_sim"": 0.75, ""len_diff"": 0}",automatic_only
phoneme:vn:/ɛ˧˩˧/,phoneme:vn:/i˧˥/,vn,confusable_with,0.35,"{""ipa_sim"": 0.5, ""len_diff"": 1}",automatic_only
phoneme:vn:/ɛ˧˩˧/,phoneme:vn:/i˨˩/,vn,confusable_with,0.35,"{""ipa_sim"": 0.5, ""len_diff"": 1}",automatic_only
phoneme:vn:/ɛ˧˩˧/,phoneme:vn:/i˧˩˧/,vn,confusable_with,0.6,"{""ipa_sim"": 0.75, ""len_diff"": 0}",automatic_only
phoneme:vn:/ɛ˧˩˧/,phoneme:vn:/ɔ˧˥/,vn,confusable_with,0.35,"{""ipa_sim"": 0.5, ""len_diff"": 1}",automatic_only
phoneme:vn:/ɛ˧˩˧/,phoneme:vn:/ɔ˨˩/,vn,confusable_with,0.35,"{""ipa_sim"": 0.5, ""len_diff"": 1}",automatic_only
phoneme:vn:/ɛ˧˩˧/,phoneme:vn:/ɔ˧˩˧/,vn,confusable_with,0.6,"{""ipa_sim"": 0.75, ""len_diff"": 0}",automatic_only
phoneme:vn:/ɛ˧˩˧/,phoneme:vn:/o˧˥/,vn,confusable_with,0.35,"{""ipa_sim"": 0.5, ""len_diff"": 1}",automatic_only
phoneme:vn:/ɛ˧˩˧/,phoneme:vn:/o˨˩/,vn,confusable_with,0.35,"{""ipa_sim"": 0.5, ""len_diff"": 1}",automatic_only
phoneme:vn:/ɛ˧˩˧/,phoneme:vn:/o˧˩˧/,vn,confusable_with,0.6,"{""ipa_sim"": 0.75, ""len_diff"": 0}",automatic_only
phoneme:vn:/ɛ˧˩˧/,phoneme:vn:/əː˧/,vn,confusable_with,0.35,"{""ipa_sim"": 0.5, ""len_diff"": 1}",automatic_only
phoneme:vn:/ɛ˧˩˧/,phoneme:vn:/əː˧˩˧/,vn,confusable_with,0.59,"{""ipa_sim"": 0.8, ""len_diff"": 1}",automatic_only
phoneme:vn:/ɛ˧˩˧/,phoneme:vn:/u˧˥/,vn,confusable_with,0.35,"{""ipa_sim"": 0.5, ""len_diff"": 1}",automatic_only
phoneme:vn:/ɛ˧˩˧/,phoneme:vn:/u˨˩/,vn,confusable_with,0.35,"{""ipa_sim"": 0.5, ""len_diff"": 1}",automatic_only
phoneme:vn:/ɛ˧˩˧/,phoneme:vn:/u˧˩˧/,vn,confusable_with,0.6,"{""ipa_sim"": 0.75, ""len_diff"": 0}",automatic_only
phoneme:vn:/ɛ˧˩˧/,phoneme:vn:/ɨ˧˥/,vn,confusable_with,0.35,"{""ipa_sim"": 0.5, ""len_diff"": 1}",automatic_only
phoneme:vn:/ɛ˧˩˧/,phoneme:vn:/ɨ˨˩/,vn,confusable_with,0.35,"{""ipa_sim"": 0.5, ""len_diff"": 1}",automatic_only
phoneme:vn:/ɛ˧˩˧/,phoneme:vn:/ɨ˧˩˧/,vn,confusable_with,0.6,"{""ipa_sim"": 0.75, ""len_diff"": 0}",automatic_only
phoneme:vn:/ɛ˧ˀ˥/,phoneme:vn:/aː˧/,vn,confusable_with,0.35,"{""ipa_sim"": 0.5, ""len_diff"": 1}",automatic_only
phoneme:vn:/ɛ˧ˀ˥/,phoneme:vn:/aː˧˥/,vn,confusable_with,0.4,"{""ipa_sim"": 0.5, ""len_diff"": 0}",automatic_only
phoneme:vn:/ɛ˧ˀ˥/,phoneme:vn:/aː˧ˀ˥/,vn,confusable_with,0.59,"{""ipa_sim"": 0.8, ""len_diff"": 1}",automatic_only
phoneme:vn:/ɛ˧ˀ˥/,phoneme:vn:/aː˧˨ˀ/,vn,confusable_with,0.43,"{""ipa_sim"": 0.6, ""len_diff"": 1}",automatic_only
phoneme:vn:/ɛ˧ˀ˥/,phoneme:vn:/a˧˥/,vn,confusable_with,0.55,"{""ipa_sim"": 0.75, ""len_diff"": 1}",automatic_only
phoneme:vn:/ɛ˧ˀ˥/,phoneme:vn:/a˧ˀ˥/,vn,confusable_with,0.6,"{""ipa_sim"": 0.75, ""len_diff"": 0}",automatic_only
phoneme:vn:/ɛ˧ˀ˥/,phoneme:vn:/a˧˨ˀ/,vn,confusable_with,0.4,"{""ipa_sim"": 0.5, ""len_diff"": 0}",automatic_only
phoneme:vn:/ɛ˧ˀ˥/,phoneme:vn:/ə˧˥/,vn,confusable_with,0.55,"{""ipa_sim"": 0.75, ""len_diff"": 1}",automatic_only
phoneme:vn:/ɛ˧ˀ˥/,phoneme:vn:/ə˧ˀ˥/,vn,confusable_with,0.6,"{""ipa_sim"": 0.75, ""len_diff"": 0}",automatic_only
phoneme:vn:/ɛ˧ˀ˥/,phoneme:vn:/ə˧˨ˀ/,vn,confusable_with,0.4,"{""ipa_sim"": 0.5, ""len_diff"": 0}",automatic_only
phoneme:vn:/ɛ˧ˀ˥/,phoneme:vn:/ɛ˧/,vn,confusable_with,0.5,"{""ipa_sim"": 0.75, ""len_diff"": 2}",automatic_only
phoneme:vn:/ɛ˧ˀ˥/,phoneme:vn:/ɛ˧˥/,vn,confusable_with,0.75,"{""ipa_sim"": 1.0, ""len_diff"": 1}",automatic_only
phoneme:vn:/ɛ˧ˀ˥/,phoneme:vn:/ɛ˨˩/,vn,confusable_with,0.35,"{""ipa_sim"": 0.5, ""len_diff"": 1}",automatic_only
phoneme:vn:/ɛ˧ˀ˥/,phoneme:vn:/ɛ˧˩˧/,vn,confusable_with,0.4,"{""ipa_sim"": 0.5, ""len_diff"": 0}",automatic_only
phoneme:vn:/ɛ˧ˀ˥/,phoneme:vn:/ɛ˧˨ˀ/,vn,confusable_with,0.6,"{""ipa_sim"": 0.75, ""len_diff"": 0}",automatic_only
phoneme:vn:/ɛ˧ˀ˥/,phoneme:vn:/e˧˥/,vn,confusable_with,0.55,"{""ipa_sim"": 0.75, ""len_diff"": 1}",automatic_only
phoneme:vn:/ɛ˧ˀ˥/,phoneme:vn:/e˧ˀ˥/,vn,confusable_with,0.6,"{""ipa_sim"": 0.75, ""len_diff"": 0}",automatic_only
phoneme:vn:/ɛ˧ˀ˥/,phoneme:vn:/e˧˨ˀ/,vn,confusable_with,0.4,"{""ipa_sim"": 0.5, ""len_diff"": 0}",automatic_only
phoneme:vn:/ɛ˧ˀ˥/,phoneme:vn:/i˧˥/,vn,confusable_with,0.55,"{""ipa_sim"": 0.75, ""len_diff"": 1}",automatic_only
phoneme:vn:/ɛ˧ˀ˥/,phoneme:vn:/i˧ˀ˥/,vn,confusable_with,0.6,"{""ipa_sim"": 0.75, ""len_diff"": 0}",automatic_only
phoneme:vn:/ɛ˧ˀ˥/,phoneme:vn:/i˧˨ˀ/,vn,confusable_with,0.4,"{""ipa_sim"": 0.5, ""len_diff"": 0}",automatic_only
phoneme:vn:/ɛ˧ˀ˥/,phoneme:vn:/ɔ˧˥/,vn,confusable_with,0.55,"{""ipa_sim"": 0.75, ""len_diff"": 1}",automatic_only
phoneme:vn:/ɛ˧ˀ˥/,phoneme:vn:/ɔ˧ˀ˥/,vn,confusable_with,0.6,"{""ipa_sim"": 0.75, ""len_diff"": 0}",automatic_only
phoneme:vn:/ɛ˧ˀ˥/,phoneme:vn:/ɔ˧˨ˀ/,vn,confusable_with,0.4,"{""ipa_sim"": 0.5, ""len_diff"": 0}",automatic_only
phoneme:vn:/ɛ˧ˀ˥/,phoneme:vn:/o˧˥/,vn,confusable_with,0.55,"{""ipa_sim"": 0.75, ""len_diff"": 1}",automatic_only
phoneme:vn:/ɛ˧ˀ˥/,phoneme:vn:/o˧ˀ˥/,vn,confusable_with,0.6,"{""ipa_sim"": 0.75, ""len_diff"": 0}",automatic_only
phoneme:vn:/ɛ˧ˀ˥/,phoneme:vn:/o˧˨ˀ/,vn,confusable_with,0.4,"{""ipa_sim"": 0.5, ""len_diff"": 0}",automatic_only
phoneme:vn:/ɛ˧ˀ˥/,phoneme:vn:/əː˧/,vn,confusable_with,0.35,"{""ipa_sim"": 0.5, ""len_diff"": 1}",automatic_only
phoneme:vn:/ɛ˧ˀ˥/,phoneme:vn:/əː˧˥/,vn,confusable_with,0.4,"{""ipa_sim"": 0.5, ""len_diff"": 0}",automatic_only
phoneme:vn:/ɛ˧ˀ˥/,phoneme:vn:/əː˧ˀ˥/,vn,confusable_with,0.59,"{""ipa_sim"": 0.8, ""len_diff"": 1}",automatic_only
phoneme:vn:/ɛ˧ˀ˥/,phoneme:vn:/əː˧˨ˀ/,vn,confusable_with,0.43,"{""ipa_sim"": 0.6, ""len_diff"": 1}",automatic_only
phoneme:vn:/ɛ˧ˀ˥/,phoneme:vn:/u˧˥/,vn,confusable_with,0.55,"{""ipa_sim"": 0.75, ""len_diff"": 1}",automatic_only
phoneme:vn:/ɛ˧ˀ˥/,phoneme:vn:/u˧ˀ˥/,vn,confusable_with,0.6,"{""ipa_sim"": 0.75, ""len_diff"": 0}",automatic_only
phoneme:vn:/ɛ˧ˀ˥/,phoneme:vn:/u˧˨ˀ/,vn,confusable_with,0.4,"{""ipa_sim"": 0.5, ""len_diff"": 0}",automatic_only
phoneme:vn:/ɛ˧ˀ˥/,phoneme:vn:/ɨ˧˥/,vn,confusable_with,0.55,"{""ipa_sim"": 0.75, ""len_diff"": 1}",automatic_only
phoneme:vn:/ɛ˧ˀ˥/,phoneme:vn:/ɨ˧ˀ˥/,vn,confusable_with,0.6,"{""ipa_sim"": 0.75, ""len_diff"": 0}",automatic_only
phoneme:vn:/ɛ˧ˀ˥/,phoneme:vn:/ɨ˧˨ˀ/,vn,confusable_with,0.4,"{""ipa_sim"": 0.5, ""len_diff"": 0}",automatic_only
phoneme:vn:/ɛ˧˨ˀ/,phoneme:vn:/aː˧/,vn,confusable_with,0.35,"{""ipa_sim"": 0.5, ""len_diff"": 1}",automatic_only
phoneme:vn:/ɛ˧˨ˀ/,phoneme:vn:/aː˧ˀ˥/,vn,confusable_with,0.43,"{""ipa_sim"": 0.6, ""len_diff"": 1}",automatic_only
phoneme:vn:/ɛ˧˨ˀ/,phoneme:vn:/aː˧˨ˀ/,vn,confusable_with,0.59,"{""ipa_sim"": 0.8, ""len_diff"": 1}",automatic_only
phoneme:vn:/ɛ˧˨ˀ/,phoneme:vn:/a˧˥/,vn,confusable_with,0.35,"{""ipa_sim"": 0.5, ""len_diff"": 1}",automatic_only
phoneme:vn:/ɛ˧˨ˀ/,phoneme:vn:/a˨˩/,vn,confusable_with,0.35,"{""ipa_sim"": 0.5, ""len_diff"": 1}",automatic_only
phoneme:vn:/ɛ˧˨ˀ/,phoneme:vn:/a˧ˀ˥/,vn,confusable_with,0.4,"{""ipa_sim"": 0.5, ""len_diff"": 0}",automatic_only
phoneme:vn:/ɛ˧˨ˀ/,phoneme:vn:/a˧˨ˀ/,vn,confusable_with,0.6,"{""ipa_sim"": 0.75, ""len_diff"": 0}",automatic_only
phoneme:vn:/ɛ˧˨ˀ/,phoneme:vn:/ə˧˥/,vn,confusable_with,0.35,"{""ipa_sim"": 0.5, ""len_diff"": 1}",automatic_only
phoneme:vn:/ɛ˧˨ˀ/,phoneme:vn:/ə˨˩/,vn,confusable_with,0.35,"{""ipa_sim"": 0.5, ""len_diff"": 1}",automatic_only
phoneme:vn:/ɛ˧˨ˀ/,phoneme:vn:/ə˧ˀ˥/,vn,confusable_with,0.4,"{""ipa_sim"": 0.5, ""len_diff"": 0}",automatic_only
phoneme:vn:/ɛ˧˨ˀ/,phoneme:vn:/ə˧˨ˀ/,vn,confusable_with,0.6,"{""ipa_sim"": 0.75, ""len_diff"": 0}",automatic_only
phoneme:vn:/ɛ˧˨ˀ/,phoneme:vn:/ɛ˧/,vn,confusable_with,0.5,"{""ipa_sim"": 0.75, ""len_diff"": 2}",automatic_only
phoneme:vn:/ɛ˧˨ˀ/,phoneme:vn:/ɛ˧˥/,vn,confusable_with,0.55,"{""ipa_sim"": 0.75, ""len_diff"": 1}",automatic_only
phoneme:vn:/ɛ˧˨ˀ/,phoneme:vn:/ɛ˨˩/,vn,confusable_with,0.55,"{""ipa_sim"": 0.75, ""len_diff"": 1}",automatic_only
phoneme:vn:/ɛ˧˨ˀ/,phoneme:vn:/ɛ˧˩˧/,vn,confusable_with,0.4,"{""ipa_sim"": 0.5, ""len_diff"": 0}",automatic_only
phoneme:vn:/ɛ˧˨ˀ/,phoneme:vn:/ɛ˧ˀ˥/,vn,confusable_with,0.6,"{""ipa_sim"": 0.75, ""len_diff"": 0}",automatic_only
phoneme:vn:/ɛ˧˨ˀ/,phoneme:vn:/e˧˥/,vn,confusable_with,0.35,"{""ipa_sim"": 0.5, ""len_diff"": 1}",automatic_only
phoneme:vn:/ɛ˧˨ˀ/,phoneme:vn:/e˨˩/,vn,confusable_with,0.35,"{""ipa_sim"": 0.5, ""len_diff"": 1}",automatic_only
phoneme:vn:/ɛ˧˨ˀ/,phoneme:vn:/e˧ˀ˥/,vn,confusable_with,0.4,"{""ipa_sim"": 0.5, ""len_diff"": 0}",automatic_only
phoneme:vn:/ɛ˧˨ˀ/,phoneme:vn:/e˧˨ˀ/,vn,confusable_with,0.6,"{""ipa_sim"": 0.75, ""len_diff"": 0}",automatic_only
phoneme:vn:/ɛ˧˨ˀ/,phoneme:vn:/i˧˥/,vn,confusable_with,0.35,"{""ipa_sim"": 0.5, ""len_diff"": 1}",automatic_only
phoneme:vn:/ɛ˧˨ˀ/,phoneme:vn:/i˨˩/,vn,confusable_with,0.35,"{""ipa_sim"": 0.5, ""len_diff"": 1}",automatic_only
phoneme:vn:/ɛ˧˨ˀ/,phoneme:vn:/i˧ˀ˥/,vn,confusable_with,0.4,"{""ipa_sim"": 0.5, ""len_diff"": 0}",automatic_only
phoneme:vn:/ɛ˧˨ˀ/,phoneme:vn:/i˧˨ˀ/,vn,confusable_with,0.6,"{""ipa_sim"": 0.75, ""len_diff"": 0}",automatic_only
phoneme:vn:/ɛ˧˨ˀ/,phoneme:vn:/ɔ˧˥/,vn,confusable_with,0.35,"{""ipa_sim"": 0.5, ""len_diff"": 1}",automatic_only
phoneme:vn:/ɛ˧˨ˀ/,phoneme:vn:/ɔ˨˩/,vn,confusable_with,0.35,"{""ipa_sim"": 0.5, ""len_diff"": 1}",automatic_only
phoneme:vn:/ɛ˧˨ˀ/,phoneme:vn:/ɔ˧ˀ˥/,vn,confusable_with,0.4,"{""ipa_sim"": 0.5, ""len_diff"": 0}",automatic_only
phoneme:vn:/ɛ˧˨ˀ/,phoneme:vn:/ɔ˧˨ˀ/,vn,confusable_with,0.6,"{""ipa_sim"": 0.75, ""len_diff"": 0}",automatic_only
phoneme:vn:/ɛ˧˨ˀ/,phoneme:vn:/o˧˥/,vn,confusable_with,0.35,"{""ipa_sim"": 0.5, ""len_diff"": 1}",automatic_only
phoneme:vn:/ɛ˧˨ˀ/,phoneme:vn:/o˨˩/,vn,confusable_with,0.35,"{""ipa_sim"": 0.5, ""len_diff"": 1}",automatic_only
phoneme:vn:/ɛ˧˨ˀ/,phoneme:vn:/o˧ˀ˥/,vn,confusable_with,0.4,"{""ipa_sim"": 0.5, ""len_diff"": 0}",automatic_only
phoneme:vn:/ɛ˧˨ˀ/,phoneme:vn:/o˧˨ˀ/,vn,confusable_with,0.6,"{""ipa_sim"": 0.75, ""len_diff"": 0}",automatic_only
phoneme:vn:/ɛ˧˨ˀ/,phoneme:vn:/əː˧/,vn,confusable_with,0.35,"{""ipa_sim"": 0.5, ""len_diff"": 1}",automatic_only
phoneme:vn:/ɛ˧˨ˀ/,phoneme:vn:/əː˧ˀ˥/,vn,confusable_with,0.43,"{""ipa_sim"": 0.6, ""len_diff"": 1}",automatic_only
phoneme:vn:/ɛ˧˨ˀ/,phoneme:vn:/əː˧˨ˀ/,vn,confusable_with,0.59,"{""ipa_sim"": 0.8, ""len_diff"": 1}",automatic_only
phoneme:vn:/ɛ˧˨ˀ/,phoneme:vn:/u˧˥/,vn,confusable_with,0.35,"{""ipa_sim"": 0.5, ""len_diff"": 1}",automatic_only
phoneme:vn:/ɛ˧˨ˀ/,phoneme:vn:/u˨˩/,vn,confusable_with,0.35,"{""ipa_sim"": 0.5, ""len_diff"": 1}",automatic_only
phoneme:vn:/ɛ˧˨ˀ/,phoneme:vn:/u˧ˀ˥/,vn,confusable_with,0.4,"{""ipa_sim"": 0.5, ""len_diff"": 0}",automatic_only
phoneme:vn:/ɛ˧˨ˀ/,phoneme:vn:/u˧˨ˀ/,vn,confusable_with,0.6,"{""ipa_sim"": 0.75, ""len_diff"": 0}",automatic_only
phoneme:vn:/ɛ˧˨ˀ/,phoneme:vn:/ɨ˧˥/,vn,confusable_with,0.35,"{""ipa_sim"": 0.5, ""len_diff"": 1}",automatic_only
phoneme:vn:/ɛ˧˨ˀ/,phoneme:vn:/ɨ˨˩/,vn,confusable_with,0.35,"{""ipa_sim"": 0.5, ""len_diff"": 1}",automatic_only
phoneme:vn:/ɛ˧˨ˀ/,phoneme:vn:/ɨ˧ˀ˥/,vn,confusable_with,0.4,"{""ipa_sim"": 0.5, ""len_diff"": 0}",automatic_only
phoneme:vn:/ɛ˧˨ˀ/,phoneme:vn:/ɨ˧˨ˀ/,vn,confusable_with,0.6,"{""ipa_sim"": 0.75, ""len_diff"": 0}",automatic_only
phoneme:vn:/e˧/,phoneme:vn:/aː˧/,vn,confusable_with,0.483,"{""ipa_sim"": 0.667, ""len_diff"": 1}",automatic_only
phoneme:vn:/e˧/,phoneme:vn:/a˧/,vn,confusable_with,0.4,"{""ipa_sim"": 0.5, ""len_diff"": 0}",automatic_only
phoneme:vn:/e˧/,phoneme:vn:/a˧˥/,vn,confusable_with,0.483,"{""ipa_sim"": 0.667, ""len_diff"": 1}",automatic_only
phoneme:vn:/e˧/,phoneme:vn:/ə˧/,vn,confusable_with,0.4,"{""ipa_sim"": 0.5, ""len_diff"": 0}",automatic_only
phoneme:vn:/e˧/,phoneme:vn:/ə˧˥/,vn,confusable_with,0.483,"{""ipa_sim"": 0.667, ""len_diff"": 1}",automatic_only
phoneme:vn:/e˧/,phoneme:vn:/ɛ˧/,vn,confusable_with,0.85,"{""ipa_sim"": 0.5, ""len_diff"": 0, ""seed_reason"": ""front vowel proximity"", ""seed_weight"": 0.85}",automatic_plus_manual
phoneme:vn:/e˧/,phoneme:vn:/ɛ˧˥/,vn,confusable_with,0.483,"{""ipa_sim"": 0.667, ""len_diff"": 1}",automatic_only
phoneme:vn:/e˧/,phoneme:vn:/e˧˥/,vn,confusable_with,0.75,"{""ipa_sim"": 1.0, ""len_diff"": 1}",automatic_only
phoneme:vn:/e˧/,phoneme:vn:/e˨˩/,vn,confusable_with,0.483,"{""ipa_sim"": 0.667, ""len_diff"": 1}",automatic_only
phoneme:vn:/e˧/,phoneme:vn:/e˧˩˧/,vn,confusable_with,0.5,"{""ipa_sim"": 0.75, ""len_diff"": 2}",automatic_only
phoneme:vn:/e˧/,phoneme:vn:/e˧ˀ˥/,vn,confusable_with,0.5,"{""ipa_sim"": 0.75, ""len_diff"": 2}",automatic_only
phoneme:vn:/e˧/,phoneme:vn:/e˧˨ˀ/,vn,confusable_with,0.5,"{""ipa_sim"": 0.75, ""len_diff"": 2}",automatic_only
phoneme:vn:/e˧/,phoneme:vn:/i˧/,vn,confusable_with,0.4,"{""ipa_sim"": 0.5, ""len_diff"": 0}",automatic_only
phoneme:vn:/e˧/,phoneme:vn:/i˧˥/,vn,confusable_with,0.483,"{""ipa_sim"": 0.667, ""len_diff"": 1}",automatic_only
phoneme:vn:/e˧/,phoneme:vn:/ɔ˧/,vn,confusable_with,0.4,"{""ipa_sim"": 0.5, ""len_diff"": 0}",automatic_only
phoneme:vn:/e˧/,phoneme:vn:/ɔ˧˥/,vn,confusable_with,0.483,"{""ipa_sim"": 0.667, ""len_diff"": 1}",automatic_only
phoneme:vn:/e˧/,phoneme:vn:/o˧/,vn,confusable_with,0.4,"{""ipa_sim"": 0.5, ""len_diff"": 0}",automatic_only
phoneme:vn:/e˧/,phoneme:vn:/o˧˥/,vn,confusable_with,0.483,"{""ipa_sim"": 0.667, ""len_diff"": 1}",automatic_only
phoneme:vn:/e˧/,phoneme:vn:/əː˧/,vn,confusable_with,0.483,"{""ipa_sim"": 0.667, ""len_diff"": 1}",automatic_only
phoneme:vn:/e˧/,phoneme:vn:/u˧/,vn,confusable_with,0.4,"{""ipa_sim"": 0.5, ""len_diff"": 0}",automatic_only
phoneme:vn:/e˧/,phoneme:vn:/u˧˥/,vn,confusable_with,0.483,"{""ipa_sim"": 0.667, ""len_diff"": 1}",automatic_only
phoneme:vn:/e˧/,phoneme:vn:/ɨ˧/,vn,confusable_with,0.4,"{""ipa_sim"": 0.5, ""len_diff"": 0}",automatic_only
phoneme:vn:/e˧/,phoneme:vn:/ɨ˧˥/,vn,confusable_with,0.483,"{""ipa_sim"": 0.667, ""len_diff"": 1}",automatic_only
phoneme:vn:/e˧˥/,phoneme:vn:/aː˧˥/,vn,confusable_with,0.55,"{""ipa_sim"": 0.75, ""len_diff"": 1}",automatic_only
phoneme:vn:/e˧˥/,phoneme:vn:/aː˧ˀ˥/,vn,confusable_with,0.38,"{""ipa_sim"": 0.6, ""len_diff"": 2}",automatic_only
phoneme:vn:/e˧˥/,phoneme:vn:/a˧/,vn,confusable_with,0.483,"{""ipa_sim"": 0.667, ""len_diff"": 1}",automatic_only
phoneme:vn:/e˧˥/,phoneme:vn:/a˧˥/,vn,confusable_with,0.533,"{""ipa_sim"": 0.667, ""len_diff"": 0}",automatic_only
phoneme:vn:/e˧˥/,phoneme:vn:/a˧˩˧/,vn,confusable_with,0.35,"{""ipa_sim"": 0.5, ""len_diff"": 1}",automatic_only
phoneme:vn:/e˧˥/,phoneme:vn:/a˧ˀ˥/,vn,confusable_with,0.55,"{""ipa_sim"": 0.75, ""len_diff"": 1}",automatic_only
phoneme:vn:/e˧˥/,phoneme:vn:/a˧˨ˀ/,vn,confusable_with,0.35,"{""ipa_sim"": 0.5, ""len_diff"": 1}",automatic_only
phoneme:vn:/e˧˥/,phoneme:vn:/ə˧/,vn,confusable_with,0.483,"{""ipa_sim"": 0.667, ""len_diff"": 1}",automatic_only
phoneme:vn:/e˧˥/,phoneme:vn:/ə˧˥/,vn,confusable_with,0.533,"{""ipa_sim"": 0.667, ""len_diff"": 0}",automatic_only
phoneme:vn:/e˧˥/,phoneme:vn:/ə˧˩˧/,vn,confusable_with,0.35,"{""ipa_sim"": 0.5, ""len_diff"": 1}",automatic_only
phoneme:vn:/e˧˥/,phoneme:vn:/ə˧ˀ˥/,vn,confusable_with,0.55,"{""ipa_sim"": 0.75, ""len_diff"": 1}",automatic_only
phoneme:vn:/e˧˥/,phoneme:vn:/ə˧˨ˀ/,vn,confusable_with,0.35,"{""ipa_sim"": 0.5, ""len_diff"": 1}",automatic_only
phoneme:vn:/e˧˥/,phoneme:vn:/ɛ˧/,vn,confusable_with,0.483,"{""ipa_sim"": 0.667, ""len_diff"": 1}",automatic_only
phoneme:vn:/e˧˥/,phoneme:vn:/ɛ˧˥/,vn,confusable_with,0.533,"{""ipa_sim"": 0.667, ""len_diff"": 0}",automatic_only
phoneme:vn:/e˧˥/,phoneme:vn:/ɛ˧˩˧/,vn,confusable_with,0.35,"{""ipa_sim"": 0.5, ""len_diff"": 1}",automatic_only
phoneme:vn:/e˧˥/,phoneme:vn:/ɛ˧ˀ˥/,vn,confusable_with,0.55,"{""ipa_sim"": 0.75, ""len_diff"": 1}",automatic_only
phoneme:vn:/e˧˥/,phoneme:vn:/ɛ˧˨ˀ/,vn,confusable_with,0.35,"{""ipa_sim"": 0.5, ""len_diff"": 1}",automatic_only
phoneme:vn:/e˧˥/,phoneme:vn:/e˧/,vn,confusable_with,0.75,"{""ipa_sim"": 1.0, ""len_diff"": 1}",automatic_only
phoneme:vn:/e˧˥/,phoneme:vn:/e˧˩˧/,vn,confusable_with,0.55,"{""ipa_sim"": 0.75, ""len_diff"": 1}",automatic_only
phoneme:vn:/e˧˥/,phoneme:vn:/e˧ˀ˥/,vn,confusable_with,0.75,"{""ipa_sim"": 1.0, ""len_diff"": 1}",automatic_only
phoneme:vn:/e˧˥/,phoneme:vn:/e˧˨ˀ/,vn,confusable_with,0.55,"{""ipa_sim"": 0.75, ""len_diff"": 1}",automatic_only
phoneme:vn:/e˧˥/,phoneme:vn:/i˧/,vn,confusable_with,0.483,"{""ipa_sim"": 0.667, ""len_diff"": 1}",automatic_only
phoneme:vn:/e˧˥/,phoneme:vn:/i˧˥/,vn,confusable_with,0.533,"{""ipa_sim"": 0.667, ""len_diff"": 0}",automatic_only
phoneme:vn:/e˧˥/,phoneme:vn:/i˧˩˧/,vn,confusable_with,0.35,"{""ipa_sim"": 0.5, ""len_diff"": 1}",automatic_only
phoneme:vn:/e˧˥/,phoneme:vn:/i˧ˀ˥/,vn,confusable_with,0.55,"{""ipa_sim"": 0.75, ""len_diff"": 1}",automatic_only
phoneme:vn:/e˧˥/,phoneme:vn:/i˧˨ˀ/,vn,confusable_with,0.35,"{""ipa_sim"": 0.5, ""len_diff"": 1}",automatic_only
phoneme:vn:/e˧˥/,phoneme:vn:/ɔ˧/,vn,confusable_with,0.483,"{""ipa_sim"": 0.667, ""len_diff"": 1}",automatic_only
phoneme:vn:/e˧˥/,phoneme:vn:/ɔ˧˥/,vn,confusable_with,0.533,"{""ipa_sim"": 0.667, ""len_diff"": 0}",automatic_only
phoneme:vn:/e˧˥/,phoneme:vn:/ɔ˧˩˧/,vn,confusable_with,0.35,"{""ipa_sim"": 0.5, ""len_diff"": 1}",automatic_only
phoneme:vn:/e˧˥/,phoneme:vn:/ɔ˧ˀ˥/,vn,confusable_with,0.55,"{""ipa_sim"": 0.75, ""len_diff"": 1}",automatic_only
phoneme:vn:/e˧˥/,phoneme:vn:/ɔ˧˨ˀ/,vn,confusable_with,0.35,"{""ipa_sim"": 0.5, ""len_diff"": 1}",automatic_only
phoneme:vn:/e˧˥/,phoneme:vn:/o˧/,vn,confusable_with,0.483,"{""ipa_sim"": 0.667, ""len_diff"": 1}",automatic_only
phoneme:vn:/e˧˥/,phoneme:vn:/o˧˥/,vn,confusable_with,0.533,"{""ipa_sim"": 0.667, ""len_diff"": 0}",automatic_only
phoneme:vn:/e˧˥/,phoneme:vn:/o˧˩˧/,vn,confusable_with,0.35,"{""ipa_sim"": 0.5, ""len_diff"": 1}",automatic_only
phoneme:vn:/e˧˥/,phoneme:vn:/o˧ˀ˥/,vn,confusable_with,0.55,"{""ipa_sim"": 0.75, ""len_diff"": 1}",automatic_only
phoneme:vn:/e˧˥/,phoneme:vn:/o˧˨ˀ/,vn,confusable_with,0.35,"{""ipa_sim"": 0.5, ""len_diff"": 1}",automatic_only
phoneme:vn:/e˧˥/,phoneme:vn:/əː˧˥/,vn,confusable_with,0.55,"{""ipa_sim"": 0.75, ""len_diff"": 1}",automatic_only
phoneme:vn:/e˧˥/,phoneme:vn:/əː˧ˀ˥/,vn,confusable_with,0.38,"{""ipa_sim"": 0.6, ""len_diff"": 2}",automatic_only
phoneme:vn:/e˧˥/,phoneme:vn:/u˧/,vn,confusable_with,0.483,"{""ipa_sim"": 0.667, ""len_diff"": 1}",automatic_only
phoneme:vn:/e˧˥/,phoneme:vn:/u˧˥/,vn,confusable_with,0.533,"{""ipa_sim"": 0.667, ""len_diff"": 0}",automatic_only
phoneme:vn:/e˧˥/,phoneme:vn:/u˧˩˧/,vn,confusable_with,0.35,"{""ipa_sim"": 0.5, ""len_diff"": 1}",automatic_only
phoneme:vn:/e˧˥/,phoneme:vn:/u˧ˀ˥/,vn,confusable_with,0.55,"{""ipa_sim"": 0.75, ""len_diff"": 1}",automatic_only
phoneme:vn:/e˧˥/,phoneme:vn:/u˧˨ˀ/,vn,confusable_with,0.35,"{""ipa_sim"": 0.5, ""len_diff"": 1}",automatic_only
phoneme:vn:/e˧˥/,phoneme:vn:/ɨ˧/,vn,confusable_with,0.483,"{""ipa_sim"": 0.667, ""len_diff"": 1}",automatic_only
phoneme:vn:/e˧˥/,phoneme:vn:/ɨ˧˥/,vn,confusable_with,0.533,"{""ipa_sim"": 0.667, ""len_diff"": 0}",automatic_only
phoneme:vn:/e˧˥/,phoneme:vn:/ɨ˧˩˧/,vn,confusable_with,0.35,"{""ipa_sim"": 0.5, ""len_diff"": 1}",automatic_only
phoneme:vn:/e˧˥/,phoneme:vn:/ɨ˧ˀ˥/,vn,confusable_with,0.55,"{""ipa_sim"": 0.75, ""len_diff"": 1}",automatic_only
phoneme:vn:/e˧˥/,phoneme:vn:/ɨ˧˨ˀ/,vn,confusable_with,0.35,"{""ipa_sim"": 0.5, ""len_diff"": 1}",automatic_only
phoneme:vn:/e˨˩/,phoneme:vn:/aː˨˩/,vn,confusable_with,0.55,"{""ipa_sim"": 0.75, ""len_diff"": 1}",automatic_only
phoneme:vn:/e˨˩/,phoneme:vn:/a˨˩/,vn,confusable_with,0.533,"{""ipa_sim"": 0.667, ""len_diff"": 0}",automatic_only
phoneme:vn:/e˨˩/,phoneme:vn:/a˧˩˧/,vn,confusable_with,0.35,"{""ipa_sim"": 0.5, ""len_diff"": 1}",automatic_only
phoneme:vn:/e˨˩/,phoneme:vn:/a˧˨ˀ/,vn,confusable_with,0.35,"{""ipa_sim"": 0.5, ""len_diff"": 1}",automatic_only
phoneme:vn:/e˨˩/,phoneme:vn:/ə˨˩/,vn,confusable_with,0.533,"{""ipa_sim"": 0.667, ""len_diff"": 0}",automatic_only
phoneme:vn:/e˨˩/,phoneme:vn:/ə˧˩˧/,vn,confusable_with,0.35,"{""ipa_sim"": 0.5, ""len_diff"": 1}",automatic_only
phoneme:vn:/e˨˩/,phoneme:vn:/ə˧˨ˀ/,vn,confusable_with,0.35,"{""ipa_sim"": 0.5, ""len_diff"": 1}",automatic_only
phoneme:vn:/e˨˩/,phoneme:vn:/ɛ˨˩/,vn,confusable_with,0.533,"{""ipa_sim"": 0.667, ""len_diff"": 0}",automatic_only
phoneme:vn:/e˨˩/,phoneme:vn:/ɛ˧˩˧/,vn,confusable_with,0.35,"{""ipa_sim"": 0.5, ""len_diff"": 1}",automatic_only
phoneme:vn:/e˨˩/,phoneme:vn:/ɛ˧˨ˀ/,vn,confusable_with,0.35,"{""ipa_sim"": 0.5, ""len_diff"": 1}",automatic_only
phoneme:vn:/e˨˩/,phoneme:vn:/e˧/,vn,confusable_with,0.483,"{""ipa_sim"": 0.667, ""len_diff"": 1}",automatic_only
phoneme:vn:/e˨˩/,phoneme:vn:/e˧˩˧/,vn,confusable_with,0.55,"{""ipa_sim"": 0.75, ""len_diff"": 1}",automatic_only
phoneme:vn:/e˨˩/,phoneme:vn:/e˧ˀ˥/,vn,confusable_with,0.35,"{""ipa_sim"": 0.5, ""len_diff"": 1}",automatic_only
phoneme:vn:/e˨˩/,phoneme:vn:/e˧˨ˀ/,vn,confusable_with,0.55,"{""ipa_sim"": 0.75, ""len_diff"": 1}",automatic_only
phoneme:vn:/e˨˩/,phoneme:vn:/i˨˩/,vn,confusable_with,0.533,"{""ipa_sim"": 0.667, ""len_diff"": 0}",automatic_only
phoneme:vn:/e˨˩/,phoneme:vn:/i˧˩˧/,vn,confusable_with,0.35,"{""ipa_sim"": 0.5, ""len_diff"": 1}",automatic_only
phoneme:vn:/e˨˩/,phoneme:vn:/i˧˨ˀ/,vn,confusable_with,0.35,"{""ipa_sim"": 0.5, ""len_diff"": 1}",automatic_only
phoneme:vn:/e˨˩/,phoneme:vn:/ɔ˨˩/,vn,confusable_with,0.533,"{""ipa_sim"": 0.667, ""len_diff"": 0}",automatic_only
phoneme:vn:/e˨˩/,phoneme:vn:/ɔ˧˩˧/,vn,confusable_with,0.35,"{""ipa_sim"": 0.5, ""len_diff"": 1}",automatic_only
phoneme:vn:/e˨˩/,phoneme:vn:/ɔ˧˨ˀ/,vn,confusable_with,0.35,"{""ipa_sim"": 0.5, ""len_diff"": 1}",automatic_only
phoneme:vn:/e˨˩/,phoneme:vn:/o˨˩/,vn,confusable_with,0.533,"{""ipa_sim"": 0.667, ""len_diff"": 0}",automatic_only
phoneme:vn:/e˨˩/,phoneme:vn:/o˧˩˧/,vn,confusable_with,0.35,"{""ipa_sim"": 0.5, ""len_diff"": 1}",automatic_only
phoneme:vn:/e˨˩/,phoneme:vn:/o˧˨ˀ/,vn,confusable_with,0.35,"{""ipa_sim"": 0.5, ""len_diff"": 1}",automatic_only
phoneme:vn:/e˨˩/,phoneme:vn:/əː˨˩/,vn,confusable_with,0.55,"{""ipa_sim"": 0.75, ""len_diff"": 1}",automatic_only
phoneme:vn:/e˨˩/,phoneme:vn:/u˨˩/,vn,confusable_with,0.533,"{""ipa_sim"": 0.667, ""len_diff"": 0}",automatic_only
phoneme:vn:/e˨˩/,phoneme:vn:/u˧˩˧/,vn,confusable_with,0.35,"{""ipa_sim"": 0.5, ""len_diff"": 1}",automatic_only
phoneme:vn:/e˨˩/,phoneme:vn:/u˧˨ˀ/,vn,confusable_with,0.35,"{""ipa_sim"": 0.5, ""len_diff"": 1}",automatic_only
phoneme:vn:/e˨˩/,phoneme:vn:/ɨ˨˩/,vn,confusable_with,0.533,"{""ipa_sim"": 0.667, ""len_diff"": 0}",automatic_only
phoneme:vn:/e˨˩/,phoneme:vn:/ɨ˧˩˧/,vn,confusable_with,0.35,"{""ipa_sim"": 0.5, ""len_diff"": 1}",automatic_only
phoneme:vn:/e˨˩/,phoneme:vn:/ɨ˧˨ˀ/,vn,confusable_with,0.35,"{""ipa_sim"": 0.5, ""len_diff"": 1}",automatic_only
phoneme:vn:/e˧˩˧/,phoneme:vn:/aː˧/,vn,confusable_with,0.35,"{""ipa_sim"": 0.5, ""len_diff"": 1}",automatic_only
phoneme:vn:/e˧˩˧/,phoneme:vn:/aː˧˩˧/,vn,confusable_with,0.59,"{""ipa_sim"": 0.8, ""len_diff"": 1}",automatic_only
phoneme:vn:/e˧˩˧/,phoneme:vn:/a˧˥/,vn,confusable_with,0.35,"{""ipa_sim"": 0.5, ""len_diff"": 1}",automatic_only
phoneme:vn:/e˧˩˧/,phoneme:vn:/a˨˩/,vn,confusable_with,0.35,"{""ipa_sim"": 0.5, ""len_diff"": 1}",automatic_only
phoneme:vn:/e˧˩˧/,phoneme:vn:/a˧˩˧/,vn,confusable_with,0.6,"{""ipa_sim"": 0.75, ""len_diff"": 0}",automatic_only
phoneme:vn:/e˧˩˧/,phoneme:vn:/ə˧˥/,vn,confusable_with,0.35,"{""ipa_sim"": 0.5, ""len_diff"": 1}",automatic_only
phoneme:vn:/e˧˩˧/,phoneme:vn:/ə˨˩/,vn,confusable_with,0.35,"{""ipa_sim"": 0.5, ""len_diff"": 1}",automatic_only
phoneme:vn:/e˧˩˧/,phoneme:vn:/ə˧˩˧/,vn,confusable_with,0.6,"{""ipa_sim"": 0.75, ""len_diff"": 0}",automatic_only
phoneme:vn:/e˧˩˧/,phoneme:vn:/ɛ˧˥/,vn,confusable_with,0.35,"{""ipa_sim"": 0.5, ""len_diff"": 1}",automatic_only
phoneme:vn:/e˧˩˧/,phoneme:vn:/ɛ˨˩/,vn,confusable_with,0.35,"{""ipa_sim"": 0.5, ""len_diff"": 1}",automatic_only
phoneme:vn:/e˧˩˧/,phoneme:vn:/ɛ˧˩˧/,vn,confusable_with,0.6,"{""ipa_sim"": 0.75, ""len_diff"": 0}",automatic_only
phoneme:vn:/e˧˩˧/,phoneme:vn:/e˧/,vn,confusable_with,0.5,"{""ipa_sim"": 0.75, ""len_diff"": 2}",automatic_only
phoneme:vn:/e˧˩˧/,phoneme:vn:/e˧˥/,vn,confusable_with,0.55,"{""ipa_sim"": 0.75, ""len_diff"": 1}",automatic_only
phoneme:vn:/e˧˩˧/,phoneme:vn:/e˨˩/,vn,confusable_with,0.55,"{""ipa_sim"": 0.75, ""len_diff"": 1}",automatic_only
phoneme:vn:/e˧˩˧/,phoneme:vn:/e˧ˀ˥/,vn,confusable_with,0.4,"{""ipa_sim"": 0.5, ""len_diff"": 0}",automatic_only
phoneme:vn:/e˧˩˧/,phoneme:vn:/e˧˨ˀ/,vn,confusable_with,0.4,"{""ipa_sim"": 0.5, ""len_diff"": 0}",automatic_only
phoneme:vn:/e˧˩˧/,phoneme:vn:/i˧˥/,vn,confusable_with,0.35,"{""ipa_sim"": 0.5, ""len_diff"": 1}",automatic_only
phoneme:vn:/e˧˩˧/,phoneme:vn:/i˨˩/,vn,confusable_with,0.35,"{""ipa_sim"": 0.5, ""len_diff"": 1}",automatic_only
phoneme:vn:/e˧˩˧/,phoneme:vn:/i˧˩˧/,vn,confusable_with,0.6,"{""ipa_sim"": 0.75, ""len_diff"": 0}",automatic_only
phoneme:vn:/e˧˩˧/,phoneme:vn:/ɔ˧˥/,vn,confusable_with,0.35,"{""ipa_sim"": 0.5, ""len_diff"": 1}",automatic_only
phoneme:vn:/e˧˩˧/,phoneme:vn:/ɔ˨˩/,vn,confusable_with,0.35,"{""ipa_sim"": 0.5, ""len_diff"": 1}",automatic_only
phoneme:vn:/e˧˩˧/,phoneme:vn:/ɔ˧˩˧/,vn,confusable_with,0.6,"{""ipa_sim"": 0.75, ""len_diff"": 0}",automatic_only
phoneme:vn:/e˧˩˧/,phoneme:vn:/o˧˥/,vn,confusable_with,0.35,"{""ipa_sim"": 0.5, ""len_diff"": 1}",automatic_only
phoneme:vn:/e˧˩˧/,phoneme:vn:/o˨˩/,vn,confusable_with,0.35,"{""ipa_sim"": 0.5, ""len_diff"": 1}",automatic_only
phoneme:vn:/e˧˩˧/,phoneme:vn:/o˧˩˧/,vn,confusable_with,0.6,"{""ipa_sim"": 0.75, ""len_diff"": 0}",automatic_only
phoneme:vn:/e˧˩˧/,phoneme:vn:/əː˧/,vn,confusable_with,0.35,"{""ipa_sim"": 0.5, ""len_diff"": 1}",automatic_only
phoneme:vn:/e˧˩˧/,phoneme:vn:/əː˧˩˧/,vn,confusable_with,0.59,"{""ipa_sim"": 0.8, ""len_diff"": 1}",automatic_only
phoneme:vn:/e˧˩˧/,phoneme:vn:/u˧˥/,vn,confusable_with,0.35,"{""ipa_sim"": 0.5, ""len_diff"": 1}",automatic_only
phoneme:vn:/e˧˩˧/,phoneme:vn:/u˨˩/,vn,confusable_with,0.35,"{""ipa_sim"": 0.5, ""len_diff"": 1}",automatic_only
phoneme:vn:/e˧˩˧/,phoneme:vn:/u˧˩˧/,vn,confusable_with,0.6,"{""ipa_sim"": 0.75, ""len_diff"": 0}",automatic_only
phoneme:vn:/e˧˩˧/,phoneme:vn:/ɨ˧˥/,vn,confusable_with,0.35,"{""ipa_sim"": 0.5, ""len_diff"": 1}",automatic_only
phoneme:vn:/e˧˩˧/,phoneme:vn:/ɨ˨˩/,vn,confusable_with,0.35,"{""ipa_sim"": 0.5, ""len_diff"": 1}",automatic_only
phoneme:vn:/e˧˩˧/,phoneme:vn:/ɨ˧˩˧/,vn,confusable_with,0.6,"{""ipa_sim"": 0.75, ""len_diff"": 0}",automatic_only
phoneme:vn:/e˧ˀ˥/,phoneme:vn:/aː˧/,vn,confusable_with,0.35,"{""ipa_sim"": 0.5, ""len_diff"": 1}",automatic_only
phoneme:vn:/e˧ˀ˥/,phoneme:vn:/aː˧˥/,vn,confusable_with,0.4,"{""ipa_sim"": 0.5, ""len_diff"": 0}",automatic_only
phoneme:vn:/e˧ˀ˥/,phoneme:vn:/aː˧ˀ˥/,vn,confusable_with,0.59,"{""ipa_sim"": 0.8, ""len_diff"": 1}",automatic_only
phoneme:vn:/e˧ˀ˥/,phoneme:vn:/aː˧˨ˀ/,vn,confusable_with,0.43,"{""ipa_sim"": 0.6, ""len_diff"": 1}",automatic_only
phoneme:vn:/e˧ˀ˥/,phoneme:vn:/a˧˥/,vn,confusable_with,0.55,"{""ipa_sim"": 0.75, ""len_diff"": 1}",automatic_only
phoneme:vn:/e˧ˀ˥/,phoneme:vn:/a˧ˀ˥/,vn,confusable_with,0.6,"{""ipa_sim"": 0.75, ""len_diff"": 0}",automatic_only
phoneme:vn:/e˧ˀ˥/,phoneme:vn:/a˧˨ˀ/,vn,confusable_with,0.4,"{""ipa_sim"": 0.5, ""len_diff"": 0}",automatic_only
phoneme:vn:/e˧ˀ˥/,phoneme:vn:/ə˧˥/,vn,confusable_with,0.55,"{""ipa_sim"": 0.75, ""len_diff"": 1}",automatic_only
phoneme:vn:/e˧ˀ˥/,phoneme:vn:/ə˧ˀ˥/,vn,confusable_with,0.6,"{""ipa_sim"": 0.75, ""len_diff"": 0}",automatic_only
phoneme:vn:/e˧ˀ˥/,phoneme:vn:/ə˧˨ˀ/,vn,confusable_with,0.4,"{""ipa_sim"": 0.5, ""len_diff"": 0}",automatic_only
phoneme:vn:/e˧ˀ˥/,phoneme:vn:/ɛ˧˥/,vn,confusable_with,0.55,"{""ipa_sim"": 0.75, ""len_diff"": 1}",automatic_only
phoneme:vn:/e˧ˀ˥/,phoneme:vn:/ɛ˧ˀ˥/,vn,confusable_with,0.6,"{""ipa_sim"": 0.75, ""len_diff"": 0}",automatic_only
phoneme:vn:/e˧ˀ˥/,phoneme:vn:/ɛ˧˨ˀ/,vn,confusable_with,0.4,"{""ipa_sim"": 0.5, ""len_diff"": 0}",automatic_only
phoneme:vn:/e˧ˀ˥/,phoneme:vn:/e˧/,vn,confusable_with,0.5,"{""ipa_sim"": 0.75, ""len_diff"": 2}",automatic_only
phoneme:vn:/e˧ˀ˥/,phoneme:vn:/e˧˥/,vn,confusable_with,0.75,"{""ipa_sim"": 1.0, ""len_diff"": 1}",automatic_only
phoneme:vn:/e˧ˀ˥/,phoneme:vn:/e˨˩/,vn,confusable_with,0.35,"{""ipa_sim"": 0.5, ""len_diff"": 1}",automatic_only
phoneme:vn:/e˧ˀ˥/,phoneme:vn:/e˧˩˧/,vn,confusable_with,0.4,"{""ipa_sim"": 0.5, ""len_diff"": 0}",automatic_only
phoneme:vn:/e˧ˀ˥/,phoneme:vn:/e˧˨ˀ/,vn,confusable_with,0.6,"{""ipa_sim"": 0.75, ""len_diff"": 0}",automatic_only
phoneme:vn:/e˧ˀ˥/,phoneme:vn:/i˧˥/,vn,confusable_with,0.55,"{""ipa_sim"": 0.75, ""len_diff"": 1}",automatic_only
phoneme:vn:/e˧ˀ˥/,phoneme:vn:/i˧ˀ˥/,vn,confusable_with,0.6,"{""ipa_sim"": 0.75, ""len_diff"": 0}",automatic_only
phoneme:vn:/e˧ˀ˥/,phoneme:vn:/i˧˨ˀ/,vn,confusable_with,0.4,"{""ipa_sim"": 0.5, ""len_diff"": 0}",automatic_only
phoneme:vn:/e˧ˀ˥/,phoneme:vn:/ɔ˧˥/,vn,confusable_with,0.55,"{""ipa_sim"": 0.75, ""len_diff"": 1}",automatic_only
phoneme:vn:/e˧ˀ˥/,phoneme:vn:/ɔ˧ˀ˥/,vn,confusable_with,0.6,"{""ipa_sim"": 0.75, ""len_diff"": 0}",automatic_only
phoneme:vn:/e˧ˀ˥/,phoneme:vn:/ɔ˧˨ˀ/,vn,confusable_with,0.4,"{""ipa_sim"": 0.5, ""len_diff"": 0}",automatic_only
phoneme:vn:/e˧ˀ˥/,phoneme:vn:/o˧˥/,vn,confusable_with,0.55,"{""ipa_sim"": 0.75, ""len_diff"": 1}",automatic_only
phoneme:vn:/e˧ˀ˥/,phoneme:vn:/o˧ˀ˥/,vn,confusable_with,0.6,"{""ipa_sim"": 0.75, ""len_diff"": 0}",automatic_only
phoneme:vn:/e˧ˀ˥/,phoneme:vn:/o˧˨ˀ/,vn,confusable_with,0.4,"{""ipa_sim"": 0.5, ""len_diff"": 0}",automatic_only
phoneme:vn:/e˧ˀ˥/,phoneme:vn:/əː˧/,vn,confusable_with,0.35,"{""ipa_sim"": 0.5, ""len_diff"": 1}",automatic_only
phoneme:vn:/e˧ˀ˥/,phoneme:vn:/əː˧˥/,vn,confusable_with,0.4,"{""ipa_sim"": 0.5, ""len_diff"": 0}",automatic_only
phoneme:vn:/e˧ˀ˥/,phoneme:vn:/əː˧ˀ˥/,vn,confusable_with,0.59,"{""ipa_sim"": 0.8, ""len_diff"": 1}",automatic_only
phoneme:vn:/e˧ˀ˥/,phoneme:vn:/əː˧˨ˀ/,vn,confusable_with,0.43,"{""ipa_sim"": 0.6, ""len_diff"": 1}",automatic_only
phoneme:vn:/e˧ˀ˥/,phoneme:vn:/u˧˥/,vn,confusable_with,0.55,"{""ipa_sim"": 0.75, ""len_diff"": 1}",automatic_only
phoneme:vn:/e˧ˀ˥/,phoneme:vn:/u˧ˀ˥/,vn,confusable_with,0.6,"{""ipa_sim"": 0.75, ""len_diff"": 0}",automatic_only
phoneme:vn:/e˧ˀ˥/,phoneme:vn:/u˧˨ˀ/,vn,confusable_with,0.4,"{""ipa_sim"": 0.5, ""len_diff"": 0}",automatic_only
phoneme:vn:/e˧ˀ˥/,phoneme:vn:/ɨ˧˥/,vn,confusable_with,0.55,"{""ipa_sim"": 0.75, ""len_diff"": 1}",automatic_only
phoneme:vn:/e˧ˀ˥/,phoneme:vn:/ɨ˧ˀ˥/,vn,confusable_with,0.6,"{""ipa_sim"": 0.75, ""len_diff"": 0}",automatic_only
phoneme:vn:/e˧ˀ˥/,phoneme:vn:/ɨ˧˨ˀ/,vn,confusable_with,0.4,"{""ipa_sim"": 0.5, ""len_diff"": 0}",automatic_only
phoneme:vn:/e˧˨ˀ/,phoneme:vn:/aː˧/,vn,confusable_with,0.35,"{""ipa_sim"": 0.5, ""len_diff"": 1}",automatic_only
phoneme:vn:/e˧˨ˀ/,phoneme:vn:/aː˧ˀ˥/,vn,confusable_with,0.43,"{""ipa_sim"": 0.6, ""len_diff"": 1}",automatic_only
phoneme:vn:/e˧˨ˀ/,phoneme:vn:/aː˧˨ˀ/,vn,confusable_with,0.59,"{""ipa_sim"": 0.8, ""len_diff"": 1}",automatic_only
phoneme:vn:/e˧˨ˀ/,phoneme:vn:/a˧˥/,vn,confusable_with,0.35,"{""ipa_sim"": 0.5, ""len_diff"": 1}",automatic_only
phoneme:vn:/e˧˨ˀ/,phoneme:vn:/a˨˩/,vn,confusable_with,0.35,"{""ipa_sim"": 0.5, ""len_diff"": 1}",automatic_only
phoneme:vn:/e˧˨ˀ/,phoneme:vn:/a˧ˀ˥/,vn,confusable_with,0.4,"{""ipa_sim"": 0.5, ""len_diff"": 0}",automatic_only
phoneme:vn:/e˧˨ˀ/,phoneme:vn:/a˧˨ˀ/,vn,confusable_with,0.6,"{""ipa_sim"": 0.75, ""len_diff"": 0}",automatic_only
phoneme:vn:/e˧˨ˀ/,phoneme:vn:/ə˧˥/,vn,confusable_with,0.35,"{""ipa_sim"": 0.5, ""len_diff"": 1}",automatic_only
phoneme:vn:/e˧˨ˀ/,phoneme:vn:/ə˨˩/,vn,confusable_with,0.35,"{""ipa_sim"": 0.5, ""len_diff"": 1}",automatic_only
phoneme:vn:/e˧˨ˀ/,phoneme:vn:/ə˧ˀ˥/,vn,confusable_with,0.4,"{""ipa_sim"": 0.5, ""len_diff"": 0}",automatic_only
phoneme:vn:/e˧˨ˀ/,phoneme:vn:/ə˧˨ˀ/,vn,confusable_with,0.6,"{""ipa_sim"": 0.75, ""len_diff"": 0}",automatic_only
phoneme:vn:/e˧˨ˀ/,phoneme:vn:/ɛ˧˥/,vn,confusable_with,0.35,"{""ipa_sim"": 0.5, ""len_diff"": 1}",automatic_only
phoneme:vn:/e˧˨ˀ/,phoneme:vn:/ɛ˨˩/,vn,confusable_with,0.35,"{""ipa_sim"": 0.5, ""len_diff"": 1}",automatic_only
phoneme:vn:/e˧˨ˀ/,phoneme:vn:/ɛ˧ˀ˥/,vn,confusable_with,0.4,"{""ipa_sim"": 0.5, ""len_diff"": 0}",automatic_only
phoneme:vn:/e˧˨ˀ/,phoneme:vn:/ɛ˧˨ˀ/,vn,confusable_with,0.6,"{""ipa_sim"": 0.75, ""len_diff"": 0}",automatic_only
phoneme:vn:/e˧˨ˀ/,phoneme:vn:/e˧/,vn,confusable_with,0.5,"{""ipa_sim"": 0.75, ""len_diff"": 2}",automatic_only
phoneme:vn:/e˧˨ˀ/,phoneme:vn:/e˧˥/,vn,confusable_with,0.55,"{""ipa_sim"": 0.75, ""len_diff"": 1}",automatic_only
phoneme:vn:/e˧˨ˀ/,phoneme:vn:/e˨˩/,vn,confusable_with,0.55,"{""ipa_sim"": 0.75, ""len_diff"": 1}",automatic_only
phoneme:vn:/e˧˨ˀ/,phoneme:vn:/e˧˩˧/,vn,confusable_with,0.4,"{""ipa_sim"": 0.5, ""len_diff"": 0}",automatic_only
phoneme:vn:/e˧˨ˀ/,phoneme:vn:/e˧ˀ˥/,vn,confusable_with,0.6,"{""ipa_sim"": 0.75, ""len_diff"": 0}",automatic_only
phoneme:vn:/e˧˨ˀ/,phoneme:vn:/i˧˥/,vn,confusable_with,0.35,"{""ipa_sim"": 0.5, ""len_diff"": 1}",automatic_only
phoneme:vn:/e˧˨ˀ/,phoneme:vn:/i˨˩/,vn,confusable_with,0.35,"{""ipa_sim"": 0.5, ""len_diff"": 1}",automatic_only
phoneme:vn:/e˧˨ˀ/,phoneme:vn:/i˧ˀ˥/,vn,confusable_with,0.4,"{""ipa_sim"": 0.5, ""len_diff"": 0}",automatic_only
phoneme:vn:/e˧˨ˀ/,phoneme:vn:/i˧˨ˀ/,vn,confusable_with,0.6,"{""ipa_sim"": 0.75, ""len_diff"": 0}",automatic_only
phoneme:vn:/e˧˨ˀ/,phoneme:vn:/ɔ˧˥/,vn,confusable_with,0.35,"{""ipa_sim"": 0.5, ""len_diff"": 1}",automatic_only
phoneme:vn:/e˧˨ˀ/,phoneme:vn:/ɔ˨˩/,vn,confusable_with,0.35,"{""ipa_sim"": 0.5, ""len_diff"": 1}",automatic_only
phoneme:vn:/e˧˨ˀ/,phoneme:vn:/ɔ˧ˀ˥/,vn,confusable_with,0.4,"{""ipa_sim"": 0.5, ""len_diff"": 0}",automatic_only
phoneme:vn:/e˧˨ˀ/,phoneme:vn:/ɔ˧˨ˀ/,vn,confusable_with,0.6,"{""ipa_sim"": 0.75, ""len_diff"": 0}",automatic_only
phoneme:vn:/e˧˨ˀ/,phoneme:vn:/o˧˥/,vn,confusable_with,0.35,"{""ipa_sim"": 0.5, ""len_diff"": 1}",automatic_only
phoneme:vn:/e˧˨ˀ/,phoneme:vn:/o˨˩/,vn,confusable_with,0.35,"{""ipa_sim"": 0.5, ""len_diff"": 1}",automatic_only
phoneme:vn:/e˧˨ˀ/,phoneme:vn:/o˧ˀ˥/,vn,confusable_with,0.4,"{""ipa_sim"": 0.5, ""len_diff"": 0}",automatic_only
phoneme:vn:/e˧˨ˀ/,phoneme:vn:/o˧˨ˀ/,vn,confusable_with,0.6,"{""ipa_sim"": 0.75, ""len_diff"": 0}",automatic_only
phoneme:vn:/e˧˨ˀ/,phoneme:vn:/əː˧/,vn,confusable_with,0.35,"{""ipa_sim"": 0.5, ""len_diff"": 1}",automatic_only
phoneme:vn:/e˧˨ˀ/,phoneme:vn:/əː˧ˀ˥/,vn,confusable_with,0.43,"{""ipa_sim"": 0.6, ""len_diff"": 1}",automatic_only
phoneme:vn:/e˧˨ˀ/,phoneme:vn:/əː˧˨ˀ/,vn,confusable_with,0.59,"{""ipa_sim"": 0.8, ""len_diff"": 1}",automatic_only
phoneme:vn:/e˧˨ˀ/,phoneme:vn:/u˧˥/,vn,confusable_with,0.35,"{""ipa_sim"": 0.5, ""len_diff"": 1}",automatic_only
phoneme:vn:/e˧˨ˀ/,phoneme:vn:/u˨˩/,vn,confusable_with,0.35,"{""ipa_sim"": 0.5, ""len_diff"": 1}",automatic_only
phoneme:vn:/e˧˨ˀ/,phoneme:vn:/u˧ˀ˥/,vn,confusable_with,0.4,"{""ipa_sim"": 0.5, ""len_diff"": 0}",automatic_only
phoneme:vn:/e˧˨ˀ/,phoneme:vn:/u˧˨ˀ/,vn,confusable_with,0.6,"{""ipa_sim"": 0.75, ""len_diff"": 0}",automatic_only
phoneme:vn:/e˧˨ˀ/,phoneme:vn:/ɨ˧˥/,vn,confusable_with,0.35,"{""ipa_sim"": 0.5, ""len_diff"": 1}",automatic_only
phoneme:vn:/e˧˨ˀ/,phoneme:vn:/ɨ˨˩/,vn,confusable_with,0.35,"{""ipa_sim"": 0.5, ""len_diff"": 1}",automatic_only
phoneme:vn:/e˧˨ˀ/,phoneme:vn:/ɨ˧ˀ˥/,vn,confusable_with,0.4,"{""ipa_sim"": 0.5, ""len_diff"": 0}",automatic_only
phoneme:vn:/e˧˨ˀ/,phoneme:vn:/ɨ˧˨ˀ/,vn,confusable_with,0.6,"{""ipa_sim"": 0.75, ""len_diff"": 0}",automatic_only
phoneme:vn:/i˧/,phoneme:vn:/aː˧/,vn,confusable_with,0.483,"{""ipa_sim"": 0.667, ""len_diff"": 1}",automatic_only
phoneme:vn:/i˧/,phoneme:vn:/a˧/,vn,confusable_with,0.4,"{""ipa_sim"": 0.5, ""len_diff"": 0}",automatic_only
phoneme:vn:/i˧/,phoneme:vn:/a˧˥/,vn,confusable_with,0.483,"{""ipa_sim"": 0.667, ""len_diff"": 1}",automatic_only
phoneme:vn:/i˧/,phoneme:vn:/ə˧/,vn,confusable_with,0.4,"{""ipa_sim"": 0.5, ""len_diff"": 0}",automatic_only
phoneme:vn:/i˧/,phoneme:vn:/ə˧˥/,vn,confusable_with,0.483,"{""ipa_sim"": 0.667, ""len_diff"": 1}",automatic_only
phoneme:vn:/i˧/,phoneme:vn:/ɛ˧/,vn,confusable_with,0.4,"{""ipa_sim"": 0.5, ""len_diff"": 0}",automatic_only
phoneme:vn:/i˧/,phoneme:vn:/ɛ˧˥/,vn,confusable_with,0.483,"{""ipa_sim"": 0.667, ""len_diff"": 1}",automatic_only
phoneme:vn:/i˧/,phoneme:vn:/e˧/,vn,confusable_with,0.4,"{""ipa_sim"": 0.5, ""len_diff"": 0}",automatic_only
phoneme:vn:/i˧/,phoneme:vn:/e˧˥/,vn,confusable_with,0.483,"{""ipa_sim"": 0.667, ""len_diff"": 1}",automatic_only
phoneme:vn:/i˧/,phoneme:vn:/i˧˥/,vn,confusable_with,0.75,"{""ipa_sim"": 1.0, ""len_diff"": 1}",automatic_only
phoneme:vn:/i˧/,phoneme:vn:/i˨˩/,vn,confusable_with,0.483,"{""ipa_sim"": 0.667, ""len_diff"": 1}",automatic_only
phoneme:vn:/i˧/,phoneme:vn:/i˧˩˧/,vn,confusable_with,0.5,"{""ipa_sim"": 0.75, ""len_diff"": 2}",automatic_only
phoneme:vn:/i˧/,phoneme:vn:/i˧ˀ˥/,vn,confusable_with,0.5,"{""ipa_sim"": 0.75, ""len_diff"": 2}",automatic_only
phoneme:vn:/i˧/,phoneme:vn:/i˧˨ˀ/,vn,confusable_with,0.5,"{""ipa_sim"": 0.75, ""len_diff"": 2}",automatic_only
phoneme:vn:/i˧/,phoneme:vn:/ɔ˧/,vn,confusable_with,0.4,"{""ipa_sim"": 0.5, ""len_diff"": 0}",automatic_only
phoneme:vn:/i˧/,phoneme:vn:/ɔ˧˥/,vn,confusable_with,0.483,"{""ipa_sim"": 0.667, ""len_diff"": 1}",automatic_only
phoneme:vn:/i˧/,phoneme:vn:/o˧/,vn,confusable_with,0.4,"{""ipa_sim"": 0.5, ""len_diff"": 0}",automatic_only
phoneme:vn:/i˧/,phoneme:vn:/o˧˥/,vn,confusable_with,0.483,"{""ipa_sim"": 0.667, ""len_diff"": 1}",automatic_only
phoneme:vn:/i˧/,phoneme:vn:/əː˧/,vn,confusable_with,0.483,"{""ipa_sim"": 0.667, ""len_diff"": 1}",automatic_only
phoneme:vn:/i˧/,phoneme:vn:/u˧/,vn,confusable_with,0.4,"{""ipa_sim"": 0.5, ""len_diff"": 0}",automatic_only
phoneme:vn:/i˧/,phoneme:vn:/u˧˥/,vn,confusable_with,0.483,"{""ipa_sim"": 0.667, ""len_diff"": 1}",automatic_only
phoneme:vn:/i˧/,phoneme:vn:/ɨ˧/,vn,confusable_with,0.4,"{""ipa_sim"": 0.5, ""len_diff"": 0}",automatic_only
phoneme:vn:/i˧/,phoneme:vn:/ɨ˧˥/,vn,confusable_with,0.483,"{""ipa_sim"": 0.667, ""len_diff"": 1}",automatic_only
phoneme:vn:/i˧˥/,phoneme:vn:/aː˧˥/,vn,confusable_with,0.55,"{""ipa_sim"": 0.75, ""len_diff"": 1}",automatic_only
phoneme:vn:/i˧˥/,phoneme:vn:/aː˧ˀ˥/,vn,confusable_with,0.38,"{""ipa_sim"": 0.6, ""len_diff"": 2}",automatic_only
phoneme:vn:/i˧˥/,phoneme:vn:/a˧/,vn,confusable_with,0.483,"{""ipa_sim"": 0.667, ""len_diff"": 1}",automatic_only
phoneme:vn:/i˧˥/,phoneme:vn:/a˧˥/,vn,confusable_with,0.533,"{""ipa_sim"": 0.667, ""len_diff"": 0}",automatic_only
phoneme:vn:/i˧˥/,phoneme:vn:/a˧˩˧/,vn,confusable_with,0.35,"{""ipa_sim"": 0.5, ""len_diff"": 1}",automatic_only
phoneme:vn:/i˧˥/,phoneme:vn:/a˧ˀ˥/,vn,confusable_with,0.55,"{""ipa_sim"": 0.75, ""len_diff"": 1}",automatic_only
phoneme:vn:/i˧˥/,phoneme:vn:/a˧˨ˀ/,vn,confusable_with,0.35,"{""ipa_sim"": 0.5, ""len_diff"": 1}",automatic_only
phoneme:vn:/i˧˥/,phoneme:vn:/ə˧/,vn,confusable_with,0.483,"{""ipa_sim"": 0.667, ""len_diff"": 1}",automatic_only
phoneme:vn:/i˧˥/,phoneme:vn:/ə˧˥/,vn,confusable_with,0.533,"{""ipa_sim"": 0.667, ""len_diff"": 0}",automatic_only
phoneme:vn:/i˧˥/,phoneme:vn:/ə˧˩˧/,vn,confusable_with,0.35,"{""ipa_sim"": 0.5, ""len_diff"": 1}",automatic_only
phoneme:vn:/i˧˥/,phoneme:vn:/ə˧ˀ˥/,vn,confusable_with,0.55,"{""ipa_sim"": 0.75, ""len_diff"": 1}",automatic_only
phoneme:vn:/i˧˥/,phoneme:vn:/ə˧˨ˀ/,vn,confusable_with,0.35,"{""ipa_sim"": 0.5, ""len_diff"": 1}",automatic_only
phoneme:vn:/i˧˥/,phoneme:vn:/ɛ˧/,vn,confusable_with,0.483,"{""ipa_sim"": 0.667, ""len_diff"": 1}",automatic_only
phoneme:vn:/i˧˥/,phoneme:vn:/ɛ˧˥/,vn,confusable_with,0.533,"{""ipa_sim"": 0.667, ""len_diff"": 0}",automatic_only
phoneme:vn:/i˧˥/,phoneme:vn:/ɛ˧˩˧/,vn,confusable_with,0.35,"{""ipa_sim"": 0.5, ""len_diff"": 1}",automatic_only
phoneme:vn:/i˧˥/,phoneme:vn:/ɛ˧ˀ˥/,vn,confusable_with,0.55,"{""ipa_sim"": 0.75, ""len_diff"": 1}",automatic_only
phoneme:vn:/i˧˥/,phoneme:vn:/ɛ˧˨ˀ/,vn,confusable_with,0.35,"{""ipa_sim"": 0.5, ""len_diff"": 1}",automatic_only
phoneme:vn:/i˧˥/,phoneme:vn:/e˧/,vn,confusable_with,0.483,"{""ipa_sim"": 0.667, ""len_diff"": 1}",automatic_only
phoneme:vn:/i˧˥/,phoneme:vn:/e˧˥/,vn,confusable_with,0.533,"{""ipa_sim"": 0.667, ""len_diff"": 0}",automatic_only
phoneme:vn:/i˧˥/,phoneme:vn:/e˧˩˧/,vn,confusable_with,0.35,"{""ipa_sim"": 0.5, ""len_diff"": 1}",automatic_only
phoneme:vn:/i˧˥/,phoneme:vn:/e˧ˀ˥/,vn,confusable_with,0.55,"{""ipa_sim"": 0.75, ""len_diff"": 1}",automatic_only
phoneme:vn:/i˧˥/,phoneme:vn:/e˧˨ˀ/,vn,confusable_with,0.35,"{""ipa_sim"": 0.5, ""len_diff"": 1}",automatic_only
phoneme:vn:/i˧˥/,phoneme:vn:/i˧/,vn,confusable_with,0.75,"{""ipa_sim"": 1.0, ""len_diff"": 1}",automatic_only
phoneme:vn:/i˧˥/,phoneme:vn:/i˧˩˧/,vn,confusable_with,0.55,"{""ipa_sim"": 0.75, ""len_diff"": 1}",automatic_only
phoneme:vn:/i˧˥/,phoneme:vn:/i˧ˀ˥/,vn,confusable_with,0.75,"{""ipa_sim"": 1.0, ""len_diff"": 1}",automatic_only
phoneme:vn:/i˧˥/,phoneme:vn:/i˧˨ˀ/,vn,confusable_with,0.55,"{""ipa_sim"": 0.75, ""len_diff"": 1}",automatic_only
phoneme:vn:/i˧˥/,phoneme:vn:/ɔ˧/,vn,confusable_with,0.483,"{""ipa_sim"": 0.667, ""len_diff"": 1}",automatic_only
phoneme:vn:/i˧˥/,phoneme:vn:/ɔ˧˥/,vn,confusable_with,0.533,"{""ipa_sim"": 0.667, ""len_diff"": 0}",automatic_only
phoneme:vn:/i˧˥/,phoneme:vn:/ɔ˧˩˧/,vn,confusable_with,0.35,"{""ipa_sim"": 0.5, ""len_diff"": 1}",automatic_only
phoneme:vn:/i˧˥/,phoneme:vn:/ɔ˧ˀ˥/,vn,confusable_with,0.55,"{""ipa_sim"": 0.75, ""len_diff"": 1}",automatic_only
phoneme:vn:/i˧˥/,phoneme:vn:/ɔ˧˨ˀ/,vn,confusable_with,0.35,"{""ipa_sim"": 0.5, ""len_diff"": 1}",automatic_only
phoneme:vn:/i˧˥/,phoneme:vn:/o˧/,vn,confusable_with,0.483,"{""ipa_sim"": 0.667, ""len_diff"": 1}",automatic_only
phoneme:vn:/i˧˥/,phoneme:vn:/o˧˥/,vn,confusable_with,0.533,"{""ipa_sim"": 0.667, ""len_diff"": 0}",automatic_only
phoneme:vn:/i˧˥/,phoneme:vn:/o˧˩˧/,vn,confusable_with,0.35,"{""ipa_sim"": 0.5, ""len_diff"": 1}",automatic_only
phoneme:vn:/i˧˥/,phoneme:vn:/o˧ˀ˥/,vn,confusable_with,0.55,"{""ipa_sim"": 0.75, ""len_diff"": 1}",automatic_only
phoneme:vn:/i˧˥/,phoneme:vn:/o˧˨ˀ/,vn,confusable_with,0.35,"{""ipa_sim"": 0.5, ""len_diff"": 1}",automatic_only
phoneme:vn:/i˧˥/,phoneme:vn:/əː˧˥/,vn,confusable_with,0.55,"{""ipa_sim"": 0.75, ""len_diff"": 1}",automatic_only
phoneme:vn:/i˧˥/,phoneme:vn:/əː˧ˀ˥/,vn,confusable_with,0.38,"{""ipa_sim"": 0.6, ""len_diff"": 2}",automatic_only
phoneme:vn:/i˧˥/,phoneme:vn:/u˧/,vn,confusable_with,0.483,"{""ipa_sim"": 0.667, ""len_diff"": 1}",automatic_only
phoneme:vn:/i˧˥/,phoneme:vn:/u˧˥/,vn,confusable_with,0.533,"{""ipa_sim"": 0.667, ""len_diff"": 0}",automatic_only
phoneme:vn:/i˧˥/,phoneme:vn:/u˧˩˧/,vn,confusable_with,0.35,"{""ipa_sim"": 0.5, ""len_diff"": 1}",automatic_only
phoneme:vn:/i˧˥/,phoneme:vn:/u˧ˀ˥/,vn,confusable_with,0.55,"{""ipa_sim"": 0.75, ""len_diff"": 1}",automatic_only
phoneme:vn:/i˧˥/,phoneme:vn:/u˧˨ˀ/,vn,confusable_with,0.35,"{""ipa_sim"": 0.5, ""len_diff"": 1}",automatic_only
phoneme:vn:/i˧˥/,phoneme:vn:/ɨ˧/,vn,confusable_with,0.483,"{""ipa_sim"": 0.667, ""len_diff"": 1}",automatic_only
phoneme:vn:/i˧˥/,phoneme:vn:/ɨ˧˥/,vn,confusable_with,0.533,"{""ipa_sim"": 0.667, ""len_diff"": 0}",automatic_only
phoneme:vn:/i˧˥/,phoneme:vn:/ɨ˧˩˧/,vn,confusable_with,0.35,"{""ipa_sim"": 0.5, ""len_diff"": 1}",automatic_only
phoneme:vn:/i˧˥/,phoneme:vn:/ɨ˧ˀ˥/,vn,confusable_with,0.55,"{""ipa_sim"": 0.75, ""len_diff"": 1}",automatic_only
phoneme:vn:/i˧˥/,phoneme:vn:/ɨ˧˨ˀ/,vn,confusable_with,0.35,"{""ipa_sim"": 0.5, ""len_diff"": 1}",automatic_only
phoneme:vn:/i˨˩/,phoneme:vn:/aː˨˩/,vn,confusable_with,0.55,"{""ipa_sim"": 0.75, ""len_diff"": 1}",automatic_only
phoneme:vn:/i˨˩/,phoneme:vn:/a˨˩/,vn,confusable_with,0.533,"{""ipa_sim"": 0.667, ""len_diff"": 0}",automatic_only
phoneme:vn:/i˨˩/,phoneme:vn:/a˧˩˧/,vn,confusable_with,0.35,"{""ipa_sim"": 0.5, ""len_diff"": 1}",automatic_only
phoneme:vn:/i˨˩/,phoneme:vn:/a˧˨ˀ/,vn,confusable_with,0.35,"{""ipa_sim"": 0.5, ""len_diff"": 1}",automatic_only
phoneme:vn:/i˨˩/,phoneme:vn:/ə˨˩/,vn,confusable_with,0.533,"{""ipa_sim"": 0.667, ""len_diff"": 0}",automatic_only
phoneme:vn:/i˨˩/,phoneme:vn:/ə˧˩˧/,vn,confusable_with,0.35,"{""ipa_sim"": 0.5, ""len_diff"": 1}",automatic_only
phoneme:vn:/i˨˩/,phoneme:vn:/ə˧˨ˀ/,vn,confusable_with,0.35,"{""ipa_sim"": 0.5, ""len_diff"": 1}",automatic_only
phoneme:vn:/i˨˩/,phoneme:vn:/ɛ˨˩/,vn,confusable_with,0.533,"{""ipa_sim"": 0.667, ""len_diff"": 0}",automatic_only
phoneme:vn:/i˨˩/,phoneme:vn:/ɛ˧˩˧/,vn,confusable_with,0.35,"{""ipa_sim"": 0.5, ""len_diff"": 1}",automatic_only
phoneme:vn:/i˨˩/,phoneme:vn:/ɛ˧˨ˀ/,vn,confusable_with,0.35,"{""ipa_sim"": 0.5, ""len_diff"": 1}",automatic_only
phoneme:vn:/i˨˩/,phoneme:vn:/e˨˩/,vn,confusable_with,0.533,"{""ipa_sim"": 0.667, ""len_diff"": 0}",automatic_only
phoneme:vn:/i˨˩/,phoneme:vn:/e˧˩˧/,vn,confusable_with,0.35,"{""ipa_sim"": 0.5, ""len_diff"": 1}",automatic_only
phoneme:vn:/i˨˩/,phoneme:vn:/e˧˨ˀ/,vn,confusable_with,0.35,"{""ipa_sim"": 0.5, ""len_diff"": 1}",automatic_only
phoneme:vn:/i˨˩/,phoneme:vn:/i˧/,vn,confusable_with,0.483,"{""ipa_sim"": 0.667, ""len_diff"": 1}",automatic_only
phoneme:vn:/i˨˩/,phoneme:vn:/i˧˩˧/,vn,confusable_with,0.55,"{""ipa_sim"": 0.75, ""len_diff"": 1}",automatic_only
phoneme:vn:/i˨˩/,phoneme:vn:/i˧ˀ˥/,vn,confusable_with,0.35,"{""ipa_sim"": 0.5, ""len_diff"": 1}",automatic_only
phoneme:vn:/i˨˩/,phoneme:vn:/i˧˨ˀ/,vn,confusable_with,0.55,"{""ipa_sim"": 0.75, ""len_diff"": 1}",automatic_only
phoneme:vn:/i˨˩/,phoneme:vn:/ɔ˨˩/,vn,confusable_with,0.533,"{""ipa_sim"": 0.667, ""len_diff"": 0}",automatic_only
phoneme:vn:/i˨˩/,phoneme:vn:/ɔ˧˩˧/,vn,confusable_with,0.35,"{""ipa_sim"": 0.5, ""len_diff"": 1}",automatic_only
phoneme:vn:/i˨˩/,phoneme:vn:/ɔ˧˨ˀ/,vn,confusable_with,0.35,"{""ipa_sim"": 0.5, ""len_diff"": 1}",automatic_only
phoneme:vn:/i˨˩/,phoneme:vn:/o˨˩/,vn,confusable_with,0.533,"{""ipa_sim"": 0.667, ""len_diff"": 0}",automatic_only
phoneme:vn:/i˨˩/,phoneme:vn:/o˧˩˧/,vn,confusable_with,0.35,"{""ipa_sim"": 0.5, ""len_diff"": 1}",automatic_only
phoneme:vn:/i˨˩/,phoneme:vn:/o˧˨ˀ/,vn,confusable_with,0.35,"{""ipa_sim"": 0.5, ""len_diff"": 1}",automatic_only
phoneme:vn:/i˨˩/,phoneme:vn:/əː˨˩/,vn,confusable_with,0.55,"{""ipa_sim"": 0.75, ""len_diff"": 1}",automatic_only
phoneme:vn:/i˨˩/,phoneme:vn:/u˨˩/,vn,confusable_with,0.533,"{""ipa_sim"": 0.667, ""len_diff"": 0}",automatic_only
phoneme:vn:/i˨˩/,phoneme:vn:/u˧˩˧/,vn,confusable_with,0.35,"{""ipa_sim"": 0.5, ""len_diff"": 1}",automatic_only
phoneme:vn:/i˨˩/,phoneme:vn:/u˧˨ˀ/,vn,confusable_with,0.35,"{""ipa_sim"": 0.5, ""len_diff"": 1}",automatic_only
phoneme:vn:/i˨˩/,phoneme:vn:/ɨ˨˩/,vn,confusable_with,0.533,"{""ipa_sim"": 0.667, ""len_diff"": 0}",automatic_only
phoneme:vn:/i˨˩/,phoneme:vn:/ɨ˧˩˧/,vn,confusable_with,0.35,"{""ipa_sim"": 0.5, ""len_diff"": 1}",automatic_only
phoneme:vn:/i˨˩/,phoneme:vn:/ɨ˧˨ˀ/,vn,confusable_with,0.35,"{""ipa_sim"": 0.5, ""len_diff"": 1}",automatic_only
phoneme:vn:/i˧˩˧/,phoneme:vn:/aː˧/,vn,confusable_with,0.35,"{""ipa_sim"": 0.5, ""len_diff"": 1}",automatic_only
phoneme:vn:/i˧˩˧/,phoneme:vn:/aː˧˩˧/,vn,confusable_with,0.59,"{""ipa_sim"": 0.8, ""len_diff"": 1}",automatic_only
phoneme:vn:/i˧˩˧/,phoneme:vn:/a˧˥/,vn,confusable_with,0.35,"{""ipa_sim"": 0.5, ""len_diff"": 1}",automatic_only
phoneme:vn:/i˧˩˧/,phoneme:vn:/a˨˩/,vn,confusable_with,0.35,"{""ipa_sim"": 0.5, ""len_diff"": 1}",automatic_only
phoneme:vn:/i˧˩˧/,phoneme:vn:/a˧˩˧/,vn,confusable_with,0.6,"{""ipa_sim"": 0.75, ""len_diff"": 0}",automatic_only
phoneme:vn:/i˧˩˧/,phoneme:vn:/ə˧˥/,vn,confusable_with,0.35,"{""ipa_sim"": 0.5, ""len_diff"": 1}",automatic_only
phoneme:vn:/i˧˩˧/,phoneme:vn:/ə˨˩/,vn,confusable_with,0.35,"{""ipa_sim"": 0.5, ""len_diff"": 1}",automatic_only
phoneme:vn:/i˧˩˧/,phoneme:vn:/ə˧˩˧/,vn,confusable_with,0.6,"{""ipa_sim"": 0.75, ""len_diff"": 0}",automatic_only
phoneme:vn:/i˧˩˧/,phoneme:vn:/ɛ˧˥/,vn,confusable_with,0.35,"{""ipa_sim"": 0.5, ""len_diff"": 1}",automatic_only
phoneme:vn:/i˧˩˧/,phoneme:vn:/ɛ˨˩/,vn,confusable_with,0.35,"{""ipa_sim"": 0.5, ""len_diff"": 1}",automatic_only
phoneme:vn:/i˧˩˧/,phoneme:vn:/ɛ˧˩˧/,vn,confusable_with,0.6,"{""ipa_sim"": 0.75, ""len_diff"": 0}",automatic_only
phoneme:vn:/i˧˩˧/,phoneme:vn:/e˧˥/,vn,confusable_with,0.35,"{""ipa_sim"": 0.5, ""len_diff"": 1}",automatic_only
phoneme:vn:/i˧˩˧/,phoneme:vn:/e˨˩/,vn,confusable_with,0.35,"{""ipa_sim"": 0.5, ""len_diff"": 1}",automatic_only
phoneme:vn:/i˧˩˧/,phoneme:vn:/e˧˩˧/,vn,confusable_with,0.6,"{""ipa_sim"": 0.75, ""len_diff"": 0}",automatic_only
phoneme:vn:/i˧˩˧/,phoneme:vn:/i˧/,vn,confusable_with,0.5,"{""ipa_sim"": 0.75, ""len_diff"": 2}",automatic_only
phoneme:vn:/i˧˩˧/,phoneme:vn:/i˧˥/,vn,confusable_with,0.55,"{""ipa_sim"": 0.75, ""len_diff"": 1}",automatic_only
phoneme:vn:/i˧˩˧/,phoneme:vn:/i˨˩/,vn,confusable_with,0.55,"{""ipa_sim"": 0.75, ""len_diff"": 1}",automatic_only
phoneme:vn:/i˧˩˧/,phoneme:vn:/i˧ˀ˥/,vn,confusable_with,0.4,"{""ipa_sim"": 0.5, ""len_diff"": 0}",automatic_only
phoneme:vn:/i˧˩˧/,phoneme:vn:/i˧˨ˀ/,vn,confusable_with,0.4,"{""ipa_sim"": 0.5, ""len_diff"": 0}",automatic_only
phoneme:vn:/i˧˩˧/,phoneme:vn:/ɔ˧˥/,vn,confusable_with,0.35,"{""ipa_sim"": 0.5, ""len_diff"": 1}",automatic_only
phoneme:vn:/i˧˩˧/,phoneme:vn:/ɔ˨˩/,vn,confusable_with,0.35,"{""ipa_sim"": 0.5, ""len_diff"": 1}",automatic_only
phoneme:vn:/i˧˩˧/,phoneme:vn:/ɔ˧˩˧/,vn,confusable_with,0.6,"{""ipa_sim"": 0.75, ""len_diff"": 0}",automatic_only
phoneme:vn:/i˧˩˧/,phoneme:vn:/o˧˥/,vn,confusable_with,0.35,"{""ipa_sim"": 0.5, ""len_diff"": 1}",automatic_only
phoneme:vn:/i˧˩˧/,phoneme:vn:/o˨˩/,vn,confusable_with,0.35,"{""ipa_sim"": 0.5, ""len_diff"": 1}",automatic_only
phoneme:vn:/i˧˩˧/,phoneme:vn:/o˧˩˧/,vn,confusable_with,0.6,"{""ipa_sim"": 0.75, ""len_diff"": 0}",automatic_only
phoneme:vn:/i˧˩˧/,phoneme:vn:/əː˧/,vn,confusable_with,0.35,"{""ipa_sim"": 0.5, ""len_diff"": 1}",automatic_only
phoneme:vn:/i˧˩˧/,phoneme:vn:/əː˧˩˧/,vn,confusable_with,0.59,"{""ipa_sim"": 0.8, ""len_diff"": 1}",automatic_only
phoneme:vn:/i˧˩˧/,phoneme:vn:/u˧˥/,vn,confusable_with,0.35,"{""ipa_sim"": 0.5, ""len_diff"": 1}",automatic_only
phoneme:vn:/i˧˩˧/,phoneme:vn:/u˨˩/,vn,confusable_with,0.35,"{""ipa_sim"": 0.5, ""len_diff"": 1}",automatic_only
phoneme:vn:/i˧˩˧/,phoneme:vn:/u˧˩˧/,vn,confusable_with,0.6,"{""ipa_sim"": 0.75, ""len_diff"": 0}",automatic_only
phoneme:vn:/i˧˩˧/,phoneme:vn:/ɨ˧˥/,vn,confusable_with,0.35,"{""ipa_sim"": 0.5, ""len_diff"": 1}",automatic_only
phoneme:vn:/i˧˩˧/,phoneme:vn:/ɨ˨˩/,vn,confusable_with,0.35,"{""ipa_sim"": 0.5, ""len_diff"": 1}",automatic_only
phoneme:vn:/i˧˩˧/,phoneme:vn:/ɨ˧˩˧/,vn,confusable_with,0.6,"{""ipa_sim"": 0.75, ""len_diff"": 0}",automatic_only
phoneme:vn:/i˧ˀ˥/,phoneme:vn:/aː˧/,vn,confusable_with,0.35,"{""ipa_sim"": 0.5, ""len_diff"": 1}",automatic_only
phoneme:vn:/i˧ˀ˥/,phoneme:vn:/aː˧˥/,vn,confusable_with,0.4,"{""ipa_sim"": 0.5, ""len_diff"": 0}",automatic_only
phoneme:vn:/i˧ˀ˥/,phoneme:vn:/aː˧ˀ˥/,vn,confusable_with,0.59,"{""ipa_sim"": 0.8, ""len_diff"": 1}",automatic_only
phoneme:vn:/i˧ˀ˥/,phoneme:vn:/aː˧˨ˀ/,vn,confusable_with,0.43,"{""ipa_sim"": 0.6, ""len_diff"": 1}",automatic_only
phoneme:vn:/i˧ˀ˥/,phoneme:vn:/a˧˥/,vn,confusable_with,0.55,"{""ipa_sim"": 0.75, ""len_diff"": 1}",automatic_only
phoneme:vn:/i˧ˀ˥/,phoneme:vn:/a˧ˀ˥/,vn,confusable_with,0.6,"{""ipa_sim"": 0.75, ""len_diff"": 0}",automatic_only
phoneme:vn:/i˧ˀ˥/,phoneme:vn:/a˧˨ˀ/,vn,confusable_with,0.4,"{""ipa_sim"": 0.5, ""len_diff"": 0}",automatic_only
phoneme:vn:/i˧ˀ˥/,phoneme:vn:/ə˧˥/,vn,confusable_with,0.55,"{""ipa_sim"": 0.75, ""len_diff"": 1}",automatic_only
phoneme:vn:/i˧ˀ˥/,phoneme:vn:/ə˧ˀ˥/,vn,confusable_with,0.6,"{""ipa_sim"": 0.75, ""len_diff"": 0}",automatic_only
phoneme:vn:/i˧ˀ˥/,phoneme:vn:/ə˧˨ˀ/,vn,confusable_with,0.4,"{""ipa_sim"": 0.5, ""len_diff"": 0}",automatic_only
phoneme:vn:/i˧ˀ˥/,phoneme:vn:/ɛ˧˥/,vn,confusable_with,0.55,"{""ipa_sim"": 0.75, ""len_diff"": 1}",automatic_only
phoneme:vn:/i˧ˀ˥/,phoneme:vn:/ɛ˧ˀ˥/,vn,confusable_with,0.6,"{""ipa_sim"": 0.75, ""len_diff"": 0}",automatic_only
phoneme:vn:/i˧ˀ˥/,phoneme:vn:/ɛ˧˨ˀ/,vn,confusable_with,0.4,"{""ipa_sim"": 0.5, ""len_diff"": 0}",automatic_only
phoneme:vn:/i˧ˀ˥/,phoneme:vn:/e˧˥/,vn,confusable_with,0.55,"{""ipa_sim"": 0.75, ""len_diff"": 1}",automatic_only
phoneme:vn:/i˧ˀ˥/,phoneme:vn:/e˧ˀ˥/,vn,confusable_with,0.6,"{""ipa_sim"": 0.75, ""len_diff"": 0}",automatic_only
phoneme:vn:/i˧ˀ˥/,phoneme:vn:/e˧˨ˀ/,vn,confusable_with,0.4,"{""ipa_sim"": 0.5, ""len_diff"": 0}",automatic_only
phoneme:vn:/i˧ˀ˥/,phoneme:vn:/i˧/,vn,confusable_with,0.5,"{""ipa_sim"": 0.75, ""len_diff"": 2}",automatic_only
phoneme:vn:/i˧ˀ˥/,phoneme:vn:/i˧˥/,vn,confusable_with,0.75,"{""ipa_sim"": 1.0, ""len_diff"": 1}",automatic_only
phoneme:vn:/i˧ˀ˥/,phoneme:vn:/i˨˩/,vn,confusable_with,0.35,"{""ipa_sim"": 0.5, ""len_diff"": 1}",automatic_only
phoneme:vn:/i˧ˀ˥/,phoneme:vn:/i˧˩˧/,vn,confusable_with,0.4,"{""ipa_sim"": 0.5, ""len_diff"": 0}",automatic_only
phoneme:vn:/i˧ˀ˥/,phoneme:vn:/i˧˨ˀ/,vn,confusable_with,0.6,"{""ipa_sim"": 0.75, ""len_diff"": 0}",automatic_only
phoneme:vn:/i˧ˀ˥/,phoneme:vn:/ɔ˧˥/,vn,confusable_with,0.55,"{""ipa_sim"": 0.75, ""len_diff"": 1}",automatic_only
phoneme:vn:/i˧ˀ˥/,phoneme:vn:/ɔ˧ˀ˥/,vn,confusable_with,0.6,"{""ipa_sim"": 0.75, ""len_diff"": 0}",automatic_only
phoneme:vn:/i˧ˀ˥/,phoneme:vn:/ɔ˧˨ˀ/,vn,confusable_with,0.4,"{""ipa_sim"": 0.5, ""len_diff"": 0}",automatic_only
phoneme:vn:/i˧ˀ˥/,phoneme:vn:/o˧˥/,vn,confusable_with,0.55,"{""ipa_sim"": 0.75, ""len_diff"": 1}",automatic_only
phoneme:vn:/i˧ˀ˥/,phoneme:vn:/o˧ˀ˥/,vn,confusable_with,0.6,"{""ipa_sim"": 0.75, ""len_diff"": 0}",automatic_only
phoneme:vn:/i˧ˀ˥/,phoneme:vn:/o˧˨ˀ/,vn,confusable_with,0.4,"{""ipa_sim"": 0.5, ""len_diff"": 0}",automatic_only
phoneme:vn:/i˧ˀ˥/,phoneme:vn:/əː˧/,vn,confusable_with,0.35,"{""ipa_sim"": 0.5, ""len_diff"": 1}",automatic_only
phoneme:vn:/i˧ˀ˥/,phoneme:vn:/əː˧˥/,vn,confusable_with,0.4,"{""ipa_sim"": 0.5, ""len_diff"": 0}",automatic_only
phoneme:vn:/i˧ˀ˥/,phoneme:vn:/əː˧ˀ˥/,vn,confusable_with,0.59,"{""ipa_sim"": 0.8, ""len_diff"": 1}",automatic_only
phoneme:vn:/i˧ˀ˥/,phoneme:vn:/əː˧˨ˀ/,vn,confusable_with,0.43,"{""ipa_sim"": 0.6, ""len_diff"": 1}",automatic_only
phoneme:vn:/i˧ˀ˥/,phoneme:vn:/u˧˥/,vn,confusable_with,0.55,"{""ipa_sim"": 0.75, ""len_diff"": 1}",automatic_only
phoneme:vn:/i˧ˀ˥/,phoneme:vn:/u˧ˀ˥/,vn,confusable_with,0.6,"{""ipa_sim"": 0.75, ""len_diff"": 0}",automatic_only
phoneme:vn:/i˧ˀ˥/,phoneme:vn:/u˧˨ˀ/,vn,confusable_with,0.4,"{""ipa_sim"": 0.5, ""len_diff"": 0}",automatic_only
phoneme:vn:/i˧ˀ˥/,phoneme:vn:/ɨ˧˥/,vn,confusable_with,0.55,"{""ipa_sim"": 0.75, ""len_diff"": 1}",automatic_only
phoneme:vn:/i˧ˀ˥/,phoneme:vn:/ɨ˧ˀ˥/,vn,confusable_with,0.6,"{""ipa_sim"": 0.75, ""len_diff"": 0}",automatic_only
phoneme:vn:/i˧ˀ˥/,phoneme:vn:/ɨ˧˨ˀ/,vn,confusable_with,0.4,"{""ipa_sim"": 0.5, ""len_diff"": 0}",automatic_only
phoneme:vn:/i˧˨ˀ/,phoneme:vn:/aː˧/,vn,confusable_with,0.35,"{""ipa_sim"": 0.5, ""len_diff"": 1}",automatic_only
phoneme:vn:/i˧˨ˀ/,phoneme:vn:/aː˧ˀ˥/,vn,confusable_with,0.43,"{""ipa_sim"": 0.6, ""len_diff"": 1}",automatic_only
phoneme:vn:/i˧˨ˀ/,phoneme:vn:/aː˧˨ˀ/,vn,confusable_with,0.59,"{""ipa_sim"": 0.8, ""len_diff"": 1}",automatic_only
phoneme:vn:/i˧˨ˀ/,phoneme:vn:/a˧˥/,vn,confusable_with,0.35,"{""ipa_sim"": 0.5, ""len_diff"": 1}",automatic_only
phoneme:vn:/i˧˨ˀ/,phoneme:vn:/a˨˩/,vn,confusable_with,0.35,"{""ipa_sim"": 0.5, ""len_diff"": 1}",automatic_only
phoneme:vn:/i˧˨ˀ/,phoneme:vn:/a˧ˀ˥/,vn,confusable_with,0.4,"{""ipa_sim"": 0.5, ""len_diff"": 0}",automatic_only
phoneme:vn:/i˧˨ˀ/,phoneme:vn:/a˧˨ˀ/,vn,confusable_with,0.6,"{""ipa_sim"": 0.75, ""len_diff"": 0}",automatic_only
phoneme:vn:/i˧˨ˀ/,phoneme:vn:/ə˧˥/,vn,confusable_with,0.35,"{""ipa_sim"": 0.5, ""len_diff"": 1}",automatic_only
phoneme:vn:/i˧˨ˀ/,phoneme:vn:/ə˨˩/,vn,confusable_with,0.35,"{""ipa_sim"": 0.5, ""len_diff"": 1}",automatic_only
phoneme:vn:/i˧˨ˀ/,phoneme:vn:/ə˧ˀ˥/,vn,confusable_with,0.4,"{""ipa_sim"": 0.5, ""len_diff"": 0}",automatic_only
phoneme:vn:/i˧˨ˀ/,phoneme:vn:/ə˧˨ˀ/,vn,confusable_with,0.6,"{""ipa_sim"": 0.75, ""len_diff"": 0}",automatic_only
phoneme:vn:/i˧˨ˀ/,phoneme:vn:/ɛ˧˥/,vn,confusable_with,0.35,"{""ipa_sim"": 0.5, ""len_diff"": 1}",automatic_only
phoneme:vn:/i˧˨ˀ/,phoneme:vn:/ɛ˨˩/,vn,confusable_with,0.35,"{""ipa_sim"": 0.5, ""len_diff"": 1}",automatic_only
phoneme:vn:/i˧˨ˀ/,phoneme:vn:/ɛ˧ˀ˥/,vn,confusable_with,0.4,"{""ipa_sim"": 0.5, ""len_diff"": 0}",automatic_only
phoneme:vn:/i˧˨ˀ/,phoneme:vn:/ɛ˧˨ˀ/,vn,confusable_with,0.6,"{""ipa_sim"": 0.75, ""len_diff"": 0}",automatic_only
phoneme:vn:/i˧˨ˀ/,phoneme:vn:/e˧˥/,vn,confusable_with,0.35,"{""ipa_sim"": 0.5, ""len_diff"": 1}",automatic_only
phoneme:vn:/i˧˨ˀ/,phoneme:vn:/e˨˩/,vn,confusable_with,0.35,"{""ipa_sim"": 0.5, ""len_diff"": 1}",automatic_only
phoneme:vn:/i˧˨ˀ/,phoneme:vn:/e˧ˀ˥/,vn,confusable_with,0.4,"{""ipa_sim"": 0.5, ""len_diff"": 0}",automatic_only
phoneme:vn:/i˧˨ˀ/,phoneme:vn:/e˧˨ˀ/,vn,confusable_with,0.6,"{""ipa_sim"": 0.75, ""len_diff"": 0}",automatic_only
phoneme:vn:/i˧˨ˀ/,phoneme:vn:/i˧/,vn,confusable_with,0.5,"{""ipa_sim"": 0.75, ""len_diff"": 2}",automatic_only
phoneme:vn:/i˧˨ˀ/,phoneme:vn:/i˧˥/,vn,confusable_with,0.55,"{""ipa_sim"": 0.75, ""len_diff"": 1}",automatic_only
phoneme:vn:/i˧˨ˀ/,phoneme:vn:/i˨˩/,vn,confusable_with,0.55,"{""ipa_sim"": 0.75, ""len_diff"": 1}",automatic_only
phoneme:vn:/i˧˨ˀ/,phoneme:vn:/i˧˩˧/,vn,confusable_with,0.4,"{""ipa_sim"": 0.5, ""len_diff"": 0}",automatic_only
phoneme:vn:/i˧˨ˀ/,phoneme:vn:/i˧ˀ˥/,vn,confusable_with,0.6,"{""ipa_sim"": 0.75, ""len_diff"": 0}",automatic_only
phoneme:vn:/i˧˨ˀ/,phoneme:vn:/ɔ˧˥/,vn,confusable_with,0.35,"{""ipa_sim"": 0.5, ""len_diff"": 1}",automatic_only
phoneme:vn:/i˧˨ˀ/,phoneme:vn:/ɔ˨˩/,vn,confusable_with,0.35,"{""ipa_sim"": 0.5, ""len_diff"": 1}",automatic_only
phoneme:vn:/i˧˨ˀ/,phoneme:vn:/ɔ˧ˀ˥/,vn,confusable_with,0.4,"{""ipa_sim"": 0.5, ""len_diff"": 0}",automatic_only
phoneme:vn:/i˧˨ˀ/,phoneme:vn:/ɔ˧˨ˀ/,vn,confusable_with,0.6,"{""ipa_sim"": 0.75, ""len_diff"": 0}",automatic_only
phoneme:vn:/i˧˨ˀ/,phoneme:vn:/o˧˥/,vn,confusable_with,0.35,"{""ipa_sim"": 0.5, ""len_diff"": 1}",automatic_only
phoneme:vn:/i˧˨ˀ/,phoneme:vn:/o˨˩/,vn,confusable_with,0.35,"{""ipa_sim"": 0.5, ""len_diff"": 1}",automatic_only
phoneme:vn:/i˧˨ˀ/,phoneme:vn:/o˧ˀ˥/,vn,confusable_with,0.4,"{""ipa_sim"": 0.5, ""len_diff"": 0}",automatic_only
phoneme:vn:/i˧˨ˀ/,phoneme:vn:/o˧˨ˀ/,vn,confusable_with,0.6,"{""ipa_sim"": 0.75, ""len_diff"": 0}",automatic_only
phoneme:vn:/i˧˨ˀ/,phoneme:vn:/əː˧/,vn,confusable_with,0.35,"{""ipa_sim"": 0.5, ""len_diff"": 1}",automatic_only
phoneme:vn:/i˧˨ˀ/,phoneme:vn:/əː˧ˀ˥/,vn,confusable_with,0.43,"{""ipa_sim"": 0.6, ""len_diff"": 1}",automatic_only
phoneme:vn:/i˧˨ˀ/,phoneme:vn:/əː˧˨ˀ/,vn,confusable_with,0.59,"{""ipa_sim"": 0.8, ""len_diff"": 1}",automatic_only
phoneme:vn:/i˧˨ˀ/,phoneme:vn:/u˧˥/,vn,confusable_with,0.35,"{""ipa_sim"": 0.5, ""len_diff"": 1}",automatic_only
phoneme:vn:/i˧˨ˀ/,phoneme:vn:/u˨˩/,vn,confusable_with,0.35,"{""ipa_sim"": 0.5, ""len_diff"": 1}",automatic_only
phoneme:vn:/i˧˨ˀ/,phoneme:vn:/u˧ˀ˥/,vn,confusable_with,0.4,"{""ipa_sim"": 0.5, ""len_diff"": 0}",automatic_only
phoneme:vn:/i˧˨ˀ/,phoneme:vn:/u˧˨ˀ/,vn,confusable_with,0.6,"{""ipa_sim"": 0.75, ""len_diff"": 0}",automatic_only
phoneme:vn:/i˧˨ˀ/,phoneme:vn:/ɨ˧˥/,vn,confusable_with,0.35,"{""ipa_sim"": 0.5, ""len_diff"": 1}",automatic_only
phoneme:vn:/i˧˨ˀ/,phoneme:vn:/ɨ˨˩/,vn,confusable_with,0.35,"{""ipa_sim"": 0.5, ""len_diff"": 1}",automatic_only
phoneme:vn:/i˧˨ˀ/,phoneme:vn:/ɨ˧ˀ˥/,vn,confusable_with,0.4,"{""ipa_sim"": 0.5, ""len_diff"": 0}",automatic_only
phoneme:vn:/i˧˨ˀ/,phoneme:vn:/ɨ˧˨ˀ/,vn,confusable_with,0.6,"{""ipa_sim"": 0.75, ""len_diff"": 0}",automatic_only
phoneme:vn:/ɔ˧/,phoneme:vn:/aː˧/,vn,confusable_with,0.483,"{""ipa_sim"": 0.667, ""len_diff"": 1}",automatic_only
phoneme:vn:/ɔ˧/,phoneme:vn:/a˧/,vn,confusable_with,0.4,"{""ipa_sim"": 0.5, ""len_diff"": 0}",automatic_only
phoneme:vn:/ɔ˧/,phoneme:vn:/a˧˥/,vn,confusable_with,0.483,"{""ipa_sim"": 0.667, ""len_diff"": 1}",automatic_only
phoneme:vn:/ɔ˧/,phoneme:vn:/ə˧/,vn,confusable_with,0.4,"{""ipa_sim"": 0.5, ""len_diff"": 0}",automatic_only
phoneme:vn:/ɔ˧/,phoneme:vn:/ə˧˥/,vn,confusable_with,0.483,"{""ipa_sim"": 0.667, ""len_diff"": 1}",automatic_only
phoneme:vn:/ɔ˧/,phoneme:vn:/ɛ˧/,vn,confusable_with,0.4,"{""ipa_sim"": 0.5, ""len_diff"": 0}",automatic_only
phoneme:vn:/ɔ˧/,phoneme:vn:/ɛ˧˥/,vn,confusable_with,0.483,"{""ipa_sim"": 0.667, ""len_diff"": 1}",automatic_only
phoneme:vn:/ɔ˧/,phoneme:vn:/e˧/,vn,confusable_with,0.4,"{""ipa_sim"": 0.5, ""len_diff"": 0}",automatic_only
phoneme:vn:/ɔ˧/,phoneme:vn:/e˧˥/,vn,confusable_with,0.483,"{""ipa_sim"": 0.667, ""len_diff"": 1}",automatic_only
phoneme:vn:/ɔ˧/,phoneme:vn:/i˧/,vn,confusable_with,0.4,"{""ipa_sim"": 0.5, ""len_diff"": 0}",automatic_only
phoneme:vn:/ɔ˧/,phoneme:vn:/i˧˥/,vn,confusable_with,0.483,"{""ipa_sim"": 0.667, ""len_diff"": 1}",automatic_only
phoneme:vn:/ɔ˧/,phoneme:vn:/ɔ˧˥/,vn,confusable_with,0.75,"{""ipa_sim"": 1.0, ""len_diff"": 1}",automatic_only
phoneme:vn:/ɔ˧/,phoneme:vn:/ɔ˨˩/,vn,confusable_with,0.483,"{""ipa_sim"": 0.667, ""len_diff"": 1}",automatic_only
phoneme:vn:/ɔ˧/,phoneme:vn:/ɔ˧˩˧/,vn,confusable_with,0.5,"{""ipa_sim"": 0.75, ""len_diff"": 2}",automatic_only
phoneme:vn:/ɔ˧/,phoneme:vn:/ɔ˧ˀ˥/,vn,confusable_with,0.5,"{""ipa_sim"": 0.75, ""len_diff"": 2}",automatic_only
phoneme:vn:/ɔ˧/,phoneme:vn:/ɔ˧˨ˀ/,vn,confusable_with,0.5,"{""ipa_sim"": 0.75, ""len_diff"": 2}",automatic_only
phoneme:vn:/ɔ˧/,phoneme:vn:/o˧/,vn,confusable_with,0.4,"{""ipa_sim"": 0.5, ""len_diff"": 0}",automatic_only
phoneme:vn:/ɔ˧/,phoneme:vn:/o˧˥/,vn,confusable_with,0.483,"{""ipa_sim"": 0.667, ""len_diff"": 1}",automatic_only
phoneme:vn:/ɔ˧/,phoneme:vn:/əː˧/,vn,confusable_with,0.483,"{""ipa_sim"": 0.667, ""len_diff"": 1}",automatic_only
phoneme:vn:/ɔ˧/,phoneme:vn:/u˧/,vn,confusable_with,0.4,"{""ipa_sim"": 0.5, ""len_diff"": 0}",automatic_only
phoneme:vn:/ɔ˧/,phoneme:vn:/u˧˥/,vn,confusable_with,0.483,"{""ipa_sim"": 0.667, ""len_diff"": 1}",automatic_only
phoneme:vn:/ɔ˧/,phoneme:vn:/ɨ˧/,vn,confusable_with,0.4,"{""ipa_sim"": 0.5, ""len_diff"": 0}",automatic_only
phoneme:vn:/ɔ˧/,phoneme:vn:/ɨ˧˥/,vn,confusable_with,0.483,"{""ipa_sim"": 0.667, ""len_diff"": 1}",automatic_only
phoneme:vn:/ɔ˧˥/,phoneme:vn:/aː˧˥/,vn,confusable_with,0.55,"{""ipa_sim"": 0.75, ""len_diff"": 1}",automatic_only
phoneme:vn:/ɔ˧˥/,phoneme:vn:/aː˧ˀ˥/,vn,confusable_with,0.38,"{""ipa_sim"": 0.6, ""len_diff"": 2}",automatic_only
phoneme:vn:/ɔ˧˥/,phoneme:vn:/a˧/,vn,confusable_with,0.483,"{""ipa_sim"": 0.667, ""len_diff"": 1}",automatic_only
phoneme:vn:/ɔ˧˥/,phoneme:vn:/a˧˥/,vn,confusable_with,0.533,"{""ipa_sim"": 0.667, ""len_diff"": 0}",automatic_only
phoneme:vn:/ɔ˧˥/,phoneme:vn:/a˧˩˧/,vn,confusable_with,0.35,"{""ipa_sim"": 0.5, ""len_diff"": 1}",automatic_only
phoneme:vn:/ɔ˧˥/,phoneme:vn:/a˧ˀ˥/,vn,confusable_with,0.55,"{""ipa_sim"": 0.75, ""len_diff"": 1}",automatic_only
phoneme:vn:/ɔ˧˥/,phoneme:vn:/a˧˨ˀ/,vn,confusable_with,0.35,"{""ipa_sim"": 0.5, ""len_diff"": 1}",automatic_only
phoneme:vn:/ɔ˧˥/,phoneme:vn:/ə˧/,vn,confusable_with,0.483,"{""ipa_sim"": 0.667, ""len_diff"": 1}",automatic_only
phoneme:vn:/ɔ˧˥/,phoneme:vn:/ə˧˥/,vn,confusable_with,0.533,"{""ipa_sim"": 0.667, ""len_diff"": 0}",automatic_only
phoneme:vn:/ɔ˧˥/,phoneme:vn:/ə˧˩˧/,vn,confusable_with,0.35,"{""ipa_sim"": 0.5, ""len_diff"": 1}",automatic_only
phoneme:vn:/ɔ˧˥/,phoneme:vn:/ə˧ˀ˥/,vn,confusable_with,0.55,"{""ipa_sim"": 0.75, ""len_diff"": 1}",automatic_only
phoneme:vn:/ɔ˧˥/,phoneme:vn:/ə˧˨ˀ/,vn,confusable_with,0.35,"{""ipa_sim"": 0.5, ""len_diff"": 1}",automatic_only
phoneme:vn:/ɔ˧˥/,phoneme:vn:/ɛ˧/,vn,confusable_with,0.483,"{""ipa_sim"": 0.667, ""len_diff"": 1}",automatic_only
phoneme:vn:/ɔ˧˥/,phoneme:vn:/ɛ˧˥/,vn,confusable_with,0.533,"{""ipa_sim"": 0.667, ""len_diff"": 0}",automatic_only
phoneme:vn:/ɔ˧˥/,phoneme:vn:/ɛ˧˩˧/,vn,confusable_with,0.35,"{""ipa_sim"": 0.5, ""len_diff"": 1}",automatic_only
phoneme:vn:/ɔ˧˥/,phoneme:vn:/ɛ˧ˀ˥/,vn,confusable_with,0.55,"{""ipa_sim"": 0.75, ""len_diff"": 1}",automatic_only
phoneme:vn:/ɔ˧˥/,phoneme:vn:/ɛ˧˨ˀ/,vn,confusable_with,0.35,"{""ipa_sim"": 0.5, ""len_diff"": 1}",automatic_only
phoneme:vn:/ɔ˧˥/,phoneme:vn:/e˧/,vn,confusable_with,0.483,"{""ipa_sim"": 0.667, ""len_diff"": 1}",automatic_only
phoneme:vn:/ɔ˧˥/,phoneme:vn:/e˧˥/,vn,confusable_with,0.533,"{""ipa_sim"": 0.667, ""len_diff"": 0}",automatic_only
phoneme:vn:/ɔ˧˥/,phoneme:vn:/e˧˩˧/,vn,confusable_with,0.35,"{""ipa_sim"": 0.5, ""len_diff"": 1}",automatic_only
phoneme:vn:/ɔ˧˥/,phoneme:vn:/e˧ˀ˥/,vn,confusable_with,0.55,"{""ipa_sim"": 0.75, ""len_diff"": 1}",automatic_only
phoneme:vn:/ɔ˧˥/,phoneme:vn:/e˧˨ˀ/,vn,confusable_with,0.35,"{""ipa_sim"": 0.5, ""len_diff"": 1}",automatic_only
phoneme:vn:/ɔ˧˥/,phoneme:vn:/i˧/,vn,confusable_with,0.483,"{""ipa_sim"": 0.667, ""len_diff"": 1}",automatic_only
phoneme:vn:/ɔ˧˥/,phoneme:vn:/i˧˥/,vn,confusable_with,0.533,"{""ipa_sim"": 0.667, ""len_diff"": 0}",automatic_only
phoneme:vn:/ɔ˧˥/,phoneme:vn:/i˧˩˧/,vn,confusable_with,0.35,"{""ipa_sim"": 0.5, ""len_diff"": 1}",automatic_only
phoneme:vn:/ɔ˧˥/,phoneme:vn:/i˧ˀ˥/,vn,confusable_with,0.55,"{""ipa_sim"": 0.75, ""len_diff"": 1}",automatic_only
phoneme:vn:/ɔ˧˥/,phoneme:vn:/i˧˨ˀ/,vn,confusable_with,0.35,"{""ipa_sim"": 0.5, ""len_diff"": 1}",automatic_only
phoneme:vn:/ɔ˧˥/,phoneme:vn:/ɔ˧/,vn,confusable_with,0.75,"{""ipa_sim"": 1.0, ""len_diff"": 1}",automatic_only
phoneme:vn:/ɔ˧˥/,phoneme:vn:/ɔ˧˩˧/,vn,confusable_with,0.55,"{""ipa_sim"": 0.75, ""len_diff"": 1}",automatic_only
phoneme:vn:/ɔ˧˥/,phoneme:vn:/ɔ˧ˀ˥/,vn,confusable_with,0.75,"{""ipa_sim"": 1.0, ""len_diff"": 1}",automatic_only
phoneme:vn:/ɔ˧˥/,phoneme:vn:/ɔ˧˨ˀ/,vn,confusable_with,0.55,"{""ipa_sim"": 0.75, ""len_diff"": 1}",automatic_only
phoneme:vn:/ɔ˧˥/,phoneme:vn:/o˧/,vn,confusable_with,0.483,"{""ipa_sim"": 0.667, ""len_diff"": 1}",automatic_only
phoneme:vn:/ɔ˧˥/,phoneme:vn:/o˧˥/,vn,confusable_with,0.533,"{""ipa_sim"": 0.667, ""len_diff"": 0}",automatic_only
phoneme:vn:/ɔ˧˥/,phoneme:vn:/o˧˩˧/,vn,confusable_with,0.35,"{""ipa_sim"": 0.5, ""len_diff"": 1}",automatic_only
phoneme:vn:/ɔ˧˥/,phoneme:vn:/o˧ˀ˥/,vn,confusable_with,0.55,"{""ipa_sim"": 0.75, ""len_diff"": 1}",automatic_only
phoneme:vn:/ɔ˧˥/,phoneme:vn:/o˧˨ˀ/,vn,confusable_with,0.35,"{""ipa_sim"": 0.5, ""len_diff"": 1}",automatic_only
phoneme:vn:/ɔ˧˥/,phoneme:vn:/əː˧˥/,vn,confusable_with,0.55,"{""ipa_sim"": 0.75, ""len_diff"": 1}",automatic_only
phoneme:vn:/ɔ˧˥/,phoneme:vn:/əː˧ˀ˥/,vn,confusable_with,0.38,"{""ipa_sim"": 0.6, ""len_diff"": 2}",automatic_only
phoneme:vn:/ɔ˧˥/,phoneme:vn:/u˧/,vn,confusable_with,0.483,"{""ipa_sim"": 0.667, ""len_diff"": 1}",automatic_only
phoneme:vn:/ɔ˧˥/,phoneme:vn:/u˧˥/,vn,confusable_with,0.533,"{""ipa_sim"": 0.667, ""len_diff"": 0}",automatic_only
phoneme:vn:/ɔ˧˥/,phoneme:vn:/u˧˩˧/,vn,confusable_with,0.35,"{""ipa_sim"": 0.5, ""len_diff"": 1}",automatic_only
phoneme:vn:/ɔ˧˥/,phoneme:vn:/u˧ˀ˥/,vn,confusable_with,0.55,"{""ipa_sim"": 0.75, ""len_diff"": 1}",automatic_only
phoneme:vn:/ɔ˧˥/,phoneme:vn:/u˧˨ˀ/,vn,confusable_with,0.35,"{""ipa_sim"": 0.5, ""len_diff"": 1}",automatic_only
phoneme:vn:/ɔ˧˥/,phoneme:vn:/ɨ˧/,vn,confusable_with,0.483,"{""ipa_sim"": 0.667, ""len_diff"": 1}",automatic_only
phoneme:vn:/ɔ˧˥/,phoneme:vn:/ɨ˧˥/,vn,confusable_with,0.533,"{""ipa_sim"": 0.667, ""len_diff"": 0}",automatic_only
phoneme:vn:/ɔ˧˥/,phoneme:vn:/ɨ˧˩˧/,vn,confusable_with,0.35,"{""ipa_sim"": 0.5, ""len_diff"": 1}",automatic_only
phoneme:vn:/ɔ˧˥/,phoneme:vn:/ɨ˧ˀ˥/,vn,confusable_with,0.55,"{""ipa_sim"": 0.75, ""len_diff"": 1}",automatic_only
phoneme:vn:/ɔ˧˥/,phoneme:vn:/ɨ˧˨ˀ/,vn,confusable_with,0.35,"{""ipa_sim"": 0.5, ""len_diff"": 1}",automatic_only
phoneme:vn:/ɔ˨˩/,phoneme:vn:/aː˨˩/,vn,confusable_with,0.55,"{""ipa_sim"": 0.75, ""len_diff"": 1}",automatic_only
phoneme:vn:/ɔ˨˩/,phoneme:vn:/a˨˩/,vn,confusable_with,0.533,"{""ipa_sim"": 0.667, ""len_diff"": 0}",automatic_only
phoneme:vn:/ɔ˨˩/,phoneme:vn:/a˧˩˧/,vn,confusable_with,0.35,"{""ipa_sim"": 0.5, ""len_diff"": 1}",automatic_only
phoneme:vn:/ɔ˨˩/,phoneme:vn:/a˧˨ˀ/,vn,confusable_with,0.35,"{""ipa_sim"": 0.5, ""len_diff"": 1}",automatic_only
phoneme:vn:/ɔ˨˩/,phoneme:vn:/ə˨˩/,vn,confusable_with,0.533,"{""ipa_sim"": 0.667, ""len_diff"": 0}",automatic_only
phoneme:vn:/ɔ˨˩/,phoneme:vn:/ə˧˩˧/,vn,confusable_with,0.35,"{""ipa_sim"": 0.5, ""len_diff"": 1}",automatic_only
phoneme:vn:/ɔ˨˩/,phoneme:vn:/ə˧˨ˀ/,vn,confusable_with,0.35,"{""ipa_sim"": 0.5, ""len_diff"": 1}",automatic_only
phoneme:vn:/ɔ˨˩/,phoneme:vn:/ɛ˨˩/,vn,confusable_with,0.533,"{""ipa_sim"": 0.667, ""len_diff"": 0}",automatic_only
phoneme:vn:/ɔ˨˩/,phoneme:vn:/ɛ˧˩˧/,vn,confusable_with,0.35,"{""ipa_sim"": 0.5, ""len_diff"": 1}",automatic_only
phoneme:vn:/ɔ˨˩/,phoneme:vn:/ɛ˧˨ˀ/,vn,confusable_with,0.35,"{""ipa_sim"": 0.5, ""len_diff"": 1}",automatic_only
phoneme:vn:/ɔ˨˩/,phoneme:vn:/e˨˩/,vn,confusable_with,0.533,"{""ipa_sim"": 0.667, ""len_diff"": 0}",automatic_only
phoneme:vn:/ɔ˨˩/,phoneme:vn:/e˧˩˧/,vn,confusable_with,0.35,"{""ipa_sim"": 0.5, ""len_diff"": 1}",automatic_only
phoneme:vn:/ɔ˨˩/,phoneme:vn:/e˧˨ˀ/,vn,confusable_with,0.35,"{""ipa_sim"": 0.5, ""len_diff"": 1}",automatic_only
phoneme:vn:/ɔ˨˩/,phoneme:vn:/i˨˩/,vn,confusable_with,0.533,"{""ipa_sim"": 0.667, ""len_diff"": 0}",automatic_only
phoneme:vn:/ɔ˨˩/,phoneme:vn:/i˧˩˧/,vn,confusable_with,0.35,"{""ipa_sim"": 0.5, ""len_diff"": 1}",automatic_only
phoneme:vn:/ɔ˨˩/,phoneme:vn:/i˧˨ˀ/,vn,confusable_with,0.35,"{""ipa_sim"": 0.5, ""len_diff"": 1}",automatic_only
phoneme:vn:/ɔ˨˩/,phoneme:vn:/ɔ˧/,vn,confusable_with,0.483,"{""ipa_sim"": 0.667, ""len_diff"": 1}",automatic_only
phoneme:vn:/ɔ˨˩/,phoneme:vn:/ɔ˧˩˧/,vn,confusable_with,0.55,"{""ipa_sim"": 0.75, ""len_diff"": 1}",automatic_only
phoneme:vn:/ɔ˨˩/,phoneme:vn:/ɔ˧ˀ˥/,vn,confusable_with,0.35,"{""ipa_sim"": 0.5, ""len_diff"": 1}",automatic_only
phoneme:vn:/ɔ˨˩/,phoneme:vn:/ɔ˧˨ˀ/,vn,confusable_with,0.55,"{""ipa_sim"": 0.75, ""len_diff"": 1}",automatic_only
phoneme:vn:/ɔ˨˩/,phoneme:vn:/o˨˩/,vn,confusable_with,0.533,"{""ipa_sim"": 0.667, ""len_diff"": 0}",automatic_only
phoneme:vn:/ɔ˨˩/,phoneme:vn:/o˧˩˧/,vn,confusable_with,0.35,"{""ipa_sim"": 0.5, ""len_diff"": 1}",automatic_only
phoneme:vn:/ɔ˨˩/,phoneme:vn:/o˧˨ˀ/,vn,confusable_with,0.35,"{""ipa_sim"": 0.5, ""len_diff"": 1}",automatic_only
phoneme:vn:/ɔ˨˩/,phoneme:vn:/əː˨˩/,vn,confusable_with,0.55,"{""ipa_sim"": 0.75, ""len_diff"": 1}",automatic_only
phoneme:vn:/ɔ˨˩/,phoneme:vn:/u˨˩/,vn,confusable_with,0.533,"{""ipa_sim"": 0.667, ""len_diff"": 0}",automatic_only
phoneme:vn:/ɔ˨˩/,phoneme:vn:/u˧˩˧/,vn,confusable_with,0.35,"{""ipa_sim"": 0.5, ""len_diff"": 1}",automatic_only
phoneme:vn:/ɔ˨˩/,phoneme:vn:/u˧˨ˀ/,vn,confusable_with,0.35,"{""ipa_sim"": 0.5, ""len_diff"": 1}",automatic_only
phoneme:vn:/ɔ˨˩/,phoneme:vn:/ɨ˨˩/,vn,confusable_with,0.533,"{""ipa_sim"": 0.667, ""len_diff"": 0}",automatic_only
phoneme:vn:/ɔ˨˩/,phoneme:vn:/ɨ˧˩˧/,vn,confusable_with,0.35,"{""ipa_sim"": 0.5, ""len_diff"": 1}",automatic_only
phoneme:vn:/ɔ˨˩/,phoneme:vn:/ɨ˧˨ˀ/,vn,confusable_with,0.35,"{""ipa_sim"": 0.5, ""len_diff"": 1}",automatic_only
phoneme:vn:/ɔ˧˩˧/,phoneme:vn:/aː˧/,vn,confusable_with,0.35,"{""ipa_sim"": 0.5, ""len_diff"": 1}",automatic_only
phoneme:vn:/ɔ˧˩˧/,phoneme:vn:/aː˧˩˧/,vn,confusable_with,0.59,"{""ipa_sim"": 0.8, ""len_diff"": 1}",automatic_only
phoneme:vn:/ɔ˧˩˧/,phoneme:vn:/a˧˥/,vn,confusable_with,0.35,"{""ipa_sim"": 0.5, ""len_diff"": 1}",automatic_only
phoneme:vn:/ɔ˧˩˧/,phoneme:vn:/a˨˩/,vn,confusable_with,0.35,"{""ipa_sim"": 0.5, ""len_diff"": 1}",automatic_only
phoneme:vn:/ɔ˧˩˧/,phoneme:vn:/a˧˩˧/,vn,confusable_with,0.6,"{""ipa_sim"": 0.75, ""len_diff"": 0}",automatic_only
phoneme:vn:/ɔ˧˩˧/,phoneme:vn:/ə˧˥/,vn,confusable_with,0.35,"{""ipa_sim"": 0.5, ""len_diff"": 1}",automatic_only
phoneme:vn:/ɔ˧˩˧/,phoneme:vn:/ə˨˩/,vn,confusable_with,0.35,"{""ipa_sim"": 0.5, ""len_diff"": 1}",automatic_only
phoneme:vn:/ɔ˧˩˧/,phoneme:vn:/ə˧˩˧/,vn,confusable_with,0.6,"{""ipa_sim"": 0.75, ""len_diff"": 0}",automatic_only
phoneme:vn:/ɔ˧˩˧/,phoneme:vn:/ɛ˧˥/,vn,confusable_with,0.35,"{""ipa_sim"": 0.5, ""len_diff"": 1}",automatic_only
phoneme:vn:/ɔ˧˩˧/,phoneme:vn:/ɛ˨˩/,vn,confusable_with,0.35,"{""ipa_sim"": 0.5, ""len_diff"": 1}",automatic_only
phoneme:vn:/ɔ˧˩˧/,phoneme:vn:/ɛ˧˩˧/,vn,confusable_with,0.6,"{""ipa_sim"": 0.75, ""len_diff"": 0}",automatic_only
phoneme:vn:/ɔ˧˩˧/,phoneme:vn:/e˧˥/,vn,confusable_with,0.35,"{""ipa_sim"": 0.5, ""len_diff"": 1}",automatic_only
phoneme:vn:/ɔ˧˩˧/,phoneme:vn:/e˨˩/,vn,confusable_with,0.35,"{""ipa_sim"": 0.5, ""len_diff"": 1}",automatic_only
phoneme:vn:/ɔ˧˩˧/,phoneme:vn:/e˧˩˧/,vn,confusable_with,0.6,"{""ipa_sim"": 0.75, ""len_diff"": 0}",automatic_only
phoneme:vn:/ɔ˧˩˧/,phoneme:vn:/i˧˥/,vn,confusable_with,0.35,"{""ipa_sim"": 0.5, ""len_diff"": 1}",automatic_only
phoneme:vn:/ɔ˧˩˧/,phoneme:vn:/i˨˩/,vn,confusable_with,0.35,"{""ipa_sim"": 0.5, ""len_diff"": 1}",automatic_only
phoneme:vn:/ɔ˧˩˧/,phoneme:vn:/i˧˩˧/,vn,confusable_with,0.6,"{""ipa_sim"": 0.75, ""len_diff"": 0}",automatic_only
phoneme:vn:/ɔ˧˩˧/,phoneme:vn:/ɔ˧/,vn,confusable_with,0.5,"{""ipa_sim"": 0.75, ""len_diff"": 2}",automatic_only
phoneme:vn:/ɔ˧˩˧/,phoneme:vn:/ɔ˧˥/,vn,confusable_with,0.55,"{""ipa_sim"": 0.75, ""len_diff"": 1}",automatic_only
phoneme:vn:/ɔ˧˩˧/,phoneme:vn:/ɔ˨˩/,vn,confusable_with,0.55,"{""ipa_sim"": 0.75, ""len_diff"": 1}",automatic_only
phoneme:vn:/ɔ˧˩˧/,phoneme:vn:/ɔ˧ˀ˥/,vn,confusable_with,0.4,"{""ipa_sim"": 0.5, ""len_diff"": 0}",automatic_only
phoneme:vn:/ɔ˧˩˧/,phoneme:vn:/ɔ˧˨ˀ/,vn,confusable_with,0.4,"{""ipa_sim"": 0.5, ""len_diff"": 0}",automatic_only
phoneme:vn:/ɔ˧˩˧/,phoneme:vn:/o˧˥/,vn,confusable_with,0.35,"{""ipa_sim"": 0.5, ""len_diff"": 1}",automatic_only
phoneme:vn:/ɔ˧˩˧/,phoneme:vn:/o˨˩/,vn,confusable_with,0.35,"{""ipa_sim"": 0.5, ""len_diff"": 1}",automatic_only
phoneme:vn:/ɔ˧˩˧/,phoneme:vn:/o˧˩˧/,vn,confusable_with,0.6,"{""ipa_sim"": 0.75, ""len_diff"": 0}",automatic_only
phoneme:vn:/ɔ˧˩˧/,phoneme:vn:/əː˧/,vn,confusable_with,0.35,"{""ipa_sim"": 0.5, ""len_diff"": 1}",automatic_only
phoneme:vn:/ɔ˧˩˧/,phoneme:vn:/əː˧˩˧/,vn,confusable_with,0.59,"{""ipa_sim"": 0.8, ""len_diff"": 1}",automatic_only
phoneme:vn:/ɔ˧˩˧/,phoneme:vn:/u˧˥/,vn,confusable_with,0.35,"{""ipa_sim"": 0.5, ""len_diff"": 1}",automatic_only
phoneme:vn:/ɔ˧˩˧/,phoneme:vn:/u˨˩/,vn,confusable_with,0.35,"{""ipa_sim"": 0.5, ""len_diff"": 1}",automatic_only
phoneme:vn:/ɔ˧˩˧/,phoneme:vn:/u˧˩˧/,vn,confusable_with,0.6,"{""ipa_sim"": 0.75, ""len_diff"": 0}",automatic_only
phoneme:vn:/ɔ˧˩˧/,phoneme:vn:/ɨ˧˥/,vn,confusable_with,0.35,"{""ipa_sim"": 0.5, ""len_diff"": 1}",automatic_only
phoneme:vn:/ɔ˧˩˧/,phoneme:vn:/ɨ˨˩/,vn,confusable_with,0.35,"{""ipa_sim"": 0.5, ""len_diff"": 1}",automatic_only
phoneme:vn:/ɔ˧˩˧/,phoneme:vn:/ɨ˧˩˧/,vn,confusable_with,0.6,"{""ipa_sim"": 0.75, ""len_diff"": 0}",automatic_only
phoneme:vn:/ɔ˧ˀ˥/,phoneme:vn:/aː˧/,vn,confusable_with,0.35,"{""ipa_sim"": 0.5, ""len_diff"": 1}",automatic_only
phoneme:vn:/ɔ˧ˀ˥/,phoneme:vn:/aː˧˥/,vn,confusable_with,0.4,"{""ipa_sim"": 0.5, ""len_diff"": 0}",automatic_only
phoneme:vn:/ɔ˧ˀ˥/,phoneme:vn:/aː˧ˀ˥/,vn,confusable_with,0.59,"{""ipa_sim"": 0.8, ""len_diff"": 1}",automatic_only
phoneme:vn:/ɔ˧ˀ˥/,phoneme:vn:/aː˧˨ˀ/,vn,confusable_with,0.43,"{""ipa_sim"": 0.6, ""len_diff"": 1}",automatic_only
phoneme:vn:/ɔ˧ˀ˥/,phoneme:vn:/a˧˥/,vn,confusable_with,0.55,"{""ipa_sim"": 0.75, ""len_diff"": 1}",automatic_only
phoneme:vn:/ɔ˧ˀ˥/,phoneme:vn:/a˧ˀ˥/,vn,confusable_with,0.6,"{""ipa_sim"": 0.75, ""len_diff"": 0}",automatic_only
phoneme:vn:/ɔ˧ˀ˥/,phoneme:vn:/a˧˨ˀ/,vn,confusable_with,0.4,"{""ipa_sim"": 0.5, ""len_diff"": 0}",automatic_only
phoneme:vn:/ɔ˧ˀ˥/,phoneme:vn:/ə˧˥/,vn,confusable_with,0.55,"{""ipa_sim"": 0.75, ""len_diff"": 1}",automatic_only
phoneme:vn:/ɔ˧ˀ˥/,phoneme:vn:/ə˧ˀ˥/,vn,confusable_with,0.6,"{""ipa_sim"": 0.75, ""len_diff"": 0}",automatic_only
phoneme:vn:/ɔ˧ˀ˥/,phoneme:vn:/ə˧˨ˀ/,vn,confusable_with,0.4,"{""ipa_sim"": 0.5, ""len_diff"": 0}",automatic_only
phoneme:vn:/ɔ˧ˀ˥/,phoneme:vn:/ɛ˧˥/,vn,confusable_with,0.55,"{""ipa_sim"": 0.75, ""len_diff"": 1}",automatic_only
phoneme:vn:/ɔ˧ˀ˥/,phoneme:vn:/ɛ˧ˀ˥/,vn,confusable_with,0.6,"{""ipa_sim"": 0.75, ""len_diff"": 0}",automatic_only
phoneme:vn:/ɔ˧ˀ˥/,phoneme:vn:/ɛ˧˨ˀ/,vn,confusable_with,0.4,"{""ipa_sim"": 0.5, ""len_diff"": 0}",automatic_only
phoneme:vn:/ɔ˧ˀ˥/,phoneme:vn:/e˧˥/,vn,confusable_with,0.55,"{""ipa_sim"": 0.75, ""len_diff"": 1}",automatic_only
phoneme:vn:/ɔ˧ˀ˥/,phoneme:vn:/e˧ˀ˥/,vn,confusable_with,0.6,"{""ipa_sim"": 0.75, ""len_diff"": 0}",automatic_only
phoneme:vn:/ɔ˧ˀ˥/,phoneme:vn:/e˧˨ˀ/,vn,confusable_with,0.4,"{""ipa_sim"": 0.5, ""len_diff"": 0}",automatic_only
phoneme:vn:/ɔ˧ˀ˥/,phoneme:vn:/i˧˥/,vn,confusable_with,0.55,"{""ipa_sim"": 0.75, ""len_diff"": 1}",automatic_only
phoneme:vn:/ɔ˧ˀ˥/,phoneme:vn:/i˧ˀ˥/,vn,confusable_with,0.6,"{""ipa_sim"": 0.75, ""len_diff"": 0}",automatic_only
phoneme:vn:/ɔ˧ˀ˥/,phoneme:vn:/i˧˨ˀ/,vn,confusable_with,0.4,"{""ipa_sim"": 0.5, ""len_diff"": 0}",automatic_only
phoneme:vn:/ɔ˧ˀ˥/,phoneme:vn:/ɔ˧/,vn,confusable_with,0.5,"{""ipa_sim"": 0.75, ""len_diff"": 2}",automatic_only
phoneme:vn:/ɔ˧ˀ˥/,phoneme:vn:/ɔ˧˥/,vn,confusable_with,0.75,"{""ipa_sim"": 1.0, ""len_diff"": 1}",automatic_only
phoneme:vn:/ɔ˧ˀ˥/,phoneme:vn:/ɔ˨˩/,vn,confusable_with,0.35,"{""ipa_sim"": 0.5, ""len_diff"": 1}",automatic_only
phoneme:vn:/ɔ˧ˀ˥/,phoneme:vn:/ɔ˧˩˧/,vn,confusable_with,0.4,"{""ipa_sim"": 0.5, ""len_diff"": 0}",automatic_only
phoneme:vn:/ɔ˧ˀ˥/,phoneme:vn:/ɔ˧˨ˀ/,vn,confusable_with,0.6,"{""ipa_sim"": 0.75, ""len_diff"": 0}",automatic_only
phoneme:vn:/ɔ˧ˀ˥/,phoneme:vn:/o˧˥/,vn,confusable_with,0.55,"{""ipa_sim"": 0.75, ""len_diff"": 1}",automatic_only
phoneme:vn:/ɔ˧ˀ˥/,phoneme:vn:/o˧ˀ˥/,vn,confusable_with,0.6,"{""ipa_sim"": 0.75, ""len_diff"": 0}",automatic_only
phoneme:vn:/ɔ˧ˀ˥/,phoneme:vn:/o˧˨ˀ/,vn,confusable_with,0.4,"{""ipa_sim"": 0.5, ""len_diff"": 0}",automatic_only
phoneme:vn:/ɔ˧ˀ˥/,phoneme:vn:/əː˧/,vn,confusable_with,0.35,"{""ipa_sim"": 0.5, ""len_diff"": 1}",automatic_only
phoneme:vn:/ɔ˧ˀ˥/,phoneme:vn:/əː˧˥/,vn,confusable_with,0.4,"{""ipa_sim"": 0.5, ""len_diff"": 0}",automatic_only
phoneme:vn:/ɔ˧ˀ˥/,phoneme:vn:/əː˧ˀ˥/,vn,confusable_with,0.59,"{""ipa_sim"": 0.8, ""len_diff"": 1}",automatic_only
phoneme:vn:/ɔ˧ˀ˥/,phoneme:vn:/əː˧˨ˀ/,vn,confusable_with,0.43,"{""ipa_sim"": 0.6, ""len_diff"": 1}",automatic_only
phoneme:vn:/ɔ˧ˀ˥/,phoneme:vn:/u˧˥/,vn,confusable_with,0.55,"{""ipa_sim"": 0.75, ""len_diff"": 1}",automatic_only
phoneme:vn:/ɔ˧ˀ˥/,phoneme:vn:/u˧ˀ˥/,vn,confusable_with,0.6,"{""ipa_sim"": 0.75, ""len_diff"": 0}",automatic_only
phoneme:vn:/ɔ˧ˀ˥/,phoneme:vn:/u˧˨ˀ/,vn,confusable_with,0.4,"{""ipa_sim"": 0.5, ""len_diff"": 0}",automatic_only
phoneme:vn:/ɔ˧ˀ˥/,phoneme:vn:/ɨ˧˥/,vn,confusable_with,0.55,"{""ipa_sim"": 0.75, ""len_diff"": 1}",automatic_only
phoneme:vn:/ɔ˧ˀ˥/,phoneme:vn:/ɨ˧ˀ˥/,vn,confusable_with,0.6,"{""ipa_sim"": 0.75, ""len_diff"": 0}",automatic_only
phoneme:vn:/ɔ˧ˀ˥/,phoneme:vn:/ɨ˧˨ˀ/,vn,confusable_with,0.4,"{""ipa_sim"": 0.5, ""len_diff"": 0}",automatic_only
phoneme:vn:/ɔ˧˨ˀ/,phoneme:vn:/aː˧/,vn,confusable_with,0.35,"{""ipa_sim"": 0.5, ""len_diff"": 1}",automatic_only
phoneme:vn:/ɔ˧˨ˀ/,phoneme:vn:/aː˧ˀ˥/,vn,confusable_with,0.43,"{""ipa_sim"": 0.6, ""len_diff"": 1}",automatic_only
phoneme:vn:/ɔ˧˨ˀ/,phoneme:vn:/aː˧˨ˀ/,vn,confusable_with,0.59,"{""ipa_sim"": 0.8, ""len_diff"": 1}",automatic_only
phoneme:vn:/ɔ˧˨ˀ/,phoneme:vn:/a˧˥/,vn,confusable_with,0.35,"{""ipa_sim"": 0.5, ""len_diff"": 1}",automatic_only
phoneme:vn:/ɔ˧˨ˀ/,phoneme:vn:/a˨˩/,vn,confusable_with,0.35,"{""ipa_sim"": 0.5, ""len_diff"": 1}",automatic_only
phoneme:vn:/ɔ˧˨ˀ/,phoneme:vn:/a˧ˀ˥/,vn,confusable_with,0.4,"{""ipa_sim"": 0.5, ""len_diff"": 0}",automatic_only
phoneme:vn:/ɔ˧˨ˀ/,phoneme:vn:/a˧˨ˀ/,vn,confusable_with,0.6,"{""ipa_sim"": 0.75, ""len_diff"": 0}",automatic_only
phoneme:vn:/ɔ˧˨ˀ/,phoneme:vn:/ə˧˥/,vn,confusable_with,0.35,"{""ipa_sim"": 0.5, ""len_diff"": 1}",automatic_only
phoneme:vn:/ɔ˧˨ˀ/,phoneme:vn:/ə˨˩/,vn,confusable_with,0.35,"{""ipa_sim"": 0.5, ""len_diff"": 1}",automatic_only
phoneme:vn:/ɔ˧˨ˀ/,phoneme:vn:/ə˧ˀ˥/,vn,confusable_with,0.4,"{""ipa_sim"": 0.5, ""len_diff"": 0}",automatic_only
phoneme:vn:/ɔ˧˨ˀ/,phoneme:vn:/ə˧˨ˀ/,vn,confusable_with,0.6,"{""ipa_sim"": 0.75, ""len_diff"": 0}",automatic_only
phoneme:vn:/ɔ˧˨ˀ/,phoneme:vn:/ɛ˧˥/,vn,confusable_with,0.35,"{""ipa_sim"": 0.5, ""len_diff"": 1}",automatic_only
phoneme:vn:/ɔ˧˨ˀ/,phoneme:vn:/ɛ˨˩/,vn,confusable_with,0.35,"{""ipa_sim"": 0.5, ""len_diff"": 1}",automatic_only
phoneme:vn:/ɔ˧˨ˀ/,phoneme:vn:/ɛ˧ˀ˥/,vn,confusable_with,0.4,"{""ipa_sim"": 0.5, ""len_diff"": 0}",automatic_only
phoneme:vn:/ɔ˧˨ˀ/,phoneme:vn:/ɛ˧˨ˀ/,vn,confusable_with,0.6,"{""ipa_sim"": 0.75, ""len_diff"": 0}",automatic_only
phoneme:vn:/ɔ˧˨ˀ/,phoneme:vn:/e˧˥/,vn,confusable_with,0.35,"{""ipa_sim"": 0.5, ""len_diff"": 1}",automatic_only
phoneme:vn:/ɔ˧˨ˀ/,phoneme:vn:/e˨˩/,vn,confusable_with,0.35,"{""ipa_sim"": 0.5, ""len_diff"": 1}",automatic_only
phoneme:vn:/ɔ˧˨ˀ/,phoneme:vn:/e˧ˀ˥/,vn,confusable_with,0.4,"{""ipa_sim"": 0.5, ""len_diff"": 0}",automatic_only
phoneme:vn:/ɔ˧˨ˀ/,phoneme:vn:/e˧˨ˀ/,vn,confusable_with,0.6,"{""ipa_sim"": 0.75, ""len_diff"": 0}",automatic_only
phoneme:vn:/ɔ˧˨ˀ/,phoneme:vn:/i˧˥/,vn,confusable_with,0.35,"{""ipa_sim"": 0.5, ""len_diff"": 1}",automatic_only
phoneme:vn:/ɔ˧˨ˀ/,phoneme:vn:/i˨˩/,vn,confusable_with,0.35,"{""ipa_sim"": 0.5, ""len_diff"": 1}",automatic_only
phoneme:vn:/ɔ˧˨ˀ/,phoneme:vn:/i˧ˀ˥/,vn,confusable_with,0.4,"{""ipa_sim"": 0.5, ""len_diff"": 0}",automatic_only
phoneme:vn:/ɔ˧˨ˀ/,phoneme:vn:/i˧˨ˀ/,vn,confusable_with,0.6,"{""ipa_sim"": 0.75, ""len_diff"": 0}",automatic_only
phoneme:vn:/ɔ˧˨ˀ/,phoneme:vn:/ɔ˧/,vn,confusable_with,0.5,"{""ipa_sim"": 0.75, ""len_diff"": 2}",automatic_only
phoneme:vn:/ɔ˧˨ˀ/,phoneme:vn:/ɔ˧˥/,vn,confusable_with,0.55,"{""ipa_sim"": 0.75, ""len_diff"": 1}",automatic_only
phoneme:vn:/ɔ˧˨ˀ/,phoneme:vn:/ɔ˨˩/,vn,confusable_with,0.55,"{""ipa_sim"": 0.75, ""len_diff"": 1}",automatic_only
phoneme:vn:/ɔ˧˨ˀ/,phoneme:vn:/ɔ˧˩˧/,vn,confusable_with,0.4,"{""ipa_sim"": 0.5, ""len_diff"": 0}",automatic_only
phoneme:vn:/ɔ˧˨ˀ/,phoneme:vn:/ɔ˧ˀ˥/,vn,confusable_with,0.6,"{""ipa_sim"": 0.75, ""len_diff"": 0}",automatic_only
phoneme:vn:/ɔ˧˨ˀ/,phoneme:vn:/o˧˥/,vn,confusable_with,0.35,"{""ipa_sim"": 0.5, ""len_diff"": 1}",automatic_only
phoneme:vn:/ɔ˧˨ˀ/,phoneme:vn:/o˨˩/,vn,confusable_with,0.35,"{""ipa_sim"": 0.5, ""len_diff"": 1}",automatic_only
phoneme:vn:/ɔ˧˨ˀ/,phoneme:vn:/o˧ˀ˥/,vn,confusable_with,0.4,"{""ipa_sim"": 0.5, ""len_diff"": 0}",automatic_only
phoneme:vn:/ɔ˧˨ˀ/,phoneme:vn:/o˧˨ˀ/,vn,confusable_with,0.6,"{""ipa_sim"": 0.75, ""len_diff"": 0}",automatic_only
phoneme:vn:/ɔ˧˨ˀ/,phoneme:vn:/əː˧/,vn,confusable_with,0.35,"{""ipa_sim"": 0.5, ""len_diff"": 1}",automatic_only
phoneme:vn:/ɔ˧˨ˀ/,phoneme:vn:/əː˧ˀ˥/,vn,confusable_with,0.43,"{""ipa_sim"": 0.6, ""len_diff"": 1}",automatic_only
phoneme:vn:/ɔ˧˨ˀ/,phoneme:vn:/əː˧˨ˀ/,vn,confusable_with,0.59,"{""ipa_sim"": 0.8, ""len_diff"": 1}",automatic_only
phoneme:vn:/ɔ˧˨ˀ/,phoneme:vn:/u˧˥/,vn,confusable_with,0.35,"{""ipa_sim"": 0.5, ""len_diff"": 1}",automatic_only
phoneme:vn:/ɔ˧˨ˀ/,phoneme:vn:/u˨˩/,vn,confusable_with,0.35,"{""ipa_sim"": 0.5, ""len_diff"": 1}",automatic_only
phoneme:vn:/ɔ˧˨ˀ/,phoneme:vn:/u˧ˀ˥/,vn,confusable_with,0.4,"{""ipa_sim"": 0.5, ""len_diff"": 0}",automatic_only
phoneme:vn:/ɔ˧˨ˀ/,phoneme:vn:/u˧˨ˀ/,vn,confusable_with,0.6,"{""ipa_sim"": 0.75, ""len_diff"": 0}",automatic_only
phoneme:vn:/ɔ˧˨ˀ/,phoneme:vn:/ɨ˧˥/,vn,confusable_with,0.35,"{""ipa_sim"": 0.5, ""len_diff"": 1}",automatic_only
phoneme:vn:/ɔ˧˨ˀ/,phoneme:vn:/ɨ˨˩/,vn,confusable_with,0.35,"{""ipa_sim"": 0.5, ""len_diff"": 1}",automatic_only
phoneme:vn:/ɔ˧˨ˀ/,phoneme:vn:/ɨ˧ˀ˥/,vn,confusable_with,0.4,"{""ipa_sim"": 0.5, ""len_diff"": 0}",automatic_only
phoneme:vn:/ɔ˧˨ˀ/,phoneme:vn:/ɨ˧˨ˀ/,vn,confusable_with,0.6,"{""ipa_sim"": 0.75, ""len_diff"": 0}",automatic_only
phoneme:vn:/o˧/,phoneme:vn:/aː˧/,vn,confusable_with,0.483,"{""ipa_sim"": 0.667, ""len_diff"": 1}",automatic_only
phoneme:vn:/o˧/,phoneme:vn:/a˧/,vn,confusable_with,0.4,"{""ipa_sim"": 0.5, ""len_diff"": 0}",automatic_only
phoneme:vn:/o˧/,phoneme:vn:/a˧˥/,vn,confusable_with,0.483,"{""ipa_sim"": 0.667, ""len_diff"": 1}",automatic_only
phoneme:vn:/o˧/,phoneme:vn:/ə˧/,vn,confusable_with,0.4,"{""ipa_sim"": 0.5, ""len_diff"": 0}",automatic_only
phoneme:vn:/o˧/,phoneme:vn:/ə˧˥/,vn,confusable_with,0.483,"{""ipa_sim"": 0.667, ""len_diff"": 1}",automatic_only
phoneme:vn:/o˧/,phoneme:vn:/ɛ˧/,vn,confusable_with,0.4,"{""ipa_sim"": 0.5, ""len_diff"": 0}",automatic_only
phoneme:vn:/o˧/,phoneme:vn:/ɛ˧˥/,vn,confusable_with,0.483,"{""ipa_sim"": 0.667, ""len_diff"": 1}",automatic_only
phoneme:vn:/o˧/,phoneme:vn:/e˧/,vn,confusable_with,0.4,"{""ipa_sim"": 0.5, ""len_diff"": 0}",automatic_only
phoneme:vn:/o˧/,phoneme:vn:/e˧˥/,vn,confusable_with,0.483,"{""ipa_sim"": 0.667, ""len_diff"": 1}",automatic_only
phoneme:vn:/o˧/,phoneme:vn:/i˧/,vn,confusable_with,0.4,"{""ipa_sim"": 0.5, ""len_diff"": 0}",automatic_only
phoneme:vn:/o˧/,phoneme:vn:/i˧˥/,vn,confusable_with,0.483,"{""ipa_sim"": 0.667, ""len_diff"": 1}",automatic_only
phoneme:vn:/o˧/,phoneme:vn:/ɔ˧/,vn,confusable_with,0.4,"{""ipa_sim"": 0.5, ""len_diff"": 0}",automatic_only
phoneme:vn:/o˧/,phoneme:vn:/ɔ˧˥/,vn,confusable_with,0.483,"{""ipa_sim"": 0.667, ""len_diff"": 1}",automatic_only
phoneme:vn:/o˧/,phoneme:vn:/o˧˥/,vn,confusable_with,0.75,"{""ipa_sim"": 1.0, ""len_diff"": 1}",automatic_only
phoneme:vn:/o˧/,phoneme:vn:/o˨˩/,vn,confusable_with,0.483,"{""ipa_sim"": 0.667, ""len_diff"": 1}",automatic_only
phoneme:vn:/o˧/,phoneme:vn:/o˧˩˧/,vn,confusable_with,0.5,"{""ipa_sim"": 0.75, ""len_diff"": 2}",automatic_only
phoneme:vn:/o˧/,phoneme:vn:/o˧ˀ˥/,vn,confusable_with,0.5,"{""ipa_sim"": 0.75, ""len_diff"": 2}",automatic_only
phoneme:vn:/o˧/,phoneme:vn:/o˧˨ˀ/,vn,confusable_with,0.5,"{""ipa_sim"": 0.75, ""len_diff"": 2}",automatic_only
phoneme:vn:/o˧/,phoneme:vn:/əː˧/,vn,confusable_with,0.483,"{""ipa_sim"": 0.667, ""len_diff"": 1}",automatic_only
phoneme:vn:/o˧/,phoneme:vn:/u˧/,vn,confusable_with,0.4,"{""ipa_sim"": 0.5, ""len_diff"": 0}",automatic_only
phoneme:vn:/o˧/,phoneme:vn:/u˧˥/,vn,confusable_with,0.483,"{""ipa_sim"": 0.667, ""len_diff"": 1}",automatic_only
phoneme:vn:/o˧/,phoneme:vn:/ɨ˧/,vn,confusable_with,0.4,"{""ipa_sim"": 0.5, ""len_diff"": 0}",automatic_only
phoneme:vn:/o˧/,phoneme:vn:/ɨ˧˥/,vn,confusable_with,0.483,"{""ipa_sim"": 0.667, ""len_diff"": 1}",automatic_only
phoneme:vn:/o˧˥/,phoneme:vn:/aː˧˥/,vn,confusable_with,0.55,"{""ipa_sim"": 0.75, ""len_diff"": 1}",automatic_only
phoneme:vn:/o˧˥/,phoneme:vn:/aː˧ˀ˥/,vn,confusable_with,0.38,"{""ipa_sim"": 0.6, ""len_diff"": 2}",automatic_only
phoneme:vn:/o˧˥/,phoneme:vn:/a˧/,vn,confusable_with,0.483,"{""ipa_sim"": 0.667, ""len_diff"": 1}",automatic_only
phoneme:vn:/o˧˥/,phoneme:vn:/a˧˥/,vn,confusable_with,0.533,"{""ipa_sim"": 0.667, ""len_diff"": 0}",automatic_only
phoneme:vn:/o˧˥/,phoneme:vn:/a˧˩˧/,vn,confusable_with,0.35,"{""ipa_sim"": 0.5, ""len_diff"": 1}",automatic_only
phoneme:vn:/o˧˥/,phoneme:vn:/a˧ˀ˥/,vn,confusable_with,0.55,"{""ipa_sim"": 0.75, ""len_diff"": 1}",automatic_only
phoneme:vn:/o˧˥/,phoneme:vn:/a˧˨ˀ/,vn,confusable_with,0.35,"{""ipa_sim"": 0.5, ""len_diff"": 1}",automatic_only
phoneme:vn:/o˧˥/,phoneme:vn:/ə˧/,vn,confusable_with,0.483,"{""ipa_sim"": 0.667, ""len_diff"": 1}",automatic_only
phoneme:vn:/o˧˥/,phoneme:vn:/ə˧˥/,vn,confusable_with,0.533,"{""ipa_sim"": 0.667, ""len_diff"": 0}",automatic_only
phoneme:vn:/o˧˥/,phoneme:vn:/ə˧˩˧/,vn,confusable_with,0.35,"{""ipa_sim"": 0.5, ""len_diff"": 1}",automatic_only
phoneme:vn:/o˧˥/,phoneme:vn:/ə˧ˀ˥/,vn,confusable_with,0.55,"{""ipa_sim"": 0.75, ""len_diff"": 1}",automatic_only
phoneme:vn:/o˧˥/,phoneme:vn:/ə˧˨ˀ/,vn,confusable_with,0.35,"{""ipa_sim"": 0.5, ""len_diff"": 1}",automatic_only
phoneme:vn:/o˧˥/,phoneme:vn:/ɛ˧/,vn,confusable_with,0.483,"{""ipa_sim"": 0.667, ""len_diff"": 1}",automatic_only
phoneme:vn:/o˧˥/,phoneme:vn:/ɛ˧˥/,vn,confusable_with,0.533,"{""ipa_sim"": 0.667, ""len_diff"": 0}",automatic_only
phoneme:vn:/o˧˥/,phoneme:vn:/ɛ˧˩˧/,vn,confusable_with,0.35,"{""ipa_sim"": 0.5, ""len_diff"": 1}",automatic_only
phoneme:vn:/o˧˥/,phoneme:vn:/ɛ˧ˀ˥/,vn,confusable_with,0.55,"{""ipa_sim"": 0.75, ""len_diff"": 1}",automatic_only
phoneme:vn:/o˧˥/,phoneme:vn:/ɛ˧˨ˀ/,vn,confusable_with,0.35,"{""ipa_sim"": 0.5, ""len_diff"": 1}",automatic_only
phoneme:vn:/o˧˥/,phoneme:vn:/e˧/,vn,confusable_with,0.483,"{""ipa_sim"": 0.667, ""len_diff"": 1}",automatic_only
phoneme:vn:/o˧˥/,phoneme:vn:/e˧˥/,vn,confusable_with,0.533,"{""ipa_sim"": 0.667, ""len_diff"": 0}",automatic_only
phoneme:vn:/o˧˥/,phoneme:vn:/e˧˩˧/,vn,confusable_with,0.35,"{""ipa_sim"": 0.5, ""len_diff"": 1}",automatic_only
phoneme:vn:/o˧˥/,phoneme:vn:/e˧ˀ˥/,vn,confusable_with,0.55,"{""ipa_sim"": 0.75, ""len_diff"": 1}",automatic_only
phoneme:vn:/o˧˥/,phoneme:vn:/e˧˨ˀ/,vn,confusable_with,0.35,"{""ipa_sim"": 0.5, ""len_diff"": 1}",automatic_only
phoneme:vn:/o˧˥/,phoneme:vn:/i˧/,vn,confusable_with,0.483,"{""ipa_sim"": 0.667, ""len_diff"": 1}",automatic_only
phoneme:vn:/o˧˥/,phoneme:vn:/i˧˥/,vn,confusable_with,0.533,"{""ipa_sim"": 0.667, ""len_diff"": 0}",automatic_only
phoneme:vn:/o˧˥/,phoneme:vn:/i˧˩˧/,vn,confusable_with,0.35,"{""ipa_sim"": 0.5, ""len_diff"": 1}",automatic_only
phoneme:vn:/o˧˥/,phoneme:vn:/i˧ˀ˥/,vn,confusable_with,0.55,"{""ipa_sim"": 0.75, ""len_diff"": 1}",automatic_only
phoneme:vn:/o˧˥/,phoneme:vn:/i˧˨ˀ/,vn,confusable_with,0.35,"{""ipa_sim"": 0.5, ""len_diff"": 1}",automatic_only
phoneme:vn:/o˧˥/,phoneme:vn:/ɔ˧/,vn,confusable_with,0.483,"{""ipa_sim"": 0.667, ""len_diff"": 1}",automatic_only
phoneme:vn:/o˧˥/,phoneme:vn:/ɔ˧˥/,vn,confusable_with,0.533,"{""ipa_sim"": 0.667, ""len_diff"": 0}",automatic_only
phoneme:vn:/o˧˥/,phoneme:vn:/ɔ˧˩˧/,vn,confusable_with,0.35,"{""ipa_sim"": 0.5, ""len_diff"": 1}",automatic_only
phoneme:vn:/o˧˥/,phoneme:vn:/ɔ˧ˀ˥/,vn,confusable_with,0.55,"{""ipa_sim"": 0.75, ""len_diff"": 1}",automatic_only
phoneme:vn:/o˧˥/,phoneme:vn:/ɔ˧˨ˀ/,vn,confusable_with,0.35,"{""ipa_sim"": 0.5, ""len_diff"": 1}",automatic_only
phoneme:vn:/o˧˥/,phoneme:vn:/o˧/,vn,confusable_with,0.75,"{""ipa_sim"": 1.0, ""len_diff"": 1}",automatic_only
phoneme:vn:/o˧˥/,phoneme:vn:/o˧˩˧/,vn,confusable_with,0.55,"{""ipa_sim"": 0.75, ""len_diff"": 1}",automatic_only
phoneme:vn:/o˧˥/,phoneme:vn:/o˧ˀ˥/,vn,confusable_with,0.75,"{""ipa_sim"": 1.0, ""len_diff"": 1}",automatic_only
phoneme:vn:/o˧˥/,phoneme:vn:/o˧˨ˀ/,vn,confusable_with,0.55,"{""ipa_sim"": 0.75, ""len_diff"": 1}",automatic_only
phoneme:vn:/o˧˥/,phoneme:vn:/əː˧˥/,vn,confusable_with,0.55,"{""ipa_sim"": 0.75, ""len_diff"": 1}",automatic_only
phoneme:vn:/o˧˥/,phoneme:vn:/əː˧ˀ˥/,vn,confusable_with,0.38,"{""ipa_sim"": 0.6, ""len_diff"": 2}",automatic_only
phoneme:vn:/o˧˥/,phoneme:vn:/u˧/,vn,confusable_with,0.483,"{""ipa_sim"": 0.667, ""len_diff"": 1}",automatic_only
phoneme:vn:/o˧˥/,phoneme:vn:/u˧˥/,vn,confusable_with,0.533,"{""ipa_sim"": 0.667, ""len_diff"": 0}",automatic_only
phoneme:vn:/o˧˥/,phoneme:vn:/u˧˩˧/,vn,confusable_with,0.35,"{""ipa_sim"": 0.5, ""len_diff"": 1}",automatic_only
phoneme:vn:/o˧˥/,phoneme:vn:/u˧ˀ˥/,vn,confusable_with,0.55,"{""ipa_sim"": 0.75, ""len_diff"": 1}",automatic_only
phoneme:vn:/o˧˥/,phoneme:vn:/u˧˨ˀ/,vn,confusable_with,0.35,"{""ipa_sim"": 0.5, ""len_diff"": 1}",automatic_only
phoneme:vn:/o˧˥/,phoneme:vn:/ɨ˧/,vn,confusable_with,0.483,"{""ipa_sim"": 0.667, ""len_diff"": 1}",automatic_only
phoneme:vn:/o˧˥/,phoneme:vn:/ɨ˧˥/,vn,confusable_with,0.533,"{""ipa_sim"": 0.667, ""len_diff"": 0}",automatic_only
phoneme:vn:/o˧˥/,phoneme:vn:/ɨ˧˩˧/,vn,confusable_with,0.35,"{""ipa_sim"": 0.5, ""len_diff"": 1}",automatic_only
phoneme:vn:/o˧˥/,phoneme:vn:/ɨ˧ˀ˥/,vn,confusable_with,0.55,"{""ipa_sim"": 0.75, ""len_diff"": 1}",automatic_only
phoneme:vn:/o˧˥/,phoneme:vn:/ɨ˧˨ˀ/,vn,confusable_with,0.35,"{""ipa_sim"": 0.5, ""len_diff"": 1}",automatic_only
phoneme:vn:/o˨˩/,phoneme:vn:/aː˨˩/,vn,confusable_with,0.55,"{""ipa_sim"": 0.75, ""len_diff"": 1}",automatic_only
phoneme:vn:/o˨˩/,phoneme:vn:/a˨˩/,vn,confusable_with,0.533,"{""ipa_sim"": 0.667, ""len_diff"": 0}",automatic_only
phoneme:vn:/o˨˩/,phoneme:vn:/a˧˩˧/,vn,confusable_with,0.35,"{""ipa_sim"": 0.5, ""len_diff"": 1}",automatic_only
phoneme:vn:/o˨˩/,phoneme:vn:/a˧˨ˀ/,vn,confusable_with,0.35,"{""ipa_sim"": 0.5, ""len_diff"": 1}",automatic_only
phoneme:vn:/o˨˩/,phoneme:vn:/ə˨˩/,vn,confusable_with,0.533,"{""ipa_sim"": 0.667, ""len_diff"": 0}",automatic_only
phoneme:vn:/o˨˩/,phoneme:vn:/ə˧˩˧/,vn,confusable_with,0.35,"{""ipa_sim"": 0.5, ""len_diff"": 1}",automatic_only
phoneme:vn:/o˨˩/,phoneme:vn:/ə˧˨ˀ/,vn,confusable_with,0.35,"{""ipa_sim"": 0.5, ""len_diff"": 1}",automatic_only
phoneme:vn:/o˨˩/,phoneme:vn:/ɛ˨˩/,vn,confusable_with,0.533,"{""ipa_sim"": 0.667, ""len_diff"": 0}",automatic_only
phoneme:vn:/o˨˩/,phoneme:vn:/ɛ˧˩˧/,vn,confusable_with,0.35,"{""ipa_sim"": 0.5, ""len_diff"": 1}",automatic_only
phoneme:vn:/o˨˩/,phoneme:vn:/ɛ˧˨ˀ/,vn,confusable_with,0.35,"{""ipa_sim"": 0.5, ""len_diff"": 1}",automatic_only
phoneme:vn:/o˨˩/,phoneme:vn:/e˨˩/,vn,confusable_with,0.533,"{""ipa_sim"": 0.667, ""len_diff"": 0}",automatic_only
phoneme:vn:/o˨˩/,phoneme:vn:/e˧˩˧/,vn,confusable_with,0.35,"{""ipa_sim"": 0.5, ""len_diff"": 1}",automatic_only
phoneme:vn:/o˨˩/,phoneme:vn:/e˧˨ˀ/,vn,confusable_with,0.35,"{""ipa_sim"": 0.5, ""len_diff"": 1}",automatic_only
phoneme:vn:/o˨˩/,phoneme:vn:/i˨˩/,vn,confusable_with,0.533,"{""ipa_sim"": 0.667, ""len_diff"": 0}",automatic_only
phoneme:vn:/o˨˩/,phoneme:vn:/i˧˩˧/,vn,confusable_with,0.35,"{""ipa_sim"": 0.5, ""len_diff"": 1}",automatic_only
phoneme:vn:/o˨˩/,phoneme:vn:/i˧˨ˀ/,vn,confusable_with,0.35,"{""ipa_sim"": 0.5, ""len_diff"": 1}",automatic_only
phoneme:vn:/o˨˩/,phoneme:vn:/ɔ˨˩/,vn,confusable_with,0.533,"{""ipa_sim"": 0.667, ""len_diff"": 0}",automatic_only
phoneme:vn:/o˨˩/,phoneme:vn:/ɔ˧˩˧/,vn,confusable_with,0.35,"{""ipa_sim"": 0.5, ""len_diff"": 1}",automatic_only
phoneme:vn:/o˨˩/,phoneme:vn:/ɔ˧˨ˀ/,vn,confusable_with,0.35,"{""ipa_sim"": 0.5, ""len_diff"": 1}",automatic_only
phoneme:vn:/o˨˩/,phoneme:vn:/o˧/,vn,confusable_with,0.483,"{""ipa_sim"": 0.667, ""len_diff"": 1}",automatic_only
phoneme:vn:/o˨˩/,phoneme:vn:/o˧˩˧/,vn,confusable_with,0.55,"{""ipa_sim"": 0.75, ""len_diff"": 1}",automatic_only
phoneme:vn:/o˨˩/,phoneme:vn:/o˧ˀ˥/,vn,confusable_with,0.35,"{""ipa_sim"": 0.5, ""len_diff"": 1}",automatic_only
phoneme:vn:/o˨˩/,phoneme:vn:/o˧˨ˀ/,vn,confusable_with,0.55,"{""ipa_sim"": 0.75, ""len_diff"": 1}",automatic_only
phoneme:vn:/o˨˩/,phoneme:vn:/əː˨˩/,vn,confusable_with,0.55,"{""ipa_sim"": 0.75, ""len_diff"": 1}",automatic_only
phoneme:vn:/o˨˩/,phoneme:vn:/u˨˩/,vn,confusable_with,0.533,"{""ipa_sim"": 0.667, ""len_diff"": 0}",automatic_only
phoneme:vn:/o˨˩/,phoneme:vn:/u˧˩˧/,vn,confusable_with,0.35,"{""ipa_sim"": 0.5, ""len_diff"": 1}",automatic_only
phoneme:vn:/o˨˩/,phoneme:vn:/u˧˨ˀ/,vn,confusable_with,0.35,"{""ipa_sim"": 0.5, ""len_diff"": 1}",automatic_only
phoneme:vn:/o˨˩/,phoneme:vn:/ɨ˨˩/,vn,confusable_with,0.533,"{""ipa_sim"": 0.667, ""len_diff"": 0}",automatic_only
phoneme:vn:/o˨˩/,phoneme:vn:/ɨ˧˩˧/,vn,confusable_with,0.35,"{""ipa_sim"": 0.5, ""len_diff"": 1}",automatic_only
phoneme:vn:/o˨˩/,phoneme:vn:/ɨ˧˨ˀ/,vn,confusable_with,0.35,"{""ipa_sim"": 0.5, ""len_diff"": 1}",automatic_only
phoneme:vn:/o˧˩˧/,phoneme:vn:/aː˧/,vn,confusable_with,0.35,"{""ipa_sim"": 0.5, ""len_diff"": 1}",automatic_only
phoneme:vn:/o˧˩˧/,phoneme:vn:/aː˧˩˧/,vn,confusable_with,0.59,"{""ipa_sim"": 0.8, ""len_diff"": 1}",automatic_only
phoneme:vn:/o˧˩˧/,phoneme:vn:/a˧˥/,vn,confusable_with,0.35,"{""ipa_sim"": 0.5, ""len_diff"": 1}",automatic_only
phoneme:vn:/o˧˩˧/,phoneme:vn:/a˨˩/,vn,confusable_with,0.35,"{""ipa_sim"": 0.5, ""len_diff"": 1}",automatic_only
phoneme:vn:/o˧˩˧/,phoneme:vn:/a˧˩˧/,vn,confusable_with,0.6,"{""ipa_sim"": 0.75, ""len_diff"": 0}",automatic_only
phoneme:vn:/o˧˩˧/,phoneme:vn:/ə˧˥/,vn,confusable_with,0.35,"{""ipa_sim"": 0.5, ""len_diff"": 1}",automatic_only
phoneme:vn:/o˧˩˧/,phoneme:vn:/ə˨˩/,vn,confusable_with,0.35,"{""ipa_sim"": 0.5, ""len_diff"": 1}",automatic_only
phoneme:vn:/o˧˩˧/,phoneme:vn:/ə˧˩˧/,vn,confusable_with,0.6,"{""ipa_sim"": 0.75, ""len_diff"": 0}",automatic_only
phoneme:vn:/o˧˩˧/,phoneme:vn:/ɛ˧˥/,vn,confusable_with,0.35,"{""ipa_sim"": 0.5, ""len_diff"": 1}",automatic_only
phoneme:vn:/o˧˩˧/,phoneme:vn:/ɛ˨˩/,vn,confusable_with,0.35,"{""ipa_sim"": 0.5, ""len_diff"": 1}",automatic_only
phoneme:vn:/o˧˩˧/,phoneme:vn:/ɛ˧˩˧/,vn,confusable_with,0.6,"{""ipa_sim"": 0.75, ""len_diff"": 0}",automatic_only
phoneme:vn:/o˧˩˧/,phoneme:vn:/e˧˥/,vn,confusable_with,0.35,"{""ipa_sim"": 0.5, ""len_diff"": 1}",automatic_only
phoneme:vn:/o˧˩˧/,phoneme:vn:/e˨˩/,vn,confusable_with,0.35,"{""ipa_sim"": 0.5, ""len_diff"": 1}",automatic_only
phoneme:vn:/o˧˩˧/,phoneme:vn:/e˧˩˧/,vn,confusable_with,0.6,"{""ipa_sim"": 0.75, ""len_diff"": 0}",automatic_only
phoneme:vn:/o˧˩˧/,phoneme:vn:/i˧˥/,vn,confusable_with,0.35,"{""ipa_sim"": 0.5, ""len_diff"": 1}",automatic_only
phoneme:vn:/o˧˩˧/,phoneme:vn:/i˨˩/,vn,confusable_with,0.35,"{""ipa_sim"": 0.5, ""len_diff"": 1}",automatic_only
phoneme:vn:/o˧˩˧/,phoneme:vn:/i˧˩˧/,vn,confusable_with,0.6,"{""ipa_sim"": 0.75, ""len_diff"": 0}",automatic_only
phoneme:vn:/o˧˩˧/,phoneme:vn:/ɔ˧˥/,vn,confusable_with,0.35,"{""ipa_sim"": 0.5, ""len_diff"": 1}",automatic_only
phoneme:vn:/o˧˩˧/,phoneme:vn:/ɔ˨˩/,vn,confusable_with,0.35,"{""ipa_sim"": 0.5, ""len_diff"": 1}",automatic_only
phoneme:vn:/o˧˩˧/,phoneme:vn:/ɔ˧˩˧/,vn,confusable_with,0.6,"{""ipa_sim"": 0.75, ""len_diff"": 0}",automatic_only
phoneme:vn:/o˧˩˧/,phoneme:vn:/o˧/,vn,confusable_with,0.5,"{""ipa_sim"": 0.75, ""len_diff"": 2}",automatic_only
phoneme:vn:/o˧˩˧/,phoneme:vn:/o˧˥/,vn,confusable_with,0.55,"{""ipa_sim"": 0.75, ""len_diff"": 1}",automatic_only
phoneme:vn:/o˧˩˧/,phoneme:vn:/o˨˩/,vn,confusable_with,0.55,"{""ipa_sim"": 0.75, ""len_diff"": 1}",automatic_only
phoneme:vn:/o˧˩˧/,phoneme:vn:/o˧ˀ˥/,vn,confusable_with,0.4,"{""ipa_sim"": 0.5, ""len_diff"": 0}",automatic_only
phoneme:vn:/o˧˩˧/,phoneme:vn:/o˧˨ˀ/,vn,confusable_with,0.4,"{""ipa_sim"": 0.5, ""len_diff"": 0}",automatic_only
phoneme:vn:/o˧˩˧/,phoneme:vn:/əː˧/,vn,confusable_with,0.35,"{""ipa_sim"": 0.5, ""len_diff"": 1}",automatic_only
phoneme:vn:/o˧˩˧/,phoneme:vn:/əː˧˩˧/,vn,confusable_with,0.59,"{""ipa_sim"": 0.8, ""len_diff"": 1}",automatic_only
phoneme:vn:/o˧˩˧/,phoneme:vn:/u˧˥/,vn,confusable_with,0.35,"{""ipa_sim"": 0.5, ""len_diff"": 1}",automatic_only
phoneme:vn:/o˧˩˧/,phoneme:vn:/u˨˩/,vn,confusable_with,0.35,"{""ipa_sim"": 0.5, ""len_diff"": 1}",automatic_only
phoneme:vn:/o˧˩˧/,phoneme:vn:/u˧˩˧/,vn,confusable_with,0.6,"{""ipa_sim"": 0.75, ""len_diff"": 0}",automatic_only
phoneme:vn:/o˧˩˧/,phoneme:vn:/ɨ˧˥/,vn,confusable_with,0.35,"{""ipa_sim"": 0.5, ""len_diff"": 1}",automatic_only
phoneme:vn:/o˧˩˧/,phoneme:vn:/ɨ˨˩/,vn,confusable_with,0.35,"{""ipa_sim"": 0.5, ""len_diff"": 1}",automatic_only
phoneme:vn:/o˧˩˧/,phoneme:vn:/ɨ˧˩˧/,vn,confusable_with,0.6,"{""ipa_sim"": 0.75, ""len_diff"": 0}",automatic_only
phoneme:vn:/o˧ˀ˥/,phoneme:vn:/aː˧/,vn,confusable_with,0.35,"{""ipa_sim"": 0.5, ""len_diff"": 1}",automatic_only
phoneme:vn:/o˧ˀ˥/,phoneme:vn:/aː˧˥/,vn,confusable_with,0.4,"{""ipa_sim"": 0.5, ""len_diff"": 0}",automatic_only
phoneme:vn:/o˧ˀ˥/,phoneme:vn:/aː˧ˀ˥/,vn,confusable_with,0.59,"{""ipa_sim"": 0.8, ""len_diff"": 1}",automatic_only
phoneme:vn:/o˧ˀ˥/,phoneme:vn:/aː˧˨ˀ/,vn,confusable_with,0.43,"{""ipa_sim"": 0.6, ""len_diff"": 1}",automatic_only
phoneme:vn:/o˧ˀ˥/,phoneme:vn:/a˧˥/,vn,confusable_with,0.55,"{""ipa_sim"": 0.75, ""len_diff"": 1}",automatic_only
phoneme:vn:/o˧ˀ˥/,phoneme:vn:/a˧ˀ˥/,vn,confusable_with,0.6,"{""ipa_sim"": 0.75, ""len_diff"": 0}",automatic_only
phoneme:vn:/o˧ˀ˥/,phoneme:vn:/a˧˨ˀ/,vn,confusable_with,0.4,"{""ipa_sim"": 0.5, ""len_diff"": 0}",automatic_only
phoneme:vn:/o˧ˀ˥/,phoneme:vn:/ə˧˥/,vn,confusable_with,0.55,"{""ipa_sim"": 0.75, ""len_diff"": 1}",automatic_only
phoneme:vn:/o˧ˀ˥/,phoneme:vn:/ə˧ˀ˥/,vn,confusable_with,0.6,"{""ipa_sim"": 0.75, ""len_diff"": 0}",automatic_only
phoneme:vn:/o˧ˀ˥/,phoneme:vn:/ə˧˨ˀ/,vn,confusable_with,0.4,"{""ipa_sim"": 0.5, ""len_diff"": 0}",automatic_only
phoneme:vn:/o˧ˀ˥/,phoneme:vn:/ɛ˧˥/,vn,confusable_with,0.55,"{""ipa_sim"": 0.75, ""len_diff"": 1}",automatic_only
phoneme:vn:/o˧ˀ˥/,phoneme:vn:/ɛ˧ˀ˥/,vn,confusable_with,0.6,"{""ipa_sim"": 0.75, ""len_diff"": 0}",automatic_only
phoneme:vn:/o˧ˀ˥/,phoneme:vn:/ɛ˧˨ˀ/,vn,confusable_with,0.4,"{""ipa_sim"": 0.5, ""len_diff"": 0}",automatic_only
phoneme:vn:/o˧ˀ˥/,phoneme:vn:/e˧˥/,vn,confusable_with,0.55,"{""ipa_sim"": 0.75, ""len_diff"": 1}",automatic_only
phoneme:vn:/o˧ˀ˥/,phoneme:vn:/e˧ˀ˥/,vn,confusable_with,0.6,"{""ipa_sim"": 0.75, ""len_diff"": 0}",automatic_only
phoneme:vn:/o˧ˀ˥/,phoneme:vn:/e˧˨ˀ/,vn,confusable_with,0.4,"{""ipa_sim"": 0.5, ""len_diff"": 0}",automatic_only
phoneme:vn:/o˧ˀ˥/,phoneme:vn:/i˧˥/,vn,confusable_with,0.55,"{""ipa_sim"": 0.75, ""len_diff"": 1}",automatic_only
phoneme:vn:/o˧ˀ˥/,phoneme:vn:/i˧ˀ˥/,vn,confusable_with,0.6,"{""ipa_sim"": 0.75, ""len_diff"": 0}",automatic_only
phoneme:vn:/o˧ˀ˥/,phoneme:vn:/i˧˨ˀ/,vn,confusable_with,0.4,"{""ipa_sim"": 0.5, ""len_diff"": 0}",automatic_only
phoneme:vn:/o˧ˀ˥/,phoneme:vn:/ɔ˧˥/,vn,confusable_with,0.55,"{""ipa_sim"": 0.75, ""len_diff"": 1}",automatic_only
phoneme:vn:/o˧ˀ˥/,phoneme:vn:/ɔ˧ˀ˥/,vn,confusable_with,0.6,"{""ipa_sim"": 0.75, ""len_diff"": 0}",automatic_only
phoneme:vn:/o˧ˀ˥/,phoneme:vn:/ɔ˧˨ˀ/,vn,confusable_with,0.4,"{""ipa_sim"": 0.5, ""len_diff"": 0}",automatic_only
phoneme:vn:/o˧ˀ˥/,phoneme:vn:/o˧/,vn,confusable_with,0.5,"{""ipa_sim"": 0.75, ""len_diff"": 2}",automatic_only
phoneme:vn:/o˧ˀ˥/,phoneme:vn:/o˧˥/,vn,confusable_with,0.75,"{""ipa_sim"": 1.0, ""len_diff"": 1}",automatic_only
phoneme:vn:/o˧ˀ˥/,phoneme:vn:/o˨˩/,vn,confusable_with,0.35,"{""ipa_sim"": 0.5, ""len_diff"": 1}",automatic_only
phoneme:vn:/o˧ˀ˥/,phoneme:vn:/o˧˩˧/,vn,confusable_with,0.4,"{""ipa_sim"": 0.5, ""len_diff"": 0}",automatic_only
phoneme:vn:/o˧ˀ˥/,phoneme:vn:/o˧˨ˀ/,vn,confusable_with,0.6,"{""ipa_sim"": 0.75, ""len_diff"": 0}",automatic_only
phoneme:vn:/o˧ˀ˥/,phoneme:vn:/əː˧/,vn,confusable_with,0.35,"{""ipa_sim"": 0.5, ""len_diff"": 1}",automatic_only
phoneme:vn:/o˧ˀ˥/,phoneme:vn:/əː˧˥/,vn,confusable_with,0.4,"{""ipa_sim"": 0.5, ""len_diff"": 0}",automatic_only
phoneme:vn:/o˧ˀ˥/,phoneme:vn:/əː˧ˀ˥/,vn,confusable_with,0.59,"{""ipa_sim"": 0.8, ""len_diff"": 1}",automatic_only
phoneme:vn:/o˧ˀ˥/,phoneme:vn:/əː˧˨ˀ/,vn,confusable_with,0.43,"{""ipa_sim"": 0.6, ""len_diff"": 1}",automatic_only
phoneme:vn:/o˧ˀ˥/,phoneme:vn:/u˧˥/,vn,confusable_with,0.55,"{""ipa_sim"": 0.75, ""len_diff"": 1}",automatic_only
phoneme:vn:/o˧ˀ˥/,phoneme:vn:/u˧ˀ˥/,vn,confusable_with,0.6,"{""ipa_sim"": 0.75, ""len_diff"": 0}",automatic_only
phoneme:vn:/o˧ˀ˥/,phoneme:vn:/u˧˨ˀ/,vn,confusable_with,0.4,"{""ipa_sim"": 0.5, ""len_diff"": 0}",automatic_only
phoneme:vn:/o˧ˀ˥/,phoneme:vn:/ɨ˧˥/,vn,confusable_with,0.55,"{""ipa_sim"": 0.75, ""len_diff"": 1}",automatic_only
phoneme:vn:/o˧ˀ˥/,phoneme:vn:/ɨ˧ˀ˥/,vn,confusable_with,0.6,"{""ipa_sim"": 0.75, ""len_diff"": 0}",automatic_only
phoneme:vn:/o˧ˀ˥/,phoneme:vn:/ɨ˧˨ˀ/,vn,confusable_with,0.4,"{""ipa_sim"": 0.5, ""len_diff"": 0}",automatic_only
phoneme:vn:/o˧˨ˀ/,phoneme:vn:/aː˧/,vn,confusable_with,0.35,"{""ipa_sim"": 0.5, ""len_diff"": 1}",automatic_only
phoneme:vn:/o˧˨ˀ/,phoneme:vn:/aː˧ˀ˥/,vn,confusable_with,0.43,"{""ipa_sim"": 0.6, ""len_diff"": 1}",automatic_only
phoneme:vn:/o˧˨ˀ/,phoneme:vn:/aː˧˨ˀ/,vn,confusable_with,0.59,"{""ipa_sim"": 0.8, ""len_diff"": 1}",automatic_only
phoneme:vn:/o˧˨ˀ/,phoneme:vn:/a˧˥/,vn,confusable_with,0.35,"{""ipa_sim"": 0.5, ""len_diff"": 1}",automatic_only
phoneme:vn:/o˧˨ˀ/,phoneme:vn:/a˨˩/,vn,confusable_with,0.35,"{""ipa_sim"": 0.5, ""len_diff"": 1}",automatic_only
phoneme:vn:/o˧˨ˀ/,phoneme:vn:/a˧ˀ˥/,vn,confusable_with,0.4,"{""ipa_sim"": 0.5, ""len_diff"": 0}",automatic_only
phoneme:vn:/o˧˨ˀ/,phoneme:vn:/a˧˨ˀ/,vn,confusable_with,0.6,"{""ipa_sim"": 0.75, ""len_diff"": 0}",automatic_only
phoneme:vn:/o˧˨ˀ/,phoneme:vn:/ə˧˥/,vn,confusable_with,0.35,"{""ipa_sim"": 0.5, ""len_diff"": 1}",automatic_only
phoneme:vn:/o˧˨ˀ/,phoneme:vn:/ə˨˩/,vn,confusable_with,0.35,"{""ipa_sim"": 0.5, ""len_diff"": 1}",automatic_only
phoneme:vn:/o˧˨ˀ/,phoneme:vn:/ə˧ˀ˥/,vn,confusable_with,0.4,"{""ipa_sim"": 0.5, ""len_diff"": 0}",automatic_only
phoneme:vn:/o˧˨ˀ/,phoneme:vn:/ə˧˨ˀ/,vn,confusable_with,0.6,"{""ipa_sim"": 0.75, ""len_diff"": 0}",automatic_only
phoneme:vn:/o˧˨ˀ/,phoneme:vn:/ɛ˧˥/,vn,confusable_with,0.35,"{""ipa_sim"": 0.5, ""len_diff"": 1}",automatic_only
phoneme:vn:/o˧˨ˀ/,phoneme:vn:/ɛ˨˩/,vn,confusable_with,0.35,"{""ipa_sim"": 0.5, ""len_diff"": 1}",automatic_only
phoneme:vn:/o˧˨ˀ/,phoneme:vn:/ɛ˧ˀ˥/,vn,confusable_with,0.4,"{""ipa_sim"": 0.5, ""len_diff"": 0}",automatic_only
phoneme:vn:/o˧˨ˀ/,phoneme:vn:/ɛ˧˨ˀ/,vn,confusable_with,0.6,"{""ipa_sim"": 0.75, ""len_diff"": 0}",automatic_only
phoneme:vn:/o˧˨ˀ/,phoneme:vn:/e˧˥/,vn,confusable_with,0.35,"{""ipa_sim"": 0.5, ""len_diff"": 1}",automatic_only
phoneme:vn:/o˧˨ˀ/,phoneme:vn:/e˨˩/,vn,confusable_with,0.35,"{""ipa_sim"": 0.5, ""len_diff"": 1}",automatic_only
phoneme:vn:/o˧˨ˀ/,phoneme:vn:/e˧ˀ˥/,vn,confusable_with,0.4,"{""ipa_sim"": 0.5, ""len_diff"": 0}",automatic_only
phoneme:vn:/o˧˨ˀ/,phoneme:vn:/e˧˨ˀ/,vn,confusable_with,0.6,"{""ipa_sim"": 0.75, ""len_diff"": 0}",automatic_only
phoneme:vn:/o˧˨ˀ/,phoneme:vn:/i˧˥/,vn,confusable_with,0.35,"{""ipa_sim"": 0.5, ""len_diff"": 1}",automatic_only
phoneme:vn:/o˧˨ˀ/,phoneme:vn:/i˨˩/,vn,confusable_with,0.35,"{""ipa_sim"": 0.5, ""len_diff"": 1}",automatic_only
phoneme:vn:/o˧˨ˀ/,phoneme:vn:/i˧ˀ˥/,vn,confusable_with,0.4,"{""ipa_sim"": 0.5, ""len_diff"": 0}",automatic_only
phoneme:vn:/o˧˨ˀ/,phoneme:vn:/i˧˨ˀ/,vn,confusable_with,0.6,"{""ipa_sim"": 0.75, ""len_diff"": 0}",automatic_only
phoneme:vn:/o˧˨ˀ/,phoneme:vn:/ɔ˧˥/,vn,confusable_with,0.35,"{""ipa_sim"": 0.5, ""len_diff"": 1}",automatic_only
phoneme:vn:/o˧˨ˀ/,phoneme:vn:/ɔ˨˩/,vn,confusable_with,0.35,"{""ipa_sim"": 0.5, ""len_diff"": 1}",automatic_only
phoneme:vn:/o˧˨ˀ/,phoneme:vn:/ɔ˧ˀ˥/,vn,confusable_with,0.4,"{""ipa_sim"": 0.5, ""len_diff"": 0}",automatic_only
phoneme:vn:/o˧˨ˀ/,phoneme:vn:/ɔ˧˨ˀ/,vn,confusable_with,0.6,"{""ipa_sim"": 0.75, ""len_diff"": 0}",automatic_only
phoneme:vn:/o˧˨ˀ/,phoneme:vn:/o˧/,vn,confusable_with,0.5,"{""ipa_sim"": 0.75, ""len_diff"": 2}",automatic_only
phoneme:vn:/o˧˨ˀ/,phoneme:vn:/o˧˥/,vn,confusable_with,0.55,"{""ipa_sim"": 0.75, ""len_diff"": 1}",automatic_only
phoneme:vn:/o˧˨ˀ/,phoneme:vn:/o˨˩/,vn,confusable_with,0.55,"{""ipa_sim"": 0.75, ""len_diff"": 1}",automatic_only
phoneme:vn:/o˧˨ˀ/,phoneme:vn:/o˧˩˧/,vn,confusable_with,0.4,"{""ipa_sim"": 0.5, ""len_diff"": 0}",automatic_only
phoneme:vn:/o˧˨ˀ/,phoneme:vn:/o˧ˀ˥/,vn,confusable_with,0.6,"{""ipa_sim"": 0.75, ""len_diff"": 0}",automatic_only
phoneme:vn:/o˧˨ˀ/,phoneme:vn:/əː˧/,vn,confusable_with,0.35,"{""ipa_sim"": 0.5, ""len_diff"": 1}",automatic_only
phoneme:vn:/o˧˨ˀ/,phoneme:vn:/əː˧ˀ˥/,vn,confusable_with,0.43,"{""ipa_sim"": 0.6, ""len_diff"": 1}",automatic_only
phoneme:vn:/o˧˨ˀ/,phoneme:vn:/əː˧˨ˀ/,vn,confusable_with,0.59,"{""ipa_sim"": 0.8, ""len_diff"": 1}",automatic_only
phoneme:vn:/o˧˨ˀ/,phoneme:vn:/u˧˥/,vn,confusable_with,0.35,"{""ipa_sim"": 0.5, ""len_diff"": 1}",automatic_only
phoneme:vn:/o˧˨ˀ/,phoneme:vn:/u˨˩/,vn,confusable_with,0.35,"{""ipa_sim"": 0.5, ""len_diff"": 1}",automatic_only
phoneme:vn:/o˧˨ˀ/,phoneme:vn:/u˧ˀ˥/,vn,confusable_with,0.4,"{""ipa_sim"": 0.5, ""len_diff"": 0}",automatic_only
phoneme:vn:/o˧˨ˀ/,phoneme:vn:/u˧˨ˀ/,vn,confusable_with,0.6,"{""ipa_sim"": 0.75, ""len_diff"": 0}",automatic_only
phoneme:vn:/o˧˨ˀ/,phoneme:vn:/ɨ˧˥/,vn,confusable_with,0.35,"{""ipa_sim"": 0.5, ""len_diff"": 1}",automatic_only
phoneme:vn:/o˧˨ˀ/,phoneme:vn:/ɨ˨˩/,vn,confusable_with,0.35,"{""ipa_sim"": 0.5, ""len_diff"": 1}",automatic_only
phoneme:vn:/o˧˨ˀ/,phoneme:vn:/ɨ˧ˀ˥/,vn,confusable_with,0.4,"{""ipa_sim"": 0.5, ""len_diff"": 0}",automatic_only
phoneme:vn:/o˧˨ˀ/,phoneme:vn:/ɨ˧˨ˀ/,vn,confusable_with,0.6,"{""ipa_sim"": 0.75, ""len_diff"": 0}",automatic_only
phoneme:vn:/əː˧/,phoneme:vn:/aː˧/,vn,confusable_with,0.533,"{""ipa_sim"": 0.667, ""len_diff"": 0}",automatic_only
phoneme:vn:/əː˧/,phoneme:vn:/aː˧˥/,vn,confusable_with,0.55,"{""ipa_sim"": 0.75, ""len_diff"": 1}",automatic_only
phoneme:vn:/əː˧/,phoneme:vn:/aː˨˩/,vn,confusable_with,0.35,"{""ipa_sim"": 0.5, ""len_diff"": 1}",automatic_only
phoneme:vn:/əː˧/,phoneme:vn:/aː˧˩˧/,vn,confusable_with,0.38,"{""ipa_sim"": 0.6, ""len_diff"": 2}",automatic_only
phoneme:vn:/əː˧/,phoneme:vn:/aː˧ˀ˥/,vn,confusable_with,0.38,"{""ipa_sim"": 0.6, ""len_diff"": 2}",automatic_only
phoneme:vn:/əː˧/,phoneme:vn:/aː˧˨ˀ/,vn,confusable_with,0.38,"{""ipa_sim"": 0.6, ""len_diff"": 2}",automatic_only
phoneme:vn:/əː˧/,phoneme:vn:/a˧/,vn,confusable_with,0.483,"{""ipa_sim"": 0.667, ""len_diff"": 1}",automatic_only
phoneme:vn:/əː˧/,phoneme:vn:/a˧˩˧/,vn,confusable_with,0.35,"{""ipa_sim"": 0.5, ""len_diff"": 1}",automatic_only
phoneme:vn:/əː˧/,phoneme:vn:/a˧ˀ˥/,vn,confusable_with,0.35,"{""ipa_sim"": 0.5, ""len_diff"": 1}",automatic_only
phoneme:vn:/əː˧/,phoneme:vn:/a˧˨ˀ/,vn,confusable_with,0.35,"{""ipa_sim"": 0.5, ""len_diff"": 1}",automatic_only
phoneme:vn:/əː˧/,phoneme:vn:/ə˧/,vn,confusable_with,0.75,"{""ipa_sim"": 1.0, ""len_diff"": 1}",automatic_only
phoneme:vn:/əː˧/,phoneme:vn:/ə˧˥/,vn,confusable_with,0.533,"{""ipa_sim"": 0.667, ""len_diff"": 0}",automatic_only
phoneme:vn:/əː˧/,phoneme:vn:/ə˧˩˧/,vn,confusable_with,0.55,"{""ipa_sim"": 0.75, ""len_diff"": 1}",automatic_only
phoneme:vn:/əː˧/,phoneme:vn:/ə˧ˀ˥/,vn,confusable_with,0.55,"{""ipa_sim"": 0.75, ""len_diff"": 1}",automatic_only
phoneme:vn:/əː˧/,phoneme:vn:/ə˧˨ˀ/,vn,confusable_with,0.55,"{""ipa_sim"": 0.75, ""len_diff"": 1}",automatic_only
phoneme:vn:/əː˧/,phoneme:vn:/ɛ˧/,vn,confusable_with,0.483,"{""ipa_sim"": 0.667, ""len_diff"": 1}",automatic_only
phoneme:vn:/əː˧/,phoneme:vn:/ɛ˧˩˧/,vn,confusable_with,0.35,"{""ipa_sim"": 0.5, ""len_diff"": 1}",automatic_only
phoneme:vn:/əː˧/,phoneme:vn:/ɛ˧ˀ˥/,vn,confusable_with,0.35,"{""ipa_sim"": 0.5, ""len_diff"": 1}",automatic_only
phoneme:vn:/əː˧/,phoneme:vn:/ɛ˧˨ˀ/,vn,confusable_with,0.35,"{""ipa_sim"": 0.5, ""len_diff"": 1}",automatic_only
phoneme:vn:/əː˧/,phoneme:vn:/e˧/,vn,confusable_with,0.483,"{""ipa_sim"": 0.667, ""len_diff"": 1}",automatic_only
phoneme:vn:/əː˧/,phoneme:vn:/e˧˩˧/,vn,confusable_with,0.35,"{""ipa_sim"": 0.5, ""len_diff"": 1}",automatic_only
phoneme:vn:/əː˧/,phoneme:vn:/e˧ˀ˥/,vn,confusable_with,0.35,"{""ipa_sim"": 0.5, ""len_diff"": 1}",automatic_only
phoneme:vn:/əː˧/,phoneme:vn:/e˧˨ˀ/,vn,confusable_with,0.35,"{""ipa_sim"": 0.5, ""len_diff"": 1}",automatic_only
phoneme:vn:/əː˧/,phoneme:vn:/i˧/,vn,confusable_with,0.483,"{""ipa_sim"": 0.667, ""len_diff"": 1}",automatic_only
phoneme:vn:/əː˧/,phoneme:vn:/i˧˩˧/,vn,confusable_with,0.35,"{""ipa_sim"": 0.5, ""len_diff"": 1}",automatic_only
phoneme:vn:/əː˧/,phoneme:vn:/i˧ˀ˥/,vn,confusable_with,0.35,"{""ipa_sim"": 0.5, ""len_diff"": 1}",automatic_only
phoneme:vn:/əː˧/,phoneme:vn:/i˧˨ˀ/,vn,confusable_with,0.35,"{""ipa_sim"": 0.5, ""len_diff"": 1}",automatic_only
phoneme:vn:/əː˧/,phoneme:vn:/ɔ˧/,vn,confusable_with,0.483,"{""ipa_sim"": 0.667, ""len_diff"": 1}",automatic_only
phoneme:vn:/əː˧/,phoneme:vn:/ɔ˧˩˧/,vn,confusable_with,0.35,"{""ipa_sim"": 0.5, ""len_diff"": 1}",automatic_only
phoneme:vn:/əː˧/,phoneme:vn:/ɔ˧ˀ˥/,vn,confusable_with,0.35,"{""ipa_sim"": 0.5, ""len_diff"": 1}",automatic_only
phoneme:vn:/əː˧/,phoneme:vn:/ɔ˧˨ˀ/,vn,confusable_with,0.35,"{""ipa_sim"": 0.5, ""len_diff"": 1}",automatic_only
phoneme:vn:/əː˧/,phoneme:vn:/o˧/,vn,confusable_with,0.483,"{""ipa_sim"": 0.667, ""len_diff"": 1}",automatic_only
phoneme:vn:/əː˧/,phoneme:vn:/o˧˩˧/,vn,confusable_with,0.35,"{""ipa_sim"": 0.5, ""len_diff"": 1}",automatic_only
phoneme:vn:/əː˧/,phoneme:vn:/o˧ˀ˥/,vn,confusable_with,0.35,"{""ipa_sim"": 0.5, ""len_diff"": 1}",automatic_only
phoneme:vn:/əː˧/,phoneme:vn:/o˧˨ˀ/,vn,confusable_with,0.35,"{""ipa_sim"": 0.5, ""len_diff"": 1}",automatic_only
phoneme:vn:/əː˧/,phoneme:vn:/əː˧˥/,vn,confusable_with,0.75,"{""ipa_sim"": 1.0, ""len_diff"": 1}",automatic_only
phoneme:vn:/əː˧/,phoneme:vn:/əː˨˩/,vn,confusable_with,0.55,"{""ipa_sim"": 0.75, ""len_diff"": 1}",automatic_only
phoneme:vn:/əː˧/,phoneme:vn:/əː˧˩˧/,vn,confusable_with,0.54,"{""ipa_sim"": 0.8, ""len_diff"": 2}",automatic_only
phoneme:vn:/əː˧/,phoneme:vn:/əː˧ˀ˥/,vn,confusable_with,0.54,"{""ipa_sim"": 0.8, ""len_diff"": 2}",automatic_only
phoneme:vn:/əː˧/,phoneme:vn:/əː˧˨ˀ/,vn,confusable_with,0.54,"{""ipa_sim"": 0.8, ""len_diff"": 2}",automatic_only
phoneme:vn:/əː˧/,phoneme:vn:/u˧/,vn,confusable_with,0.483,"{""ipa_sim"": 0.667, ""len_diff"": 1}",automatic_only
phoneme:vn:/əː˧/,phoneme:vn:/u˧˩˧/,vn,confusable_with,0.35,"{""ipa_sim"": 0.5, ""len_diff"": 1}",automatic_only
phoneme:vn:/əː˧/,phoneme:vn:/u˧ˀ˥/,vn,confusable_with,0.35,"{""ipa_sim"": 0.5, ""len_diff"": 1}",automatic_only
phoneme:vn:/əː˧/,phoneme:vn:/u˧˨ˀ/,vn,confusable_with,0.35,"{""ipa_sim"": 0.5, ""len_diff"": 1}",automatic_only
phoneme:vn:/əː˧/,phoneme:vn:/ɨ˧/,vn,confusable_with,0.483,"{""ipa_sim"": 0.667, ""len_diff"": 1}",automatic_only
phoneme:vn:/əː˧/,phoneme:vn:/ɨ˧˩˧/,vn,confusable_with,0.35,"{""ipa_sim"": 0.5, ""len_diff"": 1}",automatic_only
phoneme:vn:/əː˧/,phoneme:vn:/ɨ˧ˀ˥/,vn,confusable_with,0.35,"{""ipa_sim"": 0.5, ""len_diff"": 1}",automatic_only
phoneme:vn:/əː˧/,phoneme:vn:/ɨ˧˨ˀ/,vn,confusable_with,0.35,"{""ipa_sim"": 0.5, ""len_diff"": 1}",automatic_only
phoneme:vn:/əː˧˥/,phoneme:vn:/aː˧/,vn,confusable_with,0.55,"{""ipa_sim"": 0.75, ""len_diff"": 1}",automatic_only
phoneme:vn:/əː˧˥/,phoneme:vn:/aː˧˥/,vn,confusable_with,0.6,"{""ipa_sim"": 0.75, ""len_diff"": 0}",automatic_only
phoneme:vn:/əː˧˥/,phoneme:vn:/aː˧˩˧/,vn,confusable_with,0.43,"{""ipa_sim"": 0.6, ""len_diff"": 1}",automatic_only
phoneme:vn:/əː˧˥/,phoneme:vn:/aː˧ˀ˥/,vn,confusable_with,0.59,"{""ipa_sim"": 0.8, ""len_diff"": 1}",automatic_only
phoneme:vn:/əː˧˥/,phoneme:vn:/aː˧˨ˀ/,vn,confusable_with,0.43,"{""ipa_sim"": 0.6, ""len_diff"": 1}",automatic_only
phoneme:vn:/əː˧˥/,phoneme:vn:/a˧˥/,vn,confusable_with,0.55,"{""ipa_sim"": 0.75, ""len_diff"": 1}",automatic_only
phoneme:vn:/əː˧˥/,phoneme:vn:/a˧ˀ˥/,vn,confusable_with,0.4,"{""ipa_sim"": 0.5, ""len_diff"": 0}",automatic_only
phoneme:vn:/əː˧˥/,phoneme:vn:/ə˧/,vn,confusable_with,0.5,"{""ipa_sim"": 0.75, ""len_diff"": 2}",automatic_only
phoneme:vn:/əː˧˥/,phoneme:vn:/ə˧˥/,vn,confusable_with,0.75,"{""ipa_sim"": 1.0, ""len_diff"": 1}",automatic_only
phoneme:vn:/əː˧˥/,phoneme:vn:/ə˨˩/,vn,confusable_with,0.35,"{""ipa_sim"": 0.5, ""len_diff"": 1}",automatic_only
phoneme:vn:/əː˧˥/,phoneme:vn:/ə˧˩˧/,vn,confusable_with,0.4,"{""ipa_sim"": 0.5, ""len_diff"": 0}",automatic_only
phoneme:vn:/əː˧˥/,phoneme:vn:/ə˧ˀ˥/,vn,confusable_with,0.6,"{""ipa_sim"": 0.75, ""len_diff"": 0}",automatic_only
phoneme:vn:/əː˧˥/,phoneme:vn:/ə˧˨ˀ/,vn,confusable_with,0.4,"{""ipa_sim"": 0.5, ""len_diff"": 0}",automatic_only
phoneme:vn:/əː˧˥/,phoneme:vn:/ɛ˧˥/,vn,confusable_with,0.55,"{""ipa_sim"": 0.75, ""len_diff"": 1}",automatic_only
phoneme:vn:/əː˧˥/,phoneme:vn:/ɛ˧ˀ˥/,vn,confusable_with,0.4,"{""ipa_sim"": 0.5, ""len_diff"": 0}",automatic_only
phoneme:vn:/əː˧˥/,phoneme:vn:/e˧˥/,vn,confusable_with,0.55,"{""ipa_sim"": 0.75, ""len_diff"": 1}",automatic_only
phoneme:vn:/əː˧˥/,phoneme:vn:/e˧ˀ˥/,vn,confusable_with,0.4,"{""ipa_sim"": 0.5, ""len_diff"": 0}",automatic_only
phoneme:vn:/əː˧˥/,phoneme:vn:/i˧˥/,vn,confusable_with,0.55,"{""ipa_sim"": 0.75, ""len_diff"": 1}",automatic_only
phoneme:vn:/əː˧˥/,phoneme:vn:/i˧ˀ˥/,vn,confusable_with,0.4,"{""ipa_sim"": 0.5, ""len_diff"": 0}",automatic_only
phoneme:vn:/əː˧˥/,phoneme:vn:/ɔ˧˥/,vn,confusable_with,0.55,"{""ipa_sim"": 0.75, ""len_diff"": 1}",automatic_only
phoneme:vn:/əː˧˥/,phoneme:vn:/ɔ˧ˀ˥/,vn,confusable_with,0.4,"{""ipa_sim"": 0.5, ""len_diff"": 0}",automatic_only
phoneme:vn:/əː˧˥/,phoneme:vn:/o˧˥/,vn,confusable_with,0.55,"{""ipa_sim"": 0.75, ""len_diff"": 1}",automatic_only
phoneme:vn:/əː˧˥/,phoneme:vn:/o˧ˀ˥/,vn,confusable_with,0.4,"{""ipa_sim"": 0.5, ""len_diff"": 0}",automatic_only
phoneme:vn:/əː˧˥/,phoneme:vn:/əː˧/,vn,confusable_with,0.75,"{""ipa_sim"": 1.0, ""len_diff"": 1}",automatic_only
phoneme:vn:/əː˧˥/,phoneme:vn:/əː˨˩/,vn,confusable_with,0.4,"{""ipa_sim"": 0.5, ""len_diff"": 0}",automatic_only
phoneme:vn:/əː˧˥/,phoneme:vn:/əː˧˩˧/,vn,confusable_with,0.59,"{""ipa_sim"": 0.8, ""len_diff"": 1}",automatic_only
phoneme:vn:/əː˧˥/,phoneme:vn:/əː˧ˀ˥/,vn,confusable_with,0.75,"{""ipa_sim"": 1.0, ""len_diff"": 1}",automatic_only
phoneme:vn:/əː˧˥/,phoneme:vn:/əː˧˨ˀ/,vn,confusable_with,0.59,"{""ipa_sim"": 0.8, ""len_diff"": 1}",automatic_only
phoneme:vn:/əː˧˥/,phoneme:vn:/u˧˥/,vn,confusable_with,0.55,"{""ipa_sim"": 0.75, ""len_diff"": 1}",automatic_only
phoneme:vn:/əː˧˥/,phoneme:vn:/u˧ˀ˥/,vn,confusable_with,0.4,"{""ipa_sim"": 0.5, ""len_diff"": 0}",automatic_only
phoneme:vn:/əː˧˥/,phoneme:vn:/ɨ˧˥/,vn,confusable_with,0.55,"{""ipa_sim"": 0.75, ""len_diff"": 1}",automatic_only
phoneme:vn:/əː˧˥/,phoneme:vn:/ɨ˧ˀ˥/,vn,confusable_with,0.4,"{""ipa_sim"": 0.5, ""len_diff"": 0}",automatic_only
phoneme:vn:/əː˨˩/,phoneme:vn:/aː˧/,vn,confusable_with,0.35,"{""ipa_sim"": 0.5, ""len_diff"": 1}",automatic_only
phoneme:vn:/əː˨˩/,phoneme:vn:/aː˨˩/,vn,confusable_with,0.6,"{""ipa_sim"": 0.75, ""len_diff"": 0}",automatic_only
phoneme:vn:/əː˨˩/,phoneme:vn:/aː˧˩˧/,vn,confusable_with,0.43,"{""ipa_sim"": 0.6, ""len_diff"": 1}",automatic_only
phoneme:vn:/əː˨˩/,phoneme:vn:/aː˧˨ˀ/,vn,confusable_with,0.43,"{""ipa_sim"": 0.6, ""len_diff"": 1}",automatic_only
phoneme:vn:/əː˨˩/,phoneme:vn:/a˨˩/,vn,confusable_with,0.55,"{""ipa_sim"": 0.75, ""len_diff"": 1}",automatic_only
phoneme:vn:/əː˨˩/,phoneme:vn:/ə˧˥/,vn,confusable_with,0.35,"{""ipa_sim"": 0.5, ""len_diff"": 1}",automatic_only
phoneme:vn:/əː˨˩/,phoneme:vn:/ə˨˩/,vn,confusable_with,0.75,"{""ipa_sim"": 1.0, ""len_diff"": 1}",automatic_only
phoneme:vn:/əː˨˩/,phoneme:vn:/ə˧˩˧/,vn,confusable_with,0.4,"{""ipa_sim"": 0.5, ""len_diff"": 0}",automatic_only
phoneme:vn:/əː˨˩/,phoneme:vn:/ə˧˨ˀ/,vn,confusable_with,0.4,"{""ipa_sim"": 0.5, ""len_diff"": 0}",automatic_only
phoneme:vn:/əː˨˩/,phoneme:vn:/ɛ˨˩/,vn,confusable_with,0.55,"{""ipa_sim"": 0.75, ""len_diff"": 1}",automatic_only
phoneme:vn:/əː˨˩/,phoneme:vn:/e˨˩/,vn,confusable_with,0.55,"{""ipa_sim"": 0.75, ""len_diff"": 1}",automatic_only
phoneme:vn:/əː˨˩/,phoneme:vn:/i˨˩/,vn,confusable_with,0.55,"{""ipa_sim"": 0.75, ""len_diff"": 1}",automatic_only
phoneme:vn:/əː˨˩/,phoneme:vn:/ɔ˨˩/,vn,confusable_with,0.55,"{""ipa_sim"": 0.75, ""len_diff"": 1}",automatic_only
phoneme:vn:/əː˨˩/,phoneme:vn:/o˨˩/,vn,confusable_with,0.55,"{""ipa_sim"": 0.75, ""len_diff"": 1}",automatic_only
phoneme:vn:/əː˨˩/,phoneme:vn:/əː˧/,vn,confusable_with,0.55,"{""ipa_sim"": 0.75, ""len_diff"": 1}",automatic_only
phoneme:vn:/əː˨˩/,phoneme:vn:/əː˧˥/,vn,confusable_with,0.4,"{""ipa_sim"": 0.5, ""len_diff"": 0}",automatic_only
phoneme:vn:/əː˨˩/,phoneme:vn:/əː˧˩˧/,vn,confusable_with,0.59,"{""ipa_sim"": 0.8, ""len_diff"": 1}",automatic_only
phoneme:vn:/əː˨˩/,phoneme:vn:/əː˧ˀ˥/,vn,confusable_with,0.43,"{""ipa_sim"": 0.6, ""len_diff"": 1}",automatic_only
phoneme:vn:/əː˨˩/,phoneme:vn:/əː˧˨ˀ/,vn,confusable_with,0.59,"{""ipa_sim"": 0.8, ""len_diff"": 1}",automatic_only
phoneme:vn:/əː˨˩/,phoneme:vn:/u˨˩/,vn,confusable_with,0.55,"{""ipa_sim"": 0.75, ""len_diff"": 1}",automatic_only
phoneme:vn:/əː˨˩/,phoneme:vn:/ɨ˨˩/,vn,confusable_with,0.55,"{""ipa_sim"": 0.75, ""len_diff"": 1}",automatic_only
phoneme:vn:/əː˧˩˧/,phoneme:vn:/aː˧/,vn,confusable_with,0.38,"{""ipa_sim"": 0.6, ""len_diff"": 2}",automatic_only
phoneme:vn:/əː˧˩˧/,phoneme:vn:/aː˧˥/,vn,confusable_with,0.43,"{""ipa_sim"": 0.6, ""len_diff"": 1}",automatic_only
phoneme:vn:/əː˧˩˧/,phoneme:vn:/aː˨˩/,vn,confusable_with,0.43,"{""ipa_sim"": 0.6, ""len_diff"": 1}",automatic_only
phoneme:vn:/əː˧˩˧/,phoneme:vn:/aː˧˩˧/,vn,confusable_with,0.8,"{""ipa_sim"": 1.0, ""len_diff"": 0}",automatic_only
phoneme:vn:/əː˧˩˧/,phoneme:vn:/a˧˩˧/,vn,confusable_with,0.59,"{""ipa_sim"": 0.8, ""len_diff"": 1}",automatic_only
phoneme:vn:/əː˧˩˧/,phoneme:vn:/ə˧˥/,vn,confusable_with,0.38,"{""ipa_sim"": 0.6, ""len_diff"": 2}",automatic_only
phoneme:vn:/əː˧˩˧/,phoneme:vn:/ə˨˩/,vn,confusable_with,0.38,"{""ipa_sim"": 0.6, ""len_diff"": 2}",automatic_only
phoneme:vn:/əː˧˩˧/,phoneme:vn:/ə˧˩˧/,vn,confusable_with,0.75,"{""ipa_sim"": 1.0, ""len_diff"": 1}",automatic_only
phoneme:vn:/əː˧˩˧/,phoneme:vn:/ə˧ˀ˥/,vn,confusable_with,0.43,"{""ipa_sim"": 0.6, ""len_diff"": 1}",automatic_only
phoneme:vn:/əː˧˩˧/,phoneme:vn:/ə˧˨ˀ/,vn,confusable_with,0.43,"{""ipa_sim"": 0.6, ""len_diff"": 1}",automatic_only
phoneme:vn:/əː˧˩˧/,phoneme:vn:/ɛ˧˩˧/,vn,confusable_with,0.59,"{""ipa_sim"": 0.8, ""len_diff"": 1}",automatic_only
phoneme:vn:/əː˧˩˧/,phoneme:vn:/e˧˩˧/,vn,confusable_with,0.59,"{""ipa_sim"": 0.8, ""len_diff"": 1}",automatic_only
phoneme:vn:/əː˧˩˧/,phoneme:vn:/i˧˩˧/,vn,confusable_with,0.59,"{""ipa_sim"": 0.8, ""len_diff"": 1}",automatic_only
phoneme:vn:/əː˧˩˧/,phoneme:vn:/ɔ˧˩˧/,vn,confusable_with,0.59,"{""ipa_sim"": 0.8, ""len_diff"": 1}",automatic_only
phoneme:vn:/əː˧˩˧/,phoneme:vn:/o˧˩˧/,vn,confusable_with,0.59,"{""ipa_sim"": 0.8, ""len_diff"": 1}",automatic_only
phoneme:vn:/əː˧˩˧/,phoneme:vn:/əː˧/,vn,confusable_with,0.54,"{""ipa_sim"": 0.8, ""len_diff"": 2}",automatic_only
phoneme:vn:/əː˧˩˧/,phoneme:vn:/əː˧˥/,vn,confusable_with,0.59,"{""ipa_sim"": 0.8, ""len_diff"": 1}",automatic_only
phoneme:vn:/əː˧˩˧/,phoneme:vn:/əː˨˩/,vn,confusable_with,0.59,"{""ipa_sim"": 0.8, ""len_diff"": 1}",automatic_only
phoneme:vn:/əː˧˩˧/,phoneme:vn:/əː˧ˀ˥/,vn,confusable_with,0.48,"{""ipa_sim"": 0.6, ""len_diff"": 0}",automatic_only
phoneme:vn:/əː˧˩˧/,phoneme:vn:/əː˧˨ˀ/,vn,confusable_with,0.48,"{""ipa_sim"": 0.6, ""len_diff"": 0}",automatic_only
phoneme:vn:/əː˧˩˧/,phoneme:vn:/u˧˩˧/,vn,confusable_with,0.59,"{""ipa_sim"": 0.8, ""len_diff"": 1}",automatic_only
phoneme:vn:/əː˧˩˧/,phoneme:vn:/ɨ˧˩˧/,vn,confusable_with,0.59,"{""ipa_sim"": 0.8, ""len_diff"": 1}",automatic_only
phoneme:vn:/əː˧ˀ˥/,phoneme:vn:/aː˧/,vn,confusable_with,0.38,"{""ipa_sim"": 0.6, ""len_diff"": 2}",automatic_only
phoneme:vn:/əː˧ˀ˥/,phoneme:vn:/aː˧˥/,vn,confusable_with,0.59,"{""ipa_sim"": 0.8, ""len_diff"": 1}",automatic_only
phoneme:vn:/əː˧ˀ˥/,phoneme:vn:/aː˧ˀ˥/,vn,confusable_with,0.8,"{""ipa_sim"": 1.0, ""len_diff"": 0}",automatic_only
phoneme:vn:/əː˧ˀ˥/,phoneme:vn:/aː˧˨ˀ/,vn,confusable_with,0.48,"{""ipa_sim"": 0.6, ""len_diff"": 0}",automatic_only
phoneme:vn:/əː˧ˀ˥/,phoneme:vn:/a˧˥/,vn,confusable_with,0.38,"{""ipa_sim"": 0.6, ""len_diff"": 2}",automatic_only
phoneme:vn:/əː˧ˀ˥/,phoneme:vn:/a˧ˀ˥/,vn,confusable_with,0.59,"{""ipa_sim"": 0.8, ""len_diff"": 1}",automatic_only
phoneme:vn:/əː˧ˀ˥/,phoneme:vn:/a˧˨ˀ/,vn,confusable_with,0.43,"{""ipa_sim"": 0.6, ""len_diff"": 1}",automatic_only
phoneme:vn:/əː˧ˀ˥/,phoneme:vn:/ə˧˥/,vn,confusable_with,0.54,"{""ipa_sim"": 0.8, ""len_diff"": 2}",automatic_only
phoneme:vn:/əː˧ˀ˥/,phoneme:vn:/ə˧˩˧/,vn,confusable_with,0.43,"{""ipa_sim"": 0.6, ""len_diff"": 1}",automatic_only
phoneme:vn:/əː˧ˀ˥/,phoneme:vn:/ə˧ˀ˥/,vn,confusable_with,0.75,"{""ipa_sim"": 1.0, ""len_diff"": 1}",automatic_only
phoneme:vn:/əː˧ˀ˥/,phoneme:vn:/ə˧˨ˀ/,vn,confusable_with,0.59,"{""ipa_sim"": 0.8, ""len_diff"": 1}",automatic_only
phoneme:vn:/əː˧ˀ˥/,phoneme:vn:/ɛ˧˥/,vn,confusable_with,0.38,"{""ipa_sim"": 0.6, ""len_diff"": 2}",automatic_only
phoneme:vn:/əː˧ˀ˥/,phoneme:vn:/ɛ˧ˀ˥/,vn,confusable_with,0.59,"{""ipa_sim"": 0.8, ""len_diff"": 1}",automatic_only
phoneme:vn:/əː˧ˀ˥/,phoneme:vn:/ɛ˧˨ˀ/,vn,confusable_with,0.43,"{""ipa_sim"": 0.6, ""len_diff"": 1}",automatic_only
phoneme:vn:/əː˧ˀ˥/,phoneme:vn:/e˧˥/,vn,confusable_with,0.38,"{""ipa_sim"": 0.6, ""len_diff"": 2}",automatic_only
phoneme:vn:/əː˧ˀ˥/,phoneme:vn:/e˧ˀ˥/,vn,confusable_with,0.59,"{""ipa_sim"": 0.8, ""len_diff"": 1}",automatic_only
phoneme:vn:/əː˧ˀ˥/,phoneme:vn:/e˧˨ˀ/,vn,confusable_with,0.43,"{""ipa_sim"": 0.6, ""len_diff"": 1}",automatic_only
phoneme:vn:/əː˧ˀ˥/,phoneme:vn:/i˧˥/,vn,confusable_with,0.38,"{""ipa_sim"": 0.6, ""len_diff"": 2}",automatic_only
phoneme:vn:/əː˧ˀ˥/,phoneme:vn:/i˧ˀ˥/,vn,confusable_with,0.59,"{""ipa_sim"": 0.8, ""len_diff"": 1}",automatic_only
phoneme:vn:/əː˧ˀ˥/,phoneme:vn:/i˧˨ˀ/,vn,confusable_with,0.43,"{""ipa_sim"": 0.6, ""len_diff"": 1}",automatic_only
phoneme:vn:/əː˧ˀ˥/,phoneme:vn:/ɔ˧˥/,vn,confusable_with,0.38,"{""ipa_sim"": 0.6, ""len_diff"": 2}",automatic_only
phoneme:vn:/əː˧ˀ˥/,phoneme:vn:/ɔ˧ˀ˥/,vn,confusable_with,0.59,"{""ipa_sim"": 0.8, ""len_diff"": 1}",automatic_only
phoneme:vn:/əː˧ˀ˥/,phoneme:vn:/ɔ˧˨ˀ/,vn,confusable_with,0.43,"{""ipa_sim"": 0.6, ""len_diff"": 1}",automatic_only
phoneme:vn:/əː˧ˀ˥/,phoneme:vn:/o˧˥/,vn,confusable_with,0.38,"{""ipa_sim"": 0.6, ""len_diff"": 2}",automatic_only
phoneme:vn:/əː˧ˀ˥/,phoneme:vn:/o˧ˀ˥/,vn,confusable_with,0.59,"{""ipa_sim"": 0.8, ""len_diff"": 1}",automatic_only
phoneme:vn:/əː˧ˀ˥/,phoneme:vn:/o˧˨ˀ/,vn,confusable_with,0.43,"{""ipa_sim"": 0.6, ""len_diff"": 1}",automatic_only
phoneme:vn:/əː˧ˀ˥/,phoneme:vn:/əː˧/,vn,confusable_with,0.54,"{""ipa_sim"": 0.8, ""len_diff"": 2}",automatic_only
phoneme:vn:/əː˧ˀ˥/,phoneme:vn:/əː˧˥/,vn,confusable_with,0.75,"{""ipa_sim"": 1.0, ""len_diff"": 1}",automatic_only
phoneme:vn:/əː˧ˀ˥/,phoneme:vn:/əː˨˩/,vn,confusable_with,0.43,"{""ipa_sim"": 0.6, ""len_diff"": 1}",automatic_only
phoneme:vn:/əː˧ˀ˥/,phoneme:vn:/əː˧˩˧/,vn,confusable_with,0.48,"{""ipa_sim"": 0.6, ""len_diff"": 0}",automatic_only
phoneme:vn:/əː˧ˀ˥/,phoneme:vn:/əː˧˨ˀ/,vn,confusable_with,0.8,"{""ipa_sim"": 1.0, ""len_diff"": 0}",automatic_only
phoneme:vn:/əː˧ˀ˥/,phoneme:vn:/u˧˥/,vn,confusable_with,0.38,"{""ipa_sim"": 0.6, ""len_diff"": 2}",automatic_only
phoneme:vn:/əː˧ˀ˥/,phoneme:vn:/u˧ˀ˥/,vn,confusable_with,0.59,"{""ipa_sim"": 0.8, ""len_diff"": 1}",automatic_only
phoneme:vn:/əː˧ˀ˥/,phoneme:vn:/u˧˨ˀ/,vn,confusable_with,0.43,"{""ipa_sim"": 0.6, ""len_diff"": 1}",automatic_only
phoneme:vn:/əː˧ˀ˥/,phoneme:vn:/ɨ˧˥/,vn,confusable_with,0.38,"{""ipa_sim"": 0.6, ""len_diff"": 2}",automatic_only
phoneme:vn:/əː˧ˀ˥/,phoneme:vn:/ɨ˧ˀ˥/,vn,confusable_with,0.59,"{""ipa_sim"": 0.8, ""len_diff"": 1}",automatic_only
phoneme:vn:/əː˧ˀ˥/,phoneme:vn:/ɨ˧˨ˀ/,vn,confusable_with,0.43,"{""ipa_sim"": 0.6, ""len_diff"": 1}",automatic_only
phoneme:vn:/əː˧˨ˀ/,phoneme:vn:/aː˧/,vn,confusable_with,0.38,"{""ipa_sim"": 0.6, ""len_diff"": 2}",automatic_only
phoneme:vn:/əː˧˨ˀ/,phoneme:vn:/aː˧˥/,vn,confusable_with,0.43,"{""ipa_sim"": 0.6, ""len_diff"": 1}",automatic_only
phoneme:vn:/əː˧˨ˀ/,phoneme:vn:/aː˨˩/,vn,confusable_with,0.43,"{""ipa_sim"": 0.6, ""len_diff"": 1}",automatic_only
phoneme:vn:/əː˧˨ˀ/,phoneme:vn:/aː˧ˀ˥/,vn,confusable_with,0.48,"{""ipa_sim"": 0.6, ""len_diff"": 0}",automatic_only
phoneme:vn:/əː˧˨ˀ/,phoneme:vn:/aː˧˨ˀ/,vn,confusable_with,0.8,"{""ipa_sim"": 1.0, ""len_diff"": 0}",automatic_only
phoneme:vn:/əː˧˨ˀ/,phoneme:vn:/a˧ˀ˥/,vn,confusable_with,0.43,"{""ipa_sim"": 0.6, ""len_diff"": 1}",automatic_only
phoneme:vn:/əː˧˨ˀ/,phoneme:vn:/a˧˨ˀ/,vn,confusable_with,0.59,"{""ipa_sim"": 0.8, ""len_diff"": 1}",automatic_only
phoneme:vn:/əː˧˨ˀ/,phoneme:vn:/ə˧˥/,vn,confusable_with,0.38,"{""ipa_sim"": 0.6, ""len_diff"": 2}",automatic_only
phoneme:vn:/əː˧˨ˀ/,phoneme:vn:/ə˨˩/,vn,confusable_with,0.38,"{""ipa_sim"": 0.6, ""len_diff"": 2}",automatic_only
phoneme:vn:/əː˧˨ˀ/,phoneme:vn:/ə˧˩˧/,vn,confusable_with,0.43,"{""ipa_sim"": 0.6, ""len_diff"": 1}",automatic_only
phoneme:vn:/əː˧˨ˀ/,phoneme:vn:/ə˧ˀ˥/,vn,confusable_with,0.59,"{""ipa_sim"": 0.8, ""len_diff"": 1}",automatic_only
phoneme:vn:/əː˧˨ˀ/,phoneme:vn:/ə˧˨ˀ/,vn,confusable_with,0.75,"{""ipa_sim"": 1.0, ""len_diff"": 1}",automatic_only
phoneme:vn:/əː˧˨ˀ/,phoneme:vn:/ɛ˧ˀ˥/,vn,confusable_with,0.43,"{""ipa_sim"": 0.6, ""len_diff"": 1}",automatic_only
phoneme:vn:/əː˧˨ˀ/,phoneme:vn:/ɛ˧˨ˀ/,vn,confusable_with,0.59,"{""ipa_sim"": 0.8, ""len_diff"": 1}",automatic_only
phoneme:vn:/əː˧˨ˀ/,phoneme:vn:/e˧ˀ˥/,vn,confusable_with,0.43,"{""ipa_sim"": 0.6, ""len_diff"": 1}",automatic_only
phoneme:vn:/əː˧˨ˀ/,phoneme:vn:/e˧˨ˀ/,vn,confusable_with,0.59,"{""ipa_sim"": 0.8, ""len_diff"": 1}",automatic_only
phoneme:vn:/əː˧˨ˀ/,phoneme:vn:/i˧ˀ˥/,vn,confusable_with,0.43,"{""ipa_sim"": 0.6, ""len_diff"": 1}",automatic_only
phoneme:vn:/əː˧˨ˀ/,phoneme:vn:/i˧˨ˀ/,vn,confusable_with,0.59,"{""ipa_sim"": 0.8, ""len_diff"": 1}",automatic_only
phoneme:vn:/əː˧˨ˀ/,phoneme:vn:/ɔ˧ˀ˥/,vn,confusable_with,0.43,"{""ipa_sim"": 0.6, ""len_diff"": 1}",automatic_only
phoneme:vn:/əː˧˨ˀ/,phoneme:vn:/ɔ˧˨ˀ/,vn,confusable_with,0.59,"{""ipa_sim"": 0.8, ""len_diff"": 1}",automatic_only
phoneme:vn:/əː˧˨ˀ/,phoneme:vn:/o˧ˀ˥/,vn,confusable_with,0.43,"{""ipa_sim"": 0.6, ""len_diff"": 1}",automatic_only
phoneme:vn:/əː˧˨ˀ/,phoneme:vn:/o˧˨ˀ/,vn,confusable_with,0.59,"{""ipa_sim"": 0.8, ""len_diff"": 1}",automatic_only
phoneme:vn:/əː˧˨ˀ/,phoneme:vn:/əː˧/,vn,confusable_with,0.54,"{""ipa_sim"": 0.8, ""len_diff"": 2}",automatic_only
phoneme:vn:/əː˧˨ˀ/,phoneme:vn:/əː˧˥/,vn,confusable_with,0.59,"{""ipa_sim"": 0.8, ""len_diff"": 1}",automatic_only
phoneme:vn:/əː˧˨ˀ/,phoneme:vn:/əː˨˩/,vn,confusable_with,0.59,"{""ipa_sim"": 0.8, ""len_diff"": 1}",automatic_only
phoneme:vn:/əː˧˨ˀ/,phoneme:vn:/əː˧˩˧/,vn,confusable_with,0.48,"{""ipa_sim"": 0.6, ""len_diff"": 0}",automatic_only
phoneme:vn:/əː˧˨ˀ/,phoneme:vn:/əː˧ˀ˥/,vn,confusable_with,0.8,"{""ipa_sim"": 1.0, ""len_diff"": 0}",automatic_only
phoneme:vn:/əː˧˨ˀ/,phoneme:vn:/u˧ˀ˥/,vn,confusable_with,0.43,"{""ipa_sim"": 0.6, ""len_diff"": 1}",automatic_only
phoneme:vn:/əː˧˨ˀ/,phoneme:vn:/u˧˨ˀ/,vn,confusable_with,0.59,"{""ipa_sim"": 0.8, ""len_diff"": 1}",automatic_only
phoneme:vn:/əː˧˨ˀ/,phoneme:vn:/ɨ˧ˀ˥/,vn,confusable_with,0.43,"{""ipa_sim"": 0.6, ""len_diff"": 1}",automatic_only
phoneme:vn:/əː˧˨ˀ/,phoneme:vn:/ɨ˧˨ˀ/,vn,confusable_with,0.59,"{""ipa_sim"": 0.8, ""len_diff"": 1}",automatic_only
phoneme:vn:/u˧/,phoneme:vn:/aː˧/,vn,confusable_with,0.483,"{""ipa_sim"": 0.667, ""len_diff"": 1}",automatic_only
phoneme:vn:/u˧/,phoneme:vn:/a˧/,vn,confusable_with,0.4,"{""ipa_sim"": 0.5, ""len_diff"": 0}",automatic_only
phoneme:vn:/u˧/,phoneme:vn:/a˧˥/,vn,confusable_with,0.483,"{""ipa_sim"": 0.667, ""len_diff"": 1}",automatic_only
phoneme:vn:/u˧/,phoneme:vn:/ə˧/,vn,confusable_with,0.4,"{""ipa_sim"": 0.5, ""len_diff"": 0}",automatic_only
phoneme:vn:/u˧/,phoneme:vn:/ə˧˥/,vn,confusable_with,0.483,"{""ipa_sim"": 0.667, ""len_diff"": 1}",automatic_only
phoneme:vn:/u˧/,phoneme:vn:/ɛ˧/,vn,confusable_with,0.4,"{""ipa_sim"": 0.5, ""len_diff"": 0}",automatic_only
phoneme:vn:/u˧/,phoneme:vn:/ɛ˧˥/,vn,confusable_with,0.483,"{""ipa_sim"": 0.667, ""len_diff"": 1}",automatic_only
phoneme:vn:/u˧/,phoneme:vn:/e˧/,vn,confusable_with,0.4,"{""ipa_sim"": 0.5, ""len_diff"": 0}",automatic_only
phoneme:vn:/u˧/,phoneme:vn:/e˧˥/,vn,confusable_with,0.483,"{""ipa_sim"": 0.667, ""len_diff"": 1}",automatic_only
phoneme:vn:/u˧/,phoneme:vn:/i˧/,vn,confusable_with,0.4,"{""ipa_sim"": 0.5, ""len_diff"": 0}",automatic_only
phoneme:vn:/u˧/,phoneme:vn:/i˧˥/,vn,confusable_with,0.483,"{""ipa_sim"": 0.667, ""len_diff"": 1}",automatic_only
phoneme:vn:/u˧/,phoneme:vn:/ɔ˧/,vn,confusable_with,0.4,"{""ipa_sim"": 0.5, ""len_diff"": 0}",automatic_only
phoneme:vn:/u˧/,phoneme:vn:/ɔ˧˥/,vn,confusable_with,0.483,"{""ipa_sim"": 0.667, ""len_diff"": 1}",automatic_only
phoneme:vn:/u˧/,phoneme:vn:/o˧/,vn,confusable_with,0.4,"{""ipa_sim"": 0.5, ""len_diff"": 0}",automatic_only
phoneme:vn:/u˧/,phoneme:vn:/o˧˥/,vn,confusable_with,0.483,"{""ipa_sim"": 0.667, ""len_diff"": 1}",automatic_only
phoneme:vn:/u˧/,phoneme:vn:/əː˧/,vn,confusable_with,0.483,"{""ipa_sim"": 0.667, ""len_diff"": 1}",automatic_only
phoneme:vn:/u˧/,phoneme:vn:/u˧˥/,vn,confusable_with,0.75,"{""ipa_sim"": 1.0, ""len_diff"": 1}",automatic_only
phoneme:vn:/u˧/,phoneme:vn:/u˨˩/,vn,confusable_with,0.483,"{""ipa_sim"": 0.667, ""len_diff"": 1}",automatic_only
phoneme:vn:/u˧/,phoneme:vn:/u˧˩˧/,vn,confusable_with,0.5,"{""ipa_sim"": 0.75, ""len_diff"": 2}",automatic_only
phoneme:vn:/u˧/,phoneme:vn:/u˧ˀ˥/,vn,confusable_with,0.5,"{""ipa_sim"": 0.75, ""len_diff"": 2}",automatic_only
phoneme:vn:/u˧/,phoneme:vn:/u˧˨ˀ/,vn,confusable_with,0.5,"{""ipa_sim"": 0.75, ""len_diff"": 2}",automatic_only
phoneme:vn:/u˧/,phoneme:vn:/ɨ˧/,vn,confusable_with,0.4,"{""ipa_sim"": 0.5, ""len_diff"": 0}",automatic_only
phoneme:vn:/u˧/,phoneme:vn:/ɨ˧˥/,vn,confusable_with,0.483,"{""ipa_sim"": 0.667, ""len_diff"": 1}",automatic_only
phoneme:vn:/u˧˥/,phoneme:vn:/aː˧˥/,vn,confusable_with,0.55,"{""ipa_sim"": 0.75, ""len_diff"": 1}",automatic_only
phoneme:vn:/u˧˥/,phoneme:vn:/aː˧ˀ˥/,vn,confusable_with,0.38,"{""ipa_sim"": 0.6, ""len_diff"": 2}",automatic_only
phoneme:vn:/u˧˥/,phoneme:vn:/a˧/,vn,confusable_with,0.483,"{""ipa_sim"": 0.667, ""len_diff"": 1}",automatic_only
phoneme:vn:/u˧˥/,phoneme:vn:/a˧˥/,vn,confusable_with,0.533,"{""ipa_sim"": 0.667, ""len_diff"": 0}",automatic_only
phoneme:vn:/u˧˥/,phoneme:vn:/a˧˩˧/,vn,confusable_with,0.35,"{""ipa_sim"": 0.5, ""len_diff"": 1}",automatic_only
phoneme:vn:/u˧˥/,phoneme:vn:/a˧ˀ˥/,vn,confusable_with,0.55,"{""ipa_sim"": 0.75, ""len_diff"": 1}",automatic_only
phoneme:vn:/u˧˥/,phoneme:vn:/a˧˨ˀ/,vn,confusable_with,0.35,"{""ipa_sim"": 0.5, ""len_diff"": 1}",automatic_only
phoneme:vn:/u˧˥/,phoneme:vn:/ə˧/,vn,confusable_with,0.483,"{""ipa_sim"": 0.667, ""len_diff"": 1}",automatic_only
phoneme:vn:/u˧˥/,phoneme:vn:/ə˧˥/,vn,confusable_with,0.533,"{""ipa_sim"": 0.667, ""len_diff"": 0}",automatic_only
phoneme:vn:/u˧˥/,phoneme:vn:/ə˧˩˧/,vn,confusable_with,0.35,"{""ipa_sim"": 0.5, ""len_diff"": 1}",automatic_only
phoneme:vn:/u˧˥/,phoneme:vn:/ə˧ˀ˥/,vn,confusable_with,0.55,"{""ipa_sim"": 0.75, ""len_diff"": 1}",automatic_only
phoneme:vn:/u˧˥/,phoneme:vn:/ə˧˨ˀ/,vn,confusable_with,0.35,"{""ipa_sim"": 0.5, ""len_diff"": 1}",automatic_only
phoneme:vn:/u˧˥/,phoneme:vn:/ɛ˧/,vn,confusable_with,0.483,"{""ipa_sim"": 0.667, ""len_diff"": 1}",automatic_only
phoneme:vn:/u˧˥/,phoneme:vn:/ɛ˧˥/,vn,confusable_with,0.533,"{""ipa_sim"": 0.667, ""len_diff"": 0}",automatic_only
phoneme:vn:/u˧˥/,phoneme:vn:/ɛ˧˩˧/,vn,confusable_with,0.35,"{""ipa_sim"": 0.5, ""len_diff"": 1}",automatic_only
phoneme:vn:/u˧˥/,phoneme:vn:/ɛ˧ˀ˥/,vn,confusable_with,0.55,"{""ipa_sim"": 0.75, ""len_diff"": 1}",automatic_only
phoneme:vn:/u˧˥/,phoneme:vn:/ɛ˧˨ˀ/,vn,confusable_with,0.35,"{""ipa_sim"": 0.5, ""len_diff"": 1}",automatic_only
phoneme:vn:/u˧˥/,phoneme:vn:/e˧/,vn,confusable_with,0.483,"{""ipa_sim"": 0.667, ""len_diff"": 1}",automatic_only
phoneme:vn:/u˧˥/,phoneme:vn:/e˧˥/,vn,confusable_with,0.533,"{""ipa_sim"": 0.667, ""len_diff"": 0}",automatic_only
phoneme:vn:/u˧˥/,phoneme:vn:/e˧˩˧/,vn,confusable_with,0.35,"{""ipa_sim"": 0.5, ""len_diff"": 1}",automatic_only
phoneme:vn:/u˧˥/,phoneme:vn:/e˧ˀ˥/,vn,confusable_with,0.55,"{""ipa_sim"": 0.75, ""len_diff"": 1}",automatic_only
phoneme:vn:/u˧˥/,phoneme:vn:/e˧˨ˀ/,vn,confusable_with,0.35,"{""ipa_sim"": 0.5, ""len_diff"": 1}",automatic_only
phoneme:vn:/u˧˥/,phoneme:vn:/i˧/,vn,confusable_with,0.483,"{""ipa_sim"": 0.667, ""len_diff"": 1}",automatic_only
phoneme:vn:/u˧˥/,phoneme:vn:/i˧˥/,vn,confusable_with,0.533,"{""ipa_sim"": 0.667, ""len_diff"": 0}",automatic_only
phoneme:vn:/u˧˥/,phoneme:vn:/i˧˩˧/,vn,confusable_with,0.35,"{""ipa_sim"": 0.5, ""len_diff"": 1}",automatic_only
phoneme:vn:/u˧˥/,phoneme:vn:/i˧ˀ˥/,vn,confusable_with,0.55,"{""ipa_sim"": 0.75, ""len_diff"": 1}",automatic_only
phoneme:vn:/u˧˥/,phoneme:vn:/i˧˨ˀ/,vn,confusable_with,0.35,"{""ipa_sim"": 0.5, ""len_diff"": 1}",automatic_only
phoneme:vn:/u˧˥/,phoneme:vn:/ɔ˧/,vn,confusable_with,0.483,"{""ipa_sim"": 0.667, ""len_diff"": 1}",automatic_only
phoneme:vn:/u˧˥/,phoneme:vn:/ɔ˧˥/,vn,confusable_with,0.533,"{""ipa_sim"": 0.667, ""len_diff"": 0}",automatic_only
phoneme:vn:/u˧˥/,phoneme:vn:/ɔ˧˩˧/,vn,confusable_with,0.35,"{""ipa_sim"": 0.5, ""len_diff"": 1}",automatic_only
phoneme:vn:/u˧˥/,phoneme:vn:/ɔ˧ˀ˥/,vn,confusable_with,0.55,"{""ipa_sim"": 0.75, ""len_diff"": 1}",automatic_only
phoneme:vn:/u˧˥/,phoneme:vn:/ɔ˧˨ˀ/,vn,confusable_with,0.35,"{""ipa_sim"": 0.5, ""len_diff"": 1}",automatic_only
phoneme:vn:/u˧˥/,phoneme:vn:/o˧/,vn,confusable_with,0.483,"{""ipa_sim"": 0.667, ""len_diff"": 1}",automatic_only
phoneme:vn:/u˧˥/,phoneme:vn:/o˧˥/,vn,confusable_with,0.533,"{""ipa_sim"": 0.667, ""len_diff"": 0}",automatic_only
phoneme:vn:/u˧˥/,phoneme:vn:/o˧˩˧/,vn,confusable_with,0.35,"{""ipa_sim"": 0.5, ""len_diff"": 1}",automatic_only
phoneme:vn:/u˧˥/,phoneme:vn:/o˧ˀ˥/,vn,confusable_with,0.55,"{""ipa_sim"": 0.75, ""len_diff"": 1}",automatic_only
phoneme:vn:/u˧˥/,phoneme:vn:/o˧˨ˀ/,vn,confusable_with,0.35,"{""ipa_sim"": 0.5, ""len_diff"": 1}",automatic_only
phoneme:vn:/u˧˥/,phoneme:vn:/əː˧˥/,vn,confusable_with,0.55,"{""ipa_sim"": 0.75, ""len_diff"": 1}",automatic_only
phoneme:vn:/u˧˥/,phoneme:vn:/əː˧ˀ˥/,vn,confusable_with,0.38,"{""ipa_sim"": 0.6, ""len_diff"": 2}",automatic_only
phoneme:vn:/u˧˥/,phoneme:vn:/u˧/,vn,confusable_with,0.75,"{""ipa_sim"": 1.0, ""len_diff"": 1}",automatic_only
phoneme:vn:/u˧˥/,phoneme:vn:/u˧˩˧/,vn,confusable_with,0.55,"{""ipa_sim"": 0.75, ""len_diff"": 1}",automatic_only
phoneme:vn:/u˧˥/,phoneme:vn:/u˧ˀ˥/,vn,confusable_with,0.75,"{""ipa_sim"": 1.0, ""len_diff"": 1}",automatic_only
phoneme:vn:/u˧˥/,phoneme:vn:/u˧˨ˀ/,vn,confusable_with,0.55,"{""ipa_sim"": 0.75, ""len_diff"": 1}",automatic_only
phoneme:vn:/u˧˥/,phoneme:vn:/ɨ˧/,vn,confusable_with,0.483,"{""ipa_sim"": 0.667, ""len_diff"": 1}",automatic_only
phoneme:vn:/u˧˥/,phoneme:vn:/ɨ˧˥/,vn,confusable_with,0.533,"{""ipa_sim"": 0.667, ""len_diff"": 0}",automatic_only
phoneme:vn:/u˧˥/,phoneme:vn:/ɨ˧˩˧/,vn,confusable_with,0.35,"{""ipa_sim"": 0.5, ""len_diff"": 1}",automatic_only
phoneme:vn:/u˧˥/,phoneme:vn:/ɨ˧ˀ˥/,vn,confusable_with,0.55,"{""ipa_sim"": 0.75, ""len_diff"": 1}",automatic_only
phoneme:vn:/u˧˥/,phoneme:vn:/ɨ˧˨ˀ/,vn,confusable_with,0.35,"{""ipa_sim"": 0.5, ""len_diff"": 1}",automatic_only
phoneme:vn:/u˨˩/,phoneme:vn:/aː˨˩/,vn,confusable_with,0.55,"{""ipa_sim"": 0.75, ""len_diff"": 1}",automatic_only
phoneme:vn:/u˨˩/,phoneme:vn:/a˨˩/,vn,confusable_with,0.533,"{""ipa_sim"": 0.667, ""len_diff"": 0}",automatic_only
phoneme:vn:/u˨˩/,phoneme:vn:/a˧˩˧/,vn,confusable_with,0.35,"{""ipa_sim"": 0.5, ""len_diff"": 1}",automatic_only
phoneme:vn:/u˨˩/,phoneme:vn:/a˧˨ˀ/,vn,confusable_with,0.35,"{""ipa_sim"": 0.5, ""len_diff"": 1}",automatic_only
phoneme:vn:/u˨˩/,phoneme:vn:/ə˨˩/,vn,confusable_with,0.533,"{""ipa_sim"": 0.667, ""len_diff"": 0}",automatic_only
phoneme:vn:/u˨˩/,phoneme:vn:/ə˧˩˧/,vn,confusable_with,0.35,"{""ipa_sim"": 0.5, ""len_diff"": 1}",automatic_only
phoneme:vn:/u˨˩/,phoneme:vn:/ə˧˨ˀ/,vn,confusable_with,0.35,"{""ipa_sim"": 0.5, ""len_diff"": 1}",automatic_only
phoneme:vn:/u˨˩/,phoneme:vn:/ɛ˨˩/,vn,confusable_with,0.533,"{""ipa_sim"": 0.667, ""len_diff"": 0}",automatic_only
phoneme:vn:/u˨˩/,phoneme:vn:/ɛ˧˩˧/,vn,confusable_with,0.35,"{""ipa_sim"": 0.5, ""len_diff"": 1}",automatic_only
phoneme:vn:/u˨˩/,phoneme:vn:/ɛ˧˨ˀ/,vn,confusable_with,0.35,"{""ipa_sim"": 0.5, ""len_diff"": 1}",automatic_only
phoneme:vn:/u˨˩/,phoneme:vn:/e˨˩/,vn,confusable_with,0.533,"{""ipa_sim"": 0.667, ""len_diff"": 0}",automatic_only
phoneme:vn:/u˨˩/,phoneme:vn:/e˧˩˧/,vn,confusable_with,0.35,"{""ipa_sim"": 0.5, ""len_diff"": 1}",automatic_only
phoneme:vn:/u˨˩/,phoneme:vn:/e˧˨ˀ/,vn,confusable_with,0.35,"{""ipa_sim"": 0.5, ""len_diff"": 1}",automatic_only
phoneme:vn:/u˨˩/,phoneme:vn:/i˨˩/,vn,confusable_with,0.533,"{""ipa_sim"": 0.667, ""len_diff"": 0}",automatic_only
phoneme:vn:/u˨˩/,phoneme:vn:/i˧˩˧/,vn,confusable_with,0.35,"{""ipa_sim"": 0.5, ""len_diff"": 1}",automatic_only
phoneme:vn:/u˨˩/,phoneme:vn:/i˧˨ˀ/,vn,confusable_with,0.35,"{""ipa_sim"": 0.5, ""len_diff"": 1}",automatic_only
phoneme:vn:/u˨˩/,phoneme:vn:/ɔ˨˩/,vn,confusable_with,0.533,"{""ipa_sim"": 0.667, ""len_diff"": 0}",automatic_only
phoneme:vn:/u˨˩/,phoneme:vn:/ɔ˧˩˧/,vn,confusable_with,0.35,"{""ipa_sim"": 0.5, ""len_diff"": 1}",automatic_only
phoneme:vn:/u˨˩/,phoneme:vn:/ɔ˧˨ˀ/,vn,confusable_with,0.35,"{""ipa_sim"": 0.5, ""len_diff"": 1}",automatic_only
phoneme:vn:/u˨˩/,phoneme:vn:/o˨˩/,vn,confusable_with,0.533,"{""ipa_sim"": 0.667, ""len_diff"": 0}",automatic_only
phoneme:vn:/u˨˩/,phoneme:vn:/o˧˩˧/,vn,confusable_with,0.35,"{""ipa_sim"": 0.5, ""len_diff"": 1}",automatic_only
phoneme:vn:/u˨˩/,phoneme:vn:/o˧˨ˀ/,vn,confusable_with,0.35,"{""ipa_sim"": 0.5, ""len_diff"": 1}",automatic_only
phoneme:vn:/u˨˩/,phoneme:vn:/əː˨˩/,vn,confusable_with,0.55,"{""ipa_sim"": 0.75, ""len_diff"": 1}",automatic_only
phoneme:vn:/u˨˩/,phoneme:vn:/u˧/,vn,confusable_with,0.483,"{""ipa_sim"": 0.667, ""len_diff"": 1}",automatic_only
phoneme:vn:/u˨˩/,phoneme:vn:/u˧˩˧/,vn,confusable_with,0.55,"{""ipa_sim"": 0.75, ""len_diff"": 1}",automatic_only
phoneme:vn:/u˨˩/,phoneme:vn:/u˧ˀ˥/,vn,confusable_with,0.35,"{""ipa_sim"": 0.5, ""len_diff"": 1}",automatic_only
phoneme:vn:/u˨˩/,phoneme:vn:/u˧˨ˀ/,vn,confusable_with,0.55,"{""ipa_sim"": 0.75, ""len_diff"": 1}",automatic_only
phoneme:vn:/u˨˩/,phoneme:vn:/ɨ˨˩/,vn,confusable_with,0.533,"{""ipa_sim"": 0.667, ""len_diff"": 0}",automatic_only
phoneme:vn:/u˨˩/,phoneme:vn:/ɨ˧˩˧/,vn,confusable_with,0.35,"{""ipa_sim"": 0.5, ""len_diff"": 1}",automatic_only
phoneme:vn:/u˨˩/,phoneme:vn:/ɨ˧˨ˀ/,vn,confusable_with,0.35,"{""ipa_sim"": 0.5, ""len_diff"": 1}",automatic_only
phoneme:vn:/u˧˩˧/,phoneme:vn:/aː˧/,vn,confusable_with,0.35,"{""ipa_sim"": 0.5, ""len_diff"": 1}",automatic_only
phoneme:vn:/u˧˩˧/,phoneme:vn:/aː˧˩˧/,vn,confusable_with,0.59,"{""ipa_sim"": 0.8, ""len_diff"": 1}",automatic_only
phoneme:vn:/u˧˩˧/,phoneme:vn:/a˧˥/,vn,confusable_with,0.35,"{""ipa_sim"": 0.5, ""len_diff"": 1}",automatic_only
phoneme:vn:/u˧˩˧/,phoneme:vn:/a˨˩/,vn,confusable_with,0.35,"{""ipa_sim"": 0.5, ""len_diff"": 1}",automatic_only
phoneme:vn:/u˧˩˧/,phoneme:vn:/a˧˩˧/,vn,confusable_with,0.6,"{""ipa_sim"": 0.75, ""len_diff"": 0}",automatic_only
phoneme:vn:/u˧˩˧/,phoneme:vn:/ə˧˥/,vn,confusable_with,0.35,"{""ipa_sim"": 0.5, ""len_diff"": 1}",automatic_only
phoneme:vn:/u˧˩˧/,phoneme:vn:/ə˨˩/,vn,confusable_with,0.35,"{""ipa_sim"": 0.5, ""len_diff"": 1}",automatic_only
phoneme:vn:/u˧˩˧/,phoneme:vn:/ə˧˩˧/,vn,confusable_with,0.6,"{""ipa_sim"": 0.75, ""len_diff"": 0}",automatic_only
phoneme:vn:/u˧˩˧/,phoneme:vn:/ɛ˧˥/,vn,confusable_with,0.35,"{""ipa_sim"": 0.5, ""len_diff"": 1}",automatic_only
phoneme:vn:/u˧˩˧/,phoneme:vn:/ɛ˨˩/,vn,confusable_with,0.35,"{""ipa_sim"": 0.5, ""len_diff"": 1}",automatic_only
phoneme:vn:/u˧˩˧/,phoneme:vn:/ɛ˧˩˧/,vn,confusable_with,0.6,"{""ipa_sim"": 0.75, ""len_diff"": 0}",automatic_only
phoneme:vn:/u˧˩˧/,phoneme:vn:/e˧˥/,vn,confusable_with,0.35,"{""ipa_sim"": 0.5, ""len_diff"": 1}",automatic_only
phoneme:vn:/u˧˩˧/,phoneme:vn:/e˨˩/,vn,confusable_with,0.35,"{""ipa_sim"": 0.5, ""len_diff"": 1}",automatic_only
phoneme:vn:/u˧˩˧/,phoneme:vn:/e˧˩˧/,vn,confusable_with,0.6,"{""ipa_sim"": 0.75, ""len_diff"": 0}",automatic_only
phoneme:vn:/u˧˩˧/,phoneme:vn:/i˧˥/,vn,confusable_with,0.35,"{""ipa_sim"": 0.5, ""len_diff"": 1}",automatic_only
phoneme:vn:/u˧˩˧/,phoneme:vn:/i˨˩/,vn,confusable_with,0.35,"{""ipa_sim"": 0.5, ""len_diff"": 1}",automatic_only
phoneme:vn:/u˧˩˧/,phoneme:vn:/i˧˩˧/,vn,confusable_with,0.6,"{""ipa_sim"": 0.75, ""len_diff"": 0}",automatic_only
phoneme:vn:/u˧˩˧/,phoneme:vn:/ɔ˧˥/,vn,confusable_with,0.35,"{""ipa_sim"": 0.5, ""len_diff"": 1}",automatic_only
phoneme:vn:/u˧˩˧/,phoneme:vn:/ɔ˨˩/,vn,confusable_with,0.35,"{""ipa_sim"": 0.5, ""len_diff"": 1}",automatic_only
phoneme:vn:/u˧˩˧/,phoneme:vn:/ɔ˧˩˧/,vn,confusable_with,0.6,"{""ipa_sim"": 0.75, ""len_diff"": 0}",automatic_only
phoneme:vn:/u˧˩˧/,phoneme:vn:/o˧˥/,vn,confusable_with,0.35,"{""ipa_sim"": 0.5, ""len_diff"": 1}",automatic_only
phoneme:vn:/u˧˩˧/,phoneme:vn:/o˨˩/,vn,confusable_with,0.35,"{""ipa_sim"": 0.5, ""len_diff"": 1}",automatic_only
phoneme:vn:/u˧˩˧/,phoneme:vn:/o˧˩˧/,vn,confusable_with,0.6,"{""ipa_sim"": 0.75, ""len_diff"": 0}",automatic_only
phoneme:vn:/u˧˩˧/,phoneme:vn:/əː˧/,vn,confusable_with,0.35,"{""ipa_sim"": 0.5, ""len_diff"": 1}",automatic_only
phoneme:vn:/u˧˩˧/,phoneme:vn:/əː˧˩˧/,vn,confusable_with,0.59,"{""ipa_sim"": 0.8, ""len_diff"": 1}",automatic_only
phoneme:vn:/u˧˩˧/,phoneme:vn:/u˧/,vn,confusable_with,0.5,"{""ipa_sim"": 0.75, ""len_diff"": 2}",automatic_only
phoneme:vn:/u˧˩˧/,phoneme:vn:/u˧˥/,vn,confusable_with,0.55,"{""ipa_sim"": 0.75, ""len_diff"": 1}",automatic_only
phoneme:vn:/u˧˩˧/,phoneme:vn:/u˨˩/,vn,confusable_with,0.55,"{""ipa_sim"": 0.75, ""len_diff"": 1}",automatic_only
phoneme:vn:/u˧˩˧/,phoneme:vn:/u˧ˀ˥/,vn,confusable_with,0.4,"{""ipa_sim"": 0.5, ""len_diff"": 0}",automatic_only
phoneme:vn:/u˧˩˧/,phoneme:vn:/u˧˨ˀ/,vn,confusable_with,0.4,"{""ipa_sim"": 0.5, ""len_diff"": 0}",automatic_only
phoneme:vn:/u˧˩˧/,phoneme:vn:/ɨ˧˥/,vn,confusable_with,0.35,"{""ipa_sim"": 0.5, ""len_diff"": 1}",automatic_only
phoneme:vn:/u˧˩˧/,phoneme:vn:/ɨ˨˩/,vn,confusable_with,0.35,"{""ipa_sim"": 0.5, ""len_diff"": 1}",automatic_only
phoneme:vn:/u˧˩˧/,phoneme:vn:/ɨ˧˩˧/,vn,confusable_with,0.6,"{""ipa_sim"": 0.75, ""len_diff"": 0}",automatic_only
phoneme:vn:/u˧ˀ˥/,phoneme:vn:/aː˧/,vn,confusable_with,0.35,"{""ipa_sim"": 0.5, ""len_diff"": 1}",automatic_only
phoneme:vn:/u˧ˀ˥/,phoneme:vn:/aː˧˥/,vn,confusable_with,0.4,"{""ipa_sim"": 0.5, ""len_diff"": 0}",automatic_only
phoneme:vn:/u˧ˀ˥/,phoneme:vn:/aː˧ˀ˥/,vn,confusable_with,0.59,"{""ipa_sim"": 0.8, ""len_diff"": 1}",automatic_only
phoneme:vn:/u˧ˀ˥/,phoneme:vn:/aː˧˨ˀ/,vn,confusable_with,0.43,"{""ipa_sim"": 0.6, ""len_diff"": 1}",automatic_only
phoneme:vn:/u˧ˀ˥/,phoneme:vn:/a˧˥/,vn,confusable_with,0.55,"{""ipa_sim"": 0.75, ""len_diff"": 1}",automatic_only
phoneme:vn:/u˧ˀ˥/,phoneme:vn:/a˧ˀ˥/,vn,confusable_with,0.6,"{""ipa_sim"": 0.75, ""len_diff"": 0}",automatic_only
phoneme:vn:/u˧ˀ˥/,phoneme:vn:/a˧˨ˀ/,vn,confusable_with,0.4,"{""ipa_sim"": 0.5, ""len_diff"": 0}",automatic_only
phoneme:vn:/u˧ˀ˥/,phoneme:vn:/ə˧˥/,vn,confusable_with,0.55,"{""ipa_sim"": 0.75, ""len_diff"": 1}",automatic_only
phoneme:vn:/u˧ˀ˥/,phoneme:vn:/ə˧ˀ˥/,vn,confusable_with,0.6,"{""ipa_sim"": 0.75, ""len_diff"": 0}",automatic_only
phoneme:vn:/u˧ˀ˥/,phoneme:vn:/ə˧˨ˀ/,vn,confusable_with,0.4,"{""ipa_sim"": 0.5, ""len_diff"": 0}",automatic_only
phoneme:vn:/u˧ˀ˥/,phoneme:vn:/ɛ˧˥/,vn,confusable_with,0.55,"{""ipa_sim"": 0.75, ""len_diff"": 1}",automatic_only
phoneme:vn:/u˧ˀ˥/,phoneme:vn:/ɛ˧ˀ˥/,vn,confusable_with,0.6,"{""ipa_sim"": 0.75, ""len_diff"": 0}",automatic_only
phoneme:vn:/u˧ˀ˥/,phoneme:vn:/ɛ˧˨ˀ/,vn,confusable_with,0.4,"{""ipa_sim"": 0.5, ""len_diff"": 0}",automatic_only
phoneme:vn:/u˧ˀ˥/,phoneme:vn:/e˧˥/,vn,confusable_with,0.55,"{""ipa_sim"": 0.75, ""len_diff"": 1}",automatic_only
phoneme:vn:/u˧ˀ˥/,phoneme:vn:/e˧ˀ˥/,vn,confusable_with,0.6,"{""ipa_sim"": 0.75, ""len_diff"": 0}",automatic_only
phoneme:vn:/u˧ˀ˥/,phoneme:vn:/e˧˨ˀ/,vn,confusable_with,0.4,"{""ipa_sim"": 0.5, ""len_diff"": 0}",automatic_only
phoneme:vn:/u˧ˀ˥/,phoneme:vn:/i˧˥/,vn,confusable_with,0.55,"{""ipa_sim"": 0.75, ""len_diff"": 1}",automatic_only
phoneme:vn:/u˧ˀ˥/,phoneme:vn:/i˧ˀ˥/,vn,confusable_with,0.6,"{""ipa_sim"": 0.75, ""len_diff"": 0}",automatic_only
phoneme:vn:/u˧ˀ˥/,phoneme:vn:/i˧˨ˀ/,vn,confusable_with,0.4,"{""ipa_sim"": 0.5, ""len_diff"": 0}",automatic_only
phoneme:vn:/u˧ˀ˥/,phoneme:vn:/ɔ˧˥/,vn,confusable_with,0.55,"{""ipa_sim"": 0.75, ""len_diff"": 1}",automatic_only
phoneme:vn:/u˧ˀ˥/,phoneme:vn:/ɔ˧ˀ˥/,vn,confusable_with,0.6,"{""ipa_sim"": 0.75, ""len_diff"": 0}",automatic_only
phoneme:vn:/u˧ˀ˥/,phoneme:vn:/ɔ˧˨ˀ/,vn,confusable_with,0.4,"{""ipa_sim"": 0.5, ""len_diff"": 0}",automatic_only
phoneme:vn:/u˧ˀ˥/,phoneme:vn:/o˧˥/,vn,confusable_with,0.55,"{""ipa_sim"": 0.75, ""len_diff"": 1}",automatic_only
phoneme:vn:/u˧ˀ˥/,phoneme:vn:/o˧ˀ˥/,vn,confusable_with,0.6,"{""ipa_sim"": 0.75, ""len_diff"": 0}",automatic_only
phoneme:vn:/u˧ˀ˥/,phoneme:vn:/o˧˨ˀ/,vn,confusable_with,0.4,"{""ipa_sim"": 0.5, ""len_diff"": 0}",automatic_only
phoneme:vn:/u˧ˀ˥/,phoneme:vn:/əː˧/,vn,confusable_with,0.35,"{""ipa_sim"": 0.5, ""len_diff"": 1}",automatic_only
phoneme:vn:/u˧ˀ˥/,phoneme:vn:/əː˧˥/,vn,confusable_with,0.4,"{""ipa_sim"": 0.5, ""len_diff"": 0}",automatic_only
phoneme:vn:/u˧ˀ˥/,phoneme:vn:/əː˧ˀ˥/,vn,confusable_with,0.59,"{""ipa_sim"": 0.8, ""len_diff"": 1}",automatic_only
phoneme:vn:/u˧ˀ˥/,phoneme:vn:/əː˧˨ˀ/,vn,confusable_with,0.43,"{""ipa_sim"": 0.6, ""len_diff"": 1}",automatic_only
phoneme:vn:/u˧ˀ˥/,phoneme:vn:/u˧/,vn,confusable_with,0.5,"{""ipa_sim"": 0.75, ""len_diff"": 2}",automatic_only
phoneme:vn:/u˧ˀ˥/,phoneme:vn:/u˧˥/,vn,confusable_with,0.75,"{""ipa_sim"": 1.0, ""len_diff"": 1}",automatic_only
phoneme:vn:/u˧ˀ˥/,phoneme:vn:/u˨˩/,vn,confusable_with,0.35,"{""ipa_sim"": 0.5, ""len_diff"": 1}",automatic_only
phoneme:vn:/u˧ˀ˥/,phoneme:vn:/u˧˩˧/,vn,confusable_with,0.4,"{""ipa_sim"": 0.5, ""len_diff"": 0}",automatic_only
phoneme:vn:/u˧ˀ˥/,phoneme:vn:/u˧˨ˀ/,vn,confusable_with,0.6,"{""ipa_sim"": 0.75, ""len_diff"": 0}",automatic_only
phoneme:vn:/u˧ˀ˥/,phoneme:vn:/ɨ˧˥/,vn,confusable_with,0.55,"{""ipa_sim"": 0.75, ""len_diff"": 1}",automatic_only
phoneme:vn:/u˧ˀ˥/,phoneme:vn:/ɨ˧ˀ˥/,vn,confusable_with,0.6,"{""ipa_sim"": 0.75, ""len_diff"": 0}",automatic_only
phoneme:vn:/u˧ˀ˥/,phoneme:vn:/ɨ˧˨ˀ/,vn,confusable_with,0.4,"{""ipa_sim"": 0.5, ""len_diff"": 0}",automatic_only
phoneme:vn:/u˧˨ˀ/,phoneme:vn:/aː˧/,vn,confusable_with,0.35,"{""ipa_sim"": 0.5, ""len_diff"": 1}",automatic_only
phoneme:vn:/u˧˨ˀ/,phoneme:vn:/aː˧ˀ˥/,vn,confusable_with,0.43,"{""ipa_sim"": 0.6, ""len_diff"": 1}",automatic_only
phoneme:vn:/u˧˨ˀ/,phoneme:vn:/aː˧˨ˀ/,vn,confusable_with,0.59,"{""ipa_sim"": 0.8, ""len_diff"": 1}",automatic_only
phoneme:vn:/u˧˨ˀ/,phoneme:vn:/a˧˥/,vn,confusable_with,0.35,"{""ipa_sim"": 0.5, ""len_diff"": 1}",automatic_only
phoneme:vn:/u˧˨ˀ/,phoneme:vn:/a˨˩/,vn,confusable_with,0.35,"{""ipa_sim"": 0.5, ""len_diff"": 1}",automatic_only
phoneme:vn:/u˧˨ˀ/,phoneme:vn:/a˧ˀ˥/,vn,confusable_with,0.4,"{""ipa_sim"": 0.5, ""len_diff"": 0}",automatic_only
phoneme:vn:/u˧˨ˀ/,phoneme:vn:/a˧˨ˀ/,vn,confusable_with,0.6,"{""ipa_sim"": 0.75, ""len_diff"": 0}",automatic_only
phoneme:vn:/u˧˨ˀ/,phoneme:vn:/ə˧˥/,vn,confusable_with,0.35,"{""ipa_sim"": 0.5, ""len_diff"": 1}",automatic_only
phoneme:vn:/u˧˨ˀ/,phoneme:vn:/ə˨˩/,vn,confusable_with,0.35,"{""ipa_sim"": 0.5, ""len_diff"": 1}",automatic_only
phoneme:vn:/u˧˨ˀ/,phoneme:vn:/ə˧ˀ˥/,vn,confusable_with,0.4,"{""ipa_sim"": 0.5, ""len_diff"": 0}",automatic_only
phoneme:vn:/u˧˨ˀ/,phoneme:vn:/ə˧˨ˀ/,vn,confusable_with,0.6,"{""ipa_sim"": 0.75, ""len_diff"": 0}",automatic_only
phoneme:vn:/u˧˨ˀ/,phoneme:vn:/ɛ˧˥/,vn,confusable_with,0.35,"{""ipa_sim"": 0.5, ""len_diff"": 1}",automatic_only
phoneme:vn:/u˧˨ˀ/,phoneme:vn:/ɛ˨˩/,vn,confusable_with,0.35,"{""ipa_sim"": 0.5, ""len_diff"": 1}",automatic_only
phoneme:vn:/u˧˨ˀ/,phoneme:vn:/ɛ˧ˀ˥/,vn,confusable_with,0.4,"{""ipa_sim"": 0.5, ""len_diff"": 0}",automatic_only
phoneme:vn:/u˧˨ˀ/,phoneme:vn:/ɛ˧˨ˀ/,vn,confusable_with,0.6,"{""ipa_sim"": 0.75, ""len_diff"": 0}",automatic_only
phoneme:vn:/u˧˨ˀ/,phoneme:vn:/e˧˥/,vn,confusable_with,0.35,"{""ipa_sim"": 0.5, ""len_diff"": 1}",automatic_only
phoneme:vn:/u˧˨ˀ/,phoneme:vn:/e˨˩/,vn,confusable_with,0.35,"{""ipa_sim"": 0.5, ""len_diff"": 1}",automatic_only
phoneme:vn:/u˧˨ˀ/,phoneme:vn:/e˧ˀ˥/,vn,confusable_with,0.4,"{""ipa_sim"": 0.5, ""len_diff"": 0}",automatic_only
phoneme:vn:/u˧˨ˀ/,phoneme:vn:/e˧˨ˀ/,vn,confusable_with,0.6,"{""ipa_sim"": 0.75, ""len_diff"": 0}",automatic_only
phoneme:vn:/u˧˨ˀ/,phoneme:vn:/i˧˥/,vn,confusable_with,0.35,"{""ipa_sim"": 0.5, ""len_diff"": 1}",automatic_only
phoneme:vn:/u˧˨ˀ/,phoneme:vn:/i˨˩/,vn,confusable_with,0.35,"{""ipa_sim"": 0.5, ""len_diff"": 1}",automatic_only
phoneme:vn:/u˧˨ˀ/,phoneme:vn:/i˧ˀ˥/,vn,confusable_with,0.4,"{""ipa_sim"": 0.5, ""len_diff"": 0}",automatic_only
phoneme:vn:/u˧˨ˀ/,phoneme:vn:/i˧˨ˀ/,vn,confusable_with,0.6,"{""ipa_sim"": 0.75, ""len_diff"": 0}",automatic_only
phoneme:vn:/u˧˨ˀ/,phoneme:vn:/ɔ˧˥/,vn,confusable_with,0.35,"{""ipa_sim"": 0.5, ""len_diff"": 1}",automatic_only
phoneme:vn:/u˧˨ˀ/,phoneme:vn:/ɔ˨˩/,vn,confusable_with,0.35,"{""ipa_sim"": 0.5, ""len_diff"": 1}",automatic_only
phoneme:vn:/u˧˨ˀ/,phoneme:vn:/ɔ˧ˀ˥/,vn,confusable_with,0.4,"{""ipa_sim"": 0.5, ""len_diff"": 0}",automatic_only
phoneme:vn:/u˧˨ˀ/,phoneme:vn:/ɔ˧˨ˀ/,vn,confusable_with,0.6,"{""ipa_sim"": 0.75, ""len_diff"": 0}",automatic_only
phoneme:vn:/u˧˨ˀ/,phoneme:vn:/o˧˥/,vn,confusable_with,0.35,"{""ipa_sim"": 0.5, ""len_diff"": 1}",automatic_only
phoneme:vn:/u˧˨ˀ/,phoneme:vn:/o˨˩/,vn,confusable_with,0.35,"{""ipa_sim"": 0.5, ""len_diff"": 1}",automatic_only
phoneme:vn:/u˧˨ˀ/,phoneme:vn:/o˧ˀ˥/,vn,confusable_with,0.4,"{""ipa_sim"": 0.5, ""len_diff"": 0}",automatic_only
phoneme:vn:/u˧˨ˀ/,phoneme:vn:/o˧˨ˀ/,vn,confusable_with,0.6,"{""ipa_sim"": 0.75, ""len_diff"": 0}",automatic_only
phoneme:vn:/u˧˨ˀ/,phoneme:vn:/əː˧/,vn,confusable_with,0.35,"{""ipa_sim"": 0.5, ""len_diff"": 1}",automatic_only
phoneme:vn:/u˧˨ˀ/,phoneme:vn:/əː˧ˀ˥/,vn,confusable_with,0.43,"{""ipa_sim"": 0.6, ""len_diff"": 1}",automatic_only
phoneme:vn:/u˧˨ˀ/,phoneme:vn:/əː˧˨ˀ/,vn,confusable_with,0.59,"{""ipa_sim"": 0.8, ""len_diff"": 1}",automatic_only
phoneme:vn:/u˧˨ˀ/,phoneme:vn:/u˧/,vn,confusable_with,0.5,"{""ipa_sim"": 0.75, ""len_diff"": 2}",automatic_only
phoneme:vn:/u˧˨ˀ/,phoneme:vn:/u˧˥/,vn,confusable_with,0.55,"{""ipa_sim"": 0.75, ""len_diff"": 1}",automatic_only
phoneme:vn:/u˧˨ˀ/,phoneme:vn:/u˨˩/,vn,confusable_with,0.55,"{""ipa_sim"": 0.75, ""len_diff"": 1}",automatic_only
phoneme:vn:/u˧˨ˀ/,phoneme:vn:/u˧˩˧/,vn,confusable_with,0.4,"{""ipa_sim"": 0.5, ""len_diff"": 0}",automatic_only
phoneme:vn:/u˧˨ˀ/,phoneme:vn:/u˧ˀ˥/,vn,confusable_with,0.6,"{""ipa_sim"": 0.75, ""len_diff"": 0}",automatic_only
phoneme:vn:/u˧˨ˀ/,phoneme:vn:/ɨ˧˥/,vn,confusable_with,0.35,"{""ipa_sim"": 0.5, ""len_diff"": 1}",automatic_only
phoneme:vn:/u˧˨ˀ/,phoneme:vn:/ɨ˨˩/,vn,confusable_with,0.35,"{""ipa_sim"": 0.5, ""len_diff"": 1}",automatic_only
phoneme:vn:/u˧˨ˀ/,phoneme:vn:/ɨ˧ˀ˥/,vn,confusable_with,0.4,"{""ipa_sim"": 0.5, ""len_diff"": 0}",automatic_only
phoneme:vn:/u˧˨ˀ/,phoneme:vn:/ɨ˧˨ˀ/,vn,confusable_with,0.6,"{""ipa_sim"": 0.75, ""len_diff"": 0}",automatic_only
phoneme:vn:/ɨ˧/,phoneme:vn:/aː˧/,vn,confusable_with,0.483,"{""ipa_sim"": 0.667, ""len_diff"": 1}",automatic_only
phoneme:vn:/ɨ˧/,phoneme:vn:/a˧/,vn,confusable_with,0.4,"{""ipa_sim"": 0.5, ""len_diff"": 0}",automatic_only
phoneme:vn:/ɨ˧/,phoneme:vn:/a˧˥/,vn,confusable_with,0.483,"{""ipa_sim"": 0.667, ""len_diff"": 1}",automatic_only
phoneme:vn:/ɨ˧/,phoneme:vn:/ə˧/,vn,confusable_with,0.4,"{""ipa_sim"": 0.5, ""len_diff"": 0}",automatic_only
phoneme:vn:/ɨ˧/,phoneme:vn:/ə˧˥/,vn,confusable_with,0.483,"{""ipa_sim"": 0.667, ""len_diff"": 1}",automatic_only
phoneme:vn:/ɨ˧/,phoneme:vn:/ɛ˧/,vn,confusable_with,0.4,"{""ipa_sim"": 0.5, ""len_diff"": 0}",automatic_only
phoneme:vn:/ɨ˧/,phoneme:vn:/ɛ˧˥/,vn,confusable_with,0.483,"{""ipa_sim"": 0.667, ""len_diff"": 1}",automatic_only
phoneme:vn:/ɨ˧/,phoneme:vn:/e˧/,vn,confusable_with,0.4,"{""ipa_sim"": 0.5, ""len_diff"": 0}",automatic_only
phoneme:vn:/ɨ˧/,phoneme:vn:/e˧˥/,vn,confusable_with,0.483,"{""ipa_sim"": 0.667, ""len_diff"": 1}",automatic_only
phoneme:vn:/ɨ˧/,phoneme:vn:/i˧/,vn,confusable_with,0.4,"{""ipa_sim"": 0.5, ""len_diff"": 0}",automatic_only
phoneme:vn:/ɨ˧/,phoneme:vn:/i˧˥/,vn,confusable_with,0.483,"{""ipa_sim"": 0.667, ""len_diff"": 1}",automatic_only
phoneme:vn:/ɨ˧/,phoneme:vn:/ɔ˧/,vn,confusable_with,0.4,"{""ipa_sim"": 0.5, ""len_diff"": 0}",automatic_only
phoneme:vn:/ɨ˧/,phoneme:vn:/ɔ˧˥/,vn,confusable_with,0.483,"{""ipa_sim"": 0.667, ""len_diff"": 1}",automatic_only
phoneme:vn:/ɨ˧/,phoneme:vn:/o˧/,vn,confusable_with,0.4,"{""ipa_sim"": 0.5, ""len_diff"": 0}",automatic_only
phoneme:vn:/ɨ˧/,phoneme:vn:/o˧˥/,vn,confusable_with,0.483,"{""ipa_sim"": 0.667, ""len_diff"": 1}",automatic_only
phoneme:vn:/ɨ˧/,phoneme:vn:/əː˧/,vn,confusable_with,0.483,"{""ipa_sim"": 0.667, ""len_diff"": 1}",automatic_only
phoneme:vn:/ɨ˧/,phoneme:vn:/u˧/,vn,confusable_with,0.4,"{""ipa_sim"": 0.5, ""len_diff"": 0}",automatic_only
phoneme:vn:/ɨ˧/,phoneme:vn:/u˧˥/,vn,confusable_with,0.483,"{""ipa_sim"": 0.667, ""len_diff"": 1}",automatic_only
phoneme:vn:/ɨ˧/,phoneme:vn:/ɨ˧˥/,vn,confusable_with,0.75,"{""ipa_sim"": 1.0, ""len_diff"": 1}",automatic_only
phoneme:vn:/ɨ˧/,phoneme:vn:/ɨ˨˩/,vn,confusable_with,0.483,"{""ipa_sim"": 0.667, ""len_diff"": 1}",automatic_only
phoneme:vn:/ɨ˧/,phoneme:vn:/ɨ˧˩˧/,vn,confusable_with,0.5,"{""ipa_sim"": 0.75, ""len_diff"": 2}",automatic_only
phoneme:vn:/ɨ˧/,phoneme:vn:/ɨ˧ˀ˥/,vn,confusable_with,0.5,"{""ipa_sim"": 0.75, ""len_diff"": 2}",automatic_only
phoneme:vn:/ɨ˧/,phoneme:vn:/ɨ˧˨ˀ/,vn,confusable_with,0.5,"{""ipa_sim"": 0.75, ""len_diff"": 2}",automatic_only
phoneme:vn:/ɨ˧˥/,phoneme:vn:/aː˧˥/,vn,confusable_with,0.55,"{""ipa_sim"": 0.75, ""len_diff"": 1}",automatic_only
phoneme:vn:/ɨ˧˥/,phoneme:vn:/aː˧ˀ˥/,vn,confusable_with,0.38,"{""ipa_sim"": 0.6, ""len_diff"": 2}",automatic_only
phoneme:vn:/ɨ˧˥/,phoneme:vn:/a˧/,vn,confusable_with,0.483,"{""ipa_sim"": 0.667, ""len_diff"": 1}",automatic_only
phoneme:vn:/ɨ˧˥/,phoneme:vn:/a˧˥/,vn,confusable_with,0.533,"{""ipa_sim"": 0.667, ""len_diff"": 0}",automatic_only
phoneme:vn:/ɨ˧˥/,phoneme:vn:/a˧˩˧/,vn,confusable_with,0.35,"{""ipa_sim"": 0.5, ""len_diff"": 1}",automatic_only
phoneme:vn:/ɨ˧˥/,phoneme:vn:/a˧ˀ˥/,vn,confusable_with,0.55,"{""ipa_sim"": 0.75, ""len_diff"": 1}",automatic_only
phoneme:vn:/ɨ˧˥/,phoneme:vn:/a˧˨ˀ/,vn,confusable_with,0.35,"{""ipa_sim"": 0.5, ""len_diff"": 1}",automatic_only
phoneme:vn:/ɨ˧˥/,phoneme:vn:/ə˧/,vn,confusable_with,0.483,"{""ipa_sim"": 0.667, ""len_diff"": 1}",automatic_only
phoneme:vn:/ɨ˧˥/,phoneme:vn:/ə˧˥/,vn,confusable_with,0.533,"{""ipa_sim"": 0.667, ""len_diff"": 0}",automatic_only
phoneme:vn:/ɨ˧˥/,phoneme:vn:/ə˧˩˧/,vn,confusable_with,0.35,"{""ipa_sim"": 0.5, ""len_diff"": 1}",automatic_only
phoneme:vn:/ɨ˧˥/,phoneme:vn:/ə˧ˀ˥/,vn,confusable_with,0.55,"{""ipa_sim"": 0.75, ""len_diff"": 1}",automatic_only
phoneme:vn:/ɨ˧˥/,phoneme:vn:/ə˧˨ˀ/,vn,confusable_with,0.35,"{""ipa_sim"": 0.5, ""len_diff"": 1}",automatic_only
phoneme:vn:/ɨ˧˥/,phoneme:vn:/ɛ˧/,vn,confusable_with,0.483,"{""ipa_sim"": 0.667, ""len_diff"": 1}",automatic_only
phoneme:vn:/ɨ˧˥/,phoneme:vn:/ɛ˧˥/,vn,confusable_with,0.533,"{""ipa_sim"": 0.667, ""len_diff"": 0}",automatic_only
phoneme:vn:/ɨ˧˥/,phoneme:vn:/ɛ˧˩˧/,vn,confusable_with,0.35,"{""ipa_sim"": 0.5, ""len_diff"": 1}",automatic_only
phoneme:vn:/ɨ˧˥/,phoneme:vn:/ɛ˧ˀ˥/,vn,confusable_with,0.55,"{""ipa_sim"": 0.75, ""len_diff"": 1}",automatic_only
phoneme:vn:/ɨ˧˥/,phoneme:vn:/ɛ˧˨ˀ/,vn,confusable_with,0.35,"{""ipa_sim"": 0.5, ""len_diff"": 1}",automatic_only
phoneme:vn:/ɨ˧˥/,phoneme:vn:/e˧/,vn,confusable_with,0.483,"{""ipa_sim"": 0.667, ""len_diff"": 1}",automatic_only
phoneme:vn:/ɨ˧˥/,phoneme:vn:/e˧˥/,vn,confusable_with,0.533,"{""ipa_sim"": 0.667, ""len_diff"": 0}",automatic_only
phoneme:vn:/ɨ˧˥/,phoneme:vn:/e˧˩˧/,vn,confusable_with,0.35,"{""ipa_sim"": 0.5, ""len_diff"": 1}",automatic_only
phoneme:vn:/ɨ˧˥/,phoneme:vn:/e˧ˀ˥/,vn,confusable_with,0.55,"{""ipa_sim"": 0.75, ""len_diff"": 1}",automatic_only
phoneme:vn:/ɨ˧˥/,phoneme:vn:/e˧˨ˀ/,vn,confusable_with,0.35,"{""ipa_sim"": 0.5, ""len_diff"": 1}",automatic_only
phoneme:vn:/ɨ˧˥/,phoneme:vn:/i˧/,vn,confusable_with,0.483,"{""ipa_sim"": 0.667, ""len_diff"": 1}",automatic_only
phoneme:vn:/ɨ˧˥/,phoneme:vn:/i˧˥/,vn,confusable_with,0.533,"{""ipa_sim"": 0.667, ""len_diff"": 0}",automatic_only
phoneme:vn:/ɨ˧˥/,phoneme:vn:/i˧˩˧/,vn,confusable_with,0.35,"{""ipa_sim"": 0.5, ""len_diff"": 1}",automatic_only
phoneme:vn:/ɨ˧˥/,phoneme:vn:/i˧ˀ˥/,vn,confusable_with,0.55,"{""ipa_sim"": 0.75, ""len_diff"": 1}",automatic_only
phoneme:vn:/ɨ˧˥/,phoneme:vn:/i˧˨ˀ/,vn,confusable_with,0.35,"{""ipa_sim"": 0.5, ""len_diff"": 1}",automatic_only
phoneme:vn:/ɨ˧˥/,phoneme:vn:/ɔ˧/,vn,confusable_with,0.483,"{""ipa_sim"": 0.667, ""len_diff"": 1}",automatic_only
phoneme:vn:/ɨ˧˥/,phoneme:vn:/ɔ˧˥/,vn,confusable_with,0.533,"{""ipa_sim"": 0.667, ""len_diff"": 0}",automatic_only
phoneme:vn:/ɨ˧˥/,phoneme:vn:/ɔ˧˩˧/,vn,confusable_with,0.35,"{""ipa_sim"": 0.5, ""len_diff"": 1}",automatic_only
phoneme:vn:/ɨ˧˥/,phoneme:vn:/ɔ˧ˀ˥/,vn,confusable_with,0.55,"{""ipa_sim"": 0.75, ""len_diff"": 1}",automatic_only
phoneme:vn:/ɨ˧˥/,phoneme:vn:/ɔ˧˨ˀ/,vn,confusable_with,0.35,"{""ipa_sim"": 0.5, ""len_diff"": 1}",automatic_only
phoneme:vn:/ɨ˧˥/,phoneme:vn:/o˧/,vn,confusable_with,0.483,"{""ipa_sim"": 0.667, ""len_diff"": 1}",automatic_only
phoneme:vn:/ɨ˧˥/,phoneme:vn:/o˧˥/,vn,confusable_with,0.533,"{""ipa_sim"": 0.667, ""len_diff"": 0}",automatic_only
phoneme:vn:/ɨ˧˥/,phoneme:vn:/o˧˩˧/,vn,confusable_with,0.35,"{""ipa_sim"": 0.5, ""len_diff"": 1}",automatic_only
phoneme:vn:/ɨ˧˥/,phoneme:vn:/o˧ˀ˥/,vn,confusable_with,0.55,"{""ipa_sim"": 0.75, ""len_diff"": 1}",automatic_only
phoneme:vn:/ɨ˧˥/,phoneme:vn:/o˧˨ˀ/,vn,confusable_with,0.35,"{""ipa_sim"": 0.5, ""len_diff"": 1}",automatic_only
phoneme:vn:/ɨ˧˥/,phoneme:vn:/əː˧˥/,vn,confusable_with,0.55,"{""ipa_sim"": 0.75, ""len_diff"": 1}",automatic_only
phoneme:vn:/ɨ˧˥/,phoneme:vn:/əː˧ˀ˥/,vn,confusable_with,0.38,"{""ipa_sim"": 0.6, ""len_diff"": 2}",automatic_only
phoneme:vn:/ɨ˧˥/,phoneme:vn:/u˧/,vn,confusable_with,0.483,"{""ipa_sim"": 0.667, ""len_diff"": 1}",automatic_only
phoneme:vn:/ɨ˧˥/,phoneme:vn:/u˧˥/,vn,confusable_with,0.533,"{""ipa_sim"": 0.667, ""len_diff"": 0}",automatic_only
phoneme:vn:/ɨ˧˥/,phoneme:vn:/u˧˩˧/,vn,confusable_with,0.35,"{""ipa_sim"": 0.5, ""len_diff"": 1}",automatic_only
phoneme:vn:/ɨ˧˥/,phoneme:vn:/u˧ˀ˥/,vn,confusable_with,0.55,"{""ipa_sim"": 0.75, ""len_diff"": 1}",automatic_only
phoneme:vn:/ɨ˧˥/,phoneme:vn:/u˧˨ˀ/,vn,confusable_with,0.35,"{""ipa_sim"": 0.5, ""len_diff"": 1}",automatic_only
phoneme:vn:/ɨ˧˥/,phoneme:vn:/ɨ˧/,vn,confusable_with,0.75,"{""ipa_sim"": 1.0, ""len_diff"": 1}",automatic_only
phoneme:vn:/ɨ˧˥/,phoneme:vn:/ɨ˧˩˧/,vn,confusable_with,0.55,"{""ipa_sim"": 0.75, ""len_diff"": 1}",automatic_only
phoneme:vn:/ɨ˧˥/,phoneme:vn:/ɨ˧ˀ˥/,vn,confusable_with,0.75,"{""ipa_sim"": 1.0, ""len_diff"": 1}",automatic_only
phoneme:vn:/ɨ˧˥/,phoneme:vn:/ɨ˧˨ˀ/,vn,confusable_with,0.55,"{""ipa_sim"": 0.75, ""len_diff"": 1}",automatic_only
phoneme:vn:/ɨ˨˩/,phoneme:vn:/aː˨˩/,vn,confusable_with,0.55,"{""ipa_sim"": 0.75, ""len_diff"": 1}",automatic_only
phoneme:vn:/ɨ˨˩/,phoneme:vn:/a˨˩/,vn,confusable_with,0.533,"{""ipa_sim"": 0.667, ""len_diff"": 0}",automatic_only
phoneme:vn:/ɨ˨˩/,phoneme:vn:/a˧˩˧/,vn,confusable_with,0.35,"{""ipa_sim"": 0.5, ""len_diff"": 1}",automatic_only
phoneme:vn:/ɨ˨˩/,phoneme:vn:/a˧˨ˀ/,vn,confusable_with,0.35,"{""ipa_sim"": 0.5, ""len_diff"": 1}",automatic_only
phoneme:vn:/ɨ˨˩/,phoneme:vn:/ə˨˩/,vn,confusable_with,0.533,"{""ipa_sim"": 0.667, ""len_diff"": 0}",automatic_only
phoneme:vn:/ɨ˨˩/,phoneme:vn:/ə˧˩˧/,vn,confusable_with,0.35,"{""ipa_sim"": 0.5, ""len_diff"": 1}",automatic_only
phoneme:vn:/ɨ˨˩/,phoneme:vn:/ə˧˨ˀ/,vn,confusable_with,0.35,"{""ipa_sim"": 0.5, ""len_diff"": 1}",automatic_only
phoneme:vn:/ɨ˨˩/,phoneme:vn:/ɛ˨˩/,vn,confusable_with,0.533,"{""ipa_sim"": 0.667, ""len_diff"": 0}",automatic_only
phoneme:vn:/ɨ˨˩/,phoneme:vn:/ɛ˧˩˧/,vn,confusable_with,0.35,"{""ipa_sim"": 0.5, ""len_diff"": 1}",automatic_only
phoneme:vn:/ɨ˨˩/,phoneme:vn:/ɛ˧˨ˀ/,vn,confusable_with,0.35,"{""ipa_sim"": 0.5, ""len_diff"": 1}",automatic_only
phoneme:vn:/ɨ˨˩/,phoneme:vn:/e˨˩/,vn,confusable_with,0.533,"{""ipa_sim"": 0.667, ""len_diff"": 0}",automatic_only
phoneme:vn:/ɨ˨˩/,phoneme:vn:/e˧˩˧/,vn,confusable_with,0.35,"{""ipa_sim"": 0.5, ""len_diff"": 1}",automatic_only
phoneme:vn:/ɨ˨˩/,phoneme:vn:/e˧˨ˀ/,vn,confusable_with,0.35,"{""ipa_sim"": 0.5, ""len_diff"": 1}",automatic_only
phoneme:vn:/ɨ˨˩/,phoneme:vn:/i˨˩/,vn,confusable_with,0.533,"{""ipa_sim"": 0.667, ""len_diff"": 0}",automatic_only
phoneme:vn:/ɨ˨˩/,phoneme:vn:/i˧˩˧/,vn,confusable_with,0.35,"{""ipa_sim"": 0.5, ""len_diff"": 1}",automatic_only
phoneme:vn:/ɨ˨˩/,phoneme:vn:/i˧˨ˀ/,vn,confusable_with,0.35,"{""ipa_sim"": 0.5, ""len_diff"": 1}",automatic_only
phoneme:vn:/ɨ˨˩/,phoneme:vn:/ɔ˨˩/,vn,confusable_with,0.533,"{""ipa_sim"": 0.667, ""len_diff"": 0}",automatic_only
phoneme:vn:/ɨ˨˩/,phoneme:vn:/ɔ˧˩˧/,vn,confusable_with,0.35,"{""ipa_sim"": 0.5, ""len_diff"": 1}",automatic_only
phoneme:vn:/ɨ˨˩/,phoneme:vn:/ɔ˧˨ˀ/,vn,confusable_with,0.35,"{""ipa_sim"": 0.5, ""len_diff"": 1}",automatic_only
phoneme:vn:/ɨ˨˩/,phoneme:vn:/o˨˩/,vn,confusable_with,0.533,"{""ipa_sim"": 0.667, ""len_diff"": 0}",automatic_only
phoneme:vn:/ɨ˨˩/,phoneme:vn:/o˧˩˧/,vn,confusable_with,0.35,"{""ipa_sim"": 0.5, ""len_diff"": 1}",automatic_only
phoneme:vn:/ɨ˨˩/,phoneme:vn:/o˧˨ˀ/,vn,confusable_with,0.35,"{""ipa_sim"": 0.5, ""len_diff"": 1}",automatic_only
phoneme:vn:/ɨ˨˩/,phoneme:vn:/əː˨˩/,vn,confusable_with,0.55,"{""ipa_sim"": 0.75, ""len_diff"": 1}",automatic_only
phoneme:vn:/ɨ˨˩/,phoneme:vn:/u˨˩/,vn,confusable_with,0.533,"{""ipa_sim"": 0.667, ""len_diff"": 0}",automatic_only
phoneme:vn:/ɨ˨˩/,phoneme:vn:/u˧˩˧/,vn,confusable_with,0.35,"{""ipa_sim"": 0.5, ""len_diff"": 1}",automatic_only
phoneme:vn:/ɨ˨˩/,phoneme:vn:/u˧˨ˀ/,vn,confusable_with,0.35,"{""ipa_sim"": 0.5, ""len_diff"": 1}",automatic_only
phoneme:vn:/ɨ˨˩/,phoneme:vn:/ɨ˧/,vn,confusable_with,0.483,"{""ipa_sim"": 0.667, ""len_diff"": 1}",automatic_only
phoneme:vn:/ɨ˨˩/,phoneme:vn:/ɨ˧˩˧/,vn,confusable_with,0.55,"{""ipa_sim"": 0.75, ""len_diff"": 1}",automatic_only
phoneme:vn:/ɨ˨˩/,phoneme:vn:/ɨ˧ˀ˥/,vn,confusable_with,0.35,"{""ipa_sim"": 0.5, ""len_diff"": 1}",automatic_only
phoneme:vn:/ɨ˨˩/,phoneme:vn:/ɨ˧˨ˀ/,vn,confusable_with,0.55,"{""ipa_sim"": 0.75, ""len_diff"": 1}",automatic_only
phoneme:vn:/ɨ˧˩˧/,phoneme:vn:/aː˧/,vn,confusable_with,0.35,"{""ipa_sim"": 0.5, ""len_diff"": 1}",automatic_only
phoneme:vn:/ɨ˧˩˧/,phoneme:vn:/aː˧˩˧/,vn,confusable_with,0.59,"{""ipa_sim"": 0.8, ""len_diff"": 1}",automatic_only
phoneme:vn:/ɨ˧˩˧/,phoneme:vn:/a˧˥/,vn,confusable_with,0.35,"{""ipa_sim"": 0.5, ""len_diff"": 1}",automatic_only
phoneme:vn:/ɨ˧˩˧/,phoneme:vn:/a˨˩/,vn,confusable_with,0.35,"{""ipa_sim"": 0.5, ""len_diff"": 1}",automatic_only
phoneme:vn:/ɨ˧˩˧/,phoneme:vn:/a˧˩˧/,vn,confusable_with,0.6,"{""ipa_sim"": 0.75, ""len_diff"": 0}",automatic_only
phoneme:vn:/ɨ˧˩˧/,phoneme:vn:/ə˧˥/,vn,confusable_with,0.35,"{""ipa_sim"": 0.5, ""len_diff"": 1}",automatic_only
phoneme:vn:/ɨ˧˩˧/,phoneme:vn:/ə˨˩/,vn,confusable_with,0.35,"{""ipa_sim"": 0.5, ""len_diff"": 1}",automatic_only
phoneme:vn:/ɨ˧˩˧/,phoneme:vn:/ə˧˩˧/,vn,confusable_with,0.6,"{""ipa_sim"": 0.75, ""len_diff"": 0}",automatic_only
phoneme:vn:/ɨ˧˩˧/,phoneme:vn:/ɛ˧˥/,vn,confusable_with,0.35,"{""ipa_sim"": 0.5, ""len_diff"": 1}",automatic_only
phoneme:vn:/ɨ˧˩˧/,phoneme:vn:/ɛ˨˩/,vn,confusable_with,0.35,"{""ipa_sim"": 0.5, ""len_diff"": 1}",automatic_only
phoneme:vn:/ɨ˧˩˧/,phoneme:vn:/ɛ˧˩˧/,vn,confusable_with,0.6,"{""ipa_sim"": 0.75, ""len_diff"": 0}",automatic_only
phoneme:vn:/ɨ˧˩˧/,phoneme:vn:/e˧˥/,vn,confusable_with,0.35,"{""ipa_sim"": 0.5, ""len_diff"": 1}",automatic_only
phoneme:vn:/ɨ˧˩˧/,phoneme:vn:/e˨˩/,vn,confusable_with,0.35,"{""ipa_sim"": 0.5, ""len_diff"": 1}",automatic_only
phoneme:vn:/ɨ˧˩˧/,phoneme:vn:/e˧˩˧/,vn,confusable_with,0.6,"{""ipa_sim"": 0.75, ""len_diff"": 0}",automatic_only
phoneme:vn:/ɨ˧˩˧/,phoneme:vn:/i˧˥/,vn,confusable_with,0.35,"{""ipa_sim"": 0.5, ""len_diff"": 1}",automatic_only
phoneme:vn:/ɨ˧˩˧/,phoneme:vn:/i˨˩/,vn,confusable_with,0.35,"{""ipa_sim"": 0.5, ""len_diff"": 1}",automatic_only
phoneme:vn:/ɨ˧˩˧/,phoneme:vn:/i˧˩˧/,vn,confusable_with,0.6,"{""ipa_sim"": 0.75, ""len_diff"": 0}",automatic_only
phoneme:vn:/ɨ˧˩˧/,phoneme:vn:/ɔ˧˥/,vn,confusable_with,0.35,"{""ipa_sim"": 0.5, ""len_diff"": 1}",automatic_only
phoneme:vn:/ɨ˧˩˧/,phoneme:vn:/ɔ˨˩/,vn,confusable_with,0.35,"{""ipa_sim"": 0.5, ""len_diff"": 1}",automatic_only
phoneme:vn:/ɨ˧˩˧/,phoneme:vn:/ɔ˧˩˧/,vn,confusable_with,0.6,"{""ipa_sim"": 0.75, ""len_diff"": 0}",automatic_only
phoneme:vn:/ɨ˧˩˧/,phoneme:vn:/o˧˥/,vn,confusable_with,0.35,"{""ipa_sim"": 0.5, ""len_diff"": 1}",automatic_only
phoneme:vn:/ɨ˧˩˧/,phoneme:vn:/o˨˩/,vn,confusable_with,0.35,"{""ipa_sim"": 0.5, ""len_diff"": 1}",automatic_only
phoneme:vn:/ɨ˧˩˧/,phoneme:vn:/o˧˩˧/,vn,confusable_with,0.6,"{""ipa_sim"": 0.75, ""len_diff"": 0}",automatic_only
phoneme:vn:/ɨ˧˩˧/,phoneme:vn:/əː˧/,vn,confusable_with,0.35,"{""ipa_sim"": 0.5, ""len_diff"": 1}",automatic_only
phoneme:vn:/ɨ˧˩˧/,phoneme:vn:/əː˧˩˧/,vn,confusable_with,0.59,"{""ipa_sim"": 0.8, ""len_diff"": 1}",automatic_only
phoneme:vn:/ɨ˧˩˧/,phoneme:vn:/u˧˥/,vn,confusable_with,0.35,"{""ipa_sim"": 0.5, ""len_diff"": 1}",automatic_only
phoneme:vn:/ɨ˧˩˧/,phoneme:vn:/u˨˩/,vn,confusable_with,0.35,"{""ipa_sim"": 0.5, ""len_diff"": 1}",automatic_only
phoneme:vn:/ɨ˧˩˧/,phoneme:vn:/u˧˩˧/,vn,confusable_with,0.6,"{""ipa_sim"": 0.75, ""len_diff"": 0}",automatic_only
phoneme:vn:/ɨ˧˩˧/,phoneme:vn:/ɨ˧/,vn,confusable_with,0.5,"{""ipa_sim"": 0.75, ""len_diff"": 2}",automatic_only
phoneme:vn:/ɨ˧˩˧/,phoneme:vn:/ɨ˧˥/,vn,confusable_with,0.55,"{""ipa_sim"": 0.75, ""len_diff"": 1}",automatic_only
phoneme:vn:/ɨ˧˩˧/,phoneme:vn:/ɨ˨˩/,vn,confusable_with,0.55,"{""ipa_sim"": 0.75, ""len_diff"": 1}",automatic_only
phoneme:vn:/ɨ˧˩˧/,phoneme:vn:/ɨ˧ˀ˥/,vn,confusable_with,0.4,"{""ipa_sim"": 0.5, ""len_diff"": 0}",automatic_only
phoneme:vn:/ɨ˧˩˧/,phoneme:vn:/ɨ˧˨ˀ/,vn,confusable_with,0.4,"{""ipa_sim"": 0.5, ""len_diff"": 0}",automatic_only
phoneme:vn:/ɨ˧ˀ˥/,phoneme:vn:/aː˧/,vn,confusable_with,0.35,"{""ipa_sim"": 0.5, ""len_diff"": 1}",automatic_only
phoneme:vn:/ɨ˧ˀ˥/,phoneme:vn:/aː˧˥/,vn,confusable_with,0.4,"{""ipa_sim"": 0.5, ""len_diff"": 0}",automatic_only
phoneme:vn:/ɨ˧ˀ˥/,phoneme:vn:/aː˧ˀ˥/,vn,confusable_with,0.59,"{""ipa_sim"": 0.8, ""len_diff"": 1}",automatic_only
phoneme:vn:/ɨ˧ˀ˥/,phoneme:vn:/aː˧˨ˀ/,vn,confusable_with,0.43,"{""ipa_sim"": 0.6, ""len_diff"": 1}",automatic_only
phoneme:vn:/ɨ˧ˀ˥/,phoneme:vn:/a˧˥/,vn,confusable_with,0.55,"{""ipa_sim"": 0.75, ""len_diff"": 1}",automatic_only
phoneme:vn:/ɨ˧ˀ˥/,phoneme:vn:/a˧ˀ˥/,vn,confusable_with,0.6,"{""ipa_sim"": 0.75, ""len_diff"": 0}",automatic_only
phoneme:vn:/ɨ˧ˀ˥/,phoneme:vn:/a˧˨ˀ/,vn,confusable_with,0.4,"{""ipa_sim"": 0.5, ""len_diff"": 0}",automatic_only
phoneme:vn:/ɨ˧ˀ˥/,phoneme:vn:/ə˧˥/,vn,confusable_with,0.55,"{""ipa_sim"": 0.75, ""len_diff"": 1}",automatic_only
phoneme:vn:/ɨ˧ˀ˥/,phoneme:vn:/ə˧ˀ˥/,vn,confusable_with,0.6,"{""ipa_sim"": 0.75, ""len_diff"": 0}",automatic_only
phoneme:vn:/ɨ˧ˀ˥/,phoneme:vn:/ə˧˨ˀ/,vn,confusable_with,0.4,"{""ipa_sim"": 0.5, ""len_diff"": 0}",automatic_only
phoneme:vn:/ɨ˧ˀ˥/,phoneme:vn:/ɛ˧˥/,vn,confusable_with,0.55,"{""ipa_sim"": 0.75, ""len_diff"": 1}",automatic_only
phoneme:vn:/ɨ˧ˀ˥/,phoneme:vn:/ɛ˧ˀ˥/,vn,confusable_with,0.6,"{""ipa_sim"": 0.75, ""len_diff"": 0}",automatic_only
phoneme:vn:/ɨ˧ˀ˥/,phoneme:vn:/ɛ˧˨ˀ/,vn,confusable_with,0.4,"{""ipa_sim"": 0.5, ""len_diff"": 0}",automatic_only
phoneme:vn:/ɨ˧ˀ˥/,phoneme:vn:/e˧˥/,vn,confusable_with,0.55,"{""ipa_sim"": 0.75, ""len_diff"": 1}",automatic_only
phoneme:vn:/ɨ˧ˀ˥/,phoneme:vn:/e˧ˀ˥/,vn,confusable_with,0.6,"{""ipa_sim"": 0.75, ""len_diff"": 0}",automatic_only
phoneme:vn:/ɨ˧ˀ˥/,phoneme:vn:/e˧˨ˀ/,vn,confusable_with,0.4,"{""ipa_sim"": 0.5, ""len_diff"": 0}",automatic_only
phoneme:vn:/ɨ˧ˀ˥/,phoneme:vn:/i˧˥/,vn,confusable_with,0.55,"{""ipa_sim"": 0.75, ""len_diff"": 1}",automatic_only
phoneme:vn:/ɨ˧ˀ˥/,phoneme:vn:/i˧ˀ˥/,vn,confusable_with,0.6,"{""ipa_sim"": 0.75, ""len_diff"": 0}",automatic_only
phoneme:vn:/ɨ˧ˀ˥/,phoneme:vn:/i˧˨ˀ/,vn,confusable_with,0.4,"{""ipa_sim"": 0.5, ""len_diff"": 0}",automatic_only
phoneme:vn:/ɨ˧ˀ˥/,phoneme:vn:/ɔ˧˥/,vn,confusable_with,0.55,"{""ipa_sim"": 0.75, ""len_diff"": 1}",automatic_only
phoneme:vn:/ɨ˧ˀ˥/,phoneme:vn:/ɔ˧ˀ˥/,vn,confusable_with,0.6,"{""ipa_sim"": 0.75, ""len_diff"": 0}",automatic_only
phoneme:vn:/ɨ˧ˀ˥/,phoneme:vn:/ɔ˧˨ˀ/,vn,confusable_with,0.4,"{""ipa_sim"": 0.5, ""len_diff"": 0}",automatic_only
phoneme:vn:/ɨ˧ˀ˥/,phoneme:vn:/o˧˥/,vn,confusable_with,0.55,"{""ipa_sim"": 0.75, ""len_diff"": 1}",automatic_only
phoneme:vn:/ɨ˧ˀ˥/,phoneme:vn:/o˧ˀ˥/,vn,confusable_with,0.6,"{""ipa_sim"": 0.75, ""len_diff"": 0}",automatic_only
phoneme:vn:/ɨ˧ˀ˥/,phoneme:vn:/o˧˨ˀ/,vn,confusable_with,0.4,"{""ipa_sim"": 0.5, ""len_diff"": 0}",automatic_only
phoneme:vn:/ɨ˧ˀ˥/,phoneme:vn:/əː˧/,vn,confusable_with,0.35,"{""ipa_sim"": 0.5, ""len_diff"": 1}",automatic_only
phoneme:vn:/ɨ˧ˀ˥/,phoneme:vn:/əː˧˥/,vn,confusable_with,0.4,"{""ipa_sim"": 0.5, ""len_diff"": 0}",automatic_only
phoneme:vn:/ɨ˧ˀ˥/,phoneme:vn:/əː˧ˀ˥/,vn,confusable_with,0.59,"{""ipa_sim"": 0.8, ""len_diff"": 1}",automatic_only
phoneme:vn:/ɨ˧ˀ˥/,phoneme:vn:/əː˧˨ˀ/,vn,confusable_with,0.43,"{""ipa_sim"": 0.6, ""len_diff"": 1}",automatic_only
phoneme:vn:/ɨ˧ˀ˥/,phoneme:vn:/u˧˥/,vn,confusable_with,0.55,"{""ipa_sim"": 0.75, ""len_diff"": 1}",automatic_only
phoneme:vn:/ɨ˧ˀ˥/,phoneme:vn:/u˧ˀ˥/,vn,confusable_with,0.6,"{""ipa_sim"": 0.75, ""len_diff"": 0}",automatic_only
phoneme:vn:/ɨ˧ˀ˥/,phoneme:vn:/u˧˨ˀ/,vn,confusable_with,0.4,"{""ipa_sim"": 0.5, ""len_diff"": 0}",automatic_only
phoneme:vn:/ɨ˧ˀ˥/,phoneme:vn:/ɨ˧/,vn,confusable_with,0.5,"{""ipa_sim"": 0.75, ""len_diff"": 2}",automatic_only
phoneme:vn:/ɨ˧ˀ˥/,phoneme:vn:/ɨ˧˥/,vn,confusable_with,0.75,"{""ipa_sim"": 1.0, ""len_diff"": 1}",automatic_only
phoneme:vn:/ɨ˧ˀ˥/,phoneme:vn:/ɨ˨˩/,vn,confusable_with,0.35,"{""ipa_sim"": 0.5, ""len_diff"": 1}",automatic_only
phoneme:vn:/ɨ˧ˀ˥/,phoneme:vn:/ɨ˧˩˧/,vn,confusable_with,0.4,"{""ipa_sim"": 0.5, ""len_diff"": 0}",automatic_only
phoneme:vn:/ɨ˧ˀ˥/,phoneme:vn:/ɨ˧˨ˀ/,vn,confusable_with,0.6,"{""ipa_sim"": 0.75, ""len_diff"": 0}",automatic_only
phoneme:vn:/ɨ˧˨ˀ/,phoneme:vn:/aː˧/,vn,confusable_with,0.35,"{""ipa_sim"": 0.5, ""len_diff"": 1}",automatic_only
phoneme:vn:/ɨ˧˨ˀ/,phoneme:vn:/aː˧ˀ˥/,vn,confusable_with,0.43,"{""ipa_sim"": 0.6, ""len_diff"": 1}",automatic_only
phoneme:vn:/ɨ˧˨ˀ/,phoneme:vn:/aː˧˨ˀ/,vn,confusable_with,0.59,"{""ipa_sim"": 0.8, ""len_diff"": 1}",automatic_only
phoneme:vn:/ɨ˧˨ˀ/,phoneme:vn:/a˧˥/,vn,confusable_with,0.35,"{""ipa_sim"": 0.5, ""len_diff"": 1}",automatic_only
phoneme:vn:/ɨ˧˨ˀ/,phoneme:vn:/a˨˩/,vn,confusable_with,0.35,"{""ipa_sim"": 0.5, ""len_diff"": 1}",automatic_only
phoneme:vn:/ɨ˧˨ˀ/,phoneme:vn:/a˧ˀ˥/,vn,confusable_with,0.4,"{""ipa_sim"": 0.5, ""len_diff"": 0}",automatic_only
phoneme:vn:/ɨ˧˨ˀ/,phoneme:vn:/a˧˨ˀ/,vn,confusable_with,0.6,"{""ipa_sim"": 0.75, ""len_diff"": 0}",automatic_only
phoneme:vn:/ɨ˧˨ˀ/,phoneme:vn:/ə˧˥/,vn,confusable_with,0.35,"{""ipa_sim"": 0.5, ""len_diff"": 1}",automatic_only
phoneme:vn:/ɨ˧˨ˀ/,phoneme:vn:/ə˨˩/,vn,confusable_with,0.35,"{""ipa_sim"": 0.5, ""len_diff"": 1}",automatic_only
phoneme:vn:/ɨ˧˨ˀ/,phoneme:vn:/ə˧ˀ˥/,vn,confusable_with,0.4,"{""ipa_sim"": 0.5, ""len_diff"": 0}",automatic_only
phoneme:vn:/ɨ˧˨ˀ/,phoneme:vn:/ə˧˨ˀ/,vn,confusable_with,0.6,"{""ipa_sim"": 0.75, ""len_diff"": 0}",automatic_only
phoneme:vn:/ɨ˧˨ˀ/,phoneme:vn:/ɛ˧˥/,vn,confusable_with,0.35,"{""ipa_sim"": 0.5, ""len_diff"": 1}",automatic_only
phoneme:vn:/ɨ˧˨ˀ/,phoneme:vn:/ɛ˨˩/,vn,confusable_with,0.35,"{""ipa_sim"": 0.5, ""len_diff"": 1}",automatic_only
phoneme:vn:/ɨ˧˨ˀ/,phoneme:vn:/ɛ˧ˀ˥/,vn,confusable_with,0.4,"{""ipa_sim"": 0.5, ""len_diff"": 0}",automatic_only
phoneme:vn:/ɨ˧˨ˀ/,phoneme:vn:/ɛ˧˨ˀ/,vn,confusable_with,0.6,"{""ipa_sim"": 0.75, ""len_diff"": 0}",automatic_only
phoneme:vn:/ɨ˧˨ˀ/,phoneme:vn:/e˧˥/,vn,confusable_with,0.35,"{""ipa_sim"": 0.5, ""len_diff"": 1}",automatic_only
phoneme:vn:/ɨ˧˨ˀ/,phoneme:vn:/e˨˩/,vn,confusable_with,0.35,"{""ipa_sim"": 0.5, ""len_diff"": 1}",automatic_only
phoneme:vn:/ɨ˧˨ˀ/,phoneme:vn:/e˧ˀ˥/,vn,confusable_with,0.4,"{""ipa_sim"": 0.5, ""len_diff"": 0}",automatic_only
phoneme:vn:/ɨ˧˨ˀ/,phoneme:vn:/e˧˨ˀ/,vn,confusable_with,0.6,"{""ipa_sim"": 0.75, ""len_diff"": 0}",automatic_only
phoneme:vn:/ɨ˧˨ˀ/,phoneme:vn:/i˧˥/,vn,confusable_with,0.35,"{""ipa_sim"": 0.5, ""len_diff"": 1}",automatic_only
phoneme:vn:/ɨ˧˨ˀ/,phoneme:vn:/i˨˩/,vn,confusable_with,0.35,"{""ipa_sim"": 0.5, ""len_diff"": 1}",automatic_only
phoneme:vn:/ɨ˧˨ˀ/,phoneme:vn:/i˧ˀ˥/,vn,confusable_with,0.4,"{""ipa_sim"": 0.5, ""len_diff"": 0}",automatic_only
phoneme:vn:/ɨ˧˨ˀ/,phoneme:vn:/i˧˨ˀ/,vn,confusable_with,0.6,"{""ipa_sim"": 0.75, ""len_diff"": 0}",automatic_only
phoneme:vn:/ɨ˧˨ˀ/,phoneme:vn:/ɔ˧˥/,vn,confusable_with,0.35,"{""ipa_sim"": 0.5, ""len_diff"": 1}",automatic_only
phoneme:vn:/ɨ˧˨ˀ/,phoneme:vn:/ɔ˨˩/,vn,confusable_with,0.35,"{""ipa_sim"": 0.5, ""len_diff"": 1}",automatic_only
phoneme:vn:/ɨ˧˨ˀ/,phoneme:vn:/ɔ˧ˀ˥/,vn,confusable_with,0.4,"{""ipa_sim"": 0.5, ""len_diff"": 0}",automatic_only
phoneme:vn:/ɨ˧˨ˀ/,phoneme:vn:/ɔ˧˨ˀ/,vn,confusable_with,0.6,"{""ipa_sim"": 0.75, ""len_diff"": 0}",automatic_only
phoneme:vn:/ɨ˧˨ˀ/,phoneme:vn:/o˧˥/,vn,confusable_with,0.35,"{""ipa_sim"": 0.5, ""len_diff"": 1}",automatic_only
phoneme:vn:/ɨ˧˨ˀ/,phoneme:vn:/o˨˩/,vn,confusable_with,0.35,"{""ipa_sim"": 0.5, ""len_diff"": 1}",automatic_only
phoneme:vn:/ɨ˧˨ˀ/,phoneme:vn:/o˧ˀ˥/,vn,confusable_with,0.4,"{""ipa_sim"": 0.5, ""len_diff"": 0}",automatic_only
phoneme:vn:/ɨ˧˨ˀ/,phoneme:vn:/o˧˨ˀ/,vn,confusable_with,0.6,"{""ipa_sim"": 0.75, ""len_diff"": 0}",automatic_only
phoneme:vn:/ɨ˧˨ˀ/,phoneme:vn:/əː˧/,vn,confusable_with,0.35,"{""ipa_sim"": 0.5, ""len_diff"": 1}",automatic_only
phoneme:vn:/ɨ˧˨ˀ/,phoneme:vn:/əː˧ˀ˥/,vn,confusable_with,0.43,"{""ipa_sim"": 0.6, ""len_diff"": 1}",automatic_only
phoneme:vn:/ɨ˧˨ˀ/,phoneme:vn:/əː˧˨ˀ/,vn,confusable_with,0.59,"{""ipa_sim"": 0.8, ""len_diff"": 1}",automatic_only
phoneme:vn:/ɨ˧˨ˀ/,phoneme:vn:/u˧˥/,vn,confusable_with,0.35,"{""ipa_sim"": 0.5, ""len_diff"": 1}",automatic_only
phoneme:vn:/ɨ˧˨ˀ/,phoneme:vn:/u˨˩/,vn,confusable_with,0.35,"{""ipa_sim"": 0.5, ""len_diff"": 1}",automatic_only
phoneme:vn:/ɨ˧˨ˀ/,phoneme:vn:/u˧ˀ˥/,vn,confusable_with,0.4,"{""ipa_sim"": 0.5, ""len_diff"": 0}",automatic_only
phoneme:vn:/ɨ˧˨ˀ/,phoneme:vn:/u˧˨ˀ/,vn,confusable_with,0.6,"{""ipa_sim"": 0.75, ""len_diff"": 0}",automatic_only
phoneme:vn:/ɨ˧˨ˀ/,phoneme:vn:/ɨ˧/,vn,confusable_with,0.5,"{""ipa_sim"": 0.75, ""len_diff"": 2}",automatic_only
phoneme:vn:/ɨ˧˨ˀ/,phoneme:vn:/ɨ˧˥/,vn,confusable_with,0.55,"{""ipa_sim"": 0.75, ""len_diff"": 1}",automatic_only
phoneme:vn:/ɨ˧˨ˀ/,phoneme:vn:/ɨ˨˩/,vn,confusable_with,0.55,"{""ipa_sim"": 0.75, ""len_diff"": 1}",automatic_only
phoneme:vn:/ɨ˧˨ˀ/,phoneme:vn:/ɨ˧˩˧/,vn,confusable_with,0.4,"{""ipa_sim"": 0.5, ""len_diff"": 0}",automatic_only
phoneme:vn:/ɨ˧˨ˀ/,phoneme:vn:/ɨ˧ˀ˥/,vn,confusable_with,0.6,"{""ipa_sim"": 0.75, ""len_diff"": 0}",automatic_only
phoneme:vn:/z/ or /j/,phoneme:vn:/k/ or /kw/,vn,confusable_with,0.521,"{""ipa_sim"": 0.714, ""len_diff"": 1}",automatic_only
phoneme:vn:/z/ or /j/,phoneme:vn:/z/ or /r/,vn,confusable_with,0.8,"{""ipa_sim"": 1.0, ""len_diff"": 0}",automatic_only
phoneme:vn:/z/ or /j/,phoneme:vn:/s/ or /ʂ/,vn,confusable_with,0.533,"{""ipa_sim"": 0.667, ""len_diff"": 0}",automatic_only
phoneme:vn:/z/ or /j/,phoneme:vn:/v/ or /j/,vn,confusable_with,0.8,"{""ipa_sim"": 1.0, ""len_diff"": 0}",automatic_only
phoneme:vn:/k/ or /kw/,phoneme:vn:/z/ or /j/,vn,confusable_with,0.521,"{""ipa_sim"": 0.714, ""len_diff"": 1}",automatic_only
phoneme:vn:/k/ or /kw/,phoneme:vn:/z/ or /r/,vn,confusable_with,0.521,"{""ipa_sim"": 0.714, ""len_diff"": 1}",automatic_only
phoneme:vn:/k/ or /kw/,phoneme:vn:/s/ or /ʂ/,vn,confusable_with,0.521,"{""ipa_sim"": 0.714, ""len_diff"": 1}",automatic_only
phoneme:vn:/k/ or /kw/,phoneme:vn:/v/ or /j/,vn,confusable_with,0.521,"{""ipa_sim"": 0.714, ""len_diff"": 1}",automatic_only
phoneme:vn:/z/ or /r/,phoneme:vn:/z/ or /j/,vn,confusable_with,0.8,"{""ipa_sim"": 1.0, ""len_diff"": 0}",automatic_only
phoneme:vn:/z/ or /r/,phoneme:vn:/k/ or /kw/,vn,confusable_with,0.521,"{""ipa_sim"": 0.714, ""len_diff"": 1}",automatic_only
phoneme:vn:/z/ or /r/,phoneme:vn:/s/ or /ʂ/,vn,confusable_with,0.533,"{""ipa_sim"": 0.667, ""len_diff"": 0}",automatic_only
phoneme:vn:/z/ or /r/,phoneme:vn:/v/ or /j/,vn,confusable_with,0.533,"{""ipa_sim"": 0.667, ""len_diff"": 0}",automatic_only
phoneme:vn:/s/ or /ʂ/,phoneme:vn:/z/ or /j/,vn,confusable_with,0.533,"{""ipa_sim"": 0.667, ""len_diff"": 0}",automatic_only
phoneme:vn:/s/ or /ʂ/,phoneme:vn:/k/ or /kw/,vn,confusable_with,0.521,"{""ipa_sim"": 0.714, ""len_diff"": 1}",automatic_only
phoneme:vn:/s/ or /ʂ/,phoneme:vn:/z/ or /r/,vn,confusable_with,0.533,"{""ipa_sim"": 0.667, ""len_diff"": 0}",automatic_only
phoneme:vn:/s/ or /ʂ/,phoneme:vn:/v/ or /j/,vn,confusable_with,0.533,"{""ipa_sim"": 0.667, ""len_diff"": 0}",automatic_only
phoneme:vn:/v/ or /j/,phoneme:vn:/z/ or /j/,vn,confusable_with,0.8,"{""ipa_sim"": 1.0, ""len_diff"": 0}",automatic_only
phoneme:vn:/v/ or /j/,phoneme:vn:/k/ or /kw/,vn,confusable_with,0.521,"{""ipa_sim"": 0.714, ""len_diff"": 1}",automatic_only
phoneme:vn:/v/ or /j/,phoneme:vn:/z/ or /r/,vn,confusable_with,0.533,"{""ipa_sim"": 0.667, ""len_diff"": 0}",automatic_only
phoneme:vn:/v/ or /j/,phoneme:vn:/s/ or /ʂ/,vn,confusable_with,0.533,"{""ipa_sim"": 0.667, ""len_diff"": 0}",automatic_only
phoneme:dr:/aː/,phoneme:dr:/uː/,dr,confusable_with,0.8,"{""ipa_sim"": 0.5, ""len_diff"": 0, ""seed_reason"": ""vowel length contrast"", ""seed_weight"": 0.8}",automatic_plus_manual
phoneme:dr:/aː/,phoneme:dr:/iː/,dr,confusable_with,0.8,"{""ipa_sim"": 0.5, ""len_diff"": 0, ""seed_reason"": ""vowel length contrast"", ""seed_weight"": 0.8}",automatic_plus_manual
phoneme:dr:/uː/,phoneme:dr:/aː/,dr,confusable_with,0.8,"{""ipa_sim"": 0.5, ""len_diff"": 0, ""seed_reason"": ""vowel length contrast"", ""seed_weight"": 0.8}",automatic_plus_manual
phoneme:dr:/uː/,phoneme:dr:/iː/,dr,confusable_with,0.4,"{""ipa_sim"": 0.5, ""len_diff"": 0}",automatic_only
phoneme:dr:/iː/,phoneme:dr:/aː/,dr,confusable_with,0.8,"{""ipa_sim"": 0.5, ""len_diff"": 0, ""seed_reason"": ""vowel length contrast"", ""seed_weight"": 0.8}",automatic_plus_manual
phoneme:dr:/iː/,phoneme:dr:/uː/,dr,confusable_with,0.4,"{""ipa_sim"": 0.5, ""len_diff"": 0}",automatic_only
phoneme:dr:/t/,phoneme:dr:/tˤ/,dr,confusable_with,0.75,"{""ipa_sim"": 1.0, ""len_diff"": 1}",automatic_only
phoneme:dr:/t/,phoneme:dr:/t͡ʃ/,dr,confusable_with,0.433,"{""ipa_sim"": 0.667, ""len_diff"": 2}",automatic_only
phoneme:dr:/d/,phoneme:dr:/dˤ/,dr,confusable_with,0.75,"{""ipa_sim"": 1.0, ""len_diff"": 1}",automatic_only
phoneme:dr:/s/,phoneme:dr:/sˤ/,dr,confusable_with,0.75,"{""ipa_sim"": 1.0, ""len_diff"": 1}",automatic_only
phoneme:dr:/ʃ/,phoneme:dr:/t͡ʃ/,dr,confusable_with,0.433,"{""ipa_sim"": 0.667, ""len_diff"": 2}",automatic_only
phoneme:dr:/sˤ/,phoneme:dr:/s/,dr,confusable_with,0.75,"{""ipa_sim"": 1.0, ""len_diff"": 1}",automatic_only
phoneme:dr:/sˤ/,phoneme:dr:/dˤ/,dr,confusable_with,0.4,"{""ipa_sim"": 0.5, ""len_diff"": 0}",automatic_only
phoneme:dr:/sˤ/,phoneme:dr:/tˤ/,dr,confusable_with,0.4,"{""ipa_sim"": 0.5, ""len_diff"": 0}",automatic_only
phoneme:dr:/dˤ/,phoneme:dr:/d/,dr,confusable_with,0.75,"{""ipa_sim"": 1.0, ""len_diff"": 1}",automatic_only
phoneme:dr:/dˤ/,phoneme:dr:/sˤ/,dr,confusable_with,0.4,"{""ipa_sim"": 0.5, ""len_diff"": 0}",automatic_only
phoneme:dr:/dˤ/,phoneme:dr:/tˤ/,dr,confusable_with,0.4,"{""ipa_sim"": 0.5, ""len_diff"": 0}",automatic_only
phoneme:dr:/tˤ/,phoneme:dr:/t/,dr,confusable_with,0.75,"{""ipa_sim"": 1.0, ""len_diff"": 1}",automatic_only
phoneme:dr:/tˤ/,phoneme:dr:/sˤ/,dr,confusable_with,0.4,"{""ipa_sim"": 0.5, ""len_diff"": 0}",automatic_only
phoneme:dr:/tˤ/,phoneme:dr:/dˤ/,dr,confusable_with,0.4,"{""ipa_sim"": 0.5, ""len_diff"": 0}",automatic_only
phoneme:dr:/tˤ/,phoneme:dr:/t͡ʃ/,dr,confusable_with,0.483,"{""ipa_sim"": 0.667, ""len_diff"": 1}",automatic_only
phoneme:dr:/t͡ʃ/,phoneme:dr:/t/,dr,confusable_with,0.433,"{""ipa_sim"": 0.667, ""len_diff"": 2}",automatic_only
phoneme:dr:/t͡ʃ/,phoneme:dr:/ʃ/,dr,confusable_with,0.433,"{""ipa_sim"": 0.667, ""len_diff"": 2}",automatic_only
phoneme:dr:/t͡ʃ/,phoneme:dr:/tˤ/,dr,confusable_with,0.483,"{""ipa_sim"": 0.667, ""len_diff"": 1}",automatic_only
phoneme:ur:/d̪/,phoneme:ur:/ɖ/,ur,confusable_with,0.85,"{""seed_reason"": ""dental vs retroflex confusion"", ""seed_weight"": 0.85}",manual_only
phoneme:ur:/ɖ/,phoneme:ur:/d̪/,ur,confusable_with,0.85,"{""seed_reason"": ""dental vs retroflex confusion"", ""seed_weight"": 0.85}",manual_only
phoneme:ur:/t̪/,phoneme:ur:/ʈ/,ur,confusable_with,0.85,"{""seed_reason"": ""dental vs retroflex confusion"", ""seed_weight"": 0.85}",manual_only
phoneme:ur:/ʈ/,phoneme:ur:/t̪/,ur,confusable_with,0.85,"{""seed_reason"": ""dental vs retroflex confusion"", ""seed_weight"": 0.85}",manual_only
phoneme:ur:/s/,phoneme:ur:/ʃ/,ur,confusable_with,0.8,"{""seed_reason"": ""sibilant proximity"", ""seed_weight"": 0.8}",manual_only
phoneme:ur:/ʃ/,phoneme:ur:/s/,ur,confusable_with,0.8,"{""seed_reason"": ""sibilant proximity"", ""seed_weight"": 0.8}",manual_only
phoneme:ur:/z/,phoneme:ur:/ʒ/,ur,confusable_with,0.8,"{""seed_reason"": ""fricative proximity"", ""seed_weight"": 0.8}",manual_only
phoneme:ur:/ʒ/,phoneme:ur:/z/,ur,confusable_with,0.8,"{""seed_reason"": ""fricative proximity"", ""seed_weight"": 0.8}",manual_only
phoneme:ur:/r/,phoneme:ur:/ɽ/,ur,confusable_with,0.85,"{""seed_reason"": ""alveolar vs retroflex flap"", ""seed_weight"": 0.85}",manual_only
phoneme:ur:/ɽ/,phoneme:ur:/r/,ur,confusable_with,0.85,"{""seed_reason"": ""alveolar vs retroflex flap"", ""seed_weight"": 0.85}",manual_only
