"concept_id","part_of_speech","lemmas","english_lemmas","gloss","english_gloss"
"2",1,"tên","name","NO_GLOSS","a language unit by which a person or thing is known"
"3",1,"miêu tả | mô tả","description | verbal description","NO_GLOSS","a statement that represents something in words"
"6",1,"phần","component | component part | part | portion","NO_GLOSS","something determined in relation to something that includes it"
"7",1,"詞賴義","antonym | opposite | opposite word","NO_GLOSS","a word that expresses a meaning opposed to the meaning of another word, in which case the two words are antonyms of each other"
"12",2,"giống","similar","NO_GLOSS","marked by correspondence or resemblance"
"14",1,"hội viên | thành viên | 成員 | 會員","member","NO_GLOSS","one of the persons who compose a social group (especially individuals who have joined and participates in a group organization)"
"29",1,"sinh vật","being | organism","NO_GLOSS","a living thing that has (or can develop) the ability to act or function independently"
"41",1,"đồ ăn | thức ăn | thực phẩm","food | nutrient","NO_GLOSS","any substance that can be metabolized by an organism to give energy and build tissue"
"45",1,"nhận thức | tri thức","cognition | knowledge | noesis","NO_GLOSS","the psychological result of perception and learning and reasoning"
"59",1,"nhóm","group | grouping","NO_GLOSS","any number of entities (members) considered as a unit"
"64",1,"lượng | số lượng","amount | measure | quantity","NO_GLOSS","how much there is of something that you can quantify"
"103",1,"ra đi | rời khỏi","departure | going | going away | leaving","NO_GLOSS","act of departing"
"105",1,"khám phá","discovery | find | uncovering","NO_GLOSS","the act of discovering something"
"249",1,"lỗi","error | fault | mistake","NO_GLOSS","a wrong action attributable to bad judgment or ignorance or inattention"
"274",1,"thất lễ","faux pas | gaffe | gaucherie | slip | solecism","NO_GLOSS","a socially awkward or tactless act"
"303",1,"mua sắm","shopping","NO_GLOSS","searching for or buying goods or services"
"362",1,"cứu","deliverance | delivery | rescue | saving","NO_GLOSS","recovery or preservation from loss or danger"
"364",1,"cứu rỗi","redemption | salvation","NO_GLOSS","(Christianity) the act of delivering from sin or saving from evil"
"608",1,"cái hôn","buss | kiss | osculation","NO_GLOSS","the act of caressing with the lips (or an instance thereof)"
"629",1,"so sánh","comparing | comparison","NO_GLOSS","examining resemblances or differences"
"681",1,"chẩn đoán | 診斷","diagnosing | diagnosis","NO_GLOSS","identifying the nature or cause of some phenomenon"
"830",1,"bầu cử | tuyển cử | 選舉","election","NO_GLOSS","a vote to select the winner of a position or political office"
"988",1,"dẫn độ","extradition","NO_GLOSS","the surrender of an accused or convicted person by one state or country to another (usually under the provisions of a statute or treaty)"
"1014",1,"giết","kill | killing | putting to death","NO_GLOSS","the act of terminating a life"
"1021",1,"ngộ sát","manslaughter","NO_GLOSS","homicide without malice aforethought"
"1022",1,"ám sát | giết người","execution | murder | slaying","NO_GLOSS","unlawful premeditated killing of a human being by a human being"
"1036",1,"tự sát | tự tử | 自死 | 自殺","self-annihilation | self-destruction | suicide","NO_GLOSS","the act of killing yourself"
"1258",1,"sửa chữa","fix | fixing | fixture | mend | mending | repair | reparation","NO_GLOSS","the act of putting something in working order again"
"1261",1,"bảo dưỡng | bảo trì","care | maintenance | upkeep","NO_GLOSS","activity involved in maintaining something in good working order"
"1343",1,"đi dạo","walk | walking","NO_GLOSS","the act of traveling by foot"
"1350",1,"mộng du","noctambulation | noctambulism | sleepwalking | somnambulation | somnambulism","NO_GLOSS","walking by a person who is asleep"
"1415",1,"du lịch | lữ hành","travel | traveling | travelling","NO_GLOSS","the act of going from one place to another"
"1484",1,"chuyến","trip","NO_GLOSS","a journey for some purpose (usually including the return)"
"1486",1,"khứ hồi","round trip","NO_GLOSS","a trip to some place and back again"
"1501",1,"du lịch | lữ hành | 旅行 | 遊歷","circuit | tour","NO_GLOSS","a journey or route all the way around a particular place or area"
"1557",1,"luồn ống","cannulation | cannulisation | cannulization | canulation | canulisation | canulization | intubation","NO_GLOSS","the insertion of a cannula or tube into a hollow body organ"
"1574",1,"truyền máu","blood transfusion | transfusion","NO_GLOSS","the introduction of blood or blood plasma into a vein or artery"
"1794",1,"giãn mạch","vasodilation","NO_GLOSS","dilation of blood vessels (especially the arteries)"
"1857",1,"hoả táng | sự | 火葬","cremation","NO_GLOSS","the incineration of a dead body"
"2029",1,"phong tục | tập quán | tục lệ | 俗例 | 習慣 | 風俗","custom | usage | usance","NO_GLOSS","accepted or habitual practice"
"2069",1,"khủng bố","persecution","NO_GLOSS","the act of persecuting (especially on the basis of race or religion)"
"2104",1,"tiêu khiển","diversion | recreation","NO_GLOSS","an activity that diverts or amuses or stimulates"
"2217",1,"trượt băng","ice skating","NO_GLOSS","skating on ice"
"2253",1,"câu cá","fishing | sportfishing","NO_GLOSS","the act of someone who fishes as a diversion"
"2281",1,"game | video game","computer game | video game","NO_GLOSS","a game played against a computer"
"2374",1,"quần vợt | ten-nít","lawn tennis | tennis","NO_GLOSS","a game played with rackets by two or four players who hit a ball back and forth over a net that divides the court"
"2458",1,"bóng bàn | ping-lông","ping-pong | table tennis","NO_GLOSS","a game (trademark Ping-Pong) resembling tennis but played on a table with paddles and a light hollow ball"
"2484",1,"mạt chược | 麻雀","mah-jongg | mahjong","NO_GLOSS","Chinese game played by 4 people with 144 tiles"
"2576",1,"biểu diễn | trình diễn","show","NO_GLOSS","the act of publicly exhibiting or entertaining"
"2593",1,"thể thao | 體操","athletics | sport","NO_GLOSS","an active diversion requiring physical exertion and competition"
"2608",1,"ba lê | vở ballet","ballet | concert dance","NO_GLOSS","a theatrical representation of a story that is performed to music by trained dancers"
"2913",1,"nghề nghiệp | 藝業","calling | career | vocation","NO_GLOSS","the particular occupation for which you are trained"
"3109",1,"biên mã | 編碼","encoding | encryption","NO_GLOSS","the activity of converting from plain text into code"
"3219",1,"nghiên cứu","research","NO_GLOSS","systematic investigation to establish facts"
"3234",1,"thí nghiệm","experiment | experimentation","NO_GLOSS","the act of conducting a controlled test or investigation"
"3279",1,"chuẩn độ","titration","NO_GLOSS","a measured amount of a solution of unknown concentration is added to a known volume of a second solution until the reaction between them is just complete; the concentration of the unknown solution (the titer) can them be calculated"
"3284",1,"光譜學","spectrographic analysis | spectrometry | spectroscopic analysis | spectroscopy | spectrum analysis","NO_GLOSS","the use of spectroscopes to analyze spectra"
"3314",1,"phản gián","counterespionage","NO_GLOSS","spying on the spies"
"3339",1,"điều trị","therapy","NO_GLOSS","(medicine) the act of caring for someone (as by medication or remedial training etc.)"
"3640",1,"chức trách | chức vụ | nghĩa vụ | nhiệm vụ | trách nhiệm | 任務 | 義務 | 職務 | 職責 | 責任","duty","NO_GLOSS","work that you are obliged to perform for moral or legal reasons"
"3738",1,"thị dâm","voyeurism","NO_GLOSS","a perversion in which a person receives sexual gratification from seeing the genitalia of others or witnessing others' sexual behavior"
"3792",1,"mại dâm","harlotry | prostitution | whoredom","NO_GLOSS","offering sexual intercourse for pay"
"3842",1,"tội trọng","deadly sin | mortal sin","NO_GLOSS","an unpardonable sin entailing a total loss of grace"
"3851",1,"khủng bố | 主義恐怖 | 恐怖 | 政策恐怖","act of terrorism | terrorism | terrorist act","NO_GLOSS","the calculated use of violence (or threat of violence) against civilians in order to attain goals that are political or religious or ideological in nature; this is done through intimidation or coercion or instilling fear"
"3866",1,"tội ác | tội phạm | 罪惡 | 罪犯","crime | law-breaking","NO_GLOSS","(criminal law) an act punishable by law; usually considered an evil act"
"3876",1,"gian lận | gian trá | lừa lọc | 事嚧𤀓 | 事奸吝 | 事奸詐","fraud","NO_GLOSS","intentional deception resulting in injury to another person"
"3907",1,"bắt cóc","kidnapping | snatch","NO_GLOSS","(law) the unlawful act of capturing and carrying away a person against their will and holding them in false imprisonment"
"3933",1,"ăn trộm | trộm cắp","larceny | stealing | theft | thievery | thieving","NO_GLOSS","the act of taking something from someone unlawfully"
"3936",1,"cướp giật","robbery","NO_GLOSS","larceny by threat of violence"
"3938",1,"phản bội | sự | 反背","high treason | lese majesty | treason","NO_GLOSS","a crime that undermines the offender's government"
"3960",1,"liên doanh","joint venture","NO_GLOSS","a venture by a partnership or conglomerate designed to share risk or expertise"
"3964",1,"nỗ lực | thử | 努力","attempt | effort | endeavor | endeavour | try","NO_GLOSS","earnest and conscientious activity intended to do or accomplish something"
"4164",1,"nhu đạo | 柔道","judo","NO_GLOSS","a sport adapted from jujitsu (using principles of not resisting) and similar to wrestling; developed in Japan"
"4194",1,"hô hấp","breathing | external respiration | respiration | ventilation","NO_GLOSS","the bodily process of inhalation and exhalation; the process of taking in oxygen from inhaled air and releasing carbon dioxide by exhalation"
"4212",1,"hô hấp | 呼吸","breath","NO_GLOSS","the process of taking in and expelling air during breathing"
"4262",1,"giao cấu","sex | sex activity | sexual activity | sexual practice","NO_GLOSS","activities associated with sexual intercourse"
"4267",1,"giao cấu | giao hợp | giao phối | tính giao | 性交","carnal knowledge | coition | coitus | congress | copulation | intercourse | relation | sex act | sexual congress | sexual intercourse | sexual relation","NO_GLOSS","the act of sexual procreation between a man and a woman; the man's penis is inserted into the woman's vagina and excited until orgasm and ejaculation occur"
"4282",1,"loạn luân","incest","NO_GLOSS","sexual intercourse between persons too closely related to marry (as between a parent and a child)"
"4309",1,"khẩu giao | 口交","head | oral sex","NO_GLOSS","oral stimulation of the genitals"
"4312",1,"thổi kèn","blowjob | cock sucking","NO_GLOSS","slang for fellatio"
"4315",1,"thủ dâm","masturbation | onanism","NO_GLOSS","manual stimulation of the genital organs (of yourself or another) for sexual pleasure"
"4322",1,"同性戀愛","gayness | homoeroticism | homosexualism | homosexuality | queerness","NO_GLOSS","a sexual attraction to (or sexual relations with) persons of the same sex"
"4373",1,"da gà","goose bump | goose pimple | goose skin | goosebump | gooseflesh | horripilation | pilomotor reflex","NO_GLOSS","reflex erection of hairs of the skin in response to cold or emotional stress or skin irritation"
"4460",1,"dạy dỗ | giáo dục | giáo dưỡng | 教育","didactics | education | educational activity | instruction | pedagogy | teaching","NO_GLOSS","the activities of educating or instructing; activities that impart knowledge or skill"
"4475",1,"trung học","secondary education","NO_GLOSS","education beyond the elementary grades; provided by a high school or college preparatory school"
"4491",1,"bài | bài học","lesson","NO_GLOSS","a unit of instruction"
"4522",1,"đào tạo","grooming | preparation | training","NO_GLOSS","activity leading to skilled behavior"
"4609",1,"nhép môi","lip sync | lip synch | lip synchronisation | lip synchronization","NO_GLOSS","combining audio and video recording in such a way that the sound is perfectly synchronized with the action that produced it; especially synchronizing the movements of a speaker's lips with the sound of his speech"
"4640",1,"nuôi ong","apiculture | beekeeping","NO_GLOSS","the cultivation of bees on a commercial scale for the production of honey"
"4652",1,"thủy canh","aquiculture | hydroponics | tank farming","NO_GLOSS","a technique of growing plants (without soil) in water containing dissolved nutrients"
"4711",1,"chữ viết","authorship | composition | penning | writing","NO_GLOSS","the act of creating written works"
"4797",1,"sự dùng","employment | exercise | usage | use | utilisation | utilization","NO_GLOSS","the act of using"
"4829",1,"trận đánh | 陣打","battle | conflict | engagement | fight","NO_GLOSS","a hostile meeting of opposing military forces in the course of a war"
"4841",1,"xung đột | 衝突","battle | conflict | struggle","NO_GLOSS","an open clash between two opposing groups (or individuals)"
"4859",1,"nội chiến | 內戰","civil war","NO_GLOSS","a war between factions in the same country"
"4902",1,"chiến tranh","war | warfare","NO_GLOSS","the waging of armed conflict against an enemy"
"5026",1,"thế chiến","world war","NO_GLOSS","a war in which the major nations of the world are involved"
"5059",1,"quan sát","observation","NO_GLOSS","the act of making and recording a measurement"
"5130",1,"古幣學 | 貨幣學","coin collecting | coin collection | numismatics | numismatology","NO_GLOSS","the collection and study of money (and coins in particular)"
"5170",1,"phương pháp | quá trình | qui trình","procedure | process","NO_GLOSS","a particular course of action intended to achieve a result"
"5187",1,"trà đạo | trà nghệ | 茶藝 | 茶道","chanoyu | tea ceremony","NO_GLOSS","an ancient ritual for preparing and serving and drinking tea"
"5213",1,"cúng tế","church | church service","NO_GLOSS","a service conducted in a house of worship"
"5228",1,"bí tích","sacrament","NO_GLOSS","a formal religious ceremony conferring a specific grace on those who receive it; the two Protestant ceremonies are baptism and the Lord's Supper; in the Roman Catholic Church and the Eastern Orthodox Church there are seven traditional rites accepted as instituted by Jesus: baptism and confirmation and Holy Eucharist and penance and holy orders and matrimony and extreme unction"
"5242",1,"rữa tội","baptism","NO_GLOSS","a Christian sacrament signifying spiritual cleansing and rebirth"
"5265",1,"kinh nguyện | ý nguyện | 意願 | 經求願 | 經願","prayer | supplication","NO_GLOSS","the act of communicating with a deity (especially as a petition or in adoration or contrition or thanksgiving)"
"5322",1,"rửa tiền","money laundering","NO_GLOSS","concealing the source of illegally gotten money"
"5452",1,"bao vây","beleaguering | besieging | military blockade | siege","NO_GLOSS","the action of an armed force that surrounds a fortified place and isolates it while continuing to attack"
"5524",1,"chẩn","alms","NO_GLOSS","money or goods contributed to the poor"
"5527",1,"buôn bán | thương mại | thương nghiệp","commerce | commercialism | mercantilism","NO_GLOSS","transactions (sales and purchases) having the objective of supplying commodities (goods and services)"
"5528",1,"buôn bán | thương mại | thương nghiệp","trade","NO_GLOSS","the commercial exchange (buying and selling on domestic or international markets) of goods and services"
"5557",1,"tài chính | 財政","finance","NO_GLOSS","the commercial activity of providing funds and capital"
"5723",1,"nghĩa vụ | 義務","duty | obligation | responsibility","NO_GLOSS","the social force that binds you to the courses of action demanded by that force"
"5743",1,"quản lý","direction | management","NO_GLOSS","the act of managing something"
"5793",1,"chuẩn bị","preparation | readying","NO_GLOSS","the activity of putting or setting in order in advance of some act or purpose"
"5881",1,"hình phạt | phạt | trừng trị","penalisation | penalization | penalty | punishment","NO_GLOSS","the act of punishing"
"5898",1,"tử hình","capital punishment | death penalty | executing | execution","NO_GLOSS","putting a condemned person to death"
"5916",1,"nghe lời","obedience | obeisance","NO_GLOSS","the act of obeying; dutiful or submissive behavior with respect to another person"
"6014",1,"kiện tụng","judicial proceeding | litigation","NO_GLOSS","a legal proceeding in a court; a judicial contest to determine and enforce legal rights"
"6053",1,"sự | 合法化","legalisation | legalization | legitimation","NO_GLOSS","the act of making lawful"
"6078",1,"ly hôn | 離婚","divorce | divorcement","NO_GLOSS","the legal dissolution of a marriage"
"6087",1,"hợp tác","cooperation","NO_GLOSS","joint operation or action"
"6088",1,"công não | động não | tập kích","brainstorming","NO_GLOSS","a group problem-solving technique in which members sit around a let fly with ideas and possible solutions to the problem"
"6102",1,"hòa giải | 和解","rapprochement | reconciliation","NO_GLOSS","the reestablishing of cordial relations"
"6113",1,"giúp | giúp đỡ | hỗ trợ | trợ giúp | 助𠢞","aid | assist | assistance | help","NO_GLOSS","the activity of contributing to the fulfillment of a need or furtherance of an effort or purpose"
"6215",1,"ơn","favor | favour","NO_GLOSS","an act of gracious kindness"
"6251",1,"đi thăm","visit","NO_GLOSS","the act of going to see some person or place or thing for a short time"
"6265",1,"trả thù","payback | retribution | vengeance","NO_GLOSS","the act of taking revenge (harming someone in retaliation for something harmful that they have done) especially in the next life"
"6283",1,"tham gia","engagement | involution | involvement | participation","NO_GLOSS","the act of sharing in the activities of a group"
"6303",1,"tuyệt thực","hunger strike","NO_GLOSS","a voluntary fast undertaken as a means of protest"
"6315",1,"diệt chủng","genocide | race murder | racial extermination","NO_GLOSS","systematic killing of a racial or cultural group"
"6342",1,"phá hoại","hooliganism | malicious mischief | vandalism","NO_GLOSS","willful wanton and malicious destruction of the property of others"
"6359",1,"di dân","colonisation | colonization | settlement","NO_GLOSS","the act of colonizing; the establishment of colonies"
"6507",1,"gấu con","bear cub","NO_GLOSS","a young bear"
"6531",1,"vi khuẩn | vi trùng | 微生物 | 微菌 | 微蟲","micro-organism | microorganism","NO_GLOSS","any organism of microscopic size"
"6633",1,"cầu khuẩn","cocci | coccus","NO_GLOSS","any spherical or nearly spherical bacteria"
"6806",1,"vi khuẩn | vi trùng | 微生物","bug | germ | microbe","NO_GLOSS","a minute life form (especially a disease-causing bacterium); the term is not in technical use"
"6813",1,"mầm bệnh","pathogen","NO_GLOSS","any disease-producing agent (especially a virus or bacterium or other microorganism)"
"6840",1,"a-míp | a míp | amip","ameba | amoeba","NO_GLOSS","naked freshwater or marine or parasitic protozoa that form temporary pseudopods for feeding and locomotion"
"6868",1,"tảo","alga | algae","NO_GLOSS","primitive chlorophyll-containing mainly aquatic eukaryotic organisms lacking true stems and roots and leaves"
"6869",1,"tảo biển","seaweed","NO_GLOSS","plant growing in the sea, especially marine algae"
"6874",1,"葉綠素 | 質葉綠","chlorophyl | chlorophyll","NO_GLOSS","any of a group of green pigments found in photosynthetic organisms; there are four naturally occurring forms"
"6973",1,"生物仁典型 | 生物仁實 | 生物仁純 | 生物箇仁正式","eucaryote | eukaryote","NO_GLOSS","an organism with cells characteristic of all life forms except primitive microorganisms such as bacteria; i.e. an organism with `good' or membrane-bound nuclei in its cells"
"7183",1,"trứng","egg","NO_GLOSS","animal reproductive body consisting of an ovum or embryo together with nutritive and protective envelopes; especially the thin-shelled reproductive body laid by e.g. female birds"
"7833",1,"chim nhại","mimus polyglotktos | mocker | mockingbird","NO_GLOSS","long-tailed grey-and-white songbird of the southern United States able to mimic songs of other birds"
"7986",1,"đại bàng","bird of jove | eagle","NO_GLOSS","any of various large keen-sighted diurnal birds of prey noted for their broad wings and strong soaring flight"
"8077",1,"sa giông","newt | triton","NO_GLOSS","small usually bright-colored semiaquatic salamanders of North America and Europe and northern Asia"
"8230",1,"bò sát","reptile | reptilian","NO_GLOSS","any cold-blooded vertebrate of the class Reptilia including tortoises turtles snakes lizards alligators crocodiles and extinct forms"
"8278",1,"rùa","tortoise","NO_GLOSS","usually herbivorous land turtles having clawed elephant-like limbs; worldwide in arid area except Australia and Antarctica"
"8354",1,"rắn mối","scincid | scincid lizard | skink","NO_GLOSS","alert agile lizard with reduced limbs and an elongated body covered with shiny scales; more dependent on moisture than most lizards; found in tropical regions worldwide"
"8591",1,"rắn","ophidian | serpent | snake","NO_GLOSS","limbless scaly elongate reptile; some are venomous"
"8713",1,"hổ mang","cobra","NO_GLOSS","venomous Asiatic and African elapid snakes that can expand the skin of the neck into a hood"
"8737",1,"đẻn | rắn biển","sea snake","NO_GLOSS","any of numerous venomous aquatic viviparous snakes having a fin-like tail; of warm littoral seas; feed on fish which they immobilize with quick-acting venom"
"8906",1,"gà trống","cock | rooster","NO_GLOSS","adult male chicken"
"8910",1,"gà mái","biddy | hen","NO_GLOSS","adult female chicken"
"9091",1,"két | vẹt","parakeet | paraquet | paroquet | parrakeet | parroket | parroquet","NO_GLOSS","any of numerous small slender long-tailed parrots"
"9167",1,"chim ong | chim ruồi","hummingbird","NO_GLOSS","tiny American bird having brilliant iridescent plumage and long slender bills; wings are specialized for vibrating flight"
"9405",1,"gấu koala | koala","kangaroo bear | koala | koala bear | native bear | phascolarctos cinereus","NO_GLOSS","sluggish tailless Australian arboreal marsupial with grey furry ears and coat; feeds on eucalyptus leaves and bark"
"9415",1,"hổ tasmania","tasmanian tiger | tasmanian wolf | thylacine | thylacinus cynocephalus","NO_GLOSS","rare doglike carnivorous marsupial of Tasmania having stripes on its back; probably extinct"
"9430",1,"bê","calf","NO_GLOSS","young of domestic cattle"
"9737",1,"bào ngư","abalone | ear-shell","NO_GLOSS","any of various large edible marine gastropods of the genus Haliotis having an ear-shaped shell with pearly interior"
"9746",1,"ốc","snail","NO_GLOSS","freshwater or marine or terrestrial gastropod mollusk usually having an external enclosing spiral shell"
"10015",1,"bọ đất | mọt ẩm","slater | woodlouse","NO_GLOSS","any of various small terrestrial isopods having a flat elliptical segmented body; found in damp habitats"
"10370",1,"bồ nông","pelican","NO_GLOSS","large long-winged warm-water seabird having a large bill with a distensible pouch for fish"
"10539",1,"moóc","sea horse | seahorse | walrus","NO_GLOSS","either of two large northern marine mammals having ivory tusks and tough hide over thick blubber"
"10745",1,"đingo","canis dingo | dingo | warragal | warrigal","NO_GLOSS","wolflike yellowish-brown wild dog of Australia"
"10788",1,"mèo con | miu | miu con","kitten | kitty","NO_GLOSS","young domestic cat"
"10810",1,"mèo báo | mèo rừng","felis bengalensis | leopard cat","NO_GLOSS","small spotted wildcat of southern Asia and Malaysia"
"10826",1,"báo tuyết","ounce | panthera uncia | snow leopard","NO_GLOSS","large feline of upland central Asia having long thick whitish fur"
"10833",1,"cọp cái | hổ cái","tigress","NO_GLOSS","a female tiger"
"10878",1,"mangut","mongoose","NO_GLOSS","agile grizzled Old World viverrine; preys on snakes and rodents"
"10974",1,"guốc | móng","hoof","NO_GLOSS","the foot of an ungulate mammal"
"11001",1,"đuôi bò","oxtail","NO_GLOSS","the skinned tail of cattle; used especially for soups"
"11008",1,"côn trùng | sâu bọ | 昆蟲","insect","NO_GLOSS","small air-breathing arthropod"
"11233",1,"muỗi","mosquito","NO_GLOSS","two-winged insect whose female has a long proboscis to pierce the skin and suck the blood of humans and animals"
"11272",1,"ong chúa","queen bee","NO_GLOSS","fertile egg-laying female bee"
"11425",1,"gián","cockroach | roach","NO_GLOSS","any of numerous chiefly nocturnal insects; some are domestic pests"
"11884",1,"nhộng","chrysalis","NO_GLOSS","pupa of a moth or butterfly enclosed in a cocoon"
"11919",1,"cầu gai | nhím biển","sea urchin","NO_GLOSS","shallow-water echinoderms having soft bodies enclosed in thin spiny globular shells"
"11961",1,"thỏ con","leveret","NO_GLOSS","a young hare especially one in its first year"
"12029",1,"chuột đồng","field mouse | vole","NO_GLOSS","any of various small mouselike rodents of the family Cricetidae (especially of genus Microtus) having a stout short-tailed body and inconspicuous ears and inhabiting fields or meadows"
"12073",1,"nhím","hedgehog | porcupine","NO_GLOSS","relatively large rodents with sharp erectile bristles mingled with the fur"
"12151",1,"sóc chuột","chipmunk","NO_GLOSS","a burrowing ground squirrel of western America and Asia; has cheek pouches and a light and dark stripe running down the body"
"12338",1,"la","mule","NO_GLOSS","hybrid offspring of a male donkey and a female horse; usually sterile"
"12339",1,"bạch đôi | con la","hinny","NO_GLOSS","hybrid offspring of a male horse and a female donkey or ass; usually sterile"
"12351",1,"tê giác | 犀角","rhino | rhinoceros","NO_GLOSS","massive powerful herbivorous odd-toed ungulate of southeast Asia and Africa having very thick skin and one or two horns on the snout"
"12361",1,"lợn vòi","tapir","NO_GLOSS","large inoffensive chiefly nocturnal ungulate of tropical America and southeast Asia having a heavy body and fleshy snout"
"12408",1,"bò cái","cow | moo-cow","NO_GLOSS","female of domestic cattle"
"12414",1,"thịt bò | 䏦𤙭","beef | beef cattle","NO_GLOSS","cattle that are reared for their meat"
"12466",1,"cừu con | cừu non","lamb","NO_GLOSS","young sheep"
"12594",1,"nai anxet","alces alces | elk | european elk | moose","NO_GLOSS","large northern deer with enormous flattened antlers in the male; called `elk' in Europe and `moose' in North America"
"12788",1,"vây lưng","dorsal fin","NO_GLOSS","unpaired median fin on the backs of fishes and some other aquatic vertebrates that help to maintain balance"
"12794",1,"xương cá","fishbone","NO_GLOSS","a bone of a fish"
"12808",1,"nọc nọc | nòng nọc | óc nóc","polliwog | pollywog | tadpole","NO_GLOSS","a larval frog or toad"
"12863",1,"đười ươi","orang | orangutan | orangutang | pongo pygmaeus","NO_GLOSS","large long-armed ape of Borneo and Sumatra having arboreal habits"
"12902",1,"khỉ","macaque","NO_GLOSS","short-tailed monkey of rocky regions of Asia and Africa"
"13253",1,"cá chuồn","flying fish","NO_GLOSS","tropical marine fishes having enlarged winglike fins used for brief gliding flight"
"13993",1,"mỏ lết","adjustable spanner | adjustable wrench","NO_GLOSS","can be changed to different settings"
"14029",1,"điều hoà | máy lạnh","air conditioner | air conditioning","NO_GLOSS","a system that keeps air cool and dry"
"14030",1,"máy bay | phi cơ | 飛機 | 𣛠𩙻","aircraft","NO_GLOSS","a vehicle that can fly"
"14040",1,"súng hơi","air gun | air rifle | airgun","NO_GLOSS","a gun that propels a projectile by compressed air"
"14054",1,"máy bay | phi cơ | 飛機","aeroplane | airplane | plane","NO_GLOSS","an aircraft that has a fixed wing and is powered by propellers or jets"
"14056",1,"phi trường | sân bay | 港航空 | 飛場","aerodrome | airdrome | airport | drome","NO_GLOSS","an airfield equipped with control tower and hangers as well as accommodations for passengers and cargo"
"14119",1,"電流計","ammeter","NO_GLOSS","a meter that measures the flow of electrical current in amperes"
"14137",1,"bùa","amulet | talisman","NO_GLOSS","a trinket or piece of jewelry thought to be a protection against evil"
"14153",1,"mỏ neo | neo","anchor | ground tackle","NO_GLOSS","a mechanical device that prevents a vessel from moving"
"14184",1,"dương cực","anode","NO_GLOSS","a positively charged electrode by which electrons leave an electrical device"
"14190",1,"đại sảnh | hành lang | phòng chờ | phòng đợi | tiền sảnh","antechamber | anteroom | entrance hall | foyer | hall | lobby | vestibule","NO_GLOSS","a large entrance or reception room or area"
"14234",1,"căn hộ","apartment | flat","NO_GLOSS","a suite of rooms usually on one floor of an apartment house"
"14244",1,"đồ | quần áo | trang phục","apparel | clothes | dress | wearing apparel","NO_GLOSS","clothing in general"
"14256",1,"tạp dề","apron","NO_GLOSS","a garment of cloth or leather or plastic that is tied about the waist and worn to protect your clothing"
"14268",1,"𡑰百草","arboretum | botanical garden","NO_GLOSS","a facility where trees and shrubs are cultivated for exhibition"
"14274",1,"kiến trúc","architecture","NO_GLOSS","an architectural product or work"
"14294",1,"ghế bành","armchair","NO_GLOSS","chair with a support on each side for arms"
"14341",1,"thùng rác","ash-bin | ash bin | ashbin | ashcan | dustbin | garbage can | trash barrel | trash bin | trash can | wastebin","NO_GLOSS","a bin that holds rubbish until it is collected"
"14402",1,"giảng đường","auditorium","NO_GLOSS","the area of a theater or concert hall where the audience sits"
"14434",1,"đại lộ | đường lớn","avenue | boulevard","NO_GLOSS","a wide street or thoroughfare"
"14438",1,"rìu","ax | axe","NO_GLOSS","an edge tool with a heavy bladed head mounted across a handle"
"14488",1,"sân sau","backyard","NO_GLOSS","the grounds in back of a house"
"14494",1,"bao | túi","bag","NO_GLOSS","a flexible container with a single opening"
"14496",1,"bóp | ví | ví tiền","bag | handbag | pocketbook | purse","NO_GLOSS","a container used for carrying money and small personal items or accessories (especially by women)"
"14498",1,"hành lý | 行李","baggage | luggage","NO_GLOSS","a case used to carry belongings when traveling"
"14512",1,"balalaica | balalaika","balalaika","NO_GLOSS","a stringed instrument that has triangular body and three strings"
"14601",1,"sà lan","barge | flatboat | hoy | lighter","NO_GLOSS","a flatbottom boat for carrying heavy loads (especially on canals)"
"14646",1,"hầm chứa | hầm rượu | tầng hầm","basement | cellar","NO_GLOSS","the lowermost portion of a structure partly or wholly below ground level; often used for storage"
"14655",1,"giỏ | rổ","basket | handbasket","NO_GLOSS","a container that is usually woven and has handles"
"14669",1,"kèn sousa","bass horn | sousaphone | tuba","NO_GLOSS","the lowest brass wind instrument"
"14672",1,"kèn fagôt","bassoon","NO_GLOSS","a double-reed instrument; the tenor of the oboe family"
"14691",1,"buồng tắm | phòng tắm","bath | bathroom","NO_GLOSS","a room (as in a residence) containing a bathtub or shower and usually a washbasin and toilet"
"14696",1,"bể tắm | bồn tắm","bath | bathing tub | bathtub | tub","NO_GLOSS","a relatively large open container that you fill with water and use to wash the body"
"14739",1,"hải đăng","beacon | beacon light | lighthouse | pharos","NO_GLOSS","a tower with a light that gives warning of shoals to passing ships"
"14764",1,"giường","bed","NO_GLOSS","a piece of furniture that provides a place to sleep"
"14779",1,"buồng ngủ | phòng ngủ","bedchamber | bedroom | chamber | sleeping room","NO_GLOSS","a room used primarily for sleeping"
"14799",1,"chuông","bell","NO_GLOSS","a hollow device made of metal that makes a ringing sound when struck"
"14824",1,"ghế dài","bench","NO_GLOSS","a long seat for more than one person"
"14937",1,"bảng đen | bảng phấn","blackboard | chalkboard","NO_GLOSS","sheet of slate; for writing with chalk"
"14956",1,"lò cao | 爐高","blast furnace","NO_GLOSS","a furnace for smelting of iron from iron oxide ores; combustion is intensified by a blast of air"
"15004",1,"thuyền","boat","NO_GLOSS","a small vessel for travel on water"
"15052",1,"bom","bomb","NO_GLOSS","an explosive device fused to explode under specific conditions"
"15075",1,"tủ sách","bookcase","NO_GLOSS","a piece of furniture with shelves for storing books"
"15079",1,"giá sách | kệ sách","bookshelf","NO_GLOSS","a shelf on which to keep books"
"15080",1,"hiệu sách | nhà sách","bookshop | bookstall | bookstore","NO_GLOSS","a shop where books are sold"
"15087",1,"giày ống | ủng","boot","NO_GLOSS","footwear that covers the whole foot and lower leg"
"15118",1,"mở chai","bottle opener","NO_GLOSS","an opener for removing caps or corks from bottles"
"15125",1,"bó hoa","bouquet | corsage | nosegay | posy","NO_GLOSS","an arrangement of flowers that is usually given as a present"
"15149",1,"dây cung","bowstring","NO_GLOSS","the string of an archer's bow"
"15242",1,"soirée | xoa-rê","bridal gown | wedding dress | wedding gown","NO_GLOSS","a gown worn by the bride at a wedding"
"15250",1,"cương ngựa","bridle","NO_GLOSS","headgear for a horse; includes a headstall and bit and reins to give the rider or driver control"
"15422",1,"cúc","button","NO_GLOSS","a round fastener sewn to shirts and coats etc to fit through buttonholes"
"15442",1,"hộp đêm","cabaret | club | nightclub | nightspot","NO_GLOSS","a spot that is open late at night and that provides entertainment (as singers or dancers) as well as dancing and food and drink"
"15540",1,"chúc đài | 燭臺","candle holder | candlestick","NO_GLOSS","a holder with sockets for candles"
"15546",1,"gông","cangue","NO_GLOSS","an instrument of punishment formerly used in China for petty criminals; consists of a heavy wooden collar enclosing the neck and arms"
"15582",1,"tụ điện","capacitance | capacitor | condenser | electrical condenser","NO_GLOSS","an electrical device characterized by its capacity to store an electric charge"
"15786",1,"trần | trần nhà","ceiling","NO_GLOSS","the overhead upper surface of a room"
"15797",1,"vi-ô-lông-xen | xe-lô","cello | violoncello","NO_GLOSS","a large stringed instrument; seated player holds it upright while playing"
"15803",1,"lư hương","censer | thurible","NO_GLOSS","a container for burning incense (especially one that is swung on a chain in a religious ritual)"
"15868",1,"đèn chùm | đèn treo","chandelier | pendant | pendent","NO_GLOSS","branched lighting fixture; often ornate; hangs from the ceiling"
"15879",1,"nhà nguyện","chapel","NO_GLOSS","a place of worship that has its own altar"
"15924",1,"bàn cờ","chess board | chessboard","NO_GLOSS","a checkerboard used to play chess"
"15925",1,"con cờ","chess piece | chessman","NO_GLOSS","any of 16 white and 16 black pieces used in playing the game of chess"
"15965",1,"cái đục","chisel","NO_GLOSS","an edge tool with a flat steel blade with a cutting edge"
"15992",1,"thớt","chopping board | cutting board","NO_GLOSS","a wooden board where meats or vegetables can be cut"
"16018",1,"xì gà","cigar","NO_GLOSS","a roll of tobacco for smoking"
"16023",1,"thuốc lá","butt | cigaret | cigarette | coffin nail | fag","NO_GLOSS","finely ground tobacco wrapped in paper; for smoking"
"16069",1,"lớp học | phòng đọc | phòng học","classroom | schoolroom","NO_GLOSS","a room in a school where lessons take place"
"16118",1,"đồng hồ","clock","NO_GLOSS","a timepiece that shows the time of day"
"16119",1,"mặt | mặt số","clock dial | clock face","NO_GLOSS","the face of a clock showing hours and minutes of the day"
"16178",1,"áo khoác","coat","NO_GLOSS","an outer garment that has sleeves and covers the body from shoulder down; worn outdoors"
"16183",1,"mắc áo","clothes hanger | coat hanger | dress hanger","NO_GLOSS","a hanger that is shaped like a person's shoulders and used to hang garments on"
"16227",1,"quan tài | 棺材","casket | coffin","NO_GLOSS","box in which a corpse is buried or cremated"
"16240",1,"giá lọc","colander | cullender","NO_GLOSS","bowl-shaped strainer; used to wash or drain foods"
"16248",1,"cổ áo","collar | neckband","NO_GLOSS","a band that fits around the neck and is usually folded over"
"16280",1,"lược","comb","NO_GLOSS","a flat device with narrow pointed teeth on one edge; disentangles or arranges hair"
"16303",1,"đĩa cd","cd | compact disc | compact disk","NO_GLOSS","a digitally encoded recording on an optical disk that is smaller than a phonograph record; played back by a laser"
"16345",1,"áo mưa","condom | prophylactic | rubber | safe | safety","NO_GLOSS","contraceptive device consisting of a sheath of thin rubber or latex that is worn over the penis during intercourse"
"16357",1,"công-phét-ti","confetti","NO_GLOSS","small pieces or streamers of colored paper that are thrown around on festive occasions (as at a wedding)"
"16403",1,"băng chuyền | băng tải","conveyer | conveyer belt | conveyor | conveyor belt | transporter","NO_GLOSS","a moving belt that transports objects (as in a factory)"
"16427",1,"thúng chai | thuyền thúng","coracle","NO_GLOSS","a small rounded boat made of hides stretched over a wicker frame; still used in some parts of Great Britain"
"16464",1,"hành lang","corridor","NO_GLOSS","an enclosed passageway; rooms usually open onto it"
"16474",1,"phục sức | quần áo | trang phục | y phục","costume","NO_GLOSS","the attire worn in a play or at a fancy dress ball"
"16514",1,"sân","court | courtyard","NO_GLOSS","an area wholly or partly surrounded by walls or buildings"
"16581",1,"nôi","cot | crib","NO_GLOSS","baby bed with high sides made of slats"
"16712",1,"màn | màn cửa","curtain | drape | drapery | mantle | pall","NO_GLOSS","hanging cloth used as a blind (especially for a window)"
"16751",1,"chũm choẹ","cymbal","NO_GLOSS","a percussion instrument consisting of a concave brass disk; makes a loud crashing sound when hit with a drumstick or when two are struck together"
"16768",1,"đập","dam | dike | dyke","NO_GLOSS","a barrier constructed to contain the flow of water or to keep out the sea"
"16885",1,"bàn","desk","NO_GLOSS","a piece of furniture with a writing surface and usually drawers or other compartments"
"16905",1,"dụng cụ | thiết bị","device","NO_GLOSS","an instrumentality invented for a particular purpose"
"16992",1,"toa ăn","buffet car | diner | dining car | dining compartment","NO_GLOSS","a passenger car where food is served in transit"
"16994",1,"phòng ăn","dining-room | dining room","NO_GLOSS","a room used for dining"
"17034",1,"đĩa","dish","NO_GLOSS","a piece of dishware normally used as a container for holding or serving food"
"17045",1,"đĩa thắng","disc brake | disk brake","NO_GLOSS","hydraulic brake in which friction is applied to both sides of a spinning disk by the brake pads"
"17121",1,"cửa","door","NO_GLOSS","a swinging or sliding barrier that will close the entrance to a room or building or vehicle"
"17124",1,"chuông cửa","bell | buzzer | doorbell","NO_GLOSS","a push button at an outer door that gives a ringing or buzzing signal when pushed"
"17195",1,"cầu sắt","drawbridge | lift bridge","NO_GLOSS","a bridge that can be raised to block passage or to allow boats or ships to pass beneath it"
"17196",1,"ngăn kéo","drawer","NO_GLOSS","a boxlike container in a piece of furniture; made so as to slide in and out"
"17212",1,"áo đầm","dress | frock","NO_GLOSS","a one-piece garment for a woman; has skirt and bodice"
"17313",1,"quả tạ","dumbbell","NO_GLOSS","an exercising weight; two spheres connected by a short bar that serves as a handle"
"17321",1,"xe ben","dump truck | dumper | tip truck | tipper | tipper lorry | tipper truck","NO_GLOSS","truck whose contents can be emptied without handling; the front end of the platform can be pneumatically raised so that the load is discharged by gravity"
"17342",1,"chổ ở","abode | domicile | dwelling | dwelling house | habitation | home","NO_GLOSS","housing that someone is living in"
"17353",1,"ống nghe | tai nghe | 𦖻𦖑 | 𨇹𦖑","earphone | earpiece | headphone | phone","NO_GLOSS","electro-acoustic transducer for converting electric signals into sounds; it is held over or inserted into the ear"
"17354",1,"hoa tai | khuyên | khuyên tai","earring","NO_GLOSS","jewelry to ornament the ear; usually clipped to the earlobe or fastened through a hole in the lobe"
"17390",1,"xe điện | 車電","electric | electric automobile | electric car","NO_GLOSS","a car that is powered by electricity"
"17484",1,"động cơ","engine","NO_GLOSS","motor that converts thermal energy to mechanical work"
"17574",1,"ống pô","exhaust pipe","NO_GLOSS","a pipe through which burned gases travel from the exhaust manifold to the muffler"
"17625",1,"nhà máy","factory | manufactory | manufacturing plant | mill","NO_GLOSS","a plant consisting of one or more buildings with facilities for manufacturing"
"17661",1,"nông trường | trang trại","farm","NO_GLOSS","workplace consisting of farm buildings and cultivated land as a unit"
"17692",1,"hàng rào","fence | fencing","NO_GLOSS","a barrier that serves to enclose an area"
"17789",1,"hoả khí","firearm | piece | small-arm","NO_GLOSS","a portable gun"
"17797",1,"pháo","banger | cracker | firecracker","NO_GLOSS","firework consisting of a small explosive charge and fuse in a heavy paper casing"
"17816",1,"pháo bông | pháo hoa","firework | pyrotechnic","NO_GLOSS","(usually plural) a device with an explosive that burns at a low rate and with colored flames; can be used to illuminate areas or send signals etc."
"17833",1,"lưỡi câu | móc câu","fishhook","NO_GLOSS","a sharp barbed hook for catching fish"
"17837",1,"cần câu","fishing pole | fishing rod","NO_GLOSS","a rod of wood or steel or fiberglass that is used in fishing to extend the fishing line"
"17855",1,"cờ","flag","NO_GLOSS","emblem usually consisting of a rectangular piece of cloth of distinctive design"
"17880",1,"đèn pin","flashlight | torch","NO_GLOSS","a small portable battery-powered electric lamp"
"17924",1,"nền | sàn","floor | flooring","NO_GLOSS","the inside lower horizontal surface (as of a room or hallway)"
"17932",1,"đèn toóc-se","floor lamp","NO_GLOSS","a lamp that stands on the floor"
"17943",1,"bồn hoa | luống hoa","bed of flowers | flower bed | flowerbed","NO_GLOSS","a bed in which flowers are growing"
"17965",1,"xí bệt","flush toilet | lavatory","NO_GLOSS","a toilet that is cleaned of waste by the flow of water through it"
"18054",1,"pháo đài","fort | fortress","NO_GLOSS","a fortified defensive structure"
"18067",1,"bút máy","fountain pen","NO_GLOSS","a pen that is supplied with ink from a reservoir in its barrel"
"18137",1,"chảo | xanh","frying pan | frypan | skillet","NO_GLOSS","a pan used for frying foods"
"18226",1,"ga ra | nhà xe","garage","NO_GLOSS","an outbuilding (or part of a building) for housing automobiles"
"18232",1,"vườn","garden","NO_GLOSS","a plot of ground where plants are cultivated"
"18257",1,"buồng khí","death chamber | gas chamber","NO_GLOSS","instrument of execution consisting of a sealed chamber into which poison gas is introduced; used to kill people or animals"
"18277",1,"trạm xăng","filling station | gas station | gasoline station | petrol station","NO_GLOSS","a service station that sells gasoline"
"18284",1,"thùng xăng","gas tank | gasoline tank","NO_GLOSS","a tank for holding gasoline to supply a vehicle"
"18310",1,"bánh răng","cogwheel | gear | gear wheel | geared wheel","NO_GLOSS","a toothed wheel that engages another toothed mechanism in order to change the speed or direction of transmitted motion"
"18449",1,"chùm | đạn","grapeshot","NO_GLOSS","a cluster of small projectiles fired together from a cannon to produce a hail of shot"
"18459",1,"lăng tẩm | mộ | phần mộ","grave | tomb","NO_GLOSS","a place for the burial of a corpse (especially beneath the ground and marked by a tombstone)"
"18462",1,"bia mộ","gravestone | headstone | tombstone","NO_GLOSS","a stone that is used to mark a grave"
"18480",1,"lựu đạn","grenade","NO_GLOSS","a small explosive bomb thrown by hand or fired from a missile"
"18527",1,"nhà khách","guesthouse","NO_GLOSS","a house separate from the main house; for housing guests"
"18539",1,"đàn ghi-ta | ghi-ta | 六絃琴 | 西班琴","guitar","NO_GLOSS","a stringed instrument usually having six strings; played by strumming or plucking"
"18556",1,"cò","gun trigger | trigger","NO_GLOSS","lever that activates the firing mechanism of a gun"
"18651",1,"khăn tay | mu-xoa | mùi soa","handkerchief | hankey | hankie | hanky","NO_GLOSS","a square piece of cloth used for wiping the eyes or nose or as a costume accessory"
"18652",1,"cán | tay cầm","grip | handgrip | handle | hold","NO_GLOSS","the appendage to an object that is designed to be held in order to use or move it"
"18653",1,"tay lái","handlebar","NO_GLOSS","the shaped bar used to steer a bicycle"
"18663",1,"cưa tay","carpenter's saw | hand saw | handsaw","NO_GLOSS","a saw used with one hand for cutting wood"
"18712",1,"mũ | nón","chapeau | hat | lid","NO_GLOSS","headdress that protects the head from bad weather; has shaped crown and usually a brim"
"18754",1,"đèn | đèn pha | pha | pha xe","headlamp | headlight","NO_GLOSS","a powerful light with reflector; attached to the front of an automobile or locomotive"
"18822",1,"bạch phiến","diacetylmorphine | heroin","NO_GLOSS","a narcotic that is considered a hard drug; a highly addictive morphine derivative; intravenous injection provides the fastest and most intense rush"
"18848",1,"quốc lộ | xa lộ","highway | main road","NO_GLOSS","a major road for any form of motor transport"
"18969",1,"bệnh viện | nhà thương | y viện","hospital | infirmary","NO_GLOSS","a health facility where patients receive treatment"
"18979",1,"khách sạn | lữ quán | ô ten | 客棧 | 旅館","hotel","NO_GLOSS","a building where travelers can pay for lodging and meals and other services"
"19055",1,"ibuprofen","advil | ibuprofen | isobutylphenyl propionic acid | motrin | nuprin","NO_GLOSS","a nonsteroidal anti-inflammatory medicine (trade names Advil and Motrin and Nuprin) used to relieve the pain of arthritis and as an analgesic and antipyretic"
"19059",1,"đá lạnh","ice cube","NO_GLOSS","a small cube of artificial ice; used for cooling drinks"
"19078",1,"lều tuyết","igloo | iglu","NO_GLOSS","an Eskimo hut; usually built of blocks (of sod or snow) in the shape of a dome"
"19131",1,"thành phần","ingredient","NO_GLOSS","a component of a mixture or compound"
"19142",1,"bình mực | lọ mực","inkstand | inkwell","NO_GLOSS","a small well holding writing ink into which a pen can be dipped"
"19146",1,"ruột | săm","inner tube","NO_GLOSS","an inflatable rubber tube that fits inside the casing of a pneumatic tire"
"19255",1,"nhà tù","clink | gaol | jail | jailhouse | pokey | poky | slammer","NO_GLOSS","a correctional institution used to detain persons who are in the lawful custody of the government (either accused persons awaiting trial or convicted persons serving a sentence)"
"19298",1,"xe kéo | xe tay","jinrikisha | ricksha | rickshaw","NO_GLOSS","a small two-wheeled cart for one passenger; pulled by one person"
"19382",1,"chìa khoá | khoá","key","NO_GLOSS","metal device shaped in such a way that when it is inserted into the appropriate lock the lock's mechanism can be rotated"
"19385",1,"bàn phím","keyboard","NO_GLOSS","device consisting of a set of keys on a piano or organ or typewriter or typesetting machine or computer or the like"
"19387",1,"lỗ khoá","keyhole","NO_GLOSS","the hole where a key is inserted"
"19401",1,"lò","kiln","NO_GLOSS","a furnace for firing or burning or drying such things as porcelain or bricks"
"19403",1,"kimono","kimono","NO_GLOSS","a loose robe; imitated from robes originally worn by Japanese"
"19422",1,"vườn rau","kitchen garden | vegetable garden | vegetable patch","NO_GLOSS","a small garden where vegetables are grown"
"19433",1,"còi | còi điện","claxon | klaxon","NO_GLOSS","a kind of loud horn formerly used on motor vehicles"
"19444",1,"dao","knife","NO_GLOSS","edge tool used as a cutting instrument; has a pointed blade with a sharp edge and a handle"
"19464",1,"hàng giả | hàng nhái","clone | knockoff","NO_GLOSS","an unauthorized copy or imitation"
"19513",1,"đèn | đèn điện","lamp","NO_GLOSS","an artificial source of visible illumination"
"19518",1,"chao đèn | chụp đèn | tán đèn","lamp shade | lampshade","NO_GLOSS","a protective ornamental shade used to screen a light bulb from direct view"
"19543",1,"đèn lồng | lồng đèn","lantern","NO_GLOSS","light in a transparent protective case"
"19555",1,"láp-tóp","laptop | laptop computer","NO_GLOSS","a portable computer small enough to use in your lap"
"19558",1,"kích quang | la-de | 激光","laser | optical maser","NO_GLOSS","an acronym for light amplification by stimulated emission of radiation; an optical device that produces an intense monochromatic beam of coherent light"
"19602",1,"lớp","bed | layer","NO_GLOSS","single thickness of usually some homogeneous substance"
"19642",1,"thấu kính","lens | lens system | lense","NO_GLOSS","a transparent optical device used to converge or diverge transmitted light and to form images"
"19664",1,"thư viện","library","NO_GLOSS","a room where books are kept"
"19694",1,"bóng đèn | 𩃳畑","bulb | electric-light bulb | electric light | incandescent lamp | light bulb | lightbulb","NO_GLOSS","electric lamp consisting of a transparent or translucent glass housing containing a wire filament (usually tungsten) that emits light when heated by electricity"
"19733",1,"đồ lót","intimate apparel | lingerie","NO_GLOSS","women's underwear and nightclothes"
"19749",1,"son nẻ","lip balm","NO_GLOSS","a balm applied to the lips"
"19772",1,"phòng khách","front room | living-room | living room | parlor | parlour | sitting room","NO_GLOSS","a room in a private house or establishment where people can sit and talk and relax"
"19787",1,"khóa | ổ khóa","lock","NO_GLOSS","a fastener fitted to a door or drawer to keep it firmly closed"
"19900",1,"máy | máy móc","machine","NO_GLOSS","any mechanical or electrical device that transmits or modifies energy to perform or assist in the performance of human tasks"
"19903",1,"súng máy","machine gun","NO_GLOSS","a rapidly firing automatic gun (often mounted)"
"19927",1,"nam châm","magnet","NO_GLOSS","(physics) a device that attracts iron and produces a magnetic field"
"19951",1,"hòm thư | hộp thư","letter box | mailbox","NO_GLOSS","a private box for delivery of mail"
"20060",1,"cột buồm","mast","NO_GLOSS","a vertical spar for supporting sails"
"20065",1,"kiệt tác | 傑作","chef-d'oeuvre | masterpiece","NO_GLOSS","the most outstanding work of a creative artist or craftsman"
"20094",1,"lăng | lăng mộ | lăng tẩm | tẩm","mausoleum","NO_GLOSS","a large burial chamber, usually above ground"
"20139",1,"sở thú","menagerie | zoo | zoological garden","NO_GLOSS","the facility where wild animals are housed for exhibition"
"20160",1,"hàng hoá | sản phẩm | thương phẩm | 商品 | 行貨","merchandise | product | ware","NO_GLOSS","commodities offered for sale"
"20200",1,"mê-tơ-rô","metro | subway | subway system | tube | underground","NO_GLOSS","an electric railway operating below the surface of the ground (usually in a city)"
"20205",1,"tầng xép","entresol | mezzanine | mezzanine floor","NO_GLOSS","intermediate floor just above the ground floor"
"20218",1,"micrô","microphone | mike","NO_GLOSS","device for converting sound waves into electrical energy"
"20264",1,"mỏ","mine","NO_GLOSS","excavation in the earth from which ores and minerals are extracted"
"20293",1,"gương | kiếng | kính","mirror","NO_GLOSS","polished surface that forms images by reflecting light"
"20310",1,"hào | hố","fosse | moat","NO_GLOSS","ditch dug as a fortification and usually filled with water"
"20320",1,"modem","modem","NO_GLOSS","(from a combination of MOdulate and DEModulate) electronic equipment consisting of a device used to connect computers by a telephone line"
"20332",1,"diệp","moldboard | mouldboard","NO_GLOSS","wedge formed by the curved part of a steel plow blade that turns the furrow"
"20367",1,"nhà xác","dead room | morgue | mortuary","NO_GLOSS","a building (or room) where dead bodies are kept before burial or cremation"
"20384",1,"masjid | thánh đường","mosque","NO_GLOSS","(Islam) a Muslim place of worship that usually has a minaret"
"20385",1,"mùng","mosquito net","NO_GLOSS","a fine net or screen (especially around beds) to protect against mosquitos"
"20386",1,"mô-ten | mô ten","motel","NO_GLOSS","a motor hotel"
"20395",1,"động cơ | mô-tơ","motor","NO_GLOSS","machine that converts other forms of energy into mechanical energy and so imparts motion"
"20456",1,"nhạc cụ","instrument | musical instrument","NO_GLOSS","any of various devices or contrivances that can be used to produce musical tones or sounds"
"20539",1,"cà vạt","necktie | tie","NO_GLOSS","neckwear consisting of a long narrow piece of material worn (mostly by men) under a collar and tied in knot at the front"
"20662",1,"chèo","oar","NO_GLOSS","an implement used to propel or steer a boat"
"20671",1,"kèn ôboa","hautbois | hautboy | oboe","NO_GLOSS","a slender double-reed instrument; a woodwind with a conical bore and a double-reed mouthpiece"
"20741",1,"á phiện | thuốc phiện","opium","NO_GLOSS","an addictive narcotic extracted from seed capsules of the opium poppy"
"20809",1,"lò | lò nướng","oven","NO_GLOSS","kitchen appliance used for baking or roasting"
"20893",1,"bức tranh | bức vẽ","painting | picture","NO_GLOSS","graphic art consisting of an artistic composition made by applying paints to a surface"
"20899",1,"cung điện | 宮殿","castle | palace","NO_GLOSS","a large and stately mansion"
"20994",1,"nhà xứ","parsonage | rectory | vicarage","NO_GLOSS","an official residence provided by a church for its parson or vicar or rector"
"21086",1,"bút chì","pencil","NO_GLOSS","a thin cylindrical pointed writing implement; a rod of marking substance encased in wood"
"21088",1,"hộp bút","pencil box | pencil case","NO_GLOSS","a box for holding pencils"
"21132",1,"hương thơm | hương vị | mùi thơm","essence | perfume","NO_GLOSS","a toiletry that emits and diffuses a fragrant odor"
"21175",1,"ămpun | lọ | lọ nhỏ | ống thuốc","ampoule | ampul | ampule | phial | vial","NO_GLOSS","a small bottle that contains a drug (especially a sealed sterile container for injection by needle)"
"21200",1,"dương cầm","forte-piano | piano | pianoforte","NO_GLOSS","a stringed instrument that is played by depressing keys that cause hammers to strike tuned strings and produce sounds"
"21218",1,"hình ảnh","icon | ikon | image | picture","NO_GLOSS","a visual representation (of an object or scene or person or abstraction) produced on a surface"
"21224",1,"mảnh | mẩu | miếng","piece","NO_GLOSS","a separate part of a whole"
"21259",1,"gối","pillow","NO_GLOSS","a cushion to support the head of a sleeping person"
"21304",1,"điếu | điếu tẩu | píp | tẩu","pipe | tobacco pipe","NO_GLOSS","a tube with a small bowl at one end; used for smoking tobacco"
"21324",1,"súng ngắn","handgun | pistol | shooting iron | side arm","NO_GLOSS","a firearm that is held and fired with one hand"
"21344",1,"điểm ảnh","pel | picture element | pixel","NO_GLOSS","(computer science) the smallest discrete component of an image or picture on a CRT screen (usually a colored dot)"
"21413",1,"đồ chơi","plaything | toy","NO_GLOSS","an artifact designed to be played with"
"21420",1,"cái kìm | kềm","pair of pliers | pliers | plyers","NO_GLOSS","a gripping hand tool with two hinged arms and (usually) serrated jaws"
"21450",1,"túi | túi áo | túi quần","pocket","NO_GLOSS","a small pouch inside a garment for carrying small articles"
"21508",1,"bể","pool","NO_GLOSS","an excavation that is (usually) filled with water"
"21542",1,"hình ảnh","portrait","NO_GLOSS","a painting of a person's face"
"21563",1,"nồi","pot","NO_GLOSS","metal or earthenware cooking vessel that is usually round and deep; often has a handle and lid"
"21565",1,"chậu | hoa","flowerpot | pot","NO_GLOSS","a container in which plants are cultivated"
"21652",1,"nhà tù | tù","prison | prison house","NO_GLOSS","a correctional institution where persons are confined while on trial or for punishment"
"21684",1,"cánh quạt","propeller | propellor","NO_GLOSS","a mechanical device that rotates to push against air or water"
"21719",1,"công chính","public works","NO_GLOSS","structures (such as highways or schools or bridges or docks) constructed at government expense for public use"
"21732",1,"bơm","pump","NO_GLOSS","a mechanical device that moves fluid or gas by pressure or suction"
"21769",1,"xà cạp","puttee","NO_GLOSS","a strip of cloth wound around the leg to form legging; used by soldiers in World War I"
"21880",1,"giẻ","rag | shred | tag | tag end | tatter","NO_GLOSS","a small piece of cloth or paper"
"21943",1,"dao cạo","razor","NO_GLOSS","edge tool used in shaving"
"22077",1,"nhà ăn | nhà hàng | quán ăn | tiệm ăn | 家行 | 家𫗒 | 店𫗒 | 館𫗒","eating house | eating place | restaurant","NO_GLOSS","a building where people go to eat"
"22083",1,"chữ thập | tâm ngắm","graticule | reticle | reticule","NO_GLOSS","a network of fine lines, dots, cross hairs, or wires in the focal plane of the eyepiece of an optical instrument"
"22132",1,"súng trường","rifle","NO_GLOSS","a shoulder firearm with a long barrel and a rifled bore"
"22169",1,"đường","road | route","NO_GLOSS","an open way (generally public) for travel or transportation"
"22192",1,"ghế rocking","rocker | rocking chair","NO_GLOSS","a chair mounted on rockers"
"22223",1,"mái | mái nhà","roof","NO_GLOSS","a protective covering that covers or forms the top of a building"
"22287",1,"dây chun | dây thun","elastic | elastic band | rubber band","NO_GLOSS","a narrow band of elastic rubber used to hold things (such as papers) together"
"22299",1,"thảm","carpet | carpeting | rug","NO_GLOSS","floor covering consisting of a piece of thick heavy fabric (usually with nap or pile)"
"22302",1,"thước | thước kẻ","rule | ruler","NO_GLOSS","measuring stick consisting of a strip of wood or metal or plastic with a straight edge that is used for drawing straight lines and measuring lengths"
"22343",1,"két sắt | tủ sắt","safe","NO_GLOSS","strongbox where valuables can be safely kept"
"22377",1,"mỹ viện","beauty parlor | beauty parlour | beauty salon | beauty shop | salon","NO_GLOSS","a shop where hairdressers and beauticians work"
"22389",1,"ấm lò | ấm xa-mô-va","samovar","NO_GLOSS","a metal urn with a spigot at the base; used in Russia to boil water for tea"
"22395",1,"dép","sandal","NO_GLOSS","a shoe consisting of a sole fastened by straps to the foot"
"22426",1,"cái chảo | cái nồi | cái soong","saucepan","NO_GLOSS","a deep pan with a handle; used for stewing or boiling"
"22442",1,"xắc xô | xacxô","sax | saxophone","NO_GLOSS","a single-reed woodwind with a conical bore"
"22444",1,"bao kiếm | vỏ","scabbard","NO_GLOSS","a sheath for a sword or dagger or bayonet"
"22452",1,"dao mổ","scalpel","NO_GLOSS","a thin straight surgical knife used in dissection and surgery"
"22561",1,"絏安全","seat belt | seatbelt","NO_GLOSS","a safety belt used in a car or plane to hold you in your seat in case of an accident"
"22660",1,"cống","cloaca | sewer | sewerage","NO_GLOSS","a waste pipe that carries away sewage or surface water"
"22730",1,"chỗ ẩn | chỗ che | chỗ núp","shelter","NO_GLOSS","a structure that provides privacy and protection from danger"
"22736",1,"khiên","shield","NO_GLOSS","a protective covering or structure"
"22745",1,"tàu | tàu thuỷ","ship","NO_GLOSS","a vessel that carries passengers or freight"
"22754",1,"sơ mi","shirt","NO_GLOSS","a garment worn on the upper half of the body"
"22763",1,"giảm xóc","cushion | shock | shock absorber","NO_GLOSS","a mechanical damper; absorbs energy of sudden impulses"
"22764",1,"giày","shoe","NO_GLOSS","footwear shaped to fit the foot (below the ankle) with a flexible upper of leather or plastic and a sole and heel of heavier material"
"22782",1,"cửa hàng | hiệu | tiệm","shop | store","NO_GLOSS","a mercantile establishment for the retail sale of goods or services"
"22788",1,"giỏ hàng","shopping cart","NO_GLOSS","a handcart that holds groceries while shopping"
"22859",1,"vỉa hè","pavement | sidewalk","NO_GLOSS","walk consisting of a paved area for pedestrians; usually beside a street or roadway"
"22872",1,"biển | tấm biển","sign | signboard","NO_GLOSS","structure displaying a board on which advertisements can be posted"
"22957",1,"váy","skirt","NO_GLOSS","cloth covering that forms the part of a garment below the waist"
"22988",1,"túi ngủ | 𫄆𥄬","sleeping bag","NO_GLOSS","large padded bag designed to be slept in outdoors; usually rolls up like a bedroll"
"22991",1,"tay áo","arm | sleeve","NO_GLOSS","the part of a garment that is attached at the armhole and that provides a cloth covering for the arm"
"23006",1,"thước loga","slide rule | slipstick","NO_GLOSS","analog computer consisting of a handheld instrument used for rapid calculations; have been replaced by pocket calculators"
"23086",1,"người tuyết","snowman","NO_GLOSS","a figure of a person made of packed snow"
"23107",1,"bít tất | tất | vớ","sock","NO_GLOSS","hosiery consisting of a cloth covering for the foot; worn inside the shoe; reaches to between the ankle and the knee"
"23119",1,"đi văng | ghế xô-pha | xô-pha","couch | lounge | sofa","NO_GLOSS","an upholstered seat for more than one person"
"23181",1,"站空間","space laboratory | space platform | space station","NO_GLOSS","a manned artificial satellite in a fixed orbit designed for scientific research"
"23202",1,"bougie | bugi","plug | spark plug | sparking plug","NO_GLOSS","electrical device that fits into the cylinder head of an internal-combustion engine and ignites the gas by means of an electric spark"
"23219",1,"kính | kính mắt | mắt kính","eyeglasses | glasses | specs | spectacles","NO_GLOSS","optical instrument consisting of a pair of lenses for correcting defective vision"
"23297",1,"muỗng | thìa","spoon","NO_GLOSS","a piece of cutlery with a shallow bowl-shaped container and a handle; used to stir or serve or take up food"
"23380",1,"cầu thang","stairs | steps","NO_GLOSS","a flight of stairs or a flight of steps"
"23381",1,"cầu thang | lan can","staircase | stairway","NO_GLOSS","a way of access (upward and downward) consisting of a set of steps"
"23414",1,"dập ghim | 𡏽針","stapler | stapling machine","NO_GLOSS","a machine that inserts staples into sheets of paper in order to fasten them together"
"23418",1,"phi thuyền","spaceship | starship","NO_GLOSS","a spacecraft designed to carry a crew into interstellar space (especially in science fiction)"
"23453",1,"máy lu | xe lu","road roller | steamroller","NO_GLOSS","vehicle equipped with heavy wide smooth rollers for compacting roads and pavements"
"23474",1,"bánh lái | tay lái","steering wheel | wheel","NO_GLOSS","a handwheel that is used for steering"
"23520",1,"bàn đạp","stirrup | stirrup iron","NO_GLOSS","support consisting of metal loops into which rider's feet go"
"23597",1,"ống hút","drinking straw | straw","NO_GLOSS","a thin paper or plastic tube used to such liquids into the mouth"
"23617",1,"chuỗi","string | twine","NO_GLOSS","a lightweight cord"
"23636",1,"kết cấu","construction | structure","NO_GLOSS","a thing constructed; a complex entity constructed of many parts"
"23658",1,"chứa | hài cốt | sư | tháp | vị","stupa | tope","NO_GLOSS","a dome-shaped shrine erected by Buddhists"
"23667",1,"tàu ngầm","pigboat | sub | submarine | u-boat","NO_GLOSS","a submersible warship usually armed with torpedoes"
"23719",1,"kính râm","dark glasses | shades | sunglasses","NO_GLOSS","spectacles that are darkened or polarized to protect the eyes from the glare of the sun"
"23807",1,"bể bơi | hồ bơi","natatorium | swimming bath | swimming pool","NO_GLOSS","pool that provides a facility for swimming"
"23813",1,"công tắc | đóng ngắt | ngắt điện","electric switch | electrical switch | switch","NO_GLOSS","control consisting of a mechanical or electrical or electronic device for making or breaking or changing the connections in a circuit"
"23949",1,"tửu quán","tap house | tavern","NO_GLOSS","a building with a bar that is licensed to sell alcoholic drinks"
"23967",1,"ấm trà","teapot","NO_GLOSS","pot for brewing tea; usually has a spout and handle"
"23970",1,"phòng trà | quán trà","tea parlor | tea parlour | teahouse | tearoom | teashop","NO_GLOSS","a restaurant where tea and light meals are available"
"24069",1,"ống nghiệm","test tube","NO_GLOSS","glass tube closed at one end"
"24097",1,"nhiệt kế","thermometer","NO_GLOSS","measuring instrument for measuring temperature"
"24100",1,"bình thuỷ | phích","thermos | thermos bottle | thermos flask","NO_GLOSS","vacuum flask that preserves temperature of hot or cold drinks"
"24286",1,"tăm","toothpick","NO_GLOSS","pick consisting of a small strip of wood or plastic; used to pick food from between the teeth"
"24323",1,"khăn","towel","NO_GLOSS","a rectangular piece of absorbent cloth (or paper) for drying or wiping"
"24355",1,"máy kéo","tractor","NO_GLOSS","a wheeled vehicle with large wheels; used in farming and other applications"
"24399",1,"bẫy","trap","NO_GLOSS","a device in which something (usually an animal) can be caught and penned"
"24457",1,"đinh ba","trident","NO_GLOSS","a spear with three prongs"
"24610",1,"quần đùi | quần lót","underpants","NO_GLOSS","an undergarment that covers the body from the waist no further than to the thighs; usually worn next to the skin"
"24615",1,"đồng phục","uniform","NO_GLOSS","clothing of distinctive design worn by members of a particular group as a means of identification"
"24644",1,"chủng ngừa | vắc-xin","vaccine | vaccinum","NO_GLOSS","immunogen consisting of a suspension of weakened or dead pathogenic cells injected in order to stimulate the production of antibodies"
"24716",1,"gi-lê","vest | waistcoat","NO_GLOSS","a man's sleeveless garment worn underneath a coat"
"24728",1,"băng hình","videocassette","NO_GLOSS","a cassette for videotape"
"24750",1,"vĩ cầm","fiddle | violin","NO_GLOSS","bowed stringed instrument that is the highest member of the violin family; this instrument has four strings and a hollow body and an unfretted fingerboard and is played with a bow"
"24826",1,"quần áo | tủ áo","closet | press | wardrobe","NO_GLOSS","a tall piece of furniture that provides storage space for clothes; has a door and rails or hooks for hanging clothes"
"24831",1,"kho | kho hàng | nhà kho","storage warehouse | warehouse","NO_GLOSS","a storehouse for goods and merchandise"
"24833",1,"đầu đạn","load | payload | warhead","NO_GLOSS","the front part of a guided missile or rocket or torpedo that carries the nuclear or explosive charge or the chemical or biological agents"
"24841",1,"tàu chiến | 艚戰","combat ship | war vessel | warship","NO_GLOSS","a government ship that is available for waging war"
"24850",1,"máy giặt | 𢵯㴽","automatic washer | washer | washing machine","NO_GLOSS","a home appliance for washing clothes and linens automatically"
"24857",1,"đồng hồ","ticker | watch","NO_GLOSS","a small portable timepiece"
"24885",1,"cái sa","watering can | watering pot","NO_GLOSS","a container with a handle and a spout with a perforated nozzle; used to sprinkle water over plants"
"24917",1,"binh khí | vũ khí | 兵器 | 武器","arm | weapon | weapon system","NO_GLOSS","any instrument or instrumentality used in fighting or hunting"
"24918",1,"武器毀滅刷行","w.m.d. | weapon of mass destruction | wmd","NO_GLOSS","a weapon that kills or injures civilian as well as military personnel (nuclear and chemical and biological weapons)"
"24937",1,"nhẫn cưới","wedding band | wedding ring","NO_GLOSS","a ring (usually plain gold) given to the bride (and sometimes one is also given to the groom) at the wedding"
"24984",1,"đá mài","whetstone","NO_GLOSS","a flat stone for sharpening edged tools or knives"
"25008",1,"nhà chứa | nhà thổ","bagnio | bawdyhouse | bordello | brothel | cathouse | house of ill repute | house of prostitution | sporting house | whorehouse","NO_GLOSS","a building where prostitutes are available"
"25121",1,"len | lông","wool | woolen | woollen","NO_GLOSS","a fabric made from the hair of sheep"
"25139",1,"xưởng","shop | workshop","NO_GLOSS","small workplace where handcrafts or manufacturing are done"
"25210",1,"đàn tranh","cither | zither | zithern","NO_GLOSS","a musical stringed instrument with strings stretch over a flat sounding box; it is laid flat and played with a plectrum and with fingers"
"25221",1,"nhân cách | tính cách | 性格","personality","NO_GLOSS","the complex of all the attributes--behavioral, temperamental, emotional and mental--that characterize a unique individual"
"25583",1,"bớt","birthmark | nevus","NO_GLOSS","a blemish on the skin that is formed before birth"
"25599",1,"tật | vết","discoloration | discolouration | stain","NO_GLOSS","a soiled or discolored appearance"
"25742",1,"chất lượng","quality","NO_GLOSS","an essential and distinguishing attribute of something or someone"
"25824",1,"đồng dạng | giống nhau | tương tự","similarity","NO_GLOSS","the quality of being similar"
"25851",1,"khác nhau","difference","NO_GLOSS","the quality of being unlike or dissimilar"
"25923",1,"liên đới","solidarity","NO_GLOSS","a union of interests or purposes or sympathies among members of a group"
"26382",1,"can đảm","braveness | bravery | courage | courageousness","NO_GLOSS","a quality of spirit that enables you to face danger or pain without showing fear"
"26489",1,"主義民族","nationalism | patriotism","NO_GLOSS","love of country and willingness to sacrifice for it"
"26538",1,"nhân phẩm | tôn nghiêm | 人品 | 尊嚴","dignity | self-esteem | self-regard | self-respect | self-worth","NO_GLOSS","the quality of being worthy of esteem or respect"
"26674",1,"lịch sự","niceness | politeness","NO_GLOSS","a courteous manner that respects accepted social usage"
"26778",1,"kiểu hình | 矯形","phenotype","NO_GLOSS","what an organism looks like as a consequence of the interaction of its genotype and the environment"
"26893",1,"màu | màu sắc","color | coloring | colour | colouring","NO_GLOSS","a visual attribute of things that results from the light they emit or transmit or reflect"
"27035",1,"âm thanh | tiếng | 音聲","sound","NO_GLOSS","the particular auditory effect produced by a given cause"
"27142",1,"béo phì","corpulency | fleshiness | obesity","NO_GLOSS","more than average fatness"
"27178",1,"vô tính","asexuality | sexlessness","NO_GLOSS","having no evident sex or sex organs"
"27191",1,"tiếng dội | tiếng vang","echo | replication | reverberation | sound reflection","NO_GLOSS","the persistence of a sound after its source has stopped"
"27196",1,"nhiệt độ | ôn độ | 溫度","temperature","NO_GLOSS","the degree of hotness or coldness of a body or environment (corresponding to its molecular activity)"
"27206",1,"điểm sôi","boil | boiling point","NO_GLOSS","the temperature at which a liquid boils at sea level"
"27273",1,"cân nặng | trọng lượng | 重量","weight","NO_GLOSS","the vertical force exerted by a mass as a result of gravity"
"27287",1,"sức mạnh","strength","NO_GLOSS","the property of being physically or mentally strong"
"27464",1,"đối xứng","balance | correspondence | symmetricalness | symmetry","NO_GLOSS","(mathematics) an attribute of a shape or relation; exact reflection of form on opposite sides of a dividing line or plane"
"27567",1,"khoảng cách","distance","NO_GLOSS","the property created by the space between two objects or points"
"27576",1,"bước sóng","wavelength","NO_GLOSS","the distance (measured in the direction of propagation) between two points in the same phase in consecutive cycles of a wave"
"27686",1,"lượng | số lượng","amount","NO_GLOSS","how much of something is available"
"27787",1,"chiều dài","length","NO_GLOSS","the linear extent in space from one end to the other; the longest horizontal dimension of something that is fixed in place"
"27816",1,"độ sâu","depth","NO_GLOSS","extent downward or backward or inward"
"27830",1,"cao | độ cao","height | tallness","NO_GLOSS","the vertical dimension of extension; distance from the base of something to the top"
"27919",1,"lợi thế","advantage | vantage","NO_GLOSS","the quality of having a superior or more favorable position"
"27950",1,"bất lợi","disadvantage","NO_GLOSS","the quality of having an inferior or less favorable position"
"28024",1,"nhân quyền","human right","NO_GLOSS","(law) any basic right or freedom to which all human beings are entitled and in whose exercise a government may not interfere (including rights to life and liberty as well as freedom of thought and expression and equality before the law)"
"28094",1,"quyền lực","power | powerfulness","NO_GLOSS","possession of controlling influence"
"28120",1,"quyền lực | 權力","authorisation | authority | authorization | dominance | potency | say-so","NO_GLOSS","the power or right to give orders or make decisions"
"28138",1,"năng lực | 能力","ability","NO_GLOSS","the quality of being able to perform; a quality that permits or facilitates achievement or accomplishment"
"28220",1,"cơ thể | mình | người | thân | thân thể | 身體","body | organic structure | physical structure","NO_GLOSS","the entire structure of an organism (especially an animal or human being)"
"28225",1,"thây | thi thể | tử thi | xác","cadaver | clay | corpse | remains | stiff","NO_GLOSS","the dead body of a human being"
"28323",1,"biểu mô","epithelial tissue | epithelium","NO_GLOSS","membranous tissue covering internal organs and other internal surfaces of the body"
"28346",1,"hạ bì","corium | derma | dermis","NO_GLOSS","the deep vascular inner layer of the skin"
"28413",1,"kiểu đầu | kiểu tóc","coif | coiffure | hair style | hairdo | hairstyle","NO_GLOSS","the arrangement of the hair (especially a woman's hair)"
"28449",1,"râu mép | ria | ria mép","moustache | mustache","NO_GLOSS","an unshaved growth of hair on the upper lip"
"28454",1,"râu dê","goatee","NO_GLOSS","a small chin beard trimmed to a point; named for its resemblance to a goat's beard"
"28505",1,"xương móc","hamate | hamate bone | os hamatum | unciform bone","NO_GLOSS","the wrist bone in line with the 4th and 5th fingers"
"28509",1,"xương đòn","clavicle | collarbone","NO_GLOSS","bone linking the scapula and sternum"
"28588",1,"bắp thịt | cơ | cơ bắp","muscle | musculus","NO_GLOSS","one of the contractile organs of the body"
"28626",1,"gân","sinew | tendon","NO_GLOSS","a cord or band of inelastic tissue connecting a muscle with its bony attachment"
"28657",1,"miệng | mồm","mouth | oral cavity | oral fissure | rima oris","NO_GLOSS","the opening through which food is taken in and vocalizations emerge"
"28669",1,"môi","lip","NO_GLOSS","fleshy folds of tissue as those surrounding the mouth"
"28691",1,"lưỡi gà","uvula","NO_GLOSS","a small pendant fleshy lobe at the back of the soft palate"
"28711",1,"lông mày","brow | eyebrow | supercilium","NO_GLOSS","the arch of hair above each eye"
"28713",1,"mi mắt","eyelid | lid | palpebra","NO_GLOSS","either of two folds of skin that can be moved to cover or open the eye"
"28720",1,"lông mi","cilium | eyelash | lash","NO_GLOSS","any of the short curved hairs that grow from the edges of the eyelids"
"28733",1,"giác mạc","cornea","NO_GLOSS","transparent anterior portion of the outer covering of the eye; it covers the lens and iris and is continuous with the sclera"
"28740",1,"màng nhĩ","eardrum | myringa | tympanic membrane | tympanum","NO_GLOSS","the membrane in the ear that vibrates to sound"
"28784",1,"màng nhầy | niêm mạc","mucosa | mucous membrane","NO_GLOSS","mucus-secreting membrane lining all body cavities or passages that communicate with the exterior"
"28813",1,"động mạch","arteria | arterial blood vessel | artery","NO_GLOSS","a blood vessel that carries blood from the heart to the body"
"29002",1,"quy đầu | 龜頭","glans penis","NO_GLOSS","the conical mass of erectile tissue that forms the head of the penis"
"29114",1,"phổi","lung","NO_GLOSS","either of two saclike respiratory organs in the chest of vertebrates; serves to remove carbon dioxide and provide oxygen to the blood"
"29117",1,"màng phổi","pleura","NO_GLOSS","the thin serous membrane around the lungs and inner walls of the chest"
"29176",1,"nước ối","amnionic fluid | amniotic fluid | waters","NO_GLOSS","the serous fluid in which the embryo is suspended inside the amnion"
"29177",1,"máu","blood","NO_GLOSS","the fluid (red in vertebrates) that is pumped by the heart"
"29195",1,"huyết tương","blood plasma","NO_GLOSS","plasma that separates from blood in coagulation"
"29199",1,"bạch huyết | 白血","lymph","NO_GLOSS","a thin coagulable fluid (similar to plasma but) containing white blood cells (lymphocytes) and chyle; is conveyed to the blood stream by lymphatic vessels"
"29200",1,"tinh dịch | 精液","come | cum | ejaculate | seed | semen | seminal fluid","NO_GLOSS","the thick white fluid containing spermatozoa that is ejaculated by the male genital tract"
"29245",1,"đàm | đờm","phlegm | sputum","NO_GLOSS","expectorated matter; saliva mixed with discharges from the respiratory passages; in ancient and medieval physiology it was believed to cause sluggishness"
"29248",1,"nước bọt | nước dãi | nước miếng","saliva | spit | spittle","NO_GLOSS","a clear liquid secreted into the mouth by the salivary glands and mucous glands of the mouth; moistens the mouth and starts the digestion of starches"
"29253",1,"bựa | pho mát","smegma","NO_GLOSS","a white secretion of the sebaceous glands of the foreskin"
"29258",1,"huyết quản | mạch máu | 血管","blood vessel","NO_GLOSS","a vessel in which blood circulates"
"29262",1,"tĩnh mạch | 靜脈","vein | vena | venous blood vessel","NO_GLOSS","a blood vessel that carries blood from the capillaries toward the heart"
"29293",1,"võng mạc","retina","NO_GLOSS","the light-sensitive membrane covering the back wall of the eyeball; it is continuous with the optic nerve"
"29295",1,"màng bụng | 𦛿䏾","peritoneum","NO_GLOSS","a transparent membrane that lines the abdominal cavity in mammals and covers most of the viscera"
"29309",1,"hạch lympho","lymph gland | lymph node | node","NO_GLOSS","the source of lymph and lymphocytes"
"29318",1,"hợp tử | 合子","fertilized ovum | zygote","NO_GLOSS","the cell resulting from the union of an ovum and a spermatozoon (including the organism that develops from that cell)"
"29384",1,"bào quan","cell organ | cell organelle | organelle","NO_GLOSS","a specialized part of a cell; analogous to an organ"
"29433",1,"hồng cầu","erythrocyte | rbc | red blood cell","NO_GLOSS","a mature blood cell that contains hemoglobin to carry oxygen to the bodily tissues; a biconcave disc that has no nucleus"
"29453",1,"tinh trùng","sperm | sperm cell | spermatozoan | spermatozoon","NO_GLOSS","the male reproductive cell; the male gamete"
"29492",1,"細胞神經","nerve cell | neuron","NO_GLOSS","a cell that is specialized to conduct nerve impulses"
"29565",1,"系神經中央","central nervous system | cns | systema nervosum centrale","NO_GLOSS","the portion of the vertebrate nervous system consisting of the brain and spinal cord"
"29579",1,"tuyến yên","hypophysis | pituitary | pituitary body | pituitary gland","NO_GLOSS","the master gland of the endocrine system; located at the base of the brain"
"29585",1,"tuyến tùng","epiphysis | epiphysis cerebri | pineal body | pineal gland","NO_GLOSS","a small endocrine gland in the brain; situated beneath the back part of the corpus callosum; secretes melatonin"
"29587",1,"tiểu não","cerebellum","NO_GLOSS","a major division of the vertebrate brain; situated above the medulla oblongata and beneath the cerebrum in humans"
"29619",1,"đại não | 大腦","cerebrum","NO_GLOSS","anterior portion of the brain consisting of two hemispheres; dominant part of the brain in humans"
"29633",1,"hành não","bulb | medulla | medulla oblongata","NO_GLOSS","lower or hindmost part of the brain; continuous with spinal cord; (`bulb' is an old term for medulla oblongata)"
"29652",1,"não giữa","mesencephalon | midbrain","NO_GLOSS","the middle portion of the brain"
"29659",1,"cuống não","brain-stem | brain stem | brainstem","NO_GLOSS","the part of the brain continuous with the spinal cord and comprising the medulla oblongata and pons and midbrain and parts of the hypothalamus"
"29714",1,"niệu quản","ureter","NO_GLOSS","either of a pair of thick-walled tubes that carry urine from the kidney to the urinary bladder"
"29743",1,"noan quản | 卵管","fallopian tube | oviduct | uterine tube","NO_GLOSS","either of a pair of tubes conducting the egg from the ovary to the uterus"
"29756",1,"âm hộ | 陰戶","vulva","NO_GLOSS","external parts of the female genitalia"
"29761",1,"môi lớn","labia majora","NO_GLOSS","the two outer folds of the vulva"
"29772",1,"hòn dái | tinh hoàn","ball | ballock | bollock | egg | nut | orchis | testicle | testis","NO_GLOSS","one of the two male reproductive glands that produce spermatozoa and secrete androgens"
"29797",1,"thanh quản | 聲管","larynx | voice box","NO_GLOSS","a cartilaginous structure at the top of the trachea; contains elastic vocal cords that are the source of the vocal tone in speech"
"29816",1,"thực quản","esophagus | gorge | gullet | oesophagus","NO_GLOSS","the passage between the pharynx and the stomach"
"29821",1,"tá tràng","duodenum","NO_GLOSS","the part of the small intestine between the stomach and the jejunum"
"29828",1,"manh tràng | ruột tịt","blind gut | caecum | cecum","NO_GLOSS","the cavity in which the large intestine begins and into which the ileum opens"
"29835",1,"ruột thẳng | trực tràng","rectum","NO_GLOSS","the terminal section of the alimentary canal; from the sigmoid flexure to the anus"
"29848",1,"sọ","skull","NO_GLOSS","the bony skeleton of the head of vertebrates"
"29878",1,"hàm | quai hàm | xương hàm","jaw","NO_GLOSS","the part of the skull of a vertebrate that frames the mouth and holds the teeth"
"29881",1,"cổ","cervix | neck","NO_GLOSS","the part of an organism that connects the head to the rest of the body"
"29885",1,"gáy | ót","nape | nucha | scruff","NO_GLOSS","the back side of the neck"
"29886",1,"cuống họng | họng","pharynx | throat","NO_GLOSS","the passage to the stomach and lungs; in the front part of the neck below the chin and above the collarbone"
"29897",1,"mình | thân | thân mình","body | torso | trunk","NO_GLOSS","the body excluding the head and neck and limbs"
"29943",1,"lưng","back | dorsum","NO_GLOSS","the posterior part of a human (or animal) body from the neck to the end of the spine"
"29947",1,"mông","buttock | cheek","NO_GLOSS","either of the two large fleshy masses of muscular tissue that form the human rump"
"29951",1,"cẳng | chân | giò","leg","NO_GLOSS","a human limb; commonly used to refer to a whole limb but technically only the part of the limb between the knee and ankle"
"29958",1,"đùi","thigh","NO_GLOSS","the part of the leg between the hip and the knee"
"29967",1,"tay","hand | manus | mitt | paw","NO_GLOSS","the (prehensile) extremity of the superior limb"
"29968",1,"nắm đấm | nắm tay | quyền","clenched fist | fist","NO_GLOSS","a hand with the fingers clenched in the palm (as for hitting)"
"29983",1,"ngón út","little finger | pinkie | pinky","NO_GLOSS","the finger farthest from the thumb"
"30015",1,"đầu gối | gối","articulatio genus | genu | human knee | knee | knee joint","NO_GLOSS","hinge joint in the human leg connecting the tibia and fibula with the femur and protected in front by the patella"
"30037",1,"ngón chân","toe","NO_GLOSS","one of the digits of the foot"
"30052",1,"khuỷu tay","articulatio cubiti | cubital joint | cubitus | elbow | elbow joint | human elbow","NO_GLOSS","hinge joint between the forearm and upper arm and the corresponding joint in the forelimb of a quadruped"
"30074",1,"móng | móng tay","fingernail","NO_GLOSS","the nail at the end of a finger"
"30080",1,"khớp","knuckle | knuckle joint | metacarpophalangeal joint","NO_GLOSS","a joint of a finger when the fist is closed"
"30093",1,"cột sống | xương sống | 榾𦡠 | 𩩫𦡠","back | backbone | rachis | spinal column | spine | vertebral column","NO_GLOSS","the series of vertebrae forming the axis of the skeleton and protecting the spinal cord"
"30121",1,"xương trụ","elbow bone | ulna","NO_GLOSS","the inner and longer of the two bones of the human forearm"
"30154",1,"lỗ mũi","anterior naris | nostril","NO_GLOSS","either one of the two external openings to the nasal cavity in the nose"
"30157",1,"mặt","face | human face","NO_GLOSS","the front of the human head from the forehead to the chin and ear to ear"
"30164",1,"trán","brow | forehead","NO_GLOSS","the part of the face above the eyes"
"30210",1,"lòng | tâm trí | tinh thần","brain | head | mind | nous | psyche","NO_GLOSS","that which is responsible for one's thoughts and feelings; the seat of the faculty of reason"
"30268",1,"bản năng | 本能","inherent aptitude | instinct","NO_GLOSS","inborn pattern of behavior often responsive to specific stimuli"
"30325",1,"phát minh | 發明","conception | design | excogitation | innovation | invention","NO_GLOSS","the creation of something in the mind"
"30456",1,"sức nhìn | tầm nhìn | thị lực","eyesight | seeing | sightedness","NO_GLOSS","normal use of the faculty of vision"
"30468",1,"khứu giác","olfaction | olfactory modality | sense of smell | smell","NO_GLOSS","the faculty that enables us to distinguish scents"
"30475",1,"phương pháp | phương thức | 方式 | 方法","method","NO_GLOSS","a way of doing something, especially a systematic way; implies an orderly logical arrangement (usually in steps)"
"30499",1,"kỹ thuật","technique","NO_GLOSS","a practical method or art applied to some particular task"
"30518",1,"tập quán | thói quen | 習慣","habit | wont","NO_GLOSS","an established custom"
"30550",1,"ý thức","consciousness","NO_GLOSS","an alert cognitive state in which you are aware of yourself and your situation"
"30590",1,"tò mò","curiosity | wonder","NO_GLOSS","a state in which you want to learn more about something"
"30604",1,"bí ẩn | huyền bí","closed book | enigma | mystery | secret","NO_GLOSS","something that baffles understanding and cannot be explained"
"30663",1,"tự tin","assurance | authority | confidence | self-assurance | self-confidence | sureness","NO_GLOSS","freedom from doubt; belief in yourself and your abilities"
"30666",1,"nghi ngờ","doubt | doubtfulness | dubiety | dubiousness | incertitude | uncertainty","NO_GLOSS","the state of being unsure of something"
"30752",1,"mùi","aroma | fragrance | perfume | scent","NO_GLOSS","a distinctive odor that is pleasant"
"30756",1,"vị giác","gustatory perception | gustatory sensation | taste | taste perception | taste sensation","NO_GLOSS","the sensation that results when taste buds in the tongue and throat convey information about the chemical composition of a soluble stimulus"
"31009",1,"nhân hóa","anthropomorphism | theanthropism","NO_GLOSS","the representation of objects (especially a god) as having human form or traits"
"31015",1,"giấc mơ","dream | dreaming","NO_GLOSS","a series of mental images and emotions occurring during sleep"
"31065",1,"假科學 | 偽科學","pseudoscience","NO_GLOSS","an activity resembling science but based on fallacious assumptions"
"31195",1,"hiểu","apprehension | discernment | savvy | understanding","NO_GLOSS","the cognitive condition of someone who understands"
"31211",1,"đọc","reading","NO_GLOSS","the cognitive process of understanding a written linguistic message"
"31214",1,"phong tục | truyền miệng | truyền thống | 傳統 | 風俗","tradition","NO_GLOSS","an inherited pattern of thought or action"
"31287",1,"bằng chứng","cogent evidence | proof","NO_GLOSS","any factual evidence that helps to establish the truth of something"
"31354",1,"quyết định","conclusion | decision | determination","NO_GLOSS","a position or opinion or judgment reached after consideration"
"31399",1,"thuật toán","algorithm | algorithmic program | algorithmic rule","NO_GLOSS","a precise rule (or set of rules) specifying how to solve some problem"
"31410",1,"đặc điểm","characteristic | feature","NO_GLOSS","a prominent aspect of something"
"31463",1,"bcnn","lcm | least common multiple | lowest common multiple","NO_GLOSS","the smallest multiple that is exactly divisible by every member of a set of numbers"
"31629",1,"đĩa bay","flying saucer | ufo | unidentified flying object","NO_GLOSS","an (apparently) flying object whose nature is unknown; especially those considered to have extraterrestrial origins"
"31631",1,"bóng ma | ma","ghost | shade | specter | spectre | spook | wraith","NO_GLOSS","a mental representation of some haunting experience"
"31714",1,"gợi ý","suggestion","NO_GLOSS","an idea that is suggested"
"31728",1,"nghi ngờ","hunch | intuition | suspicion","NO_GLOSS","an impression that something might be the case"
"31808",1,"ký ức | trí nhớ","memory","NO_GLOSS","something that is remembered"
"31852",1,"chủ nghĩa | giáo điều | giáo lý | 主義 | 教條 | 教理","doctrine | ism | philosophical system | philosophy | school of thought","NO_GLOSS","a belief (or system of beliefs) accepted as authoritative by some group or school"
"31872",1,"意見公眾","opinion | popular opinion | public opinion | vox populi","NO_GLOSS","a belief or sentiment shared by most people; the voice of the people"
"31880",1,"có thể | khả năng","possibility","NO_GLOSS","a future prospect or potential"
"31955",1,"一元論 | 說一元","monism","NO_GLOSS","the doctrine that reality consists of a single basic substance or element"
"31973",1,"ma thuật | phép thuật | yêu thuật","magic | thaumaturgy","NO_GLOSS","any art that invokes supernatural powers"
"32025",1,"ma thuật | yêu thuật | 妖術 | 魔術","black art | black magic | necromancy | sorcery","NO_GLOSS","the belief in magical spells that harness occult forces or evil spirits to produce unnatural effects in the world"
"32027",1,"術符水","witchcraft | witchery","NO_GLOSS","the art of sorcery"
"32036",1,"mục đích | mục tiêu","end | goal","NO_GLOSS","the state of affairs that a plan is intended to achieve and that (when achieved) terminates behavior intended to achieve it"
"32043",1,"ý định","aim | design | intent | intention | purpose","NO_GLOSS","an anticipated outcome that is intended or that guides your planned actions"
"32080",1,"học thuyết | lý luận | lý thuyết","theory","NO_GLOSS","a well-substantiated explanation of some aspect of the natural world; an organized system of accepted knowledge that applies in a variety of circumstances to explain a specific set of phenomena"
"32123",1,"khoa học | 科學","science | scientific discipline","NO_GLOSS","a particular branch of scientific knowledge"
"32124",1,"科學自然","natural science","NO_GLOSS","the sciences involved in the study of the physical world and its phenomena"
"32127",1,"số học | 數學","arithmetic","NO_GLOSS","the branch of pure mathematics dealing with the theory of numerical calculations"
"32129",1,"hình học","geometry","NO_GLOSS","the pure mathematics of points and lines and curves and surfaces"
"32188",1,"理說𩁱","group theory","NO_GLOSS","the branch of mathematics dealing with groups"
"32270",1,"sinh học | 生物學","biological science | biology","NO_GLOSS","the science that studies living organisms"
"32290",1,"khoa tim","cardiology","NO_GLOSS","the branch of medicine dealing with the heart and its diseases"
"32296",1,"chỉnh nha | chỉnh răng","dental orthopaedics | dental orthopedics | orthodontia | orthodontics | orthodonture","NO_GLOSS","the branch of dentistry dealing with the prevention or correction of irregularities of the teeth"
"32303",1,"疫癠學","epidemiology","NO_GLOSS","the branch of medical science dealing with the transmission and control of disease"
"32307",1,"phụ khoa","gynaecology | gynecology","NO_GLOSS","the branch of medicine that deals with the diseases and hygiene of women"
"32308",1,"huyết học","haematology | hematology","NO_GLOSS","the branch of medicine that deals with diseases of the blood and blood-forming organs"
"32323",1,"khoa mắt | nhãn khoa","ophthalmology","NO_GLOSS","the branch of medicine concerned with the eye and its diseases"
"32347",1,"thính học","audiology | audiometry","NO_GLOSS","the measurement of hearing"
"32362",1,"毒質學","toxicology","NO_GLOSS","the branch of pharmacology that deals with the nature and effects and treatments of poisons"
"32368",1,"vi-rút học | virus học","virology","NO_GLOSS","the branch of medical science that studies viruses and viral diseases"
"32369",1,"nông học | 農學","agronomy | scientific agriculture","NO_GLOSS","the application of soil and plant sciences to land management and crop production"
"32374",1,"nấm học","mycology","NO_GLOSS","the branch of botany that studies fungi and fungus-caused diseases"
"32378",1,"細胞學","cytology","NO_GLOSS","the branch of biology that studies the structure and function of cells"
"32384",1,"lâm nghiệp","silviculture","NO_GLOSS","the branch of forestry dealing with the development and care of forests"
"32385",1,"昆蟲學","bugology | entomology","NO_GLOSS","the branch of zoology that studies insects"
"32389",1,"ngư học","ichthyology","NO_GLOSS","the branch of zoology that studies fishes"
"32393",1,"điểu học","ornithology","NO_GLOSS","the branch of zoology that studies birds"
"32396",1,"古生物學","fossilology | palaeontology | paleontology","NO_GLOSS","the earth science that studies fossil organisms and related remains"
"32399",1,"thuộc tảo","algology | phycology","NO_GLOSS","the branch of botany that studies algae"
"32410",1,"mô học","histology","NO_GLOSS","the branch of biology that studies the microscopic structure of animal or plant tissues"
"32411",1,"微生物學","microbiology","NO_GLOSS","the branch of biology that studies microorganisms and their effects on humans"
"32444",1,"物理學","natural philosophy | physical science | physics","NO_GLOSS","the science of matter and energy and their interactions"
"32446",1,"天文學","astronomy | uranology","NO_GLOSS","the branch of physics that studies celestial bodies and the universe as a whole"
"32459",1,"晶體學","crystallography","NO_GLOSS","the branch of science that studies the formation and structure of crystals"
"32463",1,"cơ học | lực học | 力學 | 機學","mechanics","NO_GLOSS","the branch of physics concerned with the motion of bodies in a frame of reference"
"32491",1,"超對稱","supersymmetry","NO_GLOSS","(physics) a theory that tries to link the four fundamental forces"
"32513",1,"機學量子","quantum mechanics","NO_GLOSS","the branch of quantum physics that accounts for matter at the atomic level; an extension of statistical mechanics based on quantum theory (especially the Pauli exclusion principle)"
"32533",1,"地質學","geology","NO_GLOSS","a science that deals with the history of the earth as recorded in rocks"
"32537",1,"地貌學","geomorphology | morphology","NO_GLOSS","the branch of geology that studies the characteristics and configuration and evolution of rocks and land forms"
"32547",1,"海洋學","oceanography | oceanology","NO_GLOSS","the branch of science dealing with physical and biological aspects of the oceans"
"32548",1,"水度學","hydrography","NO_GLOSS","the science of the measurement and description and mapping of the surface waters of the earth with special reference to navigation"
"32550",1,"地震學","seismology","NO_GLOSS","the branch of geology that studies earthquakes"
"32554",1,"礦物學","mineralogy","NO_GLOSS","the branch of geology that studies minerals: their structure and properties and the ways of distinguishing them"
"32555",1,"thạch luận","lithology | petrology","NO_GLOSS","the branch of geology that studies rocks: their origin and formation and mineral composition and classification"
"32560",1,"地理學","geographics | geography","NO_GLOSS","study of the earth's surface; includes people's responses to topography and climate and soil and vegetation"
"32615",1,"主義行為","behaviorism | behavioristic psychology | behaviourism | behaviouristic psychology","NO_GLOSS","an approach to psychology that emphasizes observable measurable behavior"
"32631",1,"人類學","anthropology","NO_GLOSS","the social science that studies the origins and social relationships of human beings"
"32639",1,"古地理學","palaeogeography | paleogeography","NO_GLOSS","the study of the geography of ancient times or ancient epochs"
"32667",1,"經濟學微模","microeconomics","NO_GLOSS","the branch of economics that studies the economy of consumers or households or individual firms"
"32670",1,"社會學","sociology","NO_GLOSS","the study and classification of human societies"
"32671",1,"罪犯學","criminology","NO_GLOSS","the scientific study of crime and criminal behavior and law enforcement"
"32672",1,"人口學","demography | human ecology","NO_GLOSS","the branch of sociology that studies the characteristics of human populations"
"32707",1,"mỹ học | 美學","aesthetics | esthetics","NO_GLOSS","(art) the branch of philosophy dealing with beauty and taste (emphasizing the evaluative criteria that are applied to art)"
"32753",1,"音樂學","musicology","NO_GLOSS","the scholarly and scientific study of music"
"32767",1,"語音學","phonetics","NO_GLOSS","the branch of acoustics concerned with speech processes including its production and perception and acoustic analysis"
"32820",1,"主義功利 | 主義為利","utilitarianism","NO_GLOSS","doctrine that the useful is the good; especially as elaborated by Jeremy Bentham and James Mill; the aim was said to be the greatest happiness for the greatest number"
"32863",1,"khuynh hướng | xu thế | 傾向 | 趨勢","disposition | inclination | tendency","NO_GLOSS","an attitude of mind especially one that favors one alternative over others"
"32954",1,"主義中庸","centrism | moderatism","NO_GLOSS","a political philosophy of avoiding the extremes of left and right by taking a moderate position or course of action"
"32967",1,"dân chủ | 民主","democracy","NO_GLOSS","the political orientation of those who favor government by the people or by their elected representatives"
"32971",1,"主義極端","extremism","NO_GLOSS","any political theory favoring immoderate uncompromising policies"
"33135",1,"phát sóng","broadcast","NO_GLOSS","message that is transmitted by radio or television"
"33149",1,"trang","page","NO_GLOSS","one side of one leaf (of a book or magazine or newspaper or letter etc.) or the written or pictorial matter it contains"
"33289",1,"ngôn ngữ | tiếng | tiếng nói","language | linguistic communication","NO_GLOSS","a systematic means of communicating by the use of sounds or conventional symbols"
"33305",1,"lời | nhời | tiếng | từ","word","NO_GLOSS","a unit of language that native speakers can identify"
"33382",1,"hình vị | 形位","morpheme","NO_GLOSS","minimal meaningful language unit; it cannot be divided into smaller meaningful units"
"33405",1,"cách","case | grammatical case","NO_GLOSS","nouns or pronouns or adjectives (often marked by inflection) related in some way to other words in a sentence"
"33430",1,"câu | cụm từ","phrase","NO_GLOSS","an expression consisting of one or more words forming a grammatical constituent of a sentence"
"33438",1,"từ loại","form class | part of speech | word class","NO_GLOSS","one of the traditional categories of words intended to reflect their functions in a grammatical context"
"33442",1,"助動詞","auxiliary verb","NO_GLOSS","a word used in a verb phrase as an adjunct to another verb"
"33474",1,"đại từ | 代詞","pronoun","NO_GLOSS","a function word that is used in place of a noun or noun phrase"
"33529",1,"nhũ danh","maiden name","NO_GLOSS","a woman's surname before marriage"
"33531",1,"tên | tên gọi | tên thánh","first name | forename | given name","NO_GLOSS","the name that precedes the surname"
"33532",1,"tên thánh","baptismal name | christian name","NO_GLOSS","the first name given to Christians at birth or christening"
"33537",1,"biệt hiệu | bút danh | tên chữ | tên tự","anonym | nom de guerre | pseudonym","NO_GLOSS","a fictitious name used when the person performs a particular social role"
"33540",1,"biệt hiệu | bút danh | tên chữ | tên tự","nom de plume | pen name","NO_GLOSS","an author's pseudonym"
"33574",1,"tiêu đề","headline | newspaper headline","NO_GLOSS","the heading or caption of a newspaper article"
"33612",1,"chính tả","orthography | writing system","NO_GLOSS","a method of representing the sounds of a language by written or printed symbols"
"33646",1,"mã nguồn","source code","NO_GLOSS","program instructions written as an ASCII text file; must be translated by a compiler or interpreter or assembler into the object code for a particular computer before execution"
"33650",1,"trang mạng | trang web","internet site | site | web site | website","NO_GLOSS","a computer connected to the internet that maintains a series of web pages on the World Wide Web"
"33681",1,"văn chương","belles-lettres | belles lettres","NO_GLOSS","creative writing valued for esthetic content"
"33689",1,"tiểu thuyết","novel","NO_GLOSS","a extended fictional work in prose; usually in the form of a story"
"33710",1,"huyền thoại | truyền thuyết","fable | legend","NO_GLOSS","a story about mythical or supernatural beings or events"
"33720",1,"cốt truyện","plot line | storyline","NO_GLOSS","the plot of a book or play or film"
"33735",1,"văn xuôi","prose","NO_GLOSS","ordinary writing as distinguished from verse"
"33803",1,"văn bản | 文本","text | textual matter","NO_GLOSS","the words of something written"
"33838",1,"chương","chapter","NO_GLOSS","a subdivision of a written work; usually numbered and titled"
"33849",1,"lời tựa | 𠳒呐頭 | 𠳒序","foreword | preface | prolusion","NO_GLOSS","a short introductory essay preceding the text of a book"
"33882",1,"bút pháp | thư pháp | 書法 | 筆法","calligraphy | chirography | penmanship","NO_GLOSS","beautiful handwriting"
"33912",1,"chuyên khảo","monograph","NO_GLOSS","a detailed and documented treatise on a particular subject"
"33922",1,"sách | sổ","book","NO_GLOSS","a written work or composition that has been published (printed on pages bound together)"
"33968",1,"từ điển | tự điển | 字典","dictionary | lexicon","NO_GLOSS","a reference book containing an alphabetical list of words with information about them"
"33982",1,"sổ tay","enchiridion | handbook | vade mecum","NO_GLOSS","a concise reference book providing specific information about a subject or location"
"34014",1,"百科全書","cyclopaedia | cyclopedia | encyclopaedia | encyclopedia","NO_GLOSS","a reference work (often in several volumes) containing articles on various topics (often arranged in alphabetical order) dealing with the entire range of human knowledge or with some particular specialty"
"34058",1,"tóm tắt | 總悉","sum-up | summary","NO_GLOSS","a brief statement that presents the main points in a concise form"
"34065",1,"lí lịch | lý lịch","curriculum vitae | cv | resume","NO_GLOSS","a summary of your academic and work history"
"34312",1,"tiểu sử","biography | life | life history | life story","NO_GLOSS","an account of the series of events making up a person's life"
"34345",1,"hợp đồng","contract","NO_GLOSS","a binding agreement between two or more persons that is enforceable by law"
"34421",1,"thông dịch","interlingual rendition | rendering | translation | version","NO_GLOSS","a written communication in a second language having the same meaning as the written communication in a first language"
"34450",1,"cấm | cấm chỉ","prohibition","NO_GLOSS","a law forbidding the sale of alcoholic beverages"
"34490",1,"bằng | giấy phép | 法紙","licence | license | permit","NO_GLOSS","a legal document giving official permission to do something"
"34567",1,"nhu liệu | phần mềm","computer software | package | software | software package | software program | software system","NO_GLOSS","(computer science) written programs or procedures or rules and associated documentation pertaining to the operation of a computer system and that are stored in read/write memory"
"34647",1,"lưu đồ","flow chart | flow diagram | flow sheet | flowchart","NO_GLOSS","a diagram of the sequence of operations in a computer program or an accounting system"
"34689",1,"xuất bản","edition","NO_GLOSS","the form in which a text (especially a printed book) is published"
"34741",1,"chủ đề | 主題","subject | theme | topic","NO_GLOSS","the subject matter of a conversation or discussion"
"34818",1,"tuyển tập | 選集","analecta | analects","NO_GLOSS","a collection of excerpts from a literary work"
"34825",1,"điện ảnh | phim | 電影","film | flick | motion-picture show | motion picture | movie | moving-picture show | moving picture | pic | picture | picture show","NO_GLOSS","a form of entertainment that enacts a story by a sequence of images giving the illusion of continuous movement"
"34878",1,"điện báo | điện tín | điện văn","telegram | wire","NO_GLOSS","a message transmitted by telegraph"
"34913",1,"bưu thiếp","mailing-card | post card | postal card | postcard","NO_GLOSS","a card for sending messages by post without an envelope"
"34948",1,"thông tin","info | information","NO_GLOSS","a message received and understood"
"34979",1,"tin | tin tức","intelligence | news | tidings | word","NO_GLOSS","new information about specific and timely events"
"35117",1,"武士道","bushido","NO_GLOSS","traditional code of the Japanese samurai which stressed courage and loyalty and self-discipline and simple living"
"35139",1,"lời khuyên","advice","NO_GLOSS","a proposal for an appropriate course of action"
"35146",1,"bí mật | 條祕密 | 祕密","secret","NO_GLOSS","something that should remain hidden from others (especially information that is not to be passed on)"
"35228",1,"cho phép","permission","NO_GLOSS","approval to do something"
"35243",1,"vỗ tay","applause | clapping | hand clapping","NO_GLOSS","a demonstration of approval by clapping the hands together"
"35262",1,"lời khen","compliment","NO_GLOSS","a remark (or act) expressing praise and admiration"
"35309",1,"tiến sĩ","doctor's degree | doctorate","NO_GLOSS","one of the highest earned academic degrees conferred by a university"
"35362",1,"phê bình","criticism | unfavorable judgment","NO_GLOSS","disapproval expressed by pointing out faults or shortcomings"
"35431",1,"nghịch lý","paradox","NO_GLOSS","(logic) a statement that contradicts itself"
"35448",1,"đòi","claim","NO_GLOSS","an assertion of a right (as to money or property)"
"35458",1,"công thức","expression | formula","NO_GLOSS","a group of symbols that make a mathematical statement"
"35520",1,"định nghĩa | 定義","definition","NO_GLOSS","a concise explanation of the meaning of a word or phrase or symbol"
"35662",1,"điều ước | hiệp ước | 協約 | 條約","accord | pact | treaty","NO_GLOSS","a written agreement between two states or sovereigns"
"35665",1,"hòa ước","pacification | peace | peace treaty","NO_GLOSS","a treaty to cease hostilities"
"35674",1,"mỉa mai | nói mỉa","caustic remark | irony | sarcasm | satire","NO_GLOSS","witty language used to convey insults or scorn"
"35744",1,"tín hiệu","sign | signal | signaling","NO_GLOSS","any communication that encodes a message"
"35863",1,"đối số | lô-ga-rít | lôga | lôgarit | 對數","log | logarithm","NO_GLOSS","the exponent required to produce a given number"
"36061",1,"mác | nhãn hiệu","brand | brand name | marque | trade name","NO_GLOSS","a name given to a product or service"
"36096",1,"láy rền","shake | trill","NO_GLOSS","a note that alternates rapidly with another note a semitone above it"
"36193",1,"thủ ngữ","sign language | signing","NO_GLOSS","language expressed by visible hand gestures"
"36208",1,"cười","grin | grinning | smile | smiling","NO_GLOSS","a facial expression characterized by turning up the corners of the mouth; usually shows pleasure or amusement"
"36240",1,"chữ vạn | 字卍","hakenkreuz | swastika","NO_GLOSS","the official emblem of the Nazi Party and the Third Reich; a cross with the arms bent at right angles in a clockwise direction"
"37025",1,"心電圖","cardiogram | ecg | ekg | electrocardiogram","NO_GLOSS","a graphical recording of the cardiac cycle produced by an electrocardiograph"
"37069",1,"kịch bản","screenplay","NO_GLOSS","a script for a film including dialogue and descriptions of characters and sets"
"37122",1,"âm nhạc | 音樂","music","NO_GLOSS","an artistic form of auditory communication incorporating instrumental or vocal tones in a structured and continuous manner"
"37143",1,"âm điệu | giai điệu","air | line | melodic line | melodic phrase | melody | strain | tune","NO_GLOSS","a succession of notes forming a distinctive sequence"
"37184",1,"thánh ca","anthem | hymn","NO_GLOSS","a song of praise (to God or to a saint or to a nation)"
"37221",1,"công-xéc-tô","concerto","NO_GLOSS","a composition for orchestra and a soloist"
"37232",1,"giao hưởng | 交響","symphonic music | symphony","NO_GLOSS","a long and complex sonata for symphony orchestra"
"37254",1,"bài hát | ca | ca khúc | 歌曲","song | vocal","NO_GLOSS","a short musical composition with words"
"37258",1,"quốc ca | 國歌","national anthem","NO_GLOSS","a song formally adopted as the anthem for a nation"
"37261",1,"dân ca | 民歌","ballad | lay","NO_GLOSS","a narrative song with a recurrent refrain"
"37275",1,"tình ca | tình khúc","love-song | love song","NO_GLOSS","a song about love or expressing love for another person"
"37354",1,"nhạc rock | rock","rock | rock'n'roll | rock-and-roll | rock 'n' roll | rock and roll | rock music","NO_GLOSS","a genre of popular music originating in the 1950s; a blend of Black rhythm-and-blues with White country-and-western"
"37419",1,"ngâm nga | ngữ điệu","intonation | modulation | pitch contour","NO_GLOSS","rise and fall of the voice pitch"
"37610",1,"mũi hoá","nasalisation | nasalization","NO_GLOSS","the act of nasalizing; the utterance of sounds modulated by the nasal resonators"
"37654",1,"cười | tiếng cười","laugh | laughter","NO_GLOSS","the sound of laughing"
"37670",1,"thở dài","sigh | suspiration","NO_GLOSS","an utterance made by exhaling audibly"
"37675",1,"rì rầm | thì thầm","susurration | voicelessness | whisper | whispering","NO_GLOSS","speaking softly without vibration of the vocal cords"
"37693",1,"đối thoại","conversation","NO_GLOSS","the use of speech for informal exchange of views or ideas or information etc."
"37705",1,"đối thoại | hội thoại","dialog | dialogue | duologue","NO_GLOSS","a conversation between two persons"
"37718",1,"sự | thảo luận | 討論","discourse | discussion | treatment","NO_GLOSS","an extended communication (often interactive) dealing with some particular topic"
"37752",1,"họp báo","news conference | press conference","NO_GLOSS","a conference at which press and tv reporters ask questions of a politician or other celebrity"
"37799",1,"tục ngữ","adage | byword | proverb | saw","NO_GLOSS","a condensed but memorable saying embodying some important fact of experience that is taken as true by many people"
"37809",1,"phương ngôn | phương ngữ | thổ ngữ","accent | dialect | idiom","NO_GLOSS","the usage or vocabulary that is characteristic of a specific group of people"
"37943",1,"tranh cãi","arguing | argument | contention | contestation | controversy | disceptation | disputation | tilt","NO_GLOSS","a contentious speech act; a dispute where there is strong disagreement"
"38012",1,"phỏng vấn","interview","NO_GLOSS","the questioning of a person (or a conversation in which information is elicited); often conducted by journalists"
"38145",1,"giai thoại | 佳話","anecdote","NO_GLOSS","short account of an incident (especially a biographical one)"
"38147",1,"chuyện | cuốn chuyện | quyển chuyện | truyện | tự sự","narration | narrative | story | tale","NO_GLOSS","a message that tells the particulars of an act or occurrence or course of events; presented in writing or drama or cinema or as a radio or television program"
"38161",1,"báo trước","warning","NO_GLOSS","a message informing of danger"
"38220",1,"buộc tội","accusal | accusation","NO_GLOSS","a formal charge of wrongdoing brought against a person; the act of imputing blame or guilt"
"38240",1,"lỗi","blame | incrimination | inculpation","NO_GLOSS","an accusation that you are responsible for some lapse or misdeed"
"38245",1,"lời nói | ngôn từ","address | speech","NO_GLOSS","the act of delivering a formal spoken communication to an audience"
"38254",1,"bài giảng","lecture | public lecture | talk","NO_GLOSS","a speech that is open to the public"
"38271",1,"thuyết giáo","discourse | preaching | sermon","NO_GLOSS","an address of a religious nature (usually delivered during a church service)"
"38301",1,"rao vặt","classified | classified ad | classified advertisement","NO_GLOSS","a short ad in a newspaper or magazine (usually in small print) and appearing along with other ads of the same type"
"38338",1,"ngoại cảm","clairvoyance | e.s.p. | esp | extrasensory perception | second sight","NO_GLOSS","apparent power to perceive things that are not present to the senses"
"38359",1,"tiêu chuẩn","criterion | measure | standard | touchstone","NO_GLOSS","a basis for comparison; a reference point against which other things can be evaluated"
"38433",1,"biểu trưng | lô-gô | logo | lôgô","logo | logotype","NO_GLOSS","a company emblem or device"
"38524",1,"kì tích | phép lạ | phép mầu | 奇跡","miracle","NO_GLOSS","any amazing or wonderful occurrence"
"38532",1,"bắt đầu | phần đầu","beginning","NO_GLOSS","the event consisting of the start of something"
"38558",1,"tặng thưởng | thưởng","payoff | reward | wages","NO_GLOSS","a recompense for worthy acts or retribution for wrongdoing"
"38584",1,"sự cố","accident","NO_GLOSS","a mishap; especially one causing injury or death"
"38628",1,"nổ","blowup | detonation | explosion","NO_GLOSS","a violent release of energy caused by a chemical or nuclear reaction"
"38633",1,"cử động | vận động | 舉動 | 運動","motion | movement","NO_GLOSS","a natural event that involves a change in the position or location of something"
"38655",1,"tai hoạ | tai ương | thảm hoạ","calamity | cataclysm | catastrophe | disaster | tragedy","NO_GLOSS","an event resulting in great loss and misfortune"
"38676",1,"thành công","success","NO_GLOSS","an event that accomplishes its intended purpose"
"38711",1,"bắt đầu","start","NO_GLOSS","the beginning of anything"
"38734",1,"số mạng | số phận | vận mệnh | 數分 | 數命 | 運命","destiny | fate","NO_GLOSS","an event (or a course of events) that will inevitably happen in the future"
"38834",1,"sóng thần","tsunami","NO_GLOSS","a cataclysm resulting from a destructive sea wave caused by an earthquake or volcanic eruption"
"38868",1,"chết | tử vong","death | decease | expiry","NO_GLOSS","the event of dying or departure from life"
"38937",1,"nhật thực | 日食","solar eclipse","NO_GLOSS","the moon interrupts light from the sun"
"38938",1,"nguyệt thực","lunar eclipse","NO_GLOSS","the earth interrupts light shining on the moon"
"39040",1,"tiếng ồn","noise","NO_GLOSS","sound of any kind (especially unintelligible or dissonant sound)"
"39126",1,"thủy triều","tide","NO_GLOSS","the periodic rise and fall of the sea level under the gravitational pull of the moon"
"39143",1,"lở đất","mudslide","NO_GLOSS","a landslide of mud"
"39146",1,"dòng chảy","flow | flowing","NO_GLOSS","the motion characteristic of fluids (liquids or gases)"
"39270",1,"động đất","earthquake | quake | seism | temblor","NO_GLOSS","shaking and vibration at the surface of the earth resulting from underground movement along a fault plane of from volcanic activity"
"39307",1,"bệnh dịch","epidemic","NO_GLOSS","a widespread outbreak of an infectious disease; many people are infected at the same time"
"39370",1,"sinh nhật","birthday party","NO_GLOSS","a party held on the anniversary of someone's birth"
"39390",1,"đám ma | đám tang | lễ tang","funeral","NO_GLOSS","a ceremony at which a dead person is buried or cremated"
"39393",1,"đám cưới","hymeneals | nuptials | wedding | wedding ceremony","NO_GLOSS","the social event at which the ceremony of marriage is performed"
"39483",1,"tứ kết","quarterfinal","NO_GLOSS","one of the four competitions in an elimination tournament whose winners go on to play in the semifinals"
"39522",1,"thắng | thắng lợi","triumph | victory","NO_GLOSS","a successful ending of a struggle or contest"
"39563",1,"đam mê","passion | passionateness","NO_GLOSS","strong feeling or emotion"
"39576",1,"－感自卑 | 复感自卑 | 自卑－感","inferiority complex","NO_GLOSS","a sense of personal inferiority arising from conflict between the desire to be noticed and the fear of being humiliated"
"39590",1,"ngon miệng | 𤯆𠰘","appetence | appetency | appetite","NO_GLOSS","a feeling of craving something"
"39594",1,"lời chúc","want | wish | wishing","NO_GLOSS","a specific feeling of desire"
"39624",1,"hài hước","amusement","NO_GLOSS","a feeling of delight at being entertained"
"39698",1,"biết ơn","gratitude","NO_GLOSS","a feeling of thankfulness and appreciation"
"39711",1,"sự ngượng | sự thẹn","shame","NO_GLOSS","a painful emotion resulting from an awareness of inadequacy or guilt"
"39732",1,"bất ngờ | không ngờ","surprise","NO_GLOSS","the astonishment you feel when something totally unexpected happens to you"
"39741",1,"hy vọng | 希望","hope","NO_GLOSS","a specific instance of feeling hopeful"
"39768",1,"mối giận","anger | choler | ire","NO_GLOSS","a strong emotion; a feeling that is oriented toward some real or supposed grievance"
"39770",1,"thịnh nộ","wrath","NO_GLOSS","intense anger (usually on an epic scale)"
"39771",1,"thịnh nộ","fury | madness | rage","NO_GLOSS","a feeling of intense anger"
"39788",1,"ghê rợn | khiếp","horror","NO_GLOSS","intense and profound fear"
"39790",1,"hốt hoảng | khiếp","affright | panic | terror","NO_GLOSS","an overwhelming feeling of fear and anxiety"
"39845",1,"thỏa mãn","satisfaction","NO_GLOSS","the contentment you feel when you have done something right"
"39863",1,"buồn | 事𢞂 | 挼𢞂","sorrow","NO_GLOSS","an emotion of great sadness associated with loss or bereavement"
"39865",1,"vỡ tim","broken heart","NO_GLOSS","devastating sorrow and despair"
"39866",1,"buồn | buồn rầu","brokenheartedness | grief | heartache | heartbreak","NO_GLOSS","intense sorrow caused by loss of a loved one (especially by death)"
"39871",1,"hối hận","compunction | remorse | self-reproach","NO_GLOSS","a feeling of deep regret (usually for some misdeed)"
"39890",1,"buồn chán | buồn tẻ | nỗi","boredom | ennui | tedium","NO_GLOSS","the feeling of being bored by something tedious"
"39928",1,"căm thù | ghét","hate | hatred","NO_GLOSS","the emotion of hate; a feeling of dislike so strong that it demands action"
"39945",1,"giận","bitterness | gall | rancor | rancour | resentment","NO_GLOSS","a feeling of deep and bitter anger and ill-will"
"40043",1,"bột | phấn","flour","NO_GLOSS","fine powdery foodstuff obtained by grinding and sifting the meal of a cereal grain"
"40045",1,"bột mì","wheat flour","NO_GLOSS","flour prepared from wheat"
"40055",1,"ẩm thực","cuisine | culinary art","NO_GLOSS","the practice or manner of preparing food or the food so prepared"
"40072",1,"bữa | bữa cơm","meal | repast","NO_GLOSS","the food served and eaten at one time"
"40076",1,"bữa sáng","breakfast","NO_GLOSS","the first meal of the day (usually in the morning)"
"40079",1,"bữa trưa","dejeuner | lunch | luncheon | tiffin","NO_GLOSS","a midday meal"
"40083",1,"bữa chiều | bữa tối | bữa trưa","dinner","NO_GLOSS","the main meal of the day served in the evening or at midday"
"40200",1,"ragu","ragout","NO_GLOSS","well-seasoned stew of meat and vegetables"
"40271",1,"sôcôla đen","bittersweet chocolate | dark chocolate | semi-sweet chocolate","NO_GLOSS","chocolate liquor with cocoa butter and small amounts of sugar and vanilla; lecithin is usually added"
"40307",1,"kẹo nu-ga","nougat","NO_GLOSS","nuts or fruit pieces in a sugar paste"
"40321",1,"tráng miệng","afters | dessert | sweet","NO_GLOSS","a dish served as the last course of a meal"
"40340",1,"tiramisu","tiramisu","NO_GLOSS","an Italian dessert consisting of layers of sponge cake soaked with coffee and brandy or liqueur layered with mascarpone cheese and topped with grated chocolate"
"40358",1,"kem que","ice lolly | lollipop | lolly | popsicle","NO_GLOSS","ice cream or water ice on a small wooden stick"
"40364",1,"kem mứt","ice-cream sundae | sundae","NO_GLOSS","ice cream served with a topping"
"40391",1,"bột báng","tapioca","NO_GLOSS","granular preparation of cassava starch used to thicken especially puddings"
"40458",1,"bánh kem","birthday cake","NO_GLOSS","decorated cake served at a birthday party"
"40472",1,"bánh ngọt","gateau","NO_GLOSS","any of various rich and elaborate cakes"
"40555",1,"mứt","jam","NO_GLOSS","preserve of crushed fruit"
"40602",1,"thịt","meat","NO_GLOSS","the flesh of animals (including fishes and birds and snails) used as food"
"40626",1,"thịt nai","venison","NO_GLOSS","meat from a deer used as food"
"40657",1,"bít tết","beefsteak","NO_GLOSS","a slice of beef usually cooked by broiling"
"40720",1,"thịt ngựa","horseflesh | horsemeat","NO_GLOSS","the flesh of horses as food"
"40738",1,"thịt heo","porc | pork","NO_GLOSS","meat from a domestic hog or pig"
"40746",1,"heo quay","pork roast | roast pork","NO_GLOSS","cut of pork suitable for roasting"
"40784",1,"dầu mè","sesame oil","NO_GLOSS","oil obtained from sesame seeds"
"40814",1,"bánh mì | bánh mỳ | bánh tây","bread | breadstuff | staff of life","NO_GLOSS","food made from dough of flour or meal and usually raised with yeast or baking powder and then baked"
"40896",1,"bánh croa-xăng","crescent roll | croissant","NO_GLOSS","very rich flaky crescent-shaped roll"
"40928",1,"bánh mì | xăng-đuých | xăng-uých","sandwich","NO_GLOSS","two (or more) slices of bread with a filling between them"
"41013",1,"đậu hủ | đậu khuôn | đậu phụ | tàu hủ | 豆腐","bean curd | tofu","NO_GLOSS","cheeselike food made of curdled soybean milk"
"41072",1,"măng","bamboo shoot","NO_GLOSS","edible young shoots of bamboo"
"41237",1,"quả | quả mọng","berry","NO_GLOSS","any of numerous small and pulpy edible fruits; used as desserts or in making jams and jellies and preserves"
"41259",1,"khế","carambola | star fruit","NO_GLOSS","deeply ridged yellow-brown tropical fruit; used raw as a vegetable or in salad or when fully ripe as a dessert"
"41313",1,"hạt cacao","cacao bean | cocoa bean","NO_GLOSS","seed of the cacao tree; ground roasted beans are source of chocolate"
"41375",1,"bơ","aguacate | alligator pear | avocado | avocado pear","NO_GLOSS","a pear-shaped tropical fruit with green or blackish skin and rich yellowish pulp enclosing a single large seed"
"41394",1,"lê | quả lê | trái lê","pear","NO_GLOSS","sweet juicy gritty-textured fruit available in many varieties"
"41416",1,"cau","areca nut | betel nut","NO_GLOSS","seed of betel palm; chewed with leaves of the betel pepper and lime as a digestive stimulant and narcotic in southeastern Asia"
"41430",1,"dừa | quả | trái","coconut | coconut meat","NO_GLOSS","the edible white meat a coconut; often shredded for use in e.g. cakes and curries"
"41431",1,"nước dừa","coconut milk | coconut water","NO_GLOSS","clear to whitish fluid from within a fresh coconut"
"41447",1,"hải sản | hải vị","seafood","NO_GLOSS","edible fish (broadly including freshwater fish) or shellfish or roe etc"
"41610",1,"cỏ khô","hay","NO_GLOSS","grass mowed and cured for use as fodder"
"41626",1,"gạo lứt","brown rice","NO_GLOSS","unpolished rice retaining the yellowish-brown outer layer"
"41676",1,"muối ăn","common salt | salt | table salt","NO_GLOSS","white crystalline form of especially sodium chloride used to season and preserve food"
"41766",1,"nước tương | xì dầu","soy | soy sauce","NO_GLOSS","thin sauce made of fermented soy beans"
"41902",1,"sữa đặc","condensed milk","NO_GLOSS","sweetened evaporated milk"
"41915",1,"bơ","butter","NO_GLOSS","an edible emulsion of fat globules made by churning milk or cream; for cooking and table use"
"41921",1,"da ua | sữa chua","yoghourt | yoghurt | yogurt","NO_GLOSS","a custard-like food made from curdled milk"
"41986",1,"gan béo","foie gras | pate de foie gras","NO_GLOSS","a pate made from goose liver (marinated in Cognac) and truffles"
"41991",1,"mật ong","honey","NO_GLOSS","a sweet yellow liquid produced by bees"
"41993",1,"đường","refined sugar | sugar","NO_GLOSS","a white crystalline carbohydrate used as a sweetener and preservative"
"41994",1,"xi-rô","sirup | syrup","NO_GLOSS","a thick sweet sticky liquid"
"42004",1,"bột | bột nhào | bột nhồ","dough","NO_GLOSS","a flour mixture stiff enough to knead or roll"
"42045",1,"chả cuốn | chả giò | chả nem | chả phòng | chả ram | nem | nem rán","egg roll | spring roll","NO_GLOSS","minced vegetables and meat wrapped in a pancake and fried"
"42079",1,"thịt viên","meatball","NO_GLOSS","ground meat formed into a ball and fried or simmered in broth"
"42142",1,"tempura","tempura","NO_GLOSS","vegetables and seafood dipped in batter and deep-fried"
"42172",1,"chai | cốc | ly","drink","NO_GLOSS","a single serving of a beverage"
"42181",1,"bia | rượu bia","beer","NO_GLOSS","a general name for alcoholic beverages made by fermenting a cereal (or mixture of cereals) flavored with hops"
"42213",1,"rượu vang | rượu vàng","vino | wine","NO_GLOSS","fermented juice (of grapes especially)"
"42215",1,"vang đỏ","red wine","NO_GLOSS","wine having a red color derived from skins of dark-colored grapes"
"42220",1,"sâm banh","bubbly | champagne","NO_GLOSS","a white sparkling wine either produced in Champagne or resembling that produced there"
"42288",1,"rượu branđi","brandy","NO_GLOSS","distilled from wine or fermented fruit juice"
"42292",1,"cô-nhắc","cognac","NO_GLOSS","high quality grape brandy distilled in the Cognac district of France"
"42310",1,"huých-ki | rượu uytky | uytky","whiskey | whisky","NO_GLOSS","a liquor made from fermented mash of grain"
"42320",1,"rượu mùi","cordial | liqueur","NO_GLOSS","strong highly flavored sweet liquor usually drunk after a meal"
"42407",1,"espresso","espresso","NO_GLOSS","strong black coffee brewed by forcing hot water under pressure through finely ground coffee beans"
"42435",1,"nước táo","apple juice","NO_GLOSS","the juice of apples"
"42461",1,"nước ngọt | nước xô-đa","pop | soda | soda pop | soda water | tonic","NO_GLOSS","a sweet drink containing carbonated water and flavoring"
"42472",1,"xá xị","root beer","NO_GLOSS","carbonated drink containing extracts of roots and herbs"
"42525",1,"nước khoáng","mineral water","NO_GLOSS","water naturally or artificially impregnated with mineral salts or gasses; often effervescent; often used therapeutically"
"42598",1,"kho tàng","accumulation | aggregation | assemblage | collection","NO_GLOSS","several things grouped together or considered as a whole"
"42643",1,"bó | chùm","bunch | clump | cluster | clustering","NO_GLOSS","a grouping of a number of similar things"
"42675",1,"xã hội | 社會","society","NO_GLOSS","an extended social group having a distinctive cultural and economic organization"
"42681",1,"dân tộc | 民族","ethnic group | ethnos","NO_GLOSS","people of the same race or nationality who share a distinctive culture"
"42737",1,"cặp | đôi","brace | pair","NO_GLOSS","a set of two similar things considered as a unit"
"42868",1,"bó | bưu kiện | chùm | gói | kiện hàng","bundle | package | packet | parcel","NO_GLOSS","a collection of things wrapped or boxed together"
"42928",1,"công ty | xí nghiệp | 企業 | 公司","company","NO_GLOSS","an institution created to conduct business"
"42938",1,"doanh nghiệp | doanh thương","business | business concern | business organisation | business organization | concern","NO_GLOSS","a commercial or industrial enterprise and the people who constitute it"
"42947",1,"茹出版 | 𠊛出版","publisher | publishing company | publishing firm | publishing house","NO_GLOSS","a firm in the publishing business"
"42980",1,"show biz","entertainment industry | show biz | show business","NO_GLOSS","those involved in providing entertainment: radio and television and films and theater"
"43062",1,"nhà thờ","christian church | church","NO_GLOSS","one of the groups of Christians who have their own beliefs and forms of worship"
"43366",1,"hoàng gia | hoàng phái | hoàng thất | hoàng tộc | tôn thất","royal family | royal house | royal line | royalty","NO_GLOSS","royal persons collectively"
"43403",1,"quốc hội | 國會","congress | u.s. congress | united states congress | us congress","NO_GLOSS","the legislature of the United States government"
"43431",1,"nước ngoài","foreign country","NO_GLOSS","any state of which you are not a citizen"
"43471",1,"thành bang | 城邦","city-state | city state","NO_GLOSS","a state consisting of a sovereign city"
"43474",1,"nhà nước | quốc gia","state","NO_GLOSS","the group of people comprising the government of a sovereign state"
"43479",1,"công chúng | xã hội","populace | public | world","NO_GLOSS","people in general considered as a whole"
"43480",1,"cư dân | dân cư | dân số","population","NO_GLOSS","the people who inhabit a territory or state"
"43495",1,"đám đông","crowd","NO_GLOSS","a large number of things or people considered together"
"43502",1,"kẹt xe | tắc đường","snarl-up | traffic jam","NO_GLOSS","a number of vehicles blocking one another until they can scarcely move"
"43549",1,"hải quân | 海軍","naval forces | navy","NO_GLOSS","an organization of military vessels belonging to a country and available for sea warfare"
"43578",1,"quân đội","armed forces | armed services | military | military machine | war machine","NO_GLOSS","the military forces of a nation"
"43594",1,"cảnh sát | công an | 公安 | 警察","constabulary | law | police | police force","NO_GLOSS","the force of policemen and officers"
"43616",1,"trung đoàn","regiment","NO_GLOSS","army unit smaller than a division"
"43661",1,"bay","flight","NO_GLOSS","a formation of aircraft in flight"
"43667",1,"khán giả | quý vị","audience","NO_GLOSS","a gathering of spectators or listeners at a (usually public) performance"
"43678",1,"giáo xứ","parish","NO_GLOSS","a local church community"
"43823",1,"dàn nhạc","orchestra","NO_GLOSS","a musical organization consisting of a group of instrumentalists including string players"
"43881",1,"chánh đảng | đảng | 政黨","party | political party","NO_GLOSS","an organization to gain political power"
"43943",1,"魔陣奇幻","magic square","NO_GLOSS","a square matrix of n rows and columns; the first n^2 integers are arranged in the cells of the matrix in such a way that the sum of any row or column or diagonal is the same"
"44041",1,"đại học | 大學","university","NO_GLOSS","the body of faculty and students at a university"
"44054",1,"小文化 | 𩁱文化","subculture","NO_GLOSS","a social group within a national culture that has distinctive patterns of behavior and beliefs"
"44226",1,"uỷ ban | 委班","commission | committee","NO_GLOSS","a special group delegated to consider some matter"
"44253",1,"tòa án","court | judicature | tribunal","NO_GLOSS","an assembly (including one or more judges) to conduct judicial business"
"44361",1,"hãng tin","news agency | news organisation | news organization | press agency | press association | wire service","NO_GLOSS","an agency to collects news reports for newspapers and distributes it electronically"
"44407",1,"quân chủ","monarchy","NO_GLOSS","an autocracy governed by a monarch who usually inherits the authority"
"44409",1,"主義資本","capitalism | capitalist economy","NO_GLOSS","an economic system based on private ownership of capital"
"44432",1,"系生態","ecosystem","NO_GLOSS","a system formed by the interaction of a community of organisms with their physical environment"
"44468",1,"dây xích | xích | 絏䤲","chain | concatenation","NO_GLOSS","a series of things depending on each other as if linked together"
"44546",1,"bộ binh | 步兵","foot | infantry","NO_GLOSS","an army unit consisting of soldiers who fight on foot"
"44572",1,"kỵ binh","cavalry | horse | horse cavalry","NO_GLOSS","troops trained to fight on horseback"
"44733",1,"giao thông","traffic","NO_GLOSS","the aggregation of things (pedestrians or vehicles) coming and going in a particular locality during a specified period of time"
"44753",1,"phô trương","parade","NO_GLOSS","a ceremonial procession including people marching"
"44771",1,"hàng","row","NO_GLOSS","an arrangement of objects or people side by side in a line"
"44795",1,"hệ thống | 系統","scheme | system","NO_GLOSS","a group of independent but interrelated elements comprising a unified whole"
"44810",1,"rừng","forest | wood | woods","NO_GLOSS","the trees and other plants in a large densely wooded area"
"44829",1,"giới nghiêm | 戒嚴","martial law","NO_GLOSS","the body of law imposed by the military over civilian affairs (usually in time of war or civil crisis); overrides civil law"
"44842",1,"bộ gen","genome","NO_GLOSS","the ordering of genes in a haploid set of chromosomes of a particular organism; the full DNA sequence of an organism"
"44885",1,"lập thể","cubism","NO_GLOSS","an artistic movement in France beginning in 1907 that featured surfaces of geometrical planes"
"45023",1,"點遠日","aphelion","NO_GLOSS","apoapsis in solar orbit; the point in the orbit of a planet or comet that is at the greatest distance from the sun"
"45065",1,"chiến trường | 戰場","battlefield | battleground | field | field of battle | field of honor","NO_GLOSS","a region where a battle is being (or has been) fought"
"45068",1,"nguồn gốc","beginning | origin | root | rootage | source","NO_GLOSS","the place where something begins, where it springs into being"
"45084",1,"đáy","bottom | underside | undersurface","NO_GLOSS","the lower side of anything"
"45091",1,"biên giới","border | borderline | boundary line | delimitation | mete","NO_GLOSS","a line that indicates a boundary"
"45125",1,"lưu vực","catchment area | catchment basin | drainage area | drainage basin","NO_GLOSS","the geographical area draining into a river or reservoir"
"45132",1,"thiên cầu","celestial sphere | empyrean | firmament | heavens | sphere | vault of heaven | welkin","NO_GLOSS","the apparent surface of the imaginary sphere on which celestial bodies appear to be projected"
"45133",1,"nghĩa địa | nghĩa trang","burial ground | burial site | burying ground | cemetery | graveyard | memorial park | necropolis","NO_GLOSS","a tract of land used for burials"
"45142",1,"giữa | trung tâm","center | centre | eye | heart | middle","NO_GLOSS","an area that is approximately central within some larger region"
"45155",1,"nội thành","business district | downtown","NO_GLOSS","the commercial center of a town or city"
"45222",1,"quận","district | dominion | territorial dominion | territory","NO_GLOSS","a region marked off for administrative or other purposes"
"45231",1,"ngoại ô | ngoại thành","suburb | suburban area | suburbia","NO_GLOSS","a residential district located on the outskirts of a city"
"45262",1,"nơi ở","abode | residence","NO_GLOSS","any address at which you dwell more than temporarily"
"45264",1,"chỗ ở | gia đình | nhà | nhà cửa | nhà ở | nơi sinh","home | place","NO_GLOSS","where you live at a particular time"
"45280",1,"cạnh | mép | rìa","border | edge","NO_GLOSS","the boundary of a surface"
"45282",1,"chóp | mút","end","NO_GLOSS","either extremity of something that has length"
"45303",1,"đồng cỏ","hayfield | meadow","NO_GLOSS","a field where grass or alfalfa are grown to be made into hay"
"45367",1,"chân trời","apparent horizon | horizon | sensible horizon | skyline | visible horizon","NO_GLOSS","the line at which the sky and Earth appear to meet"
"45436",1,"đồng cỏ | thảo nguyên","grassland","NO_GLOSS","land where grass or grasslike vegetation grows and is the dominant form of plant life"
"45466",1,"bóng | hình bóng","silhouette","NO_GLOSS","an outline of a solid object (as cast by its shadow)"
"45484",1,"bãi chăn","grazing land | lea | ley | pasture | pastureland","NO_GLOSS","a field covered with grass or herbage and suitable for grazing by livestock"
"45497",1,"點近日","perihelion","NO_GLOSS","periapsis in solar orbit; the point in the orbit of a planet or comet where it is nearest to the sun"
"45503",1,"thảo nguyên","prairie","NO_GLOSS","a treeless grassy plain"
"45576",1,"hải cảng","harbor | harbour | haven | seaport","NO_GLOSS","a sheltered port where ships can take on or discharge cargo"
"45652",1,"ổ chuột","slum | slum area","NO_GLOSS","a district of a city marked by poverty and inferior living conditions"
"45669",1,"tỉnh | tỉnh bang","province | state","NO_GLOSS","the territory occupied by one of the constituent administrative districts of a nation"
"45704",1,"nóc","rooftop","NO_GLOSS","the top of a (usually flat) roof"
"45705",1,"đầu | đỉnh","top","NO_GLOSS","the upper part of anything"
"45714",1,"cố hương | quê hương | 故鄉","hometown","NO_GLOSS","the town (or city) where you grew up or where you have your principal residence"
"45756",1,"hướng | phương hướng | 方向","direction | way","NO_GLOSS","a line leading to a place or point"
"45798",1,"múi giờ","time zone","NO_GLOSS","any of the 24 regions of the globe (loosely divided by longitude) throughout which the same standard time is used"
"45832",1,"lý do | nguyên nhân","ground | reason","NO_GLOSS","a rational motive for a belief or action"
"45862",1,"lương tâm | 良心","conscience | moral sense | scruples | sense of right and wrong","NO_GLOSS","motivation deriving logically from ethical or moral principles that govern a person's thoughts and actions"
"45889",1,"tổ kiến","anthill | formicary","NO_GLOSS","a mound of earth made by ants as they dig their nest"
"45903",1,"quần đảo","archipelago","NO_GLOSS","a group of many islands in a large body of water"
"45926",1,"bãi biển","beach","NO_GLOSS","an area of sand sloping down to the water of a sea or lake"
"45945",1,"hố đen | lỗ đen | 㙤𪓇 | 𥩍𪓇","black hole","NO_GLOSS","a region of space resulting from the collapse of a star; extremely high gravitational field"
"45954",1,"thuỷ vực | vùng nước","body of water | water","NO_GLOSS","the part of the earth's surface covered with water (such as a river or lake or ocean)"
"45968",1,"lạch","brook | creek","NO_GLOSS","a natural stream of water smaller than a river (and often a tributary of a river)"
"45970",1,"bong bóng","bubble","NO_GLOSS","a hollow globule of gas (e.g., air or carbon dioxide)"
"45977",1,"hẻm núi | vực","canon | canyon","NO_GLOSS","a ravine formed by a river in an area with little rainfall"
"45991",1,"quắc duyên","charm quark","NO_GLOSS","a quark with an electric charge of +2/3 and a mass 2900 times that of an electron and a charm of +1"
"46006",1,"vách đá","cliff | drop | drop-off","NO_GLOSS","a steep high face of rock"
"46024",1,"châu lục | đại lục | lục địa | 大陸","continent","NO_GLOSS","one of the large landmasses of the earth"
"46086",1,"cồn cát | đụn cát","dune | sand dune","NO_GLOSS","a ridge of sand created by the wind; found in deserts or near lakes and oceans"
"46088",1,"điện tử | 電子","electron | negatron","NO_GLOSS","an elementary particle with negative charge"
"46098",1,"tầng ngoài","exosphere","NO_GLOSS","the outermost atmospheric layer"
"46123",1,"bọt","foam | froth","NO_GLOSS","a mass of small bubbles formed in or on a liquid"
"46144",1,"sông băng","glacier","NO_GLOSS","a slowly moving mass of ice"
"46174",1,"đồi","hill","NO_GLOSS","a local and well-defined elevation of the land"
"46190",1,"chỏm băng","ice cap | icecap","NO_GLOSS","a mass of ice and snow that permanently covers a large area of land (e.g., the polar regions or a mountain peak)"
"46193",1,"tảng băng","floe | ice floe","NO_GLOSS","a flat mass of ice (smaller than an ice field) floating at sea"
"46211",1,"媒場聯𣋀","interstellar medium","NO_GLOSS","interstellar space including streams of protons moving from the stars"
"46215",1,"đảo | hòn đảo","island","NO_GLOSS","a land mass (smaller than a continent) that is surrounded by water"
"46224",1,"sỏi thận","kidney stone | nephrolith | renal calculus | urinary calculus","NO_GLOSS","a calculus formed in the kidney"
"46249",1,"thạch quyển","geosphere | lithosphere","NO_GLOSS","the solid part of the earth consisting of the crust and outer mantle"
"46265",1,"đại lục | đất liền","mainland","NO_GLOSS","the main land mass of a country or continent; as distinguished from an island or peninsula"
"46285",1,"thiên thạch | vẫn thạch","meteorite","NO_GLOSS","stony or metallic object that is the remains of a meteoroid that has reached the earth's surface"
"46333",1,"nơtron","neutron","NO_GLOSS","an elementary particle with 0 charge and mass about equal to a proton; enters into the structure of the atomic nucleus"
"46342",1,"tân tinh","nova","NO_GLOSS","a star that ejects some of its material in the form of a cloud and become more luminous in the process"
"46351",1,"đại dương | 大洋","ocean","NO_GLOSS","a large body of water constituting a principal part of the hydrosphere"
"46377",1,"bán đảo | 半島","peninsula","NO_GLOSS","a large mass of land projecting into a body of water"
"46383",1,"quang cầu","photosphere","NO_GLOSS","the intensely luminous surface of a star (especially the sun)"
"46386",1,"hố","cavity | pit","NO_GLOSS","a sizeable hole (usually in the ground)"
"46400",1,"ao","pond | pool","NO_GLOSS","a small lake"
"46409",1,"proton","proton","NO_GLOSS","a stable particle with positive charge equal to the negative charge of an electron"
"46413",1,"sao xung","pulsar","NO_GLOSS","a degenerate neutron star; small and extremely dense; rotates very fast and emits regular pulses of polarized radiation"
"46422",1,"rừng mưa","rain forest | rainforest","NO_GLOSS","a forest with heavy annual rainfall"
"46423",1,"dãy núi","chain | chain of mountains | mountain chain | mountain range | range | range of mountains","NO_GLOSS","a series of hills or mountains"
"46438",1,"ruy-băng","ribbon | thread","NO_GLOSS","any long object resembling a thin line"
"46449",1,"sông","river","NO_GLOSS","a large natural stream of water (larger than a creek)"
"46454",1,"đá","rock | stone","NO_GLOSS","a lump or mass of hard consolidated mineral matter"
"46478",1,"bờ biển","coast | sea-coast | seacoast | seashore","NO_GLOSS","the shore of a sea or ocean"
"46493",1,"bờ","shore","NO_GLOSS","the land along the edge of a body of water"
"46504",1,"trời","sky","NO_GLOSS","the atmosphere and outer space as viewed from the earth"
"46533",1,"thạch nhũ","stalactite","NO_GLOSS","a cylinder of calcium carbonate hanging from the roof of a limestone cave"
"46544",1,"eo biển","sound | strait","NO_GLOSS","a narrow channel of the sea joining two larger bodies of water"
"46547",1,"quắc lạ | quark lạ","squark | strange quark","NO_GLOSS","a quark with an electric charge of -1/3 and a mass 988 times that of an electron and a strangeness of -1"
"46559",1,"mặt trời | thái dương","sun","NO_GLOSS","a typical star that is the source of light and heat for the planets in the solar system"
"46564",1,"超新星","supernova","NO_GLOSS","a star that explodes and becomes extremely luminous in the process"
"46568",1,"đầm lầy","swamp | swampland","NO_GLOSS","low land that is seasonally flooded; has more woody plants than a marsh and better drainage than a bog"
"46585",1,"tầng nhiệt","thermosphere","NO_GLOSS","the atmospheric layer between the mesosphere and the exosphere"
"46606",1,"đài nguyên | đồng rêu | lãnh nguyên","tundra","NO_GLOSS","a vast treeless plain in the arctic regions between the ice cap and the tree line"
"46622",1,"𣋀變光","variable | variable star","NO_GLOSS","a star that varies noticeably in brightness"
"46641",1,"thác | thác nước","falls | waterfall","NO_GLOSS","a steep descent of the water of a river"
"46675",1,"người cá | 美人魚","mermaid","NO_GLOSS","half woman and half fish; lives in the sea"
"46695",1,"rồng","dragon | firedrake","NO_GLOSS","a creature of Teutonic mythology; usually represented as breathing fire and having a reptilian body and sometimes wings"
"46720",1,"ma sói | người sói","lycanthrope | werewolf | wolfman","NO_GLOSS","a monster able to change appearance from human to wolf"
"46771",1,"thiên sứ | thiên thần","angel","NO_GLOSS","spiritual being attendant upon God"
"46793",1,"ác quỷ | ma quái | ma quỷ | quỷ | yêu ma | 惡鬼 | 魔鬼","daemon | daimon | demon | devil | fiend","NO_GLOSS","one of the evil spirits of traditional Jewish and Christian belief"
"46812",1,"yêu tinh","poltergeist","NO_GLOSS","a ghost that announces its presence with rapping and the creation of disorder"
"46879",1,"người lớn","adult | grownup","NO_GLOSS","a fully developed person from maturity onward"
"46916",1,"nhát gan | nhút nhát","coward","NO_GLOSS","a person who shows fear or timidity"
"46922",1,"kĩ sư | kỹ sư","applied scientist | engineer | technologist","NO_GLOSS","a person who uses scientific knowledge to solve practical problems"
"46932",1,"chuyên gia","expert","NO_GLOSS","a person with special knowledge or ability who performs skillfully"
"46940",1,"cư dân","denizen | dweller | habitant | indweller | inhabitant","NO_GLOSS","a person who inhabits a particular place"
"46945",1,"người yêu | 𠊛𢞅","lover","NO_GLOSS","a person who loves or is loved"
"46947",1,"lãnh đạo | 領導","leader","NO_GLOSS","a person who rules or guides or inspires others"
"46976",1,"công nhân","worker","NO_GLOSS","a person who works at a specific occupation"
"47018",1,"cu li | phu","coolie | cooly","NO_GLOSS","an offensive name for an unskilled Asian laborer"
"47773",1,"siêu sao","ace | adept | champion | genius | hotshot | maven | mavin | sensation | star | superstar | virtuoso | whiz | whizz | wiz | wizard","NO_GLOSS","someone who is dazzlingly skilled in any field"
"47806",1,"thiếu niên","adolescent | stripling | teen | teenager","NO_GLOSS","a juvenile between the onset of puberty and maturity"
"47814",1,"đối thủ","adversary | antagonist | opponent | opposer | resister","NO_GLOSS","someone who offers opposition"
"47996",1,"建築師","architect | designer","NO_GLOSS","someone who creates plans to be used in making something (such as buildings)"
"48027",1,"pháo binh","artilleryman | cannoneer | gunner | machine gunner","NO_GLOSS","a serviceman in the artillery"
"48029",1,"họa sĩ","artist | creative person","NO_GLOSS","a person whose creative work shows sensitivity and imagination"
"48047",1,"phó thủ","assistant | help | helper | supporter","NO_GLOSS","a person who contributes to the fulfillment of a need or furtherance of an effort or purpose"
"48054",1,"飛行家","astronaut | cosmonaut | spaceman","NO_GLOSS","a person trained to travel in a spacecraft"
"48055",1,"家天文學","astronomer | stargazer | uranologist","NO_GLOSS","a physicist who studies astronomy"
"48153",1,"cường đạo | kẻ cướp","bandit | brigand","NO_GLOSS","an armed thief who is (usually) a member of a band"
"48272",1,"anh","big brother","[eng] elder brother","an older brother"
"48276",1,"chị","big sister","[eng] elder sister","an older sister"
"48290",1,"giám mục","bishop","NO_GLOSS","a clergyman having spiritual and administrative authority; appointed in Christian churches to oversee priests or ministers; considered in some churches to be successors of the twelve apostles of Christ"
"48320",1,"sãi","boater | boatman | waterman","NO_GLOSS","someone who drives or rides in a boat"
"48326",1,"lực sĩ","bodybuilder | muscle-builder | muscle builder | musclebuilder | muscleman","NO_GLOSS","someone who does special exercises to develop a brawny musculature"
"48407",1,"cô dâu","bride","NO_GLOSS","a woman who has recently been married"
"48437",1,"du côn | lưu manh","bully | hooligan | roughneck | rowdy | ruffian | tough | yob | yobbo | yobo","NO_GLOSS","a cruel and brutal fellow"
"48455",1,"thương gia","businessman | man of affairs","NO_GLOSS","a person engaged in commercial or industrial business (especially an owner or executive)"
"48523",1,"đầu bếp","captain | headwaiter | maitre d' | maitre d'hotel","NO_GLOSS","a dining-room attendant who is in charge of the waiters and the seating of customers"
"48614",1,"quán quân","champ | champion | title-holder","NO_GLOSS","someone who has won first place in a competition"
"48617",1,"thủ tướng","pm | premier | prime minister","NO_GLOSS","the person who holds the position of head of the government in England"
"48675",1,"con | đứa bé | đứa trẻ","child | fry | kid | minor | nestling | nipper | shaver | small fry | tiddler | tike | tyke | youngster","NO_GLOSS","a young person of either sex"
"48679",1,"thần đồng | 神童","child prodigy | infant prodigy | wonder child","NO_GLOSS","a prodigy whose talents are recognized at an early age"
"48781",1,"đồng nghiệp","co-worker | colleague | fellow worker | workfellow","NO_GLOSS","an associate you work with"
"48832",1,"cộng sản","communist","NO_GLOSS","a member of the communist party"
"48834",1,"bầu bạn","associate | companion | comrade | familiar | fellow","NO_GLOSS","a person who is frequently in the company of another"
"48856",1,"nàng hầu | vợ lẻ","concubine | courtesan | doxy | odalisque | paramour","NO_GLOSS","a woman who cohabits with an important man"
"48876",1,"nghị sĩ","congressman | congresswoman | representative","NO_GLOSS","a member of the United States House of Representatives"
"48919",1,"đầu bếp","cook","NO_GLOSS","someone who cooks food"
"48920",1,"bếp trưởng","chef","NO_GLOSS","a professional cook"
"48969",1,"đồng bào","compatriot","NO_GLOSS","a person from your own country"
"48983",1,"cao bồi","cattleman | cowboy | cowhand | cowherd | cowman | cowpoke | cowpuncher | puncher","NO_GLOSS","a hired hand who tends cattle and performs other duties on horseback"
"48996",1,"nghệ nhân","artificer | artisan | craftsman | journeyman","NO_GLOSS","a skilled worker who practices some trade or handicraft"
"49012",1,"tội phạm","criminal | crook | felon | malefactor | outlaw","NO_GLOSS","someone who has committed (or been legally convicted of) a crime"
"49046",1,"mục sư","curate | minister | minister of religion | parson | pastor | rector","NO_GLOSS","a person authorized to conduct religious worship"
"49072",1,"ba | bố | cha | thầy | tía","dad | dada | daddy | pa | papa | pappa | pop","NO_GLOSS","an informal term for a father; probably derived from baby talk"
"49083",1,"người múa | người nhảy | vũ công","dancer | professional dancer | terpsichorean","NO_GLOSS","a performer who dances"
"49100",1,"con gái","daughter | girl","NO_GLOSS","a female human offspring"
"49101",1,"con dâu | dâu","daughter-in-law","NO_GLOSS","the wife of your son"
"49131",1,"chủ nợ","debitor | debtor","NO_GLOSS","a person who owes a creditor; someone who has the obligation of paying a debt"
"49171",1,"nha sĩ","dental practitioner | dentist | tooth doctor","NO_GLOSS","a person qualified to practice dentistry"
"49198",1,"thám tử","detective | investigator | police detective | tec","NO_GLOSS","a police officer who investigates crimes"
"49262",1,"bác sĩ | đốc-tờ | thầy thuốc | tiến sĩ | y sinh","doc | doctor | dr. | md | medico | physician","NO_GLOSS","a licensed medical practitioner"
"49429",1,"di cư","emigrant | emigre | emigree | outgoer","NO_GLOSS","someone who leaves one country to settle in another"
"49438",1,"nhân viên | 人員","employee","NO_GLOSS","a worker who is hired to perform a job"
"49444",1,"phù thuỷ | 符水","enchantress | witch","NO_GLOSS","a female sorcerer or magician"
"49586",1,"nông dân","farmer | granger | husbandman | sodbuster","NO_GLOSS","a person who operates a farm"
"49598",1,"áng | ba | bác | bố | bọ | cậu | cha | thầy | tía","begetter | father | male parent","NO_GLOSS","a male parent (also used as a term of address to your father)"
"49603",1,"cha chồng | cha vợ","father-in-law","NO_GLOSS","the father of your spouse"
"49633",1,"thống chế | thống soái | thống tướng","field marshal","NO_GLOSS","an officer holding the highest rank in the army"
"49641",1,"đạo diễn | 導演","director | film director","NO_GLOSS","the person who directs the making of a film"
"49670",1,"dân chài | ngư dân | ngư phủ","fisher | fisherman","NO_GLOSS","someone whose occupation is catching fish"
"49718",1,"thằng ngu","fool | muggins | sap | saphead | tomfool","NO_GLOSS","a person who lacks good judgment"
"49792",1,"thầy tu | tu sĩ","monastic | monk","NO_GLOSS","a male religious living in a cloister and devoting himself to contemplation and prayer and work"
"49794",1,"bạn | người bạn","friend","NO_GLOSS","a person you know well and regard with affection and trust"
"49873",1,"tướng quân | 将軍","full general | general","NO_GLOSS","a general officer of the highest rank"
"49901",1,"cô gái | con gái | gái","fille | girl | miss | missy | young lady | young woman","NO_GLOSS","a young woman"
"49967",1,"thống đốc | thống sử","governor","NO_GLOSS","the head of a state government"
"49975",1,"cháu","grandchild | grandkid","[eng] child's child","child's child"
"49976",1,"cháu gái | 𡥙𡛔","granddaughter","NO_GLOSS","a female grandchild"
"49982",1,"ông | ôông","gramps | grandad | granddad | granddaddy | grandfather | grandpa","[eng] parent's father","the father of your father or mother"
"49984",1,"bà | bà ngoại | bà nội","gran | grandma | grandmother | grannie | granny","NO_GLOSS","the mother of your father or mother"
"49988",1,"cháu ngoại | cháu nội | cháu trai | 𡥙内 | 𡥙外 | 𡥙𤳇","grandson","NO_GLOSS","a male grandchild"
"50027",1,"phù rể","groomsman","NO_GLOSS","a male attendant of the bridegroom at a wedding"
"50039",1,"vệ sĩ","guard","NO_GLOSS","a person who keeps watch over something or someone"
"50044",1,"khách","guest | invitee","NO_GLOSS","a visitor to whom hospitality is extended"
"50049",1,"ghi-ta thủ","guitar player | guitarist","NO_GLOSS","a musician who plays the guitar"
"50130",1,"hiệu trưởng | 校長","headmaster | master | schoolmaster","NO_GLOSS","presiding officer of a school"
"50133",1,"quốc trưởng","chief of state | head of state","NO_GLOSS","the chief public representative of a country who may also be the head of government"
"50157",1,"thừa kế","heir | heritor | inheritor","NO_GLOSS","a person who is entitled by law or by the terms of a will to inherit the estate of another"
"50181",1,"反英雄","antihero","NO_GLOSS","a protagonist who lacks the characteristics that would make him a hero (or her a heroine)"
"50209",1,"sử gia","historian | historiographer","NO_GLOSS","a person who is an authority on history and who studies it and writes about it"
"50267",1,"chủ nhà","host","NO_GLOSS","a person who invites guests to a social event (such as a party in his or her own home) and who is responsible for them while they are there"
"50270",1,"con tin","hostage | surety","NO_GLOSS","a prisoner who is held by one party to insure that another party will meet specified terms"
"50312",1,"chồng | ông xã","hubby | husband | married man","NO_GLOSS","a married man; a woman's partner in marriage"
"50337",1,"thằng ngốc | thằng ngu","changeling | cretin | half-wit | idiot | imbecile | moron | retard","NO_GLOSS","a person of subnormal intelligence"
"50347",1,"nhập cư","immigrant","NO_GLOSS","a person who comes to a country where they were not born in order to settle there"
"50374",1,"bộ binh | 步兵","foot soldier | footslogger | infantryman | marcher","NO_GLOSS","fights on foot with small arms"
"50433",1,"đầu tư","investor","NO_GLOSS","someone who commits capital in order to gain financial returns"
"50492",1,"pháp quan | quan tòa | thẩm phán","judge | jurist | justice | magistrate","NO_GLOSS","a public official authorized to decide questions brought before a court of justice"
"50509",1,"bồi thẩm | thẩm phán","juror | juryman | jurywoman","NO_GLOSS","someone who serves (or waits to be called to serve) on a jury"
"50530",1,"quốc vương | vua | 國王","king | male monarch | rex","NO_GLOSS","a male sovereign; ruler of a kingdom"
"50539",1,"họ hàng | người thân | thân nhân","relation | relative","NO_GLOSS","a person related by blood or marriage"
"50630",1,"luật sư | 律師","attorney | lawyer","NO_GLOSS","a professional person authorized to practice law; conducts lawsuits or gives legal advice"
"50634",1,"biếng nhác | lười biếng","lazybones","NO_GLOSS","a lazy person"
"50665",1,"nói điêu | nói dối | nói láo","liar | prevaricator","NO_GLOSS","a person who has lied or who lies repeatedly"
"50817",1,"phù thủy","conjurer | conjuror | illusionist | magician | prestidigitator","NO_GLOSS","someone who performs magic tricks to amuse an audience"
"50826",1,"quản tượng","mahout","NO_GLOSS","the driver and keeper of an elephant"
"50827",1,"thiếu nữ","maid | maiden","NO_GLOSS","an unmarried girl (especially a virgin)"
"50831",1,"bưu tá","carrier | letter carrier | mail carrier | mailman | postman","NO_GLOSS","a man who delivers the mail"
"50843",1,"con trai | trai","boy | male child","NO_GLOSS","a youthful male person"
"50854",1,"đàn ông","adult male | man","NO_GLOSS","an adult person who is male (as opposed to a woman)"
"50899",1,"xạ thủ","crack shot | marksman | sharpshooter","NO_GLOSS","someone skilled in shooting"
"50949",1,"thị trưởng | 市長","city manager | mayor","NO_GLOSS","the head of a city government"
"50987",1,"thương gia","merchandiser | merchant","NO_GLOSS","a businessperson engaged in retail trade"
"51080",1,"anh hùng | 英雄","hero","NO_GLOSS","a man distinguished by exceptional courage and nobility and strength"
"51131",1,"bầm | má | mạ | mẹ | mệ | mợ | nạ","female parent | mother","NO_GLOSS","a woman who has given birth to a child (also used as a term of address to your mother)"
"51136",1,"mẹ chồng | mẹ vợ","mother-in-law","NO_GLOSS","the mother of your spouse"
"51180",1,"nhạc công | nhạc sĩ","instrumentalist | musician | player","NO_GLOSS","someone who plays a musical instrument (as a profession)"
"51190",1,"mu-gích","moujik | mujik | muzhik | muzjik","NO_GLOSS","a Russian peasant (especially prior to 1917)"
"51344",1,"bà xơ | nữ tu | xơ","nun","NO_GLOSS","a woman religious"
"51391",1,"ông già","graybeard | greybeard | methuselah | old man","NO_GLOSS","a man who is very old"
"51396",1,"bà già | bà lão","old woman","NO_GLOSS","a woman who is old"
"51489",1,"họa sĩ","painter","NO_GLOSS","an artist who paints"
"51562",1,"bệnh nhân","patient","NO_GLOSS","a person who requires medical care"
"51649",1,"pha-ra-ông","pharaoh | pharaoh of egypt","NO_GLOSS","the title of the ancient Egyptian kings"
"51694",1,"phi công","airplane pilot | pilot","NO_GLOSS","someone who is licensed to operate an aircraft in flight"
"51719",1,"nguyên cáo","complainant | plaintiff","NO_GLOSS","a person who brings an action in a court of law"
"51733",1,"cầu thủ","participant | player","NO_GLOSS","a person who participates in or is skilled at some game"
"51759",1,"nhà thơ | thi sĩ","poet","NO_GLOSS","a writer of poems (the term is usually reserved for writers of good poetry)"
"51771",1,"cảnh sát | 警察","officer | police officer | policeman","NO_GLOSS","a member of a police force"
"51794",1,"giáo hoàng","bishop of rome | catholic pope | holy father | pontiff | pope | roman catholic pope | vicar of christ","NO_GLOSS","the head of the Roman Catholic Church"
"51879",1,"chủ tịch","chair | chairman | chairperson | chairwoman | president","NO_GLOSS","the officer who presides at the meetings of an organization"
"51889",1,"linh mục","priest","NO_GLOSS","a clergyman in Christian churches who has the authority to perform or administer various religious rites; one of the Holy Orders"
"51917",1,"tù nhân","captive | prisoner","NO_GLOSS","a person who is confined; especially a prisoner of war"
"51918",1,"tù binh","pow | prisoner of war","NO_GLOSS","a person who surrenders to (or is taken by) the enemy in time of war"
"51942",1,"giáo sư | 教師","prof | professor","NO_GLOSS","someone who is a member of the faculty at a college or university"
"52151",1,"tị nạn | tỵ nạn","refugee","NO_GLOSS","an exile who flees for safety"
"52184",1,"ký giả | nhà báo | phóng viên","newsman | newsperson | reporter","NO_GLOSS","a person who investigates and reports or edits news stories"
"52187",1,"tiêu biểu","representative","NO_GLOSS","a person who represents others"
"52195",1,"cư dân","occupant | occupier | resident","NO_GLOSS","someone who lives at a particular place for a prolonged period or who was born there"
"52252",1,"đối thủ | 對手","challenger | competition | competitor | contender | rival","NO_GLOSS","the contestant you hope to defeat"
"52336",1,"thánh","saint","NO_GLOSS","a person who has died and has been declared a saint by canonization"
"52403",1,"nữ sinh","schoolgirl","NO_GLOSS","a girl attending school"
"52462",1,"thiếu úy","second lieutenant","NO_GLOSS","a commissioned officer in the army or air force or marine corps holding the lowest rank"
"52511",1,"nghị sĩ","senator","NO_GLOSS","a member of a senate"
"52531",1,"đầy tớ | người hầu","retainer | servant","NO_GLOSS","a person working in the service of another (especially in the household)"
"52644",1,"ca sĩ","singer | vocaliser | vocalist | vocalizer","NO_GLOSS","a person who sings"
"52645",1,"tội nhân | 罪人","evildoer | sinner","NO_GLOSS","a person who sins (without repenting)"
"52692",1,"nô lệ","slave","NO_GLOSS","a person who is owned by someone"
"52774",1,"binh lính | binh sĩ | bộ đội | chiến sĩ | lính | lính tráng | người lính | quân lính | quân nhân | sĩ tốt","soldier","NO_GLOSS","an enlisted man or woman who serves in an army"
"52781",1,"con trai","boy | son","NO_GLOSS","a male human offspring"
"52785",1,"con rể | rể","son-in-law","NO_GLOSS","the husband of your daughter"
"52872",1,"chồng | nhà | vợ","better half | married person | mate | partner | spouse","NO_GLOSS","a person's partner in marriage"
"52949",1,"bố dượng | cha kế","stepfather","NO_GLOSS","the husband of your mother by a subsequent marriage"
"52950",1,"mẹ ghẻ | mẹ kế","stepmother","NO_GLOSS","the wife of your father by a subsequent marriage"
"52953",1,"khuân vác","dock-walloper | dock worker | docker | dockhand | dockworker | loader | longshoreman | lumper | stevedore","NO_GLOSS","a laborer who loads and unloads vessels in a port"
"52971",1,"cổ đông | 股東","shareholder | shareowner | stockholder","NO_GLOSS","someone who holds shares of stock in a corporation"
"53021",1,"học sinh | học trò","educatee | pupil | student","NO_GLOSS","a learner who is enrolled in an educational institution"
"53082",1,"siêu mẫu","supermodel","NO_GLOSS","a fashion model who has attained the status of a celebrity"
"53192",1,"giáo viên | 教員","instructor | teacher","NO_GLOSS","a person whose occupation is teaching"
"53227",1,"người thuê","renter | tenant","NO_GLOSS","someone who pays rent to use land or a building or a car that is owned by someone else"
"53294",1,"thợ thiếc","tinner | tinsmith","NO_GLOSS","someone who makes or repairs tinware"
"53352",1,"thương gia | thương thuyền","bargainer | dealer | monger | trader","NO_GLOSS","someone who purchases and maintains an inventory of goods to be sold"
"53451",1,"bá vương | bạo quân","autocrat | despot | tyrant","NO_GLOSS","a cruel and oppressive dictator"
"53592",1,"khách","visitant | visitor","NO_GLOSS","someone who visits"
"53613",1,"cử tri","elector | voter","NO_GLOSS","a citizen who has a legal right to vote"
"53632",1,"bồi","server | waiter","NO_GLOSS","a person whose occupation is to serve at table (as in a restaurant)"
"53669",1,"chiến binh | chiến sĩ | võ sĩ | 戰兵 | 戰士 | 武士","warrior","NO_GLOSS","someone engaged in or experienced in warfare"
"53749",1,"quả phụ | 寡婦","widow | widow woman","NO_GLOSS","a woman whose husband is dead especially one who has not remarried"
"53751",1,"vợ","married woman | wife","NO_GLOSS","a married woman; a man's partner in marriage"
"53796",1,"đàn bà | phụ nữ | 婦女","adult female | woman","NO_GLOSS","an adult female person (as opposed to a man)"
"53828",1,"nhà văn","author | writer","NO_GLOSS","writes (books or stories or articles or the like) professionally (for pay)"
"53880",1,"hậu quả","consequence | effect | event | issue | outcome | result | upshot","NO_GLOSS","a phenomenon that follows and is caused by some previous phenomenon"
"53886",1,"phụ phẩm","by-product | byproduct","NO_GLOSS","a secondary and sometimes unexpected consequence"
"53927",1,"bình phun","aerosol","NO_GLOSS","a cloud of solid or liquid particles in a gas"
"53957",1,"tia","beam | beam of light | irradiation | light beam | ray | ray of light | shaft | shaft of light","NO_GLOSS","a column of light (as from a beacon)"
"53967",1,"huyết áp | 血壓","blood pressure","NO_GLOSS","the pressure of the circulating blood against the walls of the blood vessels; results from the systole of the left ventricle of the heart; sometimes measured for a quick evaluation of a person's health"
"53975",1,"ruồi trâu","air | breeze | gentle wind | zephyr","NO_GLOSS","a slight wind (usually refreshing)"
"54031",1,"𡏧宇宙","cosmic dust","NO_GLOSS","clouds of particles or gases occurring throughout interstellar space"
"54070",1,"bão cát | 暴𪶼","dust storm | duster | sandstorm | sirocco","NO_GLOSS","a windstorm that lifts up clouds of dust or sand"
"54084",1,"輻射電磁","electromagnetic radiation | electromagnetic wave | nonparticulate radiation","NO_GLOSS","radiation consisting of waves of energy associated with electric and magnetic fields resulting from the acceleration of an electric charge"
"54098",1,"lũ | lũ lụt | lụt | lụt lội | nạn lụt","alluvion | deluge | flood | inundation","NO_GLOSS","the rising of a body of water and its overflowing onto normally dry land"
"54100",1,"lũ quét","flash flood | flashflood","NO_GLOSS","a sudden local flood of great volume and short duration"
"54117",1,"huỳnh quang","fluorescence","NO_GLOSS","light emitted during absorption of radiation of some other (invisible) wavelength"
"54118",1,"sương mù","fog","NO_GLOSS","droplets of water vapor suspended in the air near the ground"
"54156",1,"mưa đá","hail","NO_GLOSS","precipitation of ice pellets when there are strong rising air currents"
"54184",1,"động năng | 動能","k.e. | kinetic energy","NO_GLOSS","the mechanical energy that a body has by virtue of its motion"
"54206",1,"ánh | ánh sáng","light | visible light | visible radiation","NO_GLOSS","(physics) electromagnetic radiation that can produce a visual sensation"
"54210",1,"chớp | sét","lightning","NO_GLOSS","abrupt electric discharge from cloud to cloud or from cloud to earth accompanied by the emission of light"
"54219",1,"quyển từ","magnetosphere","NO_GLOSS","the magnetic field of a planet; the volume around the planet in which charged particles are subject more to the planet's magnetic field than to the solar magnetic field"
"54262",1,"ánh trăng","moon | moonlight | moonshine","NO_GLOSS","the light of the moon"
"54265",1,"ánh nắng","sun | sunlight | sunshine","NO_GLOSS","the rays of the sun"
"54267",1,"tia la-de","laser beam","NO_GLOSS","a beam of light generated by a laser"
"54273",1,"hoại tử | 壞死","gangrene | mortification | necrosis | sphacelus","NO_GLOSS","the localized death of living cells (as from infection or the interruption of blood supply)"
"54344",1,"sóng tải","carrier | carrier wave","NO_GLOSS","a radio wave that can be modulated in order to transmit a signal"
"54345",1,"mưa","rain | rainfall","NO_GLOSS","water falling in drops from vapor condensed in the atmosphere"
"54346",1,"giọt mưa","raindrop","NO_GLOSS","a drop of rain"
"54382",1,"khói","fume | smoke","NO_GLOSS","a cloud of fine particles suspended in a gas"
"54384",1,"tuyết","snow | snowfall","NO_GLOSS","precipitation falling from clouds in the form of ice crystals"
"54447",1,"dông | giông","electric storm | electrical storm | thunderstorm","NO_GLOSS","a storm resulting from strong rising air currents; heavy rain or hail along with thunder and lightning"
"54458",1,"bão","typhoon","NO_GLOSS","a tropical cyclone occurring in the western Pacific or Indian oceans"
"54474",1,"điện áp","electromotive force | emf | voltage","NO_GLOSS","the rate at which energy is drawn from a source that produces a flow of electricity in a circuit; expressed in volts"
"54486",1,"gió","air current | current of air | wind","NO_GLOSS","air moving (sometimes with considerable force) from an area of high pressure to an area of low pressure"
"54992",1,"búp | chồi","bud","NO_GLOSS","a partially opened flower"
"55051",1,"vỏ quả","pericarp | seed vessel","NO_GLOSS","the ripened and variously modified walls of a plant ovary"
"55209",1,"súng","water lily","NO_GLOSS","an aquatic plant of the family Nymphaeaceae"
"55817",1,"xương rồng","cactus","NO_GLOSS","any succulent plant of the family Cactaceae native chiefly to arid regions of the New World and usually having spines"
"56195",1,"ngưu bàng","burdock | clotbur","NO_GLOSS","any of several erect biennial herbs of temperate Eurasia having stout taproots and producing burs"
"57832",1,"đầu","acorn","NO_GLOSS","fruit of the oak tree: a smooth thin-walled nut in a woody cup-shaped base"
"59539",1,"sơn tra","haw | hawthorn","NO_GLOSS","a spring-flowering shrub or small tree of the genus Crataegus"
"59896",1,"bòn bon","langsat | langset | lanseh tree | lansium domesticum","NO_GLOSS","East Indian tree bearing an edible yellow berry"
"59981",1,"thanh thất","ailanthus","NO_GLOSS","any of several deciduous Asian trees of the genus Ailanthus"
"60680",1,"tía tô","genus perilla | perilla","NO_GLOSS","small genus of Asiatic herbs"
"61367",1,"nấm hương","chinese black mushroom | golden oak mushroom | lentinus edodes | oriental black mushroom | shiitake | shiitake mushroom","NO_GLOSS","edible east Asian mushroom having a golden or dark brown to blackish cap and an inedible stipe"
"61462",1,"nấm rơm","chinese mushroom | straw mushroom | volvariella volvacea","NO_GLOSS","small tropical and subtropical edible mushroom having a white cap and long stem; an expensive delicacy in China and other Asian countries where it is grown commercially"
"61867",1,"cây","tree","NO_GLOSS","a tall perennial woody plant having a main trunk and branches forming a distinct elevated crown; includes both gymnosperms and angiosperms"
"61887",1,"bụi cây | cây bụi | cây nhỏ","bush | shrub","NO_GLOSS","a low woody perennial plant usually having several major branches"
"61911",1,"生物自養","autophyte | autophytic plant | autotroph | autotrophic organism","NO_GLOSS","plant capable of synthesizing its own food from simple organic substances"
"61949",1,"cuống","leafstalk | petiole","NO_GLOSS","the slender stem that supports the blade of a leaf"
"62046",1,"trầu","betel | betel pepper | piper betel","NO_GLOSS","Asian pepper plant whose dried leaves are chewed with betel nut (seed of the betel palm) by southeast Asians"
"62152",1,"cành | ngành | nhánh","bough","NO_GLOSS","any of the larger branches of a tree"
"62617",1,"lời | lợi nhuận","earnings | lucre | net | net income | net profit | profit | profits","NO_GLOSS","the excess of revenues over outlays in a given period of time (including depreciation and other non-cash expenses)"
"62655",1,"quà | quà biếu | quà tặng","gift","NO_GLOSS","something acquired without compensation"
"62733",1,"lương","earnings | pay | remuneration | salary | wage","NO_GLOSS","something that remunerates"
"62880",1,"giá | giá cả","damage | price | terms","NO_GLOSS","the amount of money needed to purchase something"
"62915",1,"thuế","revenue enhancement | tax | taxation","NO_GLOSS","charge against a citizen's person or property or activity for the support of government"
"62976",1,"lãi suất | 𥚥率","interest rate | rate of interest","NO_GLOSS","the percentage of a sum of money charged for its use"
"62983",1,"lệ phí | phí","fee","NO_GLOSS","a fixed charge for a privilege or for professional services"
"63015",1,"tỷ suất","charge per unit | rate","NO_GLOSS","amount of a charge or payment relative to some basis"
"63048",1,"tổng số","amount | amount of money | sum | sum of money","NO_GLOSS","a quantity of money"
"63228",1,"sinh kế","bread and butter | keep | livelihood | living | support | sustenance","NO_GLOSS","the financial means whereby one lives"
"63338",1,"hưu bổng | lương hưu","pension","NO_GLOSS","a regular payment to a person that is intended to allow them to subsist without working"
"63351",1,"tiền mặt","cash | hard cash | hard currency","NO_GLOSS","money in the form of bills or coins"
"63359",1,"đồng tiền","coin","NO_GLOSS","a metal piece (usually a disc) used as money"
"63393",1,"đồng đublum | đublum","doubloon","NO_GLOSS","a former Spanish gold coin"
"63400",1,"giấy bạc","bank bill | bank note | banker's bill | banknote | bill | federal reserve note | government note | greenback | note","NO_GLOSS","a piece of paper money (especially one issued by a central bank)"
"63423",1,"nợ công","national debt","NO_GLOSS","the debt of the national government (as distinguished from the debts of individuals and businesses and political subdivisions)"
"63429",1,"nợ xấu","bad debt","NO_GLOSS","a debt that is unlikely to be repaid"
"63553",1,"ngân sách","budget","NO_GLOSS","a sum of money allocated for a particular purpose"
"63587",1,"hấp phụ","adsorption | surface assimilation","NO_GLOSS","the accumulation of molecules of a gas to form a thin film on the surface of a solid"
"63612",1,"anh hóa","anglicisation | anglicization","NO_GLOSS","the act of anglicizing; making English in appearance"
"63693",1,"化總合","chemosynthesis","NO_GLOSS","synthesis of carbohydrate from carbon dioxide and water; limited to certain bacteria and fungi"
"63756",1,"nhu cầu | 需求","demand","NO_GLOSS","the ability and desire to purchase goods and services"
"63854",1,"ngọn lửa","fire | flame | flaming","NO_GLOSS","the process of combustion of inflammable materials producing heat and light and (often) smoke"
"64032",1,"nguyên phân","mitosis","NO_GLOSS","cell division in which the nucleus divides into nuclei containing the same number of chromosomes"
"64077",1,"建造山 | 建造𡶀","orogeny","NO_GLOSS","the process of mountain formation (especially by the upward displacement of the earth's crust)"
"64320",1,"西方化","westernisation | westernization","NO_GLOSS","assimilation of Western culture; the social process of becoming familiar with or converting to the customs and practices of Western civilization"
"64567",1,"mét khối","cubic meter | cubic metre | kiloliter | kilolitre","NO_GLOSS","a metric unit of volume or capacity equal to 1000 liters"
"64572",1,"byte","byte","NO_GLOSS","a sequence of 8 bits (enough to represent one character of alphanumeric data) processed as a single unit of information"
"64691",1,"dặm | lý","land mile | mi | mile | stat mi | statute mile","NO_GLOSS","a unit of length equal to 1760 yards"
"64738",1,"phân | xăng-ti-mét | xen-ti-mét","centimeter | centimetre | cm","NO_GLOSS","a metric unit of length equal to one hundredth of a meter"
"64739",1,"đêximet | đêximét | đềximét | tấc","decimeter | decimetre | dm","NO_GLOSS","a metric unit of length equal to one tenth of a meter"
"64741",1,"đê-ca-mét | đề-ca-mét | đêcamet","dam | decameter | decametre | dekameter | dekametre | dkm","NO_GLOSS","a metric unit of length equal to ten meters"
"64742",1,"hectomet","hectometer | hectometre | hm","NO_GLOSS","a metric unit of length equal to 100 meters"
"64768",1,"phần trăm","cent","NO_GLOSS","a fractional monetary unit of several countries"
"65040",1,"cô-pêch | cô pêch | côpêch","copeck | kopeck | kopek","NO_GLOSS","100 kopecks equal 1 ruble in Russia"
"65169",1,"kenvin","k | kelvin","NO_GLOSS","the basic unit of thermodynamic temperature adopted under the Systeme International d'Unites"
"65175",1,"số khối","mass number | nucleon number","NO_GLOSS","the sum of the number of neutrons and protons in an atomic nucleus"
"65192",1,"pút","pood","NO_GLOSS","a Russian unit of weight equal to approximately 36 pounds"
"65194",1,"lạng","tael","NO_GLOSS","a unit of weight used in east Asia approximately equal to 1.3 ounces"
"65228",1,"kí | ki-lô | ki-lô-gam | kí lô | kilôgam | ký","kg | kilo | kilogram","NO_GLOSS","one thousand grams; the basic unit of mass adopted under the Systeme International d'Unites"
"65234",1,"tấn","metric ton | mt | t | tonne","NO_GLOSS","a unit of weight equivalent to 1000 kilograms"
"65256",1,"số phức | 數複","complex number | complex quantity | imaginary | imaginary number","NO_GLOSS","(mathematics) a number of the form a+bi where a and b are real numbers and i is the square root of -1"
"65276",1,"mẫu số","denominator","NO_GLOSS","the divisor of a fraction"
"65299",1,"nửa","half | one-half","NO_GLOSS","one of two equal parts of a divisible whole"
"65304",1,"phần tư","fourth | fourth part | one-fourth | quarter | quartern | twenty-five percent","NO_GLOSS","one of four equal parts"
"65450",1,"tối thiểu","lower limit | minimum","NO_GLOSS","the smallest possible quantity"
"65510",1,"một muổng","spoon | spoonful","NO_GLOSS","as much as a spoon will hold"
"65521",1,"giọt","drib | driblet | drop","NO_GLOSS","a small indefinite quantity (especially of a liquid)"
"65522",1,"giọt nhỏ","droplet","NO_GLOSS","a tiny drop"
"65566",1,"dung tích | thể tích","volume","NO_GLOSS","the amount of 3-dimensional space occupied by an object"
"65751",1,"tỉ lệ","proportion","NO_GLOSS","the quotient obtained when the magnitude of a part is divided by the magnitude of the whole"
"65759",1,"phần trăm","pct | per centum | percent | percentage","NO_GLOSS","a proportion multiplied by 100"
"65896",1,"cộng sinh | 共生","mutualism | symbiosis","NO_GLOSS","the relation between two different species of organisms that are interdependent; each gains benefits from the other"
"65911",1,"cơ bản","first | number one","NO_GLOSS","the first or highest in an ordering or series"
"66022",1,"đa giác | 多角","polygon | polygonal shape","NO_GLOSS","a closed plane figure bounded by straight sides"
"66064",1,"đường tròn | vòng tròn","circle","NO_GLOSS","ellipse in which the two axes are of equal length; a plane curve generated by one point moving at a constant distance from a fixed point"
"66073",1,"đĩa","disc | disk | saucer","NO_GLOSS","something with a round shape like a flat circular plate"
"66111",1,"lục giác","hexagon","NO_GLOSS","a six-sided polygon"
"66119",1,"hình thoi","rhomb | rhombus","NO_GLOSS","a parallelogram with four equal sides; an oblique-angled equilateral parallelogram"
"66125",1,"đa diện","polyhedron","NO_GLOSS","a solid figure bounded by plane polygons or faces"
"66198",1,"cạnh huyền","hypotenuse","NO_GLOSS","the side of a right triangle opposite the right angle"
"66276",1,"chấm","dot | point","NO_GLOSS","a very small circular shape"
"66345",1,"yên lặng","silence","NO_GLOSS","the state of being silent (as when no one is speaking)"
"66371",1,"tình bạn","friendly relationship | friendship","NO_GLOSS","the state of being friends"
"66373",1,"lãng mạn","love affair | romance","NO_GLOSS","a relationship between two lovers"
"66432",1,"hoàn cảnh","circumstance","NO_GLOSS","a condition that accompanies or influences some event or activity"
"66489",1,"tồn tại | 存在","being | beingness | existence","NO_GLOSS","the state or fact of existing"
"66536",1,"cưới xin | hôn nhân | kết hôn | lể cưới","marriage | matrimony | spousal relationship | union | wedlock","NO_GLOSS","the state of being a married couple voluntarily joined for life (or until divorce)"
"66561",1,"thất nghiệp","unemployment","NO_GLOSS","the state of being unemployed or not having a job"
"66571",1,"bình an | bình yên | hoà bình | thái bình | 和平 | 太平 | 平安","peace","NO_GLOSS","the state prevailing during the absence of war"
"66580",1,"đồng lòng | đồng tâm | đồng thuận | nhất trí","consensus","NO_GLOSS","agreement in the judgment or opinion reached by a group as a whole"
"66641",1,"bóng tối","dark | darkness","NO_GLOSS","absence of light or illumination"
"66647",1,"bóng","shade | shadiness | shadowiness","NO_GLOSS","relative darkness caused by light rays being intercepted by an opaque body"
"66659",1,"hạnh phúc | 幸福","felicity | happiness","NO_GLOSS","state of well-being characterized by emotions ranging from contentment to intense joy"
"66675",1,"lỗi | lỗi lầm","guilt | guiltiness","NO_GLOSS","the state of having committed an offense"
"66809",1,"mệt mỏi | 疲痗","fatigue | tiredness | weariness","NO_GLOSS","temporary loss of strength and energy resulting from hard physical or mental work"
"66827",1,"nhiễm toan","acidosis","NO_GLOSS","abnormally high acidity (excess hydrogen-ion concentration) of the blood and other body tissues"
"66848",1,"mất ngủ | 𠅎㬳","insomnia","NO_GLOSS","an inability to sleep; chronic sleeplessness"
"66849",1,"gây tê | 事𢲧痺","anaesthesia | anesthesia","NO_GLOSS","loss of bodily sensation with or without loss of consciousness"
"66869",1,"gây mê","general anaesthesia | general anesthesia","NO_GLOSS","a state of total unconsciousness resulting from anesthetic drugs (as for a major surgical operation)"
"66927",1,"đói","hunger | hungriness","NO_GLOSS","a physiological need for food; the consequence of food deprivation"
"67092",1,"bệnh | căn bệnh","disease","NO_GLOSS","an impairment of health or a condition of abnormal functioning"
"67335",1,"xơ gan","cirrhosis | cirrhosis of the liver","NO_GLOSS","a chronic disease interfering with the normal functioning of the liver; the major cause is chronic alcoholism"
"67342",1,"tiểu đường","diabetes","NO_GLOSS","any of several metabolic disorders marked by excessive urination and persistent thirst"
"67358",1,"bệnh cúm | cúm","flu | grippe | influenza","NO_GLOSS","an acute febrile highly contagious viral disease"
"67363",1,"bạch hầu","diphtheria","NO_GLOSS","acute contagious infection caused by the bacterium Corynebacterium diphtheriae; marked by the formation of a false membrane in the throat and other air passages causing difficulty in breathing"
"67393",1,"kiết | kiết lị | lị","dysentery","NO_GLOSS","an infection of the intestines marked by severe diarrhea"
"67408",1,"病花柳","cupid's disease | cupid's itch | dose | sexually transmitted disease | social disease | vd | venereal disease | venereal infection | venus's curse","NO_GLOSS","a communicable infection transmitted by sexual intercourse or genital contact"
"67454",1,"bệnh lao","t.b. | tb | tuberculosis","NO_GLOSS","infection transmitted by inhalation or ingestion of tubercle bacilli and manifested in fever and small lesions (usually in the lungs but in various other parts of the body in acute stages)"
"67463",1,"cảm lạnh","cold | common cold","NO_GLOSS","a mild viral infection involving the nose and respiratory passages (but not the lungs)"
"67465",1,"hen | hen suyễn | suyễn","asthma | asthma attack | bronchial asthma","NO_GLOSS","respiratory disorder characterized by wheezing; usually of allergic origin"
"67467",1,"炎肺管","bronchitis","NO_GLOSS","inflammation of the membranes lining the bronchial tubes"
"67474",1,"phế viêm | sưng phổi | viêm phổi | 炎𦟊","pneumonia","NO_GLOSS","respiratory disease characterized by inflammation of the lung parenchyma (excluding the bronchi) with congestion caused by viruses or bacteria or irritants"
"67591",1,"viêm họng","pharyngitis | raw throat | sore throat","NO_GLOSS","inflammation of the fauces and pharynx"
"67599",1,"nhiễm amíp","amebiasis | amebiosis | amoebiasis | amoebiosis","NO_GLOSS","infection by a disease-causing ameba"
"67625",1,"ghẻ","itch | scabies","NO_GLOSS","a contagious skin infection caused by the itch mite; characterized by persistent itching and skin irritation"
"67663",1,"viêm khớp | 炎級","arthritis","NO_GLOSS","inflammation of a joint or joints"
"67756",1,"say nắng","insolation | siriasis | sunstroke | thermic fever","NO_GLOSS","sudden prostration due to exposure to the sun or excessive heat"
"67807",1,"sứt môi","cheiloschisis | cleft lip | harelip","NO_GLOSS","a congenital cleft in the middle of the upper lip"
"67890",1,"chốc lở","impetigo","NO_GLOSS","a very contagious infection of the skin; common in children; localized redness develops into small blisters that gradually crust and erode"
"67922",1,"bạch biến | 白變","vitiligo","NO_GLOSS","an acquired skin disease characterized by patches of unpigmented skin (often surrounded by a heavily pigmented border)"
"67961",1,"ung thư","cancer | malignant neoplastic disease","NO_GLOSS","any malignant growth or tumor caused by abnormal and uncontrolled cell division; it may spread to other parts of the body through the lymphatic system or the blood stream"
"68096",1,"bệnh | sốt aptơ","foot-and-mouth disease | hoof-and-mouth disease","NO_GLOSS","acute contagious disease of cloven-footed animals marked by ulcers in the mouth and around the hoofs"
"68284",1,"thoát vị","hernia | herniation","NO_GLOSS","rupture in smooth muscle tissue through which a bodily structure protrudes"
"68308",1,"chứng trạng | 症状","symptom","NO_GLOSS","(medicine) any sensation or change in bodily function that is experienced by a patient and is associated with a particular disease"
"68416",1,"đau | đau đớn","hurting | pain","NO_GLOSS","a symptom of some physical hurt or disorder"
"68418",1,"đau răng","odontalgia | toothache","NO_GLOSS","an ache localized in or around a tooth"
"68575",1,"炎聲管","laryngitis","NO_GLOSS","inflammation of the mucous membrane of the larynx; characterized by hoarseness or loss of voice and coughing"
"68637",1,"viêm amidan","tonsillitis","NO_GLOSS","inflammation of the tonsils (especially the palatine tonsils)"
"68679",1,"sẹo trâu","cheloid | keloid","NO_GLOSS","raised pinkish scar tissue at the site of an injury; results from excessive tissue repair"
"68688",1,"sốt","febricity | febrility | fever | feverishness | pyrexia","NO_GLOSS","a rise in the temperature of the body; frequently a symptom of infection"
"68721",1,"máu cam","epistaxis | nosebleed","NO_GLOSS","bleeding from the nose"
"68934",1,"vấn đề","job | problem","NO_GLOSS","a state of difficulty that needs to be resolved"
"68956",1,"cô đơn","loneliness | solitariness","NO_GLOSS","the state of being alone in solitary isolation"
"69074",1,"danh tiếng","celebrity | fame | renown","NO_GLOSS","the state or quality of being widely honored and acclaimed"
"69130",1,"sức khỏe","health | wellness","NO_GLOSS","a healthy state of wellbeing free from disease"
"69135",1,"khốn","suffering | woe","NO_GLOSS","misery resulting from affliction"
"69144",1,"cần thiết | nhu cầu","necessity","NO_GLOSS","the condition of being essential or indispensable"
"69176",1,"chân không | 真空","vacuity | vacuum","NO_GLOSS","the absence of matter"
"69182",1,"hói đầu","baldness | phalacrosis","NO_GLOSS","the condition of having no hair on the top of the head"
"69306",1,"cơ hội | 機會","chance | opportunity","NO_GLOSS","a possibility due to a favorable combination of circumstances"
"69347",1,"giàu có | tài phúc | 財富","wealth | wealthiness","NO_GLOSS","the state of being rich and affluent; having a plentiful supply of material goods and money"
"69357",1,"nghèo nàn","impoverishment | poorness | poverty","NO_GLOSS","the state of having little or no money and few or no material possessions"
"69484",1,"mưa axit","acid precipitation | acid rain","NO_GLOSS","rain containing acids that form in the atmosphere when industrial gas emissions (especially sulfur dioxide and nitrogen oxides) combine with water"
"69495",1,"khí hậu | 氣候","climate | clime","NO_GLOSS","the weather in some location averaged over some long period of time"
"69503",1,"xoáy nghịch","anticyclone","NO_GLOSS","(meteorology) winds spiraling outward from a high-pressure center; circling clockwise in the northern hemisphere and counterclockwise in the southern"
"69578",1,"độ ẩm | khí ẩm","moisture | wet","NO_GLOSS","wetness caused by water"
"69587",1,"hạn hán","drought | drouth","NO_GLOSS","a shortage of rainfall"
"69594",1,"an toàn","safety","NO_GLOSS","the state of being certain that adverse effects will not be caused by some agent under defined conditions"
"69599",1,"an toàn","security","NO_GLOSS","the state of being free from danger or injury"
"69608",1,"nguy hiểm | 危險","danger","NO_GLOSS","the condition of being susceptible to harm or injury"
"69613",1,"nguy hiểm | rủi ro","endangerment | hazard | jeopardy | peril | risk","NO_GLOSS","a source of danger; a possibility of incurring loss or misfortune"
"69683",1,"lão thị","presbyopia","NO_GLOSS","farsightedness resulting from a reduced ability to focus caused by loss of elasticity of the crystalline lens with age"
"69838",1,"vật chất | 物質","material | stuff","NO_GLOSS","the tangible substance that goes into the makeup of a physical object"
"69841",1,"反物質","antimatter","NO_GLOSS","matter consisting of elementary particles that are the antiparticles of those making up normal matter"
"69846",1,"nhũ chấp","chyme","NO_GLOSS","a semiliquid mass of partially digested food that passes from the stomach through the pyloric sphincter into the duodenum"
"69859",1,"hạt","atom | corpuscle | molecule | mote | particle | speck","NO_GLOSS","(nontechnical usage) a tiny piece of anything"
"69892",1,"chất dẻo | nhựa","plastic","NO_GLOSS","generic name for certain synthetic or semisynthetic materials that can be molded or extruded into objects or films or filaments or used for making e.g. coatings and adhesives"
"70041",1,"nguyên tử | 原子","atom","NO_GLOSS","(physics and chemistry) the smallest component of an element having the chemical properties of the element"
"70042",1,"đồng vị","isotope","NO_GLOSS","one of two or more atoms with the same atomic number but with different numbers of neutrons"
"70064",1,"đất hiếm","lanthanide | lanthanoid | lanthanon | rare-earth element | rare earth","NO_GLOSS","any element of the lanthanide series (atomic numbers 57 through 71)"
"70070",1,"phi kim","nonmetal","NO_GLOSS","a chemical element lacking typical metallic properties"
"70073",1,"actini","ac | actinium | atomic number 89","NO_GLOSS","a radioactive element of the actinide series; found in uranium ores"
"70078",1,"antimon","antimony | atomic number 51 | sb","NO_GLOSS","a metallic element having four allotropic forms; used in a wide variety of alloys; found in stibnite"
"70081",1,"astatin","astatine | at | atomic number 85","NO_GLOSS","a highly unstable radioactive element (the heaviest of the halogen series); a decay product of uranium and thorium"
"70083",1,"bari","atomic number 56 | ba | barium","NO_GLOSS","a soft silvery metallic element of the alkali earth group; found in barite"
"70089",1,"beckeli","atomic number 97 | berkelium | bk","NO_GLOSS","a radioactive transuranic element; discovered by bombarding americium with helium"
"70090",1,"beri | berili","atomic number 4 | be | beryllium | glucinium","NO_GLOSS","a light strong brittle grey toxic bivalent metallic element"
"70091",1,"bismut | bitmut","atomic number 83 | bi | bismuth","NO_GLOSS","a heavy brittle diamagnetic trivalent metallic element (resembles arsenic and antimony chemically); usually recovered as a by-product from ores of other metals"
"70094",1,"brom","atomic number 35 | br | bromine","NO_GLOSS","a nonmetallic largely pentavalent heavy volatile corrosive dark brown liquid element belonging to the halogens; found in sea water"
"70095",1,"cađimi | catmi","atomic number 48 | cadmium | cd","NO_GLOSS","a soft bluish-white ductile malleable toxic bivalent metallic element; occurs in association with zinc ores"
"70097",1,"califoni","atomic number 98 | californium | cf","NO_GLOSS","a radioactive transuranic element; discovered by bombarding curium with alpha particles"
"70101",1,"xeri","atomic number 58 | ce | cerium","NO_GLOSS","a ductile grey metallic element of the lanthanide series; used in lighter flints; the most abundant of the rare-earth group"
"70102",1,"xezi | xêzi","atomic number 55 | caesium | cesium | cs","NO_GLOSS","a soft silver-white ductile metallic element (liquid at normal temperatures); the most electropositive and alkaline metal"
"70107",1,"coban","atomic number 27 | co | cobalt","NO_GLOSS","a hard ferromagnetic silver-white bivalent or trivalent metallic element; a trace element in plant and animal nutrition"
"70110",1,"curi","atomic number 96 | cm | curium","NO_GLOSS","a radioactive transuranic metallic element; produced by bombarding plutonium with helium nuclei"
"70112",1,"dubni","atomic number 105 | db | dubnium | element 105 | hahnium","NO_GLOSS","a transuranic element"
"70113",1,"đisprozi | đysprosi","atomic number 66 | dy | dysprosium","NO_GLOSS","a trivalent metallic element of the rare earth group; forms compounds that are highly magnetic"
"70114",1,"ensteni","atomic number 99 | e | einsteinium | es","NO_GLOSS","a radioactive transuranic element produced by bombarding plutonium with neutrons"
"70115",1,"eribi","atomic number 68 | er | erbium","NO_GLOSS","a trivalent metallic element of the rare earth group; occurs with yttrium"
"70116",1,"europi","atomic number 63 | eu | europium","NO_GLOSS","a bivalent and trivalent metallic element of the rare earth group"
"70117",1,"fecmi","atomic number 100 | fermium | fm","NO_GLOSS","a radioactive transuranic metallic element produced by bombarding plutonium with neutrons"
"70119",1,"franxi","atomic number 87 | fr | francium","NO_GLOSS","a radioactive element of the alkali-metal group discovered as a disintegration product of actinium"
"70120",1,"gađolini","atomic number 64 | gadolinium | gd","NO_GLOSS","a ductile silvery-white ductile ferromagnetic trivalent metallic element of the rare earth group"
"70121",1,"gali","atomic number 31 | ga | gallium","NO_GLOSS","a rare silvery (usually trivalent) metallic element; brittle at low temperatures but liquid above room temperature; occurs in trace amounts in bauxite and zinc ores"
"70127",1,"hafini","atomic number 72 | hafnium | hf","NO_GLOSS","a grey tetravalent metallic element that resembles zirconium chemically and is found in zirconium minerals; used in filaments for its ready emission of electrons"
"70130",1,"holmi | honmi","atomic number 67 | ho | holmium","NO_GLOSS","a trivalent metallic element of the rare earth group; occurs together with yttrium; forms highly magnetic compounds"
"70135",1,"indi","atomic number 49 | in | indium","NO_GLOSS","a rare soft silvery metallic element; occurs in small quantities in sphalerite"
"70139",1,"iriđi","atomic number 77 | ir | iridium","NO_GLOSS","a heavy brittle metallic element of the platinum group; used in alloys; occurs in natural alloys with platinum or osmium"
"70141",1,"kripton","atomic number 36 | kr | krypton","NO_GLOSS","a colorless element that is one of the six inert gasses; occurs in trace amounts in air"
"70143",1,"lorenxi","atomic number 103 | lawrencium | lr","NO_GLOSS","a radioactive transuranic element synthesized from californium"
"70147",1,"magiê","atomic number 12 | magnesium | mg","NO_GLOSS","a light silver-white ductile bivalent metallic element; in pure form it burns with brilliant white flame; occurs naturally only in combination (as in magnesite and dolomite and carnallite and spinel and olivine)"
"70148",1,"mangan","atomic number 25 | manganese | mn","NO_GLOSS","a hard brittle grey polyvalent metallic element that resembles iron but is not magnetic; used in making steel; occurs in many minerals"
"70150",1,"menđelevi","atomic number 101 | md | mendelevium | mv","NO_GLOSS","a radioactive transuranic element synthesized by bombarding einsteinium with alpha particles (Md is the current symbol for mendelevium but Mv was formerly the symbol)"
"70152",1,"molypđen","atomic number 42 | mo | molybdenum","NO_GLOSS","a polyvalent metallic element that resembles chromium and tungsten in its properties; used to strengthen and harden steel"
"70153",1,"neođim","atomic number 60 | nd | neodymium","NO_GLOSS","a yellow trivalent metallic element of the rare earth group; occurs in monazite and bastnasite in association with cerium and lanthanum and praseodymium"
"70155",1,"neptuni","atomic number 93 | neptunium | np","NO_GLOSS","a radioactive transuranic metallic element; found in trace amounts in uranium ores; a by-product of the production of plutonium"
"70157",1,"niobi","atomic number 41 | nb | niobium","NO_GLOSS","a soft grey ductile metallic element used in alloys; occurs in niobite; formerly called columbium"
"70161",1,"nobeli","atomic number 102 | no | nobelium","NO_GLOSS","a radioactive transuranic element synthesized by bombarding curium with carbon ions; 7 isotopes are known"
"70162",1,"osimi | osmi","atomic number 76 | os | osmium","NO_GLOSS","a hard brittle blue-grey or blue-black metallic element that is one of the platinum metals; the heaviest metal known"
"70169",1,"plutoni","atomic number 94 | plutonium | pu","NO_GLOSS","a solid silvery grey radioactive transuranic element whose atoms can be split when bombarded with neutrons; found in minute quantities in uranium ores but is usually synthesized in nuclear reactors; 13 isotopes are known with the most important being plutonium 239"
"70172",1,"poloni","atomic number 84 | po | polonium","NO_GLOSS","a radioactive metallic element that is similar to tellurium and bismuth; occurs in uranium ores but can be produced by bombarding bismuth with neutrons in a nuclear reactor"
"70174",1,"prazeođim","atomic number 59 | pr | praseodymium","NO_GLOSS","a soft yellowish-white trivalent metallic element of the rare earth group; can be recovered from bastnasite or monazite by an ion-exchange process"
"70175",1,"prometi","atomic number 61 | pm | promethium","NO_GLOSS","a soft silvery metallic element of the rare earth group having no stable isotope; was discovered in radioactive form as a fission product of uranium"
"70176",1,"protactini","atomic number 91 | pa | protactinium | protoactinium","NO_GLOSS","a short-lived radioactive metallic element formed from uranium and disintegrating into actinium and then into lead"
"70178",1,"rađơn","atomic number 86 | radon | rn","NO_GLOSS","a radioactive gaseous element formed by the disintegration of radium; the heaviest of the inert gasses; occurs naturally (especially in areas over granite) and is considered a hazard to health"
"70179",1,"reni","atomic number 75 | re | rhenium","NO_GLOSS","a rare heavy polyvalent metallic element that resembles manganese chemically and is used in some alloys; is obtained as a by-product in refining molybdenum"
"70180",1,"rođi","atomic number 45 | rh | rhodium","NO_GLOSS","a white hard metallic element that is one of the platinum group and is found in platinum ores; used in alloys with platinum"
"70183",1,"ruteni","atomic number 44 | ru | ruthenium","NO_GLOSS","a rare polyvalent metallic element of the platinum group; it is found associated with platinum"
"70184",1,"kusatovi | rutherfordi","atomic number 104 | element 104 | rf | rutherfordium | unnilquadium | unq","NO_GLOSS","a radioactive transuranic element which has been synthesized"
"70185",1,"samari","atomic number 62 | samarium | sm","NO_GLOSS","a grey lustrous metallic element of the rare earth group; is used in special alloys; occurs in monazite and bastnasite"
"70186",1,"scandi","atomic number 21 | sc | scandium","NO_GLOSS","a white trivalent metallic element; sometimes classified in the rare earth group; occurs in the Scandinavian mineral thortveitite"
"70197",1,"tecnexi","atomic number 43 | tc | technetium","NO_GLOSS","a crystalline metallic element not found in nature; occurs as one of the fission products of uranium"
"70198",1,"telu | telua","atomic number 52 | te | tellurium","NO_GLOSS","a brittle silver-white metalloid element that is related to selenium and sulfur; it is used in alloys and as a semiconductor; occurs mainly as tellurides in ores of copper and nickel and silver and gold"
"70199",1,"tecbi","atomic number 65 | tb | terbium","NO_GLOSS","a metallic element of the rare earth group; used in lasers; occurs in apatite and monazite and xenotime and ytterbite"
"70200",1,"tali","atomic number 81 | thallium | tl","NO_GLOSS","a soft grey malleable metallic element that resembles tin but discolors on exposure to air; it is highly toxic and is used in rodent and insect poisons; occurs in zinc blende and some iron ores"
"70201",1,"thori","atomic number 90 | th | thorium","NO_GLOSS","a soft silvery-white tetravalent radioactive metallic element; isotope 232 is used as a power source in nuclear reactors; occurs in thorite and in monazite sands"
"70203",1,"tuli","atomic number 69 | thulium | tm","NO_GLOSS","a soft silvery metallic element of the rare earth group; isotope 170 emits X-rays and is used in small portable X-ray machines; it occurs in monazite and apatite and xenotime"
"70205",1,"titan","atomic number 22 | ti | titanium","NO_GLOSS","a light strong grey lustrous corrosion-resistant metallic element used in strong lightweight alloys (as for airplane parts); the main sources are rutile and ilmenite"
"70206",1,"vonfam","atomic number 74 | tungsten | w | wolfram","NO_GLOSS","a heavy grey-white metallic element; the pure form is used mainly in electrical applications; it is found in several ores including wolframite and scheelite"
"70215",1,"vanađi","atomic number 23 | v | vanadium","NO_GLOSS","a soft silvery white toxic metallic element used in steel alloys; it occurs in several complex minerals including carnotite and vanadinite"
"70216",1,"xenon","atomic number 54 | xe | xenon","NO_GLOSS","a colorless odorless inert gaseous element occurring in the earth's atmosphere in trace amounts"
"70217",1,"ytecbi","atomic number 70 | yb | ytterbium","NO_GLOSS","a soft silvery metallic element; a rare earth of the lanthanide series; it occurs in gadolinite and monazite and xenotime"
"70218",1,"ytri","atomic number 39 | y | yttrium","NO_GLOSS","a silvery metallic element that is common in rare-earth minerals; used in magnesium and aluminum alloys"
"70220",1,"ziriconi","atomic number 40 | zirconium | zr","NO_GLOSS","a lustrous grey strong metallic element resembling titanium; it is used in nuclear reactors as a neutron absorber; it occurs in baddeleyite but is obtained chiefly from zircon"
"70229",1,"apatit","apatite","NO_GLOSS","a common complex mineral consisting of calcium fluoride phosphate or calcium chloride phosphate; a source of phosphorus"
"70347",1,"ma-dút","fuel oil | heating oil","NO_GLOSS","a petroleum product used for fuel"
"70353",1,"cồn gỗ","methanol | methyl alcohol | wood alcohol | wood spirit","NO_GLOSS","a light volatile flammable poisonous liquid alcohol; used as an antifreeze and solvent and fuel and as a denaturant for ethyl alcohol"
"70356",1,"quặng","ore","NO_GLOSS","a mineral that contains metal that is valuable enough to be mined"
"70420",1,"sỏi","crushed rock | gravel","NO_GLOSS","rock fragments and pebbles"
"70433",1,"龍涎香","ambergris","NO_GLOSS","waxy substance secreted by the sperm whale and found floating at sea or washed ashore; used in perfume"
"70508",1,"nhựa thuốc | nicôtin","nicotine","NO_GLOSS","an alkaloid poison that occurs in tobacco; used in medicine and as an insecticide"
"70520",1,"đồng thau","brass","NO_GLOSS","an alloy of copper and zinc"
"70534",1,"vàng trắng","white gold","NO_GLOSS","a pale alloy of gold usually with platinum or nickel or palladium"
"70661",1,"amoni","ammonium | ammonium ion","NO_GLOSS","the ion NH4 derived from ammonia; behaves in many respects like an alkali metal ion"
"70739",1,"da thuộc","leather","NO_GLOSS","an animal skin made smooth and flexible by removing the hair and then tanning"
"70745",1,"cafêin | caffein","caffein | caffeine","NO_GLOSS","a bitter alkaloid found in coffee and tea that is responsible for their stimulating effects"
"70768",1,"lông","fur | pelt","NO_GLOSS","the dressed hairy coat of a mammal"
"70830",1,"ba-dan | ba-zan","basalt","NO_GLOSS","the commonest type of solidified lava; a dense dark grey fine-grained igneous rock that is composed chiefly of plagioclase feldspar and pyroxene"
"70882",1,"giấy chặm | giấy thấm","blotter | blotting paper","NO_GLOSS","absorbent paper used to dry ink"
"70955",1,"carbohydrat | gluxit | hyđat-cacbon","carbohydrate | saccharide | sugar","NO_GLOSS","an essential structural component of living cells and source of energy for animals; includes simple sugars with small molecules as well as macromolecular substances; are classified according to the number of monosaccharide groups they contain"
"71009",1,"thép","steel","NO_GLOSS","an alloy of iron with small amounts of carbon; widely used in construction; mechanical properties can be varied over a wide range"
"71030",1,"chan-xe-đon","calcedony | chalcedony","NO_GLOSS","a milky or greyish translucent to transparent quartz"
"71101",1,"hợp chất","chemical compound | compound","NO_GLOSS","(chemistry) a substance formed by chemical union of two or more elements or ingredients in definite proportion by weight"
"71203",1,"nước cất","distilled water","NO_GLOSS","water that has been purified by distillation"
"71219",1,"bụi","dust","NO_GLOSS","fine powdery material such as dry earth or pollen that can be blown about in the air"
"71357",1,"fenspat","feldspar | felspar","NO_GLOSS","any of a group of hard crystalline minerals that consist of aluminum silicates of potassium or sodium or calcium or barium"
"71414",1,"nhiên liệu | 燃料","fuel","NO_GLOSS","a substance that can be consumed to produce energy"
"71492",1,"gơ-nai","gneiss","NO_GLOSS","a laminated metamorphic rock similar to granite"
"71515",1,"tinh dầu | 精油","essential oil | volatile oil","NO_GLOSS","an oil having the odor or flavor of the plant from which it comes; used in perfume and flavorings"
"71650",1,"băng | đá","ice | water ice","NO_GLOSS","water frozen in the solid state"
"71651",1,"băng đen","black ice","NO_GLOSS","a thin coating of ice (as from freezing mist) on a road or sidewalk; nearly invisible but very hazardous"
"71654",1,"cột băng | trụ băng","icicle","NO_GLOSS","a pendent spear of ice formed by the freezing of dripping water"
"71723",1,"xeton","ketone","NO_GLOSS","any of a class of organic compounds having a carbonyl group linked to a carbon atom in each of two hydrocarbon radicals"
"71741",1,"đường sữa | lactoza","lactose | milk sugar","NO_GLOSS","a sugar comprising one glucose molecule linked to a galactose molecule; occurs only in milk"
"71746",1,"đá ong","laterite","NO_GLOSS","a red soil produced by rock decay; contains insoluble deposits of ferric and aluminum oxides"
"71751",1,"dung nham | 熔岩","lava","NO_GLOSS","rock that in its molten form (as magma) issues from volcanos; lava is what magma is called when it reaches the surface"
"71752",1,"đá túp","tufa | tuff","NO_GLOSS","hard volcanic rock composed of compacted volcanic ash"
"71758",1,"đá mácma","igneous rock","NO_GLOSS","rock formed by the solidification of molten magma"
"71809",1,"chất lỏng | nước","liquid","NO_GLOSS","a substance that is liquid at room temperature and pressure"
"71815",1,"quỳ","litmus | litmus test","NO_GLOSS","a coloring material (obtained from lichens) that turns red in acid solutions and blue in alkaline solutions; used as a very rough acid-base indicator"
"71822",1,"gỗ tròn","log","NO_GLOSS","a segment of the trunk of a tree when stripped of branches"
"71852",1,"cẩm thạch | đá hoa | 錦石 | 𥒥花","marble","NO_GLOSS","a hard crystalline metamorphic rock that takes a high polish; used for sculpture and as building material"
"71906",1,"bùn | sình","clay | mud","NO_GLOSS","water soaked soil; soft wet earth"
"71946",1,"nitrit","nitride","NO_GLOSS","a compound containing nitrogen and a more electropositive element (such as phosphorus or a metal)"
"71991",1,"oc xyt | oxit | oxyt","oxide","NO_GLOSS","any compound of oxygen with another element or a radical"
"72118",1,"sa thạch","sandstone","NO_GLOSS","a sedimentary rock consisting of sand consolidated with some cement (clay or quartz etc.)"
"72128",1,"bột | bụi","powder | pulverisation | pulverization","NO_GLOSS","a solid substance in the form of tiny loose particles; a solid that has been pulverized"
"72185",1,"cao su","caoutchouc | gum elastic | india rubber | natural rubber | rubber","NO_GLOSS","an elastic material obtained from the latex sap of trees (especially trees of the genera Hevea and Ficus) that can be vulcanized and finished into a variety of products"
"72202",1,"nước ngọt | nước nhạt","fresh water | freshwater","NO_GLOSS","water that is not salty"
"72229",1,"natri hiđroxit","caustic soda | sodium hydroxide","NO_GLOSS","a strongly alkaline caustic used in manufacturing soap and paper and aluminum and various sodium compounds"
"72252",1,"cát","sand","NO_GLOSS","a loose material consisting of grains of rock or coral"
"72260",1,"mùn cưa","sawdust","NO_GLOSS","fine particles of wood made by sawing wood"
"72283",1,"tiểu cầu","blood platelet | platelet | thrombocyte","NO_GLOSS","tiny bits of protoplasm found in vertebrate blood; essential for blood clotting"
"72285",1,"hemoglobin","haemoglobin | hb | hemoglobin","NO_GLOSS","a hemoprotein composed of globin and heme that gives red blood cells their characteristic color; function primarily to transport oxygen from the lungs to the body tissues"
"72300",1,"kháng thể | 抗體","antibody","NO_GLOSS","any of a large variety of proteins normally present in the body or produced in response to an antigen which it neutralizes, thus producing an immune response"
"72326",1,"chất độc | thuốc độc","poison | poisonous substance | toxicant","NO_GLOSS","any substance that causes injury or illness or death of a living organism"
"72352",1,"kháng nguyên | 抗原","antigen","NO_GLOSS","any substance (as a toxin or enzyme) that stimulates an immune response in the body (especially the production of antibodies)"
"72416",1,"dung môi","dissolvent | dissolver | dissolving agent | resolvent | solvent","NO_GLOSS","a liquid substance capable of dissolving other substances"
"72461",1,"hơi | hơi nước","steam","NO_GLOSS","water at boiling temperature diffused in the atmosphere"
"72463",1,"hơi nước","water vapor | water vapour","NO_GLOSS","water in a vaporous form diffused in the atmosphere but below boiling temperature"
"72506",1,"đường phên | đường thô","jaggary | jaggery | jagghery","NO_GLOSS","unrefined brown sugar made from palm sap"
"72667",1,"sinh tố","vitamin","NO_GLOSS","any of a group of organic substances essential in small quantities to normal metabolism"
"72695",1,"sáp","wax","NO_GLOSS","any of various substances of either mineral origin or plant or animal origin; they are solid at normal temperatures and insoluble in water"
"72698",1,"cứt ráy | ráy | ráy tai","cerumen | earwax","NO_GLOSS","a soft yellow wax secreted by glands in the ear canal"
"72710",1,"giấy nến | giấy sáp","wax paper","NO_GLOSS","paper that has been waterproofed by treatment with wax of paraffin"
"72726",1,"củi","firewood","NO_GLOSS","wood used for fuel"
"72819",1,"hiện tại | 現在","nowadays | present","NO_GLOSS","the period of time that is happening now; any continuous stretch of time including the moment of speech"
"72826",1,"quá khứ | 過去","past | past times | yesteryear | yore","NO_GLOSS","the time that has elapsed"
"72829",1,"lịch sử | 歷史","history","NO_GLOSS","the aggregate of past events"
"72830",1,"tương lai | 將來","future | futurity | hereafter | time to come","NO_GLOSS","the time yet to come"
"72883",1,"ngày nghỉ","day off","NO_GLOSS","a day when you are not required to work"
"72913",1,"sinh đẻ","birth","NO_GLOSS","the time when something begins (especially life)"
"72921",1,"kiếp sau","afterlife | hereafter","NO_GLOSS","life after death"
"72941",1,"dậy thì","puberty | pubescence","NO_GLOSS","the time of life when sex glands become functional"
"72987",1,"tuổi già","age | eld | geezerhood | old age | years","NO_GLOSS","a late time of life"
"72997",1,"hôm qua","yesterday","NO_GLOSS","the day immediately before today"
"73040",1,"buổi sáng","forenoon | morn | morning | morning time","NO_GLOSS","the time period between dawn and noon"
"73041",1,"trưa","high noon | midday | noon | noonday | noontide | twelve noon","NO_GLOSS","the middle of the day"
"73046",1,"buổi chiều | chiều","afternoon","NO_GLOSS","the part of the day between noon and evening"
"73051",1,"ban đêm | đêm | khuya | tối","dark | night | nighttime","NO_GLOSS","the time after sunset and before sunrise while it is dark outside"
"73067",1,"chạng vạng","crepuscle | crepuscule | dusk | evenfall | fall | gloam | gloaming | nightfall | twilight","NO_GLOSS","the time of day immediately following sunset"
"73069",1,"tuần","hebdomad | week","NO_GLOSS","any period of seven consecutive days"
"73109",1,"âm lịch | 陰暦","lunar calendar","NO_GLOSS","a calendar based on lunar cycles"
"73115",1,"hạn chót","deadline","NO_GLOSS","the point in time at which something must be completed"
"73128",1,"năm mới","new year","NO_GLOSS","the calendar year just begun"
"73140",1,"lễ buộc","holy day of obligation","NO_GLOSS","a day when Catholics must attend Mass and refrain from servile work, and Episcopalians must take Communion"
"73255",1,"mười năm | thập kỷ | thập niên","decade | decennary | decennium","NO_GLOSS","a period of 10 years"
"73256",1,"thế kỷ","century","NO_GLOSS","a period of 100 years"
"73353",1,"điểm chí","solstice","NO_GLOSS","either of the two times of the year when the sun is at its greatest distance from the celestial equator"
"73354",1,"hạ chí | 夏至","june 21 | midsummer | summer solstice","NO_GLOSS","June 21, when the sun is at its northernmost point"
"73372",1,"chung thân","life | life sentence","NO_GLOSS","a prison term lasting as long as the prisoner lives"
"73431",1,"hạ | hè | mùa hạ | mùa hè | 務夏","summer | summertime","NO_GLOSS","the warmest season of the year; in the northern hemisphere it extends from the summer solstice to the autumnal equinox"
"73497",1,"thời đại","epoch | era","NO_GLOSS","a period marked by distinctive character or reckoned from a fixed point or event"
"73560",1,"đêm nay | tối nay","tonight","NO_GLOSS","the present or immediately coming night"
"73653",1,"mêga hertz","mc | megacycle | megacycle per second | megahertz | mhz","NO_GLOSS","one million periods per second"
"73725",1,"thời bình","peacetime","NO_GLOSS","a period of time during which there is no war"
"73829",2,"dồi dào","abundant","NO_GLOSS","present in great quantity"
"74004",2,"có thật | thật | thật sự | thực tế","actual | existent","NO_GLOSS","presently existing in fact and not merely potential or possible"
"74008",2,"âm ỉ | ẩn | ngầm | ngấm ngần | tiềm tàng","latent","NO_GLOSS","potentially existing but not presently evident or realized"
"74010",2,"bán phụ","subacute","NO_GLOSS","less than acute; relating to a disease present in a person with no symptoms of it"
"74048",2,"đầy đủ | đủ","adequate","NO_GLOSS","(sometimes followed by `to') meeting the requirements especially of a task"
"74061",2,"dính","gluey | glutinous | gummy | mucilaginous | pasty | sticky | viscid | viscous","NO_GLOSS","having the sticky properties of an adhesive"
"74215",2,"đáng sợ","afraid","NO_GLOSS","filled with fear or apprehension"
"74218",2,"kinh hãi","aghast | appalled | dismayed | shocked","NO_GLOSS","struck with fear, dread, or consternation"
"74226",2,"sợ hãi","frightened | scared","NO_GLOSS","made afraid"
"74306",2,"sống","alive | live","NO_GLOSS","possessing life"
"74310",2,"chết","dead","NO_GLOSS","no longer having or seeming to have or expecting to have life"
"74521",2,"giận | tức","angry","NO_GLOSS","feeling or showing anger"
"74535",2,"đắng","acrimonious | bitter","NO_GLOSS","marked by strong resentment or cynicism"
"74627",2,"cặc","appealable","NO_GLOSS","capable of being appealed especially to a higher tribunal"
"74753",2,"câm","mute | tongueless | unspoken | wordless","NO_GLOSS","expressed without speech; especially because words would be inappropriate or inadequate"
"74864",2,"có chửa | có thai","pregnant","NO_GLOSS","carrying developing offspring within the body or being about to produce new life"
"74881",2,"cát tường","auspicious","NO_GLOSS","auguring favorable circumstances and good luck"
"74910",2,"tự động","automatic","NO_GLOSS","operating with minimal human intervention; independent of external control"
"74970",2,"khủng khiếp","awful | dire | direful | dread | dreaded | dreadful | fearful | fearsome | frightening | horrendous | horrific | terrible","NO_GLOSS","causing fear or dread or terror"
"74973",2,"đáng sợ","chilling | scarey | scary | shivery | shuddery","NO_GLOSS","so scary as to cause chills and shudders"
"75026",2,"đầu","forward","NO_GLOSS","at or near or directed toward the front"
"75131",2,"đẹp | xinh đẹp","beautiful","NO_GLOSS","delighting the senses or exciting intellectual or emotional admiration"
"75147",2,"xấu | xấu xí","ugly","NO_GLOSS","displeasing to the senses"
"75188",2,"tốt nhất","best","NO_GLOSS","(superlative of `good') having the most positive qualities"
"75204",2,"khá hơn | khoẻ hơn | tốt hơn","better","NO_GLOSS","(comparative of `good') superior to another (of the same class or set or kind) in excellence or quality or desirability or suitability; more highly skilled than another"
"75320",2,"máu me","bloody","NO_GLOSS","having or covered with or accompanied by blood"
"75334",2,"can đảm | dũng cảm | gan dạ","bold","NO_GLOSS","fearless and daring"
"75343",2,"rụt rè","timid","NO_GLOSS","showing fear and lack of confidence"
"75420",2,"dũng cảm | mạnh bạo | mạnh dạn | 勇敢","brave | courageous","NO_GLOSS","possessing or displaying courage; able to face and deal with danger or fear without flinching"
"75476",2,"tối","dark","NO_GLOSS","devoid of or deficient in light or brightness; shadowed or black"
"75479",2,"tối đen | tối om | tối thui","black | pitch-black | pitch-dark","NO_GLOSS","extremely dark"
"75487",2,"mờ","dim | subdued","NO_GLOSS","lacking in light; not bright or harsh"
"75609",2,"khàn","gruff | hoarse | husky","NO_GLOSS","deep and harsh sounding as if from shouting or illness or emotion"
"75667",2,"hoàn toàn","thorough","NO_GLOSS","painstakingly careful and accurate"
"75668",2,"bất cẩn","careless","NO_GLOSS","marked by lack of attention or consideration or forethought or thoroughness; not careful"
"75838",2,"nhát | nhút nhát","diffident | shy | timid | unsure","NO_GLOSS","lacking self-confidence"
"75963",2,"vui vẻ","cheerful","NO_GLOSS","being full of or promoting cheer; having or showing good spirits"
"76004",2,"nâu","brown | brownish | chocolate-brown | dark-brown","NO_GLOSS","of a color similar to that of wood or earth"
"76070",2,"màu hồng","pink | pinkish","NO_GLOSS","of a light shade of red"
"76146",2,"hoa râm","gray | grayish | grey | greyish","NO_GLOSS","of an achromatic color of any lightness intermediate between the extremes of white and black"
"76178",2,"bạch | trắng","white","NO_GLOSS","being of the achromatic color of maximum lightness; having little or no hue owing to reflection of almost all incident light"
"76242",2,"rực rỡ | sặc sỡ","colorful | colourful","NO_GLOSS","having striking color"
"76298",2,"dã man | 野蠻","barbarian | barbaric | savage | uncivilised | uncivilized | wild","NO_GLOSS","without civilizing influences"
"76327",2,"sạch | sạch sẽ","clean","NO_GLOSS","free from dirt or impurities; or having clean habits"
"76339",2,"bẩn | bẩn thỉu | dơ","dirty | soiled | unclean","NO_GLOSS","soiled or likely to soil with dirt or grime"
"76349",2,"bụi bặm","dust-covered | dusty","NO_GLOSS","covered with a layer of dust"
"76443",2,"ngu | ngu ngốc","stupid","NO_GLOSS","lacking or marked by lack of intellectual acuity"
"76457",2,"xa | xa xôi","far","NO_GLOSS","at a great distance in time or space or degree"
"76459",2,"xa","distant | remote","NO_GLOSS","apart in space"
"76469",2,"gần","nearby","NO_GLOSS","close at hand"
"76482",2,"bên cạnh | liền | nối","adjacent | next | side by side","NO_GLOSS","nearest in space or position; immediately adjoining without intervening space"
"76547",2,"khoả thân | trần truồng","au naturel | bare | naked | nude","NO_GLOSS","completely unclothed"
"76693",2,"đầu người","per capita","NO_GLOSS","per person"
"76723",2,"hiếm","rare","NO_GLOSS","not widely known; especially valued for its uncommonness"
"76727",2,"bình thường","usual","NO_GLOSS","occurring or encountered or experienced or observed frequently or in accordance with regular practice or procedure"
"76821",2,"độc nhất | duy nhất","alone | unequaled | unequalled | unique | unparalleled","NO_GLOSS","radically distinctive and without equal"
"76876",2,"toàn bộ | toàn thể | 全部 | 全體","whole","NO_GLOSS","including all components without exception; being one unit or constituting the full amount or extent or duration; complete"
"76877",2,"hoàn toàn | toàn bộ | toàn thể","entire | full | total","NO_GLOSS","constituting the full quantity or extent; complete"
"76887",2,"phân nửa","half","NO_GLOSS","consisting of one of two equivalent parts in value or quantity"
"76929",2,"bán phần | một phần","partial","NO_GLOSS","being or affecting only a part; not total"
"77033",2,"đồng trục","coaxal | coaxial","NO_GLOSS","having a common axis"
"77126",2,"đông","crowded","NO_GLOSS","overfilled or compacted or concentrated"
"77279",2,"bằng lòng | hài lòng","satisfied","NO_GLOSS","filled with satisfaction"
"77304",2,"dai dẳng | kiên trì | 堅持","persistent | relentless | unrelenting","NO_GLOSS","never-ceasing"
"77312",2,"không dừng | không ngừng | liên tục","continuous | uninterrupted","NO_GLOSS","continuing in time or space without interruption"
"77367",2,"tiện lợi","convenient","NO_GLOSS","suited to your comfort or purpose or needs"
"77388",2,"kỳ quái","bizarre | eccentric | flakey | flaky | freakish | freaky | gonzo | off-the-wall | outlandish | outre","NO_GLOSS","conspicuously or grossly unconventional or unusual"
"77398",2,"truyền thống","traditional","NO_GLOSS","consisting of or derived from tradition"
"77472",2,"tham nhũng","corrupt","NO_GLOSS","lacking in integrity"
"77475",2,"đồi trụy","depraved | immoral | perverse | perverted | reprobate","NO_GLOSS","marked by immorality; deviating from what is considered right or proper or good"
"77529",2,"đúng","correct | right","NO_GLOSS","free from error; especially conforming to fact or truth"
"77533",2,"không đúng | sai","incorrect | wrong","NO_GLOSS","not correct; not in conformity with fact or truth"
"77584",2,"lễ phép | lịch sự","polite","NO_GLOSS","showing regard for others in manners, speech, behavior, etc."
"77596",2,"sáng tạo","creative | originative","NO_GLOSS","having the ability or power to create"
"77606",2,"khó tin","incredible | unbelievable","NO_GLOSS","beyond belief or understanding"
"77693",2,"đa chiều","multidimensional","NO_GLOSS","having or involving or marked by several dimensions or aspects"
"77698",2,"cắt","cut","NO_GLOSS","separated into parts or laid open or penetrated with a sharp edge or instrument"
"77725",2,"hiện nay | nay","current","NO_GLOSS","occurring in or belonging to the present time"
"77773",2,"thủ công | 手工","hand-crafted | handmade","NO_GLOSS","made by hand or a hand process"
"77836",2,"điếc","deaf","NO_GLOSS","lacking or deprive of the sense of hearing wholly or in part"
"77888",2,"cạn | nông","shallow","NO_GLOSS","lacking physical depth; having little spatial extension downward or inward from an outer surface or backward or outward from a center"
"77982",2,"dể bể | dễ vỡ","delicate | fragile | frail","NO_GLOSS","easily broken or damaged or destroyed"
"78014",2,"dân chủ | 民主","democratic","NO_GLOSS","characterized by or advocating or based upon the principles of democracy or social equality"
"78026",2,"quân chủ","monarchal | monarchic | monarchical","NO_GLOSS","ruled by or having the supreme power resting with a monarch"
"78074",2,"độc lập","independent","NO_GLOSS","free from external control and constraint"
"78107",2,"bán chạy | đắt hàng","coveted | desired | in demand | sought after","NO_GLOSS","greatly desired"
"78180",2,"khó | khó khăn","difficult | hard","NO_GLOSS","not easy; requiring great physical or mental effort to accomplish or comprehend or endure"
"78199",2,"dễ | dễ dàng","easy","NO_GLOSS","posing no difficulty; requiring little effort"
"78207",2,"tiện lợi","user-friendly","NO_GLOSS","easy to use"
"78443",2,"say | xỉn","drunk | inebriated | intoxicated","NO_GLOSS","stupefied or excited by a chemical substance (especially alcohol)"
"78451",2,"phê","hopped-up | stoned","NO_GLOSS","under the influence of narcotics"
"78533",2,"ban đầu | đầu mùa | sớm","early","NO_GLOSS","at or near the beginning of a period of time or course of events or before the usual or expected time"
"78549",2,"muộn | trễ","late","NO_GLOSS","being or occurring at an advanced period of time or after a usual or expected time"
"78582",2,"đông","eastern","NO_GLOSS","lying toward or situated in the east"
"78592",2,"tây","western","NO_GLOSS","relating to or characteristic of regions of western parts of the world"
"78626",2,"dốt nát | mù chữ | ngu dốt","ignorant | nescient | unenlightened | unlearned | unlettered","NO_GLOSS","uneducated in general; lacking knowledge or sophistication"
"79092",2,"kích thích","excited","NO_GLOSS","in an aroused state"
"79159",2,"bất ngờ","unexpected","NO_GLOSS","not expected or anticipated"
"79183",2,"đắt | đắt tiền | mắc","expensive","NO_GLOSS","high in price or charging high prices"
"79188",2,"rẻ","cheap | inexpensive","NO_GLOSS","relatively low in price or charging low prices"
"79216",2,"thần bí | 神秘","cryptic | cryptical | deep | inscrutable | mysterious | mystifying","NO_GLOSS","of an obscure nature"
"79326",2,"chung thủy","faithful","NO_GLOSS","steadfast in affection or allegiance"
"79337",2,"trung thành","loyal","NO_GLOSS","steadfast in allegiance or duty"
"79367",2,"lạ | lạ lùng","strange | unusual","NO_GLOSS","being definitely out of the ordinary and unexpected; slightly odd or even a bit weird"
"79421",2,"cao tốc","high-speed | high-velocity","NO_GLOSS","operating at high speed"
"79426",2,"nhanh","quick | speedy","NO_GLOSS","accomplished rapidly and without delay"
"79433",2,"chậm | chậm chạp","slow","NO_GLOSS","not moving quickly; taking a comparatively long time"
"79470",2,"béo | béo phì | mập","fat","NO_GLOSS","having much flesh (especially fat)"
"79606",2,"cuối | cuối cùng","concluding | final | last | terminal","NO_GLOSS","occurring at or forming an end or termination"
"79820",2,"hên | may | may mắn","lucky","NO_GLOSS","blessed with good fortune"
"79831",2,"thơm","fragrant","NO_GLOSS","pleasant-smelling"
"79896",2,"tự do","free","NO_GLOSS","able to act at will; not hampered; not under compulsion or restraint"
"79906",2,"rộng","loose","NO_GLOSS","not restrained or confined or attached"
"79951",2,"mốc | mốc meo","moldy | mouldy | musty","NO_GLOSS","covered with or smelling of mold"
"79974",2,"xông khói","smoke-cured | smoke-dried | smoked","NO_GLOSS","(used especially of meats and fish) dried and cured by hanging in wood smoke"
"80034",2,"đầy","full","NO_GLOSS","containing as much or as many as is possible or normal"
"80035",2,"ngập","afloat | awash | flooded | inundated | overflowing","NO_GLOSS","covered with water"
"80073",2,"làm thêm","part-time | parttime","NO_GLOSS","involving less than the standard or customary time for an activity"
"80163",2,"đặc biệt | 特別","particular | peculiar | special","NO_GLOSS","unique or specific to a person or thing or category"
"80222",2,"giả | nhái","bastard | bogus | fake | phoney | phony","NO_GLOSS","fraudulent; having a misleading appearance"
"80256",2,"vinh quang","glorious","NO_GLOSS","having or deserving or conferring glory"
"80269",2,"hay | tốt | tuyệt","good","NO_GLOSS","having desirable or positive qualities especially those suitable for a thing specified"
"80279",2,"dở | xấu","bad","NO_GLOSS","having undesirable or negative qualities"
"80307",2,"ác","evil","NO_GLOSS","morally bad or wrong"
"80313",2,"đáng khinh","despicable | slimy | ugly | unworthy | vile | worthless | wretched","NO_GLOSS","morally reprehensible"
"80346",2,"vụng về","clumsy | clunky | gawky | ungainly | unwieldy","NO_GLOSS","lacking grace in movement or posture"
"80359",2,"đột ngột | thình lình","sudden","NO_GLOSS","happening without warning or in a short space of time"
"80386",2,"biết ơn","grateful | thankful","NO_GLOSS","feeling or showing gratitude"
"80395",2,"hạnh phúc | mừng | vui","happy","NO_GLOSS","enjoying or showing or marked by joy or pleasure or good fortune"
"80404",2,"khốn khổ","miserable | suffering | wretched","NO_GLOSS","very unhappy; full of misery"
"80422",2,"mềm","soft","NO_GLOSS","yielding readily to pressure or weight"
"80514",2,"khỏe mạnh","healthy","NO_GLOSS","having or indicating good health in body or mind; free from infirmity or disease"
"80560",2,"cháy nắng","sunburned | sunburnt","NO_GLOSS","suffering from overexposure to direct sunlight"
"80602",2,"nặng","heavy","NO_GLOSS","of comparatively great physical weight or density"
"80747",2,"cao | cao cấp","high","NO_GLOSS","greater than normal in degree or intensity or amount"
"80818",2,"thành thật","honest | honorable","NO_GLOSS","not disposed to cheat or defraud; not deceptive or fraudulent"
"80868",2,"ngang","horizontal","NO_GLOSS","parallel to or in the plane of the horizon or a base line"
"80955",2,"nóng","hot","NO_GLOSS","used of physical heat; having a high or higher than desirable temperature or giving off heat or feeling or causing a sensation of heat or burning"
"80978",2,"lạnh | lạnh lẽo | nguội","cold","NO_GLOSS","used of physical coldness; having a low or inadequate temperature or feeling a sensation of coldness or having been made cold by e.g. ice or refrigeration"
"81037",2,"độc ác","barbarous | brutal | cruel | fell | roughshod | savage | vicious","NO_GLOSS","(of persons or their actions) able or disposed to inflict pain or suffering"
"81046",2,"buồn cười | khôi hài | ngồ ngộ","amusing | comic | comical | funny | laughable | mirthful | risible","NO_GLOSS","arousing or provoking laughter"
"81063",2,"đói","hungry","NO_GLOSS","feeling hunger; feeling a need or desire to eat food"
"81102",2,"quan trọng","important | of import","NO_GLOSS","of great significance or value"
"81108",2,"chính | chủ yếu | cốt yếu | trung ương","cardinal | central | fundamental | key | primal","NO_GLOSS","serving as an essential component"
"81109",2,"chính | chủ yếu","chief | main | primary | principal","NO_GLOSS","most important element"
"81135",2,"ngoạn mục","dramatic | spectacular | striking","NO_GLOSS","sensational in appearance or thrilling in effect"
"81211",2,"sang trọng","epicurean | luxuriant | luxurious | sybaritic | voluptuary | voluptuous","NO_GLOSS","displaying luxury and furnishing gratification to the senses"
"81284",2,"đông | đông đảo","populous | thickly settled","NO_GLOSS","densely populated"
"81341",2,"có tội | phạm tội | tội lỗi","guilty","NO_GLOSS","responsible for or chargeable with a reprehensible act; or marked by guilt"
"81427",2,"thông minh | 聰明","intelligent","NO_GLOSS","having the capacity for thought and reason especially to a high degree"
"81478",2,"hay | thú vị","interesting","NO_GLOSS","arousing or holding the attention"
"81574",2,"vui | vui lòng | vui mừng","glad","NO_GLOSS","showing or causing joy and pleasure; especially made happy"
"81587",2,"hí hửng","overjoyed","NO_GLOSS","extremely joyful"
"81605",2,"vui","gay | jocund | jolly | jovial | merry | mirthful","NO_GLOSS","full of or showing high-spirited merriment"
"81631",2,"tốt bụng","kind","NO_GLOSS","having or showing a tender and considerate and helpful nature; used especially of persons and their behavior"
"81647",2,"nổi danh | nổi tiếng | 𬈗名 | 𬈗㗂","celebrated | famed | famous | far-famed | illustrious | notable | noted | renowned","NO_GLOSS","widely known and esteemed"
"81652",2,"không biết","unknown","NO_GLOSS","not known"
"81705",2,"khổng lồ","enormous | tremendous","NO_GLOSS","extraordinarily large in size or extent or amount or power or degree"
"81710",2,"khổng lồ","gigantic | mammoth","NO_GLOSS","so exceedingly large or extensive as to suggest a giant or mammoth"
"81711",2,"tuyệt quá | vĩ đại","great","NO_GLOSS","relatively large in size or number or extent; larger than others of its kind"
"81739",2,"bé | nhỏ","little | small","NO_GLOSS","limited or below average in number or quantity or magnitude or extent"
"81740",2,"tí hon","bantam | diminutive | flyspeck | lilliputian | midget | petite | tiny","NO_GLOSS","very small"
"81795",2,"luật","legal","NO_GLOSS","established by or founded upon law or official or accepted rules"
"81803",2,"trái phép","illegal","NO_GLOSS","prohibited by law or by official or accepted rules"
"81909",2,"nghĩa bóng","figurative | nonliteral","NO_GLOSS","(used of the meanings of words or text) not literal; using figures of speech"
"82024",2,"dài","long","NO_GLOSS","primarily temporal sense; being or indicating a relatively great or greater than average duration or passage of time or a duration as specified"
"82048",2,"ngắn","short","NO_GLOSS","primarily temporal sense; indicating or being or seeming to be limited in duration"
"82089",2,"lạc","lost","NO_GLOSS","no longer in your possession or control; unable to be found or recovered"
"82109",2,"to","loud","NO_GLOSS","characterized by or producing sound of great volume or intensity"
"82166",2,"thân | thân ái | thân mến | yêu dấu | yêu quý","beloved | darling | dear","NO_GLOSS","dearly loved"
"82262",2,"nam","male","NO_GLOSS","being the sex (of plant or animal) that produces gametes (spermatozoa) that perform the fertilizing function in generation"
"82268",2,"cái | gái | mái | nữ","female","NO_GLOSS","being the sex (of plant or animal) that produces fertilizable gametes (ova) from which offspring develop"
"82290",2,"có chồng | có vợ | cưới | kết hôn","married","NO_GLOSS","joined in matrimony"
"82366",2,"chín nẫu | già | nẫu","overripe","NO_GLOSS","too ripe and beginning to turn soft"
"82379",2,"tối đa","maximal | maximum","NO_GLOSS","the greatest or most complete or best possible"
"82392",2,"vô nghĩa","meaningless | nonmeaningful","NO_GLOSS","having no meaning or direction or purpose"
"82461",2,"tàn nhẫn","pitiless | remorseless | ruthless | unpitying","NO_GLOSS","without mercy or pity"
"82596",2,"phải chăng | vừa phải","moderate","NO_GLOSS","being within reasonable or average limits; not excessive or extreme"
"82625",2,"tiền chiến","antebellum","NO_GLOSS","belonging to a period before a war especially the American Civil War"
"82714",2,"đông | nhiều","numerous","NO_GLOSS","amounting to a large indefinite number"
"82737",2,"có chết","mortal","NO_GLOSS","subject to death"
"82739",2,"bất tử","immortal","NO_GLOSS","not subject to death"
"82789",2,"đơ | đứng","inactive | motionless | static | still","NO_GLOSS","not in physical motion"
"82812",2,"quốc tế | 國際","international","NO_GLOSS","concerning or belonging to all or at least two or more nations"
"82865",2,"cần | cần thiết","necessary","NO_GLOSS","absolutely essential"
"82898",2,"tốt","nice","NO_GLOSS","pleasant or pleasing or agreeable in nature or appearance"
"82933",2,"trung bình","average | mean","NO_GLOSS","approximating the statistical norm or average or expected value"
"82995",2,"bắc","northern","NO_GLOSS","in or characteristic of a region of the United States north of (approximately) the Mason-Dixon line"
"83036",2,"tuân lời | vâng lời","obedient","NO_GLOSS","dutifully complying with the commands or instructions of those in authority"
"83107",2,"ghê | gớm | tởm","disgustful | disgusting | distasteful | foul | loathly | loathsome | repellant | repellent | repelling | revolting | skanky | wicked | yucky","NO_GLOSS","highly offensive; arousing aversion or disgust"
"83133",2,"chống tăng","antitank","NO_GLOSS","designed for defense against armored vehicles"
"83186",2,"cũ","antediluvian | antiquated | archaic","NO_GLOSS","so extremely old as seeming to belong to an earlier period"
"83192",2,"thượng cổ | xa xưa","immemorial","NO_GLOSS","long past; beyond the limits of memory or tradition or recorded history"
"83199",2,"mới","new","NO_GLOSS","not of long duration; having just (or relatively recently) come into being or been made or acquired or discovered"
"83207",2,"gần đây","recent","NO_GLOSS","being new in a time not long past"
"83215",2,"cũ","old","NO_GLOSS","(used especially of persons) having lived for a relatively long time or attained a specific age"
"83249",2,"mới sinh","newborn","NO_GLOSS","recently borne"
"83272",2,"mở","open | unfastened","NO_GLOSS","affording unobstructed entrance and exit; not shut or closed"
"83280",2,"đóng","closed","NO_GLOSS","not open or affording passage or access"
"83412",2,"phi thường","extraordinary","NO_GLOSS","beyond what is ordinary or usual; highly unusual or exceptional or remarkable"
"83475",2,"nhàm","banal | commonplace | hackneyed | old-hat | shopworn | stock | threadbare | timeworn | tired | trite | well-worn","NO_GLOSS","repeated too often; overfamiliar through overuse"
"83623",2,"đau đớn","raw | sensitive | sore | tender","NO_GLOSS","hurting"
"83769",2,"kiên nhẫn","patient","NO_GLOSS","enduring trying circumstances with even temper or characterized by such endurance"
"83800",2,"hòa bình","peaceful","NO_GLOSS","not disturbed by strife or turmoil or war"
"83877",2,"lâm thời | tạm thời","impermanent | temporary","NO_GLOSS","not permanent; not lasting"
"84138",2,"dễ chịu","pleasant","NO_GLOSS","affording pleasure; being in harmony with your taste or likings"
"84158",2,"hân hạnh","pleased","NO_GLOSS","experiencing or manifesting pleasure"
"84167",2,"chán","disgusted | fed up | sick | sick of | tired of","NO_GLOSS","having a strong distaste from surfeit"
"84221",2,"chính trị","political","NO_GLOSS","involving or characteristic of politics or parties or politicians"
"84245",2,"tiêu cực","negative","NO_GLOSS","characterized by or displaying negation or denial or opposition or resistance; having no positive features"
"84273",2,"không thể","impossible","NO_GLOSS","not capable of occurring or being accomplished or dealt with"
"84286",2,"hùng cường | hùng mạnh | mạnh mẽ","powerful","NO_GLOSS","having great power or force or potency or effect"
"84287",2,"toàn năng | 全能","all-powerful | almighty | omnipotent","NO_GLOSS","having unlimited power"
"84419",2,"mất","lacking | missing | nonexistent | wanting","NO_GLOSS","not existing"
"84470",2,"riêng tư","private","NO_GLOSS","confined to particular persons or groups or providing privacy"
"84640",2,"hãnh diện | tự hào","proud","NO_GLOSS","feeling self-respect or pleasure in something by which you measure your self-worth; or being a reason for pride"
"84641",2,"kênh kiệu | kiêu | kiêu căng | kiêu ngạo | ngạo mạn | ngạo nghễ","arrogant | chesty | self-important","NO_GLOSS","having or showing feelings of unwarranted importance out of overbearing pride"
"84646",2,"tự trọng","dignified | self-respectful | self-respecting","NO_GLOSS","having or showing self-esteem"
"84784",2,"chất | phẩm chất | tính chất","qualitative","NO_GLOSS","involving distinctions based on qualities"
"84786",2,"lượng | số lượng","quantitative","NO_GLOSS","expressible as a quantity or relating to or susceptible of measurement"
"84812",2,"yên lặng","silent | soundless | still","NO_GLOSS","marked by absence of sound"
"84815",2,"ầm | ồn","noisy","NO_GLOSS","full of or characterized by loud and nonmusical sounds"
"84831",2,"im lặng | yên tĩnh | 安靜","quiet","NO_GLOSS","characterized by an absence or near absence of agitation or activity"
"84857",2,"mê tín","superstitious","NO_GLOSS","showing ignorance or the laws of nature and faith in magic or chance"
"84877",2,"sẵn sàng","ready","NO_GLOSS","completely prepared or in condition for immediate action or use or progress"
"84888",2,"thật","existent | real","NO_GLOSS","being or occurring in fact or actuality; having verified existence; not illusory"
"85022",2,"hàng ngày | hằng ngày | mỗi ngày","daily | day-after-day | day-to-day | every day","NO_GLOSS","occurring or done each day"
"85380",2,"giàu","affluent | flush | loaded | moneyed | wealthy","NO_GLOSS","having an abundant supply of money or possessions of value"
"85440",2,"trái","left","NO_GLOSS","being or located on or directed toward the side of the body to the west when facing north"
"85476",2,"tròn | xoe","circular | round","NO_GLOSS","having a circular shape"
"85559",2,"rỉ","rusty","NO_GLOSS","covered with or consisting of rust"
"85569",2,"linh thiêng | thiêng liêng","hallowed | sacred","NO_GLOSS","worthy of religious veneration"
"85579",2,"tôn giáo | 宗教","religious | spiritual","NO_GLOSS","concerned with sacred matters or religion or the church"
"85590",2,"an toàn","safe","NO_GLOSS","free from danger or the risk of harm"
"85596",2,"nguy hiểm","dangerous | unsafe","NO_GLOSS","involving or causing danger or risk; liable to hurt or harm"
"85623",2,"đồng nhất | hệt | y hệt","identical | indistinguishable","NO_GLOSS","exactly alike; incapable of being perceived as different"
"85626",2,"khác","different","NO_GLOSS","unlike in nature or quality or form or degree"
"85628",2,"khác nhau","assorted | various","NO_GLOSS","of many different kinds purposefully arranged but lacking any uniformity"
"85640",2,"cùng một | giống nhau | một thứ | như nhau","same","NO_GLOSS","same in identity"
"85643",2,"khác","other","NO_GLOSS","not the same one or ones already mentioned or implied"
"85665",2,"cuồng | điên | điên rồ","insane","NO_GLOSS","afflicted with or characteristic of mental derangement"
"85668",2,"cuồng | điên | điên rồ","brainsick | crazy | demented | distracted | disturbed | mad | sick | unbalanced | unhinged","NO_GLOSS","affected with madness or insanity"
"85720",2,"bác học","erudite | learned","NO_GLOSS","having or showing profound knowledge"
"85725",2,"công nghệ","technological","NO_GLOSS","based in scientific and industrial progress"
"85762",2,"bí mật | 祕密","secret","NO_GLOSS","not open or public; kept private or not revealed"
"85877",2,"vô hồn","soulless","NO_GLOSS","lacking sensitivity or the capacity for deep feeling"
"85897",2,"rời rạc","discrete | distinct","NO_GLOSS","constituting a separate entity or part"
"86011",2,"tình ái | tình dục","erotic | titillating","NO_GLOSS","giving sexual pleasure; sexually arousing"
"86022",2,"khiêu dâm","pornographic","NO_GLOSS","designed to arouse lust"
"86204",2,"đui | đui mù | mù","blind | unsighted","NO_GLOSS","unable to see"
"86301",2,"giản dị | mộc mạc","simple","NO_GLOSS","having few parts; not complex or complicated or involved"
"86309",2,"phức tạp | 複雜","complicated","NO_GLOSS","difficult to analyze or understand"
"86315",2,"phức tạp | 複雜","intricate","NO_GLOSS","having many complexly arranged elements; elaborate"
"86645",2,"giỏi | khéo | khéo léo","adept | expert | good | practiced | proficient | skilful | skillful","NO_GLOSS","having or showing knowledge and skill and aptitude"
"86704",2,"mượt | trơn","smooth","NO_GLOSS","having a surface free from roughness or bumps or ridges or irregularities"
"86749",2,"nhăn | nhàu","wrinkled | wrinkly","NO_GLOSS","marked with wrinkles or furrows"
"86849",2,"rắn","solid","NO_GLOSS","of definite shape and volume; firm; neither liquid nor gaseous"
"86857",2,"lỏng | nước","liquid","NO_GLOSS","existing as or having characteristics of a liquid; especially tending to flow"
"86913",2,"ngây thơ | ngờ nghệch","naif | naive","NO_GLOSS","marked by or showing unaffected simplicity and lack of guile or worldly experience"
"86999",2,"hữu thanh","soft | sonant | voiced","NO_GLOSS","produced with vibration of the vocal cords"
"87058",2,"chuẩn","standard","NO_GLOSS","conforming to or constituting a standard of measurement or value; or of the usual or regularized or accepted kind"
"87168",2,"cong","curved | curving","NO_GLOSS","having or marked by a curve or smoothly rounded bend"
"87211",2,"mạnh","strong","NO_GLOSS","having strength or power greater than average or expected"
"87229",2,"yếu","weak","NO_GLOSS","having little physical or spiritual strength"
"87243",2,"bướng bỉnh | ngoan cú","obstinate | stubborn | unregenerate","NO_GLOSS","tenaciously unwilling or marked by tenacious unwillingness to yield"
"87267",2,"thành công","successful","NO_GLOSS","having succeeded or being marked by a favorable outcome"
"87283",2,"thất vọng | 失望","defeated | disappointed | discomfited | foiled | frustrated | thwarted","NO_GLOSS","disappointingly unsuccessful"
"87316",2,"trịch thượng","arch | condescending | patronising | patronizing","NO_GLOSS","(used of behavior or attitude) characteristic of those who treat others with condescension"
"87330",2,"siêu","a-one | ace | crack | fantastic | first-rate | super | tiptop | topnotch | tops","NO_GLOSS","of the highest quality"
"87337",2,"tuyệt vời | ưu | xuất sắc","excellent | fantabulous | first-class","NO_GLOSS","of the highest quality"
"87428",2,"ngạc nhiên","surprised","NO_GLOSS","taken unawares or suddenly and feeling wonder or astonishment"
"87487",2,"ngọt","sweet","NO_GLOSS","having or denoting the characteristic taste of sugar"
"87639",2,"ngon | thơm ngon","delectable | delicious | luscious | pleasant-tasting | scrumptious | toothsome | yummy","NO_GLOSS","extremely pleasing to the sense of taste"
"87718",2,"dày","thick","NO_GLOSS","not thin; of a specific thickness or of relatively great extent from one surface to the opposite usually in the smallest of the three solid dimensions"
"87729",2,"mảnh | mỏng","thin","NO_GLOSS","of relatively small extent from one surface to the opposite or in cross section"
"87778",2,"tằn tiện","economical | frugal | scotch | sparing | stinting","NO_GLOSS","avoiding waste"
"87960",2,"độc","toxic","NO_GLOSS","of or relating to or caused by a toxin or poison"
"88024",2,"phải | thật","true","NO_GLOSS","consistent with fact or reality; not false"
"88241",2,"dùng được | khả dụng","usable | useable","NO_GLOSS","capable of being put to use"
"88244",2,"vô dụng","useless","NO_GLOSS","having no beneficial use or incapable of functioning usefully"
"88264",2,"quý báu | quý giá","valuable","NO_GLOSS","having great material or monetary value especially for use or exchange"
"88344",2,"khả kiến","seeable | visible","NO_GLOSS","capable of being seen; or open to easy view"
"88351",2,"ẩn hình | tàng hình | vô hình","invisible | unseeable","NO_GLOSS","impossible or nearly impossible to see; imperceptible by the eye"
"88353",2,"ẩn","concealed | hidden | out of sight","NO_GLOSS","not accessible to view"
"88419",2,"ấm","warm","NO_GLOSS","having or producing a comfortable and agreeable degree of heat or imparting or maintaining heat"
"88423",2,"mát | mát mẻ","cool","NO_GLOSS","neither warm nor very cold; giving relief from heat"
"88492",2,"khỏe | mạnh","well","NO_GLOSS","in good health especially after having suffered illness or injury"
"88534",2,"ẩm","damp | dampish | moist","NO_GLOSS","slightly wet"
"88537",2,"phùn","drippy | drizzly","NO_GLOSS","wet with light rain"
"88539",2,"ẩm","humid","NO_GLOSS","containing or characterized by a great deal of water vapor"
"88546",2,"có mưa | trời mưa","rainy | showery","NO_GLOSS","(of weather) wet by periods of rain"
"88553",2,"khô","dry","NO_GLOSS","free from liquid or moisture; lacking natural or normal moisture or depleted of water; or no longer wet"
"88602",2,"rộng","broad | wide","NO_GLOSS","having great (or a certain) extent from one side to the other"
"88666",2,"dại dột","foolish","NO_GLOSS","devoid of good sense or judgment"
"88669",2,"ngu","cockamamie | cockamamy | goofy | sappy | silly | wacky | whacky | zany","NO_GLOSS","ludicrous, foolish"
"90019",2,"quân đội | quân sự | 軍事 | 軍隊","military","NO_GLOSS","of or relating to the study of the principles of warfare"
"90204",2,"hoàng gia | quí tộc","royal","NO_GLOSS","of or relating to or indicative of or issued or performed by a king or queen or other monarch"
"90229",2,"khoa học","scientific","NO_GLOSS","of or relating to the practice of science"
"90417",2,"thành phố","urban","NO_GLOSS","relating to or concerned with a city or densely populated area"
"90476",2,"văn chương | văn học","literary","NO_GLOSS","of or relating to or characteristic of literature"
"90561",2,"ngôn ngữ","lingual | linguistic","NO_GLOSS","consisting of or related to language"
"90676",2,"ngực","pectoral | thoracic","NO_GLOSS","of or relating to the chest or thorax"
"90766",2,"cộng sản | 共產","communist | communistic","NO_GLOSS","relating to or marked by communism"
"90920",2,"văn hoá","cultural","NO_GLOSS","of or relating to the arts and manners that a group favors"
"91057",2,"lịch sử","historical","NO_GLOSS","of or relating to the study of history"
"91092",2,"điện từ","electromagnetic","NO_GLOSS","pertaining to or exhibiting magnetism produced by electric charge in motion"
"91445",2,"quốc hội","congressional","NO_GLOSS","of or relating to congress"
"91488",2,"dân tộc | quốc gia","national","NO_GLOSS","of or relating to or belonging to a nation or country"
"91540",2,"mét","metric | metrical","NO_GLOSS","based on the meter as a standard of measurement"
"91567",2,"社會主義","socialist | socialistic","NO_GLOSS","of or relating to or promoting or practicing socialism"
"91575",2,"tiến hóa","evolutionary","NO_GLOSS","of or relating to or produced by evolution"
"92637",3,"hô hấp | thở | 呼吸","breathe | respire | suspire | take a breath","NO_GLOSS","draw air into, and expel out of, the lungs"
"92654",3,"ho","cough","NO_GLOSS","exhale abruptly, as when one has a chest cold or congestion"
"92678",3,"cư xử","act | behave | do","NO_GLOSS","behave in a certain manner; show a certain behavior; conduct or comport oneself"
"92699",3,"ngủ | ngủ gục","catch some z's | kip | log z's | sleep | slumber","NO_GLOSS","be asleep"
"92701",3,"ngủ gật","doze | drowse | snooze","NO_GLOSS","sleep lightly or for a short period of time"
"92711",3,"ngáy","saw logs | saw wood | snore","NO_GLOSS","breathe noisily during one's sleep"
"92712",3,"ngủ gục","dope off | doze off | drift off | drop off | drowse off | fall asleep | flake out | nod off","NO_GLOSS","change from a waking to a sleeping state"
"92715",3,"đi ngủ","bed | crawl in | go to bed | go to sleep | hit the hay | hit the sack | kip down | retire | sack out | turn in","NO_GLOSS","prepare for sleep"
"92718",3,"dậy | dậy lên | thức | thức dậy","arouse | awake | awaken | come alive | wake | wake up | waken","NO_GLOSS","stop sleeping"
"92719",3,"dậy | dậy lên | thức | thức dậy","arouse | awaken | rouse | wake | wake up | waken","NO_GLOSS","cause to become awake or conscious"
"92763",3,"cười | cười mỉm","smile","NO_GLOSS","change one's facial expression by spreading the lips, often to signal pleasure"
"92781",3,"cười","express joy | express mirth | laugh","NO_GLOSS","produce laughter"
"92800",3,"rửa ráy | tắm | tắm gội | tắm rửa","bathe","NO_GLOSS","cleanse the entire body"
"92808",3,"cạo","shave","NO_GLOSS","remove body hair with a razor"
"92879",3,"mặc","assume | don | get into | put on | wear","NO_GLOSS","put clothing on one's body"
"92889",3,"đeo | đi | mặc | mang","have on | wear","NO_GLOSS","be dressed in"
"92898",3,"thụ phấn","cross-pollinate | pollenate | pollinate","NO_GLOSS","fertilize by transfering pollen"
"92962",3,"khóc","cry | weep","NO_GLOSS","shed tears because of sadness, rage, or pain"
"92968",3,"mướt","perspire | sudate | sweat","NO_GLOSS","excrete perspiration through the pores in the skin"
"93002",3,"chảy máu | xuất huyết","bleed | hemorrhage | shed blood","NO_GLOSS","lose blood from one's body"
"93035",3,"chữa | chữa bệnh","bring around | cure | heal","NO_GLOSS","provide a cure for, make healthy again"
"93059",3,"chích | chích ngừa | chủng | chủng ngừa | tiêm chủng | tiêm phòng","immunise | immunize | inoculate | vaccinate","NO_GLOSS","perform vaccinations or produce immunity in by inoculation"
"93143",3,"đỏ mặt","blush | crimson | flush | redden","NO_GLOSS","turn red, as if in embarrassment or shame"
"93148",3,"tắm nắng","sun | sunbathe","NO_GLOSS","expose one's body to the sun"
"93177",3,"đổi | thay đổi","change","NO_GLOSS","undergo a change; become different in essence; losing one's or its original nature"
"93337",3,"tăng","increase","NO_GLOSS","become bigger or greater in amount"
"93423",3,"chuyển đi | dọn đi","remove | take | take away | withdraw","NO_GLOSS","remove something concrete, as by lifting, pushing, or taking off, or remove something abstract"
"93534",3,"vắt sữa | 𢪱𣳪","milk","NO_GLOSS","take milk from female mammals"
"93568",3,"chữa | sửa | sửa chữa","correct | rectify | right","NO_GLOSS","make right or correct"
"93597",3,"cải thiện | cải tiến","ameliorate | amend | better | improve | meliorate","NO_GLOSS","to make better"
"93631",3,"ướp","marinade | marinate","NO_GLOSS","soak in marinade"
"93733",3,"hạn chế | 限制","bound | confine | limit | restrain | restrict | throttle | trammel","NO_GLOSS","place limits on  (extent or access)"
"93742",3,"nhốt","circumscribe | confine | limit","NO_GLOSS","restrict or confine"
"93747",3,"hạn chế | 限制","curb | curtail | cut back | restrict","NO_GLOSS","place restrictions on"
"93791",3,"gấp đôi | nhân đôi","double | duplicate","NO_GLOSS","increase twofold"
"93863",3,"chửa | sửa | sửa chữa","bushel | doctor | fix | furbish up | mend | repair | restore | touch on","NO_GLOSS","restore by replacing a part or putting together what is torn or broken"
"93981",3,"nhuộm","color | color in | colorise | colorize | colour | colour in | colourise | colourize","NO_GLOSS","add color to"
"94041",3,"nở","bloom | blossom | flower","NO_GLOSS","produce or yield flowers"
"94172",3,"nướng","bake","NO_GLOSS","cook and make edible by putting in a hot oven"
"94198",3,"nướng","roast","NO_GLOSS","cook with dry heat, usually in an oven"
"94306",3,"bắt đầu","begin | commence | get | get down | set about | set out | start | start out","NO_GLOSS","take the first step or steps in carrying out an action"
"94369",3,"chết | mất | qua đời | từ trần","buy the farm | cash in one's chips | choke | conk | croak | decease | die | drop dead | exit | expire | give-up the ghost | go | kick the bucket | pass | pass away | perish | pop off | snuff it","NO_GLOSS","pass from physical life and lose all bodily attributes and functions necessary to sustain life"
"94379",3,"sinh","be born","NO_GLOSS","come into existence through birth"
"94430",3,"đun","heat | heat up","NO_GLOSS","make hot or hotter"
"94450",3,"đun | đun sôi","boil","NO_GLOSS","come to the boiling point and change from a liquid to vapor"
"94473",3,"đổi | thay | thay đổi","change over | shift | switch","NO_GLOSS","make a shift in or exchange of"
"94596",3,"chuẩn bị","fix | gear up | prepare | ready | set | set up","NO_GLOSS","make ready or suitable or equip in advance for a particular purpose or for some use, event, etc"
"94708",3,"bớt | giảm | giảm bớt","bring down | cut | cut back | cut down | reduce | trim | trim back | trim down","NO_GLOSS","cut down on; make a reduction in"
"94735",3,"khuếch đại","amplify | magnify","NO_GLOSS","increase in size, volume or significance"
"94772",3,"khí hoá | 氣化","aerify | gasify | vaporise | vaporize","NO_GLOSS","turn into gas"
"94781",3,"nóng chảy | tan | tan chảy","melt | melt down | run","NO_GLOSS","reduce or cause to be reduced from a solid to a liquid state, usually by heating"
"94805",3,"tẩy sạch | tẩy trống","empty","NO_GLOSS","make void or empty of contents"
"94853",3,"hoãn | trì hoãn","delay | detain | hold up","NO_GLOSS","cause to be slowed down or delayed"
"94857",3,"câu giờ","buy time","NO_GLOSS","act so as to delay an event or action in order to gain an advantage"
"94945",3,"xóa","erase | wipe out","NO_GLOSS","remove from memory or existence"
"94966",3,"hoàn thành | kết thúc | làm xong","complete | finish","NO_GLOSS","come or bring to a finish or an end"
"95146",3,"sủi","bubble","NO_GLOSS","form, produce, or emit bubbles"
"95353",3,"sưng","swell","NO_GLOSS","increase in size, magnitude, number, or intensity"
"95532",3,"hiểu","understand","NO_GLOSS","know and comprehend the nature or meaning of"
"95570",3,"học | học tập | 學習","acquire | larn | learn","NO_GLOSS","gain knowledge or skills"
"95603",3,"ghi chép | ghi nhớ","con | learn | memorise | memorize","NO_GLOSS","commit to memory; learn by heart"
"95619",3,"nhớ","call back | call up | recall | recollect | remember | retrieve | think","NO_GLOSS","recall knowledge from memory; have a recollection"
"95630",3,"quên","bury | forget","NO_GLOSS","dismiss from the mind; stop remembering"
"95686",3,"diễn giải","construe | interpret | see","NO_GLOSS","make sense of; assign a meaning to"
"95695",3,"đọc","read","NO_GLOSS","interpret something that is written or printed"
"95735",3,"giải quyết","figure out | lick | puzzle out | solve | work | work out","NO_GLOSS","find the solution to  (a problem or question) or understand the meaning of"
"95762",3,"trừ","deduct | subtract | take off","NO_GLOSS","make a subtraction"
"95777",3,"phân tích","analyse | analyze | canvas | canvass | examine | study","NO_GLOSS","consider in detail and subject to an analysis in order to discover essential features or meaning"
"95780",3,"chẩn đoán","diagnose | name","NO_GLOSS","determine or distinguish the nature of a problem or an illness through a diagnostic analysis"
"95789",3,"đo | đo lường","measure | measure out | mensurate","NO_GLOSS","determine the measurements of something or somebody, take measurements of"
"95795",3,"thám hiểm | 探險","explore | research | search","NO_GLOSS","inquire into"
"95855",3,"khám | kiểm tra","check | check into | check out | check over | check up on | go over | look into | suss out","NO_GLOSS","examine so as to determine accuracy, quality, or condition"
"95883",3,"chịu đựng","abide | bear | brook | digest | endure | put up | stand | stick out | stomach | suffer | support | tolerate","NO_GLOSS","put up with something or somebody unpleasant"
"95911",3,"chọn | kén chọn | lựa | lựa chọn","choose | pick out | select | take","NO_GLOSS","pick out, select, or choose from a number of alternatives"
"95951",3,"tin | tin tưởng","believe","NO_GLOSS","accept as true; take to be true"
"95975",3,"dựa vào | tin cậy | tín nhiệm | 信𢚁 | 預𠓨","bank | rely | swear | trust","NO_GLOSS","have confidence or faith in"
"95999",3,"tôn trọng","esteem | prise | prize | respect | value","NO_GLOSS","regard highly; think much of"
"96015",3,"quyết định","decide | determine | make up one's mind","NO_GLOSS","reach, make, or come to a decision about something"
"96060",3,"âm mưu | mưu hại","cabal | complot | conjure | conspire | machinate","NO_GLOSS","engage in plotting or enter into a conspiracy, swear together"
"96091",3,"kết nối","associate | colligate | connect | link | link up | relate | tie in","NO_GLOSS","make a logical or causal connection"
"96145",3,"ngạc nhiên","surprise","NO_GLOSS","cause to be surprised"
"96280",3,"thỉnh cầu | yêu cầu | 要求 | 請求","bespeak | call for | quest | request","NO_GLOSS","express the need or desire for; ask for"
"96289",3,"đòi | đòi hỏi | yêu cầu","demand","NO_GLOSS","request urgently and forcefully"
"96312",3,"cầu nguyện","pray","NO_GLOSS","address God; say a prayer"
"96423",3,"hỏi","ask | enquire | inquire","NO_GLOSS","inquire about"
"96443",3,"điện | điện thoại | gọi điện","call | call up | phone | ring | telephone","NO_GLOSS","get or try to get into communication (with someone) by telephone"
"96485",3,"cự tuyệt","rebuff | repel | snub","NO_GLOSS","reject outright and bluntly"
"96502",3,"cho phép","allow | countenance | let | permit","NO_GLOSS","consent to, give permission"
"96512",3,"đồng ý | 同意","agree | concord | concur | hold","NO_GLOSS","be in accord; be in agreement"
"96520",3,"phản đối","object","NO_GLOSS","express or raise an objection or protest or criticism or express dissent"
"96526",3,"phỏng vấn","interview | question","NO_GLOSS","conduct an interview in television, newspaper, and radio reporting"
"96555",3,"hồi âm | hồi đáp | trả lời","answer | reply | respond","NO_GLOSS","reply or respond to"
"96558",3,"chối | chối bỏ","deny","NO_GLOSS","declare untrue; contradict"
"96573",3,"thú nhận | 首認","confess | fink | shrive | squeal","NO_GLOSS","confess to a punishable or reprehensible deed, usually under pressure"
"96596",3,"mắng","bawl out | berate | call down | call on the carpet | chew out | chew up | chide | dress down | have words | jaw | lambast | lambaste | lecture | rag | rebuke | remonstrate | reprimand | reproof | scold | take to task | trounce","NO_GLOSS","censure severely or angrily"
"96651",3,"giả vờ","affect | dissemble | feign | pretend | sham","NO_GLOSS","make believe with the intent to deceive"
"96695",3,"làm nhục | xúc phạm","affront | diss | insult","NO_GLOSS","treat, mention, or speak to rudely"
"96703",3,"chế giễu","barrack | flout | gibe | jeer | scoff","NO_GLOSS","laugh at with contempt and derision"
"96709",3,"chế nhạo | giễu cợt | nhạo báng","blackguard | guy | jest at | laugh at | make fun | poke fun | rib | ridicule | roast","NO_GLOSS","subject to laughter or ridicule"
"96712",3,"chế giểu | chế nhạo","deride","NO_GLOSS","treat or speak of with contempt"
"96754",3,"vỗ tay","acclaim | applaud | clap | spat","NO_GLOSS","clap one's hands or shout after performances to indicate approval"
"96772",3,"chửi rủa | nguyền rủa","anathemise | anathemize | bedamn | beshrew | curse | damn | imprecate | maledict","NO_GLOSS","wish harm upon; invoke evil upon"
"96774",3,"ban phúc | chúc phúc | giáng phúc","bless","NO_GLOSS","give a benediction to"
"96802",3,"khuyên bảo | khuyến cáo","advise | counsel | rede","NO_GLOSS","give advice to"
"96811",3,"đề nghị | 提議","advise | propose | suggest","NO_GLOSS","make a proposal, declare a plan for something"
"96834",3,"nịnh nọt","blandish | flatter","NO_GLOSS","praise somewhat dishonestly"
"96841",3,"chúc mừng","compliment | congratulate","NO_GLOSS","say something to someone that expresses praise"
"96854",3,"hứa","assure | promise","NO_GLOSS","make a promise or commitment"
"96856",3,"cam kết | thề","pledge | plight","NO_GLOSS","promise solemnly and formally"
"96884",3,"bảo lãnh","guarantee | vouch","NO_GLOSS","give surety or assume responsibility"
"96893",3,"biết ơn | cám ơn","give thanks | thank","NO_GLOSS","express gratitude or show appreciation to"
"96915",3,"chào | chào mừng","greet | recognise | recognize","NO_GLOSS","express greetings upon meeting someone"
"96918",3,"bắt tay","shake hands","NO_GLOSS","take someone's hands and shake them as a gesture of greeting or congratulation"
"96948",3,"tha thứ","forgive","NO_GLOSS","stop blaming or grant forgiveness"
"96960",3,"giảm nhẹ | giảm thiểu","extenuate | mitigate | palliate","NO_GLOSS","lessen or to try to lessen the seriousness or extent of"
"96990",3,"hò hét | kêu la | la hét | quát tháo","shout","NO_GLOSS","utter in a loud voice; talk in a loud voice (usually denoting characteristic manner of speaking)"
"96992",3,"la hét","call | cry | holler | hollo | scream | shout | shout out | squall | yell","NO_GLOSS","utter a sudden loud cry"
"96998",3,"rít","pipe | pipe up | shriek | shrill","NO_GLOSS","utter a shrill cry"
"97005",3,"nói thầm | thì thầm","whisper","NO_GLOSS","speak softly; in a low voice"
"97019",3,"cá | cá cược | cược","bet | wager","NO_GLOSS","maintain with or as if with a bet"
"97129",3,"nói","mouth | speak | talk | utter | verbalise | verbalize","NO_GLOSS","express in speech"
"97144",3,"liệt kê","list | name","NO_GLOSS","give or make a list of; name individually; give the names of"
"97153",3,"đếm","count | enumerate | number | numerate","NO_GLOSS","determine the number or amount of"
"97200",3,"lặp | lặp lại","ingeminate | iterate | reiterate | repeat | restate | retell","NO_GLOSS","to say, state, or perform again"
"97207",3,"dịch | phiên dịch | 翻譯","interpret | render | translate","NO_GLOSS","restate (words) from one language into another language"
"97220",3,"nói | nói chuyện | nói được | trò chuyện","speak | talk","NO_GLOSS","exchange thoughts; talk with"
"97306",3,"cà lăm | nói lắp | vấp lưỡi","bumble | falter | stammer | stutter","NO_GLOSS","speak haltingly"
"97332",3,"miêu tả","depict | describe | draw","NO_GLOSS","give a description of"
"97366",3,"chuyển tự","transcribe | transliterate","NO_GLOSS","rewrite in a different script"
"97375",3,"ký tên","sign | subscribe","NO_GLOSS","mark with one's signature; write one's name (on)"
"97410",3,"chụp | chụp ảnh | chụp hình | 𨄴形 | 𨄴影","photograph | shoot | snap","NO_GLOSS","record on photographic film"
"97488",3,"ghi xuống | viết ra","get down | put down | set down | write down","NO_GLOSS","put down in writing; of texts, musical compositions, etc."
"97490",3,"điền vào | ghi vào","complete | fill in | fill out | make out","NO_GLOSS","write all the required information onto a form"
"97507",3,"đề cập","advert | bring up | cite | mention | name | refer","NO_GLOSS","make reference to"
"97528",3,"cho tên | đặt tên","call | name","NO_GLOSS","assign a specified (usually proper) proper name to"
"97554",3,"thảo luận | 討論","discourse | discuss | talk about","NO_GLOSS","to consider or examine in speech or writing"
"97572",3,"chém gió","chaffer | chat | chatter | chew the fat | chitchat | claver | confab | confabulate | gossip | jaw | natter | shoot the breeze | visit","NO_GLOSS","talk socially without exchanging too much information"
"97582",3,"hát nhép","lip-sync | lip-synch","NO_GLOSS","move the lips in synchronization (with recorded speech or song)"
"97605",3,"khịt","snort","NO_GLOSS","indicate contempt by breathing noisily and forcefully through the nose"
"97614",3,"hú | tru","howl | roar | ululate | wail | yaup | yawl","NO_GLOSS","emit long loud cries"
"97853",3,"chiến đấu","contend | fight | struggle","NO_GLOSS","be engaged in a fight; carry on a fight"
"97897",3,"chiến thắng | thắng | thắng lợi","win","NO_GLOSS","be the winner in a contest or competition; be victorious"
"97943",3,"đánh bại | vượt qua","defeat | get the better of | overcome","NO_GLOSS","win a victory over"
"98000",3,"công kích","assail | attack","NO_GLOSS","launch an attack or assault on; begin hostilities or start warfare with"
"98050",3,"bảo vệ","protect","NO_GLOSS","shield from danger, injury, destruction, or damage"
"98144",3,"săn bắn","hunt | hunt down | run | track down","NO_GLOSS","pursue for food or sport (as of wild animals)"
"98184",3,"nhắm","aim | direct | take | take aim | train","NO_GLOSS","aim or direct at; as of blows, weapons, or objects such as photographic equipment"
"98221",3,"dùng | mướn | sử dụng | xài","apply | employ | use | utilise | utilize","NO_GLOSS","put into service; make work or employ           (something) for a particular purpose or for its inherent or natural purpose"
"98261",3,"hàng","dine","NO_GLOSS","have supper; eat dinner"
"98270",3,"uống","drink | imbibe","NO_GLOSS","take in liquids"
"98272",3,"hớp","sip","NO_GLOSS","drink in sips"
"98331",3,"cho ăn","feed","NO_GLOSS","provide as food"
"98403",3,"bỏ | chừa | nghỉ | ngừng | thôi","abstain | desist | refrain","NO_GLOSS","choose not to consume"
"98416",3,"hút | thuốc","smoke","NO_GLOSS","inhale and exhale smoke from cigarettes, cigars, pipes"
"98435",3,"nuốt","get down | swallow","NO_GLOSS","pass through the esophagus as part of eating or drinking"
"98437",3,"cạn","belt down | bolt down | down | drink down | kill | pop | pour down | toss off","NO_GLOSS","drink down entirely"
"98457",3,"chạm | động | đụng | rờ | sờ","touch","NO_GLOSS","make physical contact with, come in contact with"
"98530",3,"bám","adhere | cleave | cling | cohere | stick","NO_GLOSS","come or be in close contact with; stick or hold together and resist separation"
"98558",3,"mơn trớn | vuốt ve","caress","NO_GLOSS","touch or stroke lightly in a loving or endearing manner"
"98766",3,"gọt","pare | peel | skin","NO_GLOSS","strip the skin off"
"98775",3,"phết | phủ | trét","coat | surface","NO_GLOSS","put a coat on; cover the surface of; furnish with a surface"
"98810",3,"giặt | rửa","rinse | wash","NO_GLOSS","clean with some chemical process"
"98886",3,"bao | gói","wrap | wrap up","NO_GLOSS","arrange or fold as a cover or protection"
"98893",3,"cởi | tháo","unbrace | unlace | untie","NO_GLOSS","undo the ties of"
"98898",3,"cột | trói","bind | tie","NO_GLOSS","fasten or secure with a rope, string, or cord"
"99035",3,"bới | đào","cut into | delve | dig | turn over","NO_GLOSS","turn up, loosen, or remove earth"
"99066",3,"tìm | tìm kiếm","look for | search | seek","NO_GLOSS","try to locate or discover, or try to establish the existence of"
"99108",3,"giết","kill","NO_GLOSS","cause to die; put to death, usually intentionally or knowingly"
"99109",3,"tự sát | tự tử","commit suicide","NO_GLOSS","kill oneself"
"99154",3,"che","cover","NO_GLOSS","provide with a covering or cause to be covered"
"99267",3,"nối","connect | link | link up | tie","NO_GLOSS","connect, fasten, or put together two or more pieces"
"99379",3,"phun | xịt","spray","NO_GLOSS","be discharged in sprays of liquid"
"99412",3,"gom | gom góp","collect | garner | gather | pull together","NO_GLOSS","assemble or get together"
"99603",3,"đấm","plug | punch","NO_GLOSS","deliver a quick blow to"
"99639",3,"chèn | nhét","enter | infix | insert | introduce","NO_GLOSS","put or introduce into something"
"99641",3,"luồn ống","cannulate | cannulise | cannulize | canulate | intubate","NO_GLOSS","introduce a cannula or tube into"
"99656",3,"ôm ấp","cuddle | draw close | nest | nestle | nuzzle | snuggle","NO_GLOSS","move or arrange oneself in a comfortable and cozy position"
"99663",3,"giao cấu | làm tình","bang | be intimate | bed | bonk | do it | eff | fuck | get it on | get laid | have a go at it | have intercourse | have it away | have it off | have sex | hump | jazz | know | lie with | love | make love | make out | roll in the hay | screw | sleep with","NO_GLOSS","have sexual intercourse with"
"99681",3,"quay tay","fuck off | jack off | jerk off | masturbate | she-bop | wank","NO_GLOSS","get sexual gratification through self-stimulation"
"99684",3,"hôn | hun","buss | kiss | osculate","NO_GLOSS","touch with the lips or press the lips (against someone's mouth or other body part) as an expression of love, greeting, etc."
"99756",3,"cắn","bite | seize with teeth","NO_GLOSS","to grip, cut off, or tear with or as if with the teeth or jaws"
"99762",3,"ấn | ép | nhấn","press","NO_GLOSS","exert pressure or force to or upon"
"99839",3,"sắp xếp | tổ chức","arrange | set up","NO_GLOSS","put into a proper or systematic order"
"99872",3,"bắt cóc","abduct | kidnap | nobble | snatch","NO_GLOSS","take away to an undisclosed location against their will and usually in order to extract a ransom"
"99887",3,"thả","let go | let go of | release | relinquish","NO_GLOSS","release, as from one's grip"
"99925",3,"treo","hang","NO_GLOSS","be suspended or hanging"
"99994",3,"đặt | để","lay | place | pose | position | put | set","NO_GLOSS","put into a certain place or abstract location"
"100062",3,"chọi | ném | quăng","throw","NO_GLOSS","project through the air"
"100072",3,"bật","switch on | turn on","NO_GLOSS","cause to operate by flipping a switch"
"100073",3,"tắt","cut | switch off | turn off | turn out","NO_GLOSS","cause to stop operating by disengaging a switch"
"100120",3,"đan | dệt","interweave | weave","NO_GLOSS","interlace by or as it by weaving"
"100150",3,"tràn ngập","deluge | flood | inundate | swamp","NO_GLOSS","fill quickly beyond capacity; as with a liquid"
"100151",3,"nhét | nhồi","stuff","NO_GLOSS","fill completely"
"100193",3,"làm sạch | lau","clean | make clean","NO_GLOSS","make clean by removing dirt, filth, or unwanted substances from"
"100231",3,"hấp phụ","adsorb","NO_GLOSS","accumulate    (liquids or gases) on the surface"
"100257",3,"quì","kneel","NO_GLOSS","rest one's weight on one's knees"
"100259",3,"đứng","stand | stand up","NO_GLOSS","be standing; be upright"
"100333",3,"đụng nhau","clash | collide","NO_GLOSS","crash together with violent impact"
"100362",3,"trồng","plant | set","NO_GLOSS","put or set (seeds, seedlings, or plants) into the ground"
"100373",3,"cài đặt","instal | install | put in | set up","NO_GLOSS","set up for use"
"100380",3,"bóp nghẹt","strangle | strangulate | throttle","NO_GLOSS","kill by squeezing the throat of so as to cut off the air"
"100381",3,"chặt đầu | chém đầu","behead | decapitate | decollate","NO_GLOSS","cut the head of"
"100506",3,"hàn","solder","NO_GLOSS","join or fuse with solder"
"100639",3,"sáng tạo | tạo | tạo nên","create | make","NO_GLOSS","make or cause to be or to become"
"100684",3,"đẻ ra | gây nên | gây ra | sinh ra","bring forth | generate","NO_GLOSS","bring into existence"
"100701",3,"phát minh","contrive | devise | excogitate | forge | formulate | invent","NO_GLOSS","come up with  (an idea, plan, explanation, theory, or principle) after a mental effort"
"100716",3,"tưởng tượng","conceive of | envisage | ideate | imagine","NO_GLOSS","form a mental image of something that is not present or that is not the case"
"100721",3,"mơ","daydream | dream | stargaze | woolgather","NO_GLOSS","have a daydream; indulge in a fantasy"
"100797",3,"xây | xây dựng","build | construct | make","NO_GLOSS","make by combining materials and parts"
"100809",3,"cài đặt","configure","NO_GLOSS","set up for a particular purpose"
"100850",3,"nấu | nấu ăn | nấu chín","cook","NO_GLOSS","prepare a hot meal"
"100911",3,"trang trí","adorn | beautify | decorate | embellish | grace | ornament","NO_GLOSS","make more attractive by adding ornament, colour, etc."
"100959",3,"sơn","paint","NO_GLOSS","make a painting"
"101236",3,"bắt chước | nhái | theo đòi","copy | imitate | simulate","NO_GLOSS","reproduce someone's behavior or looks"
"101351",3,"lo | lo lắng | lo ngại","worry","NO_GLOSS","be worried, concerned, anxious, troubled, or uneasy"
"101385",3,"ghét","detest | hate","NO_GLOSS","dislike intensely; feel antipathy or aversion towards"
"101396",3,"ghét | không thích | không ưa","dislike","NO_GLOSS","have or feel a dislike or distaste for"
"101415",3,"hãi | sợ | sợ hãi","fear","NO_GLOSS","be afraid or feel anxious or apprehensive about a possible or probable situation or event"
"101489",3,"hối tiếc","regret | repent | rue","NO_GLOSS","feel remorse for; feel sorry for; be contrite about"
"101520",3,"tra tấn","excruciate | rack | torment | torture","NO_GLOSS","torment emotionally or mentally"
"101604",3,"thưởng thức","bask | enjoy | relish | savor | savour","NO_GLOSS","derive or receive pleasure from; get enjoyment from; take pleasure in"
"101623",3,"cầu mong | chúc | hy vọng | mong | muốn | 希望","wish","NO_GLOSS","hope for; have a wish"
"101628",3,"cần | muốn","desire | want","NO_GLOSS","feel or have a desire for; want strongly"
"101634",3,"thích hơn","prefer","NO_GLOSS","like better; value more highly"
"101635",3,"hy vọng | mong | 希望","desire | hope | trust","NO_GLOSS","expect and wish"
"101641",3,"khâm phục","admire | look up to","NO_GLOSS","feel admiration for"
"101674",3,"chuyển động | du lịch","go | locomote | move | travel","NO_GLOSS","change location; move, travel, or proceed"
"101729",3,"đi | ra đi | rời khỏi","depart | go | go away","NO_GLOSS","move away from a place into another direction"
"101731",3,"đến | lại","come | come up","NO_GLOSS","move toward, travel toward something or somebody or approach something or somebody"
"101753",3,"cấy","transfer | transplant","NO_GLOSS","lift and reset in another soil or situation"
"101781",3,"dừng | dừng lại | ngừng","halt | stop","NO_GLOSS","come to a halt, stop moving"
"101808",3,"lăn","roll | turn over","NO_GLOSS","move by turning over or rotating"
"101829",3,"quét | quét dọn","brush | sweep","NO_GLOSS","sweep across or over"
"101887",3,"lang thang","cast | drift | ramble | range | roam | roll | rove | stray | swan | tramp | vagabond | wander","NO_GLOSS","move about aimlessly or without any destination, often in search of food or employment"
"101924",3,"run","shiver | shudder | thrill | throb","NO_GLOSS","tremble convulsively, as from fear or excitement"
"101927",3,"lắc | lay","agitate | shake","NO_GLOSS","move or cause to move back and forth"
"101952",3,"múa | nhảy","dance","NO_GLOSS","move in a graceful and rhythmical way"
"102015",3,"đi | đi bộ","walk","NO_GLOSS","use one's feet to advance; advance by steps"
"102067",3,"lội","wade","NO_GLOSS","walk (through relatively shallow water)"
"102096",3,"lên | leo | trèo","climb | climb up | go up | mount","NO_GLOSS","go upward with gradual or continuous progress"
"102118",3,"chạy","run","NO_GLOSS","move fast by using one's feet, with one foot off the ground at any given time"
"102133",3,"bước","step","NO_GLOSS","shift or move by taking a step"
"102193",3,"bay","fly | wing","NO_GLOSS","travel through the air; be airborne"
"102229",3,"chèo","row","NO_GLOSS","propel with oars"
"102256",3,"gửi","direct | send","NO_GLOSS","cause to go somewhere"
"102304",3,"bơi | tắm","swim","NO_GLOSS","travel through water"
"102345",3,"dậy | đứng dậy | lên","arise | come up | go up | lift | move up | rise | uprise","NO_GLOSS","move upward"
"102354",3,"xuống","come down | descend | fall | go down","NO_GLOSS","move downward and lower, but not necessarily all the way"
"102359",3,"ngã | rơi | rớt | té","fall","NO_GLOSS","descend in free fall under the influence of gravity"
"102360",3,"đâm | đâm sầm | đụng","crash","NO_GLOSS","fall or come down violently"
"102369",3,"nâng | nhấc","bring up | elevate | get up | lift | raise","NO_GLOSS","raise from a lower to a higher position"
"102377",3,"lụm | lượm | nhặt","gather up | lift up | pick up","NO_GLOSS","take and lift upward"
"102421",3,"đứng dậy","arise | get up | rise | stand up | uprise","NO_GLOSS","rise to one's feet"
"102430",3,"nằm ngả | nằm ngửa | nằm xuống | ngả lưng","lie | lie down","NO_GLOSS","assume a reclining position"
"102491",3,"hành quân","march | process","NO_GLOSS","march in a procession"
"102500",3,"đi theo | theo","follow","NO_GLOSS","to travel behind, go after, come after"
"102517",3,"đuổi | rượt","chase | chase after | dog | give chase | go after | tag | tail | track | trail","NO_GLOSS","go after with the intent to catch"
"102531",3,"trở lại | trở về | về | 𧿨吏 | 𧿨𧗱","come back | get back | go back | return","NO_GLOSS","come back to place where one has been before, or return to a previous activity"
"102536",3,"đến","arrive | come | get","NO_GLOSS","reach a destination; arrive by movement or progress"
"102588",3,"chết | ra","exit | get out | go out | leave","NO_GLOSS","move out of or depart from"
"102593",3,"đi vào | vào | vô","come in | enter | get in | get into | go in | go into | move into","NO_GLOSS","to come or go into"
"102693",3,"uốn cong","bend | flex","NO_GLOSS","form a curve"
"102788",3,"đến | lại | lại gần","approach | come near | come on | draw close | draw near | go up | near","NO_GLOSS","move towards"
"102796",3,"vội | vội vàng","hurry | speed | travel rapidly | zip","NO_GLOSS","move very fast"
"102850",3,"chảy","flow | flux","NO_GLOSS","move or progress freely as if in a stream"
"102874",3,"nhỏ","drip","NO_GLOSS","fall in drops"
"102884",3,"trôi qua","elapse | glide by | go along | go by | lapse | pass | slide by | slip away | slip by","NO_GLOSS","pass by"
"102894",3,"bỏ chạy | bôn | bôn đào","flee | fly | take flight","NO_GLOSS","run away quickly"
"102905",3,"mang","bring | convey | take","NO_GLOSS","take something or somebody with oneself somewhere"
"103009",3,"né | tránh","dodge","NO_GLOSS","make a sudden movement in a new direction so as to avoid"
"103127",3,"nhức","ache | hurt | suffer","NO_GLOSS","feel physical pain"
"103131",3,"đau | nhức","ache | hurt | smart","NO_GLOSS","be the source of pain"
"103145",3,"ngửi","smell","NO_GLOSS","inhale the odor of; perceive by the olfactory sense"
"103165",3,"nhìn thấy | thấy | xem | xem xét","see","NO_GLOSS","perceive by sight or have the power to perceive by sight"
"103170",3,"dòm | ngó | nhìn | nhòm","look","NO_GLOSS","perceive with attention; direct one's gaze towards"
"103215",3,"trưng bày","display | exhibit | expose","NO_GLOSS","to show, make visible or apparent"
"103224",3,"khoe","flash | flaunt | ostentate | show off | swank","NO_GLOSS","display proudly; act ostentatiously or pretentiously"
"103239",3,"giấu","conceal | hide","NO_GLOSS","prevent from being seen or discovered"
"103259",3,"chỉ | tỏ ra","demo | demonstrate | exhibit | present | show","NO_GLOSS","show or demonstrate something to an interested audience"
"103337",3,"nghĩ","contemplate","NO_GLOSS","look at thoughtfully; observe deep in thought"
"103364",3,"nghe","hear","NO_GLOSS","perceive  (sound) via the auditory sense"
"103365",3,"lắng nghe | nghe","listen","NO_GLOSS","hear with intention"
"103431",3,"huýt | huýt gió | huýt sáo","whistle","NO_GLOSS","make whistling sounds"
"103453",3,"nổ bùm | nổ đùng","boom | din","NO_GLOSS","make a resonant sound, like artillery"
"103460",3,"nghe lén","catch | overhear | take in","NO_GLOSS","hear, usually without the knowledge of the speakers"
"103485",3,"nếm","savor | savour | taste","NO_GLOSS","have flavor; taste of something"
"103532",3,"sở hữu","have | own | possess","NO_GLOSS","have ownership or possession of"
"103545",3,"mua","buy | purchase","NO_GLOSS","obtain by purchase; acquire by means of a financial transaction"
"103556",3,"lĩnh | nhận | thu","have | receive","NO_GLOSS","get something; come into possession of"
"103612",3,"bỏ đi | vất | vứt | vứt bỏ","cast aside | cast away | cast out | chuck out | discard | dispose | fling | put away | throw away | throw out | toss | toss away | toss out","NO_GLOSS","throw or cast away"
"103679",3,"chào | chào đón | chào mừng | hoan nghênh | 歡迎","welcome","NO_GLOSS","accept gladly"
"103684",3,"đạt được | giành được | kiếm được | thu được","obtain","NO_GLOSS","come into possession of"
"103696",3,"tìm | tìm kiếm","seek","NO_GLOSS","try to get or reach"
"103706",3,"bán","sell","NO_GLOSS","exchange or deliver for money or its equivalent"
"103736",3,"đăng xuất | 登出","log off | log out","NO_GLOSS","exit a computer"
"103749",3,"thanh toán | trả","pay","NO_GLOSS","give money, usually in exchange for goods or services"
"103808",3,"tốt nghiệp","graduate","NO_GLOSS","receive an academic degree upon completion of one's studies"
"103922",3,"mất","lose","NO_GLOSS","fail to keep or to maintain; cease to have, either physically or in an abstract sense"
"104007",3,"gom góp | thu thập","accumulate | amass | collect | compile | hoard | pile up | roll up","NO_GLOSS","get or gather together"
"104095",3,"ăn cắp | chôm | trộm","steal","NO_GLOSS","take without the owner's consent"
"104106",3,"mượn | vay","borrow","NO_GLOSS","get temporarily"
"104219",3,"nhập cảng | nhập khẩu | 入口","import","NO_GLOSS","bring in from abroad"
"104307",3,"thuê ngoài","outsource","NO_GLOSS","obtain goods or services from an outside supplier; to contract work out"
"104401",3,"thôi việc | về hưu","retire","NO_GLOSS","go into retirement; stop performing one's work or withdraw from one's position"
"104503",3,"lật đổ","bring down | overthrow | overturn | subvert","NO_GLOSS","cause the downfall of; of rulers"
"104523",3,"đấu tranh","fight | struggle","NO_GLOSS","make a strenuous or labored effort"
"104551",3,"làm việc | 爫役","work","NO_GLOSS","exert oneself by doing mental or physical work for a purpose or out of necessity"
"104562",3,"cộng tác","collaborate | cooperate | get together | join forces","NO_GLOSS","work together on a common enterprise of project"
"104586",3,"giải phóng | 解放","free | liberate | loose | release | unloose | unloosen","NO_GLOSS","grant freedom to; free from confinement"
"104595",3,"để | trở","allow | let | permit","NO_GLOSS","make it possible through a specific action or lack of action for something to happen"
"104802",3,"chia","carve up | dissever | divide | separate | split | split up","NO_GLOSS","separate into parts or portions"
"104813",3,"đoàn kết | kết hợp","unify | unite","NO_GLOSS","act in concert or unite in a common purpose or belief"
"104870",3,"合法化","decriminalise | decriminalize | legalise | legalize | legitimate | legitimatise | legitimatize | legitimise | legitimize","NO_GLOSS","make legal"
"104874",3,"ám sát | giết | tàn sát","bump off | dispatch | hit | murder | off | polish off | remove | slay","NO_GLOSS","kill intentionally and with premeditation"
"104910",3,"cưới | kết hôn | lấy chồng | lấy vợ","conjoin | espouse | get hitched with | get married | hook up with | marry | wed","NO_GLOSS","take in marriage"
"104937",3,"bỏ tù","gaol | immure | imprison | incarcerate | jail | jug | lag | put away | put behind bars | remand","NO_GLOSS","lock up or confine, in or as in a jail"
"104960",3,"phạt | trừng phạt","penalise | penalize | punish","NO_GLOSS","impose a penalty on; inflict punishment on"
"105028",3,"nhẹ tay","handle with kid gloves","NO_GLOSS","handle with great care and sensitivity"
"105094",3,"thất bại","fail | neglect","NO_GLOSS","fail to do something; leave something undone"
"105098",3,"cố gắng","assay | attempt | essay | seek | try","NO_GLOSS","make an effort or attempt"
"105102",3,"cố gắng","endeavor | endeavour | strive","NO_GLOSS","attempt by employing effort"
"105104",3,"thử | thử thách","essay | examine | prove | test | try | try out","NO_GLOSS","put to the test, as for its quality, or give experimental use to"
"105129",3,"ảnh hưởng","act upon | influence | work","NO_GLOSS","have and exert influence or effect"
"105157",3,"phục tùng | tuân theo","obey","NO_GLOSS","be obedient to"
"105177",3,"giúp | giúp đỡ | hỗ trợ | trợ giúp","aid | assist | help","NO_GLOSS","give help or assistance; be of service"
"105184",3,"khích | xúi bẩy | xúi giục","abet","NO_GLOSS","assist or encourage, usually in some wrongdoing"
"105193",3,"cứu | cứu nguy | giải thoát","relieve | salvage | salve | save","NO_GLOSS","save from ruin, destruction, or harm"
"105212",3,"cổ vũ","advance | boost | encourage | further | promote","NO_GLOSS","contribute to the progress or growth of"
"105265",3,"phạm tội","sin | transgress | trespass","NO_GLOSS","commit a sin; violate a law of God or a moral law"
"105272",3,"cưỡng dâm | hiếp dâm","assault | dishonor | dishonour | outrage | rape | ravish | violate","NO_GLOSS","force  (someone) to have sex against their will"
"105306",3,"bịp | lừa | lừa bịp","cozen | deceive | delude | lead on","NO_GLOSS","be false to; be dishonest with"
"105336",3,"kiện | thưa kiện","action | litigate | process | sue","NO_GLOSS","institute legal proceedings against; file a suit against"
"105457",3,"duỗi","stretch | stretch along","NO_GLOSS","occupy a large, elongated area"
"105506",3,"sống sót | 𤯨𡄰","endure | go | hold out | hold up | last | live | live on | survive","NO_GLOSS","continue to live; endure or last"
"105573",3,"thiếu","lack | miss","NO_GLOSS","be without"
"105581",3,"chứng minh","prove | turn out | turn up","NO_GLOSS","be shown or be found to be"
"105613",3,"chần chừ | do dự","hesitate | waffle | waver","NO_GLOSS","pause or hold back in uncertainty or unwillingness"
"105737",3,"giống | khác","differ","NO_GLOSS","be different"
"105748",3,"xâm phạm | 侵犯","break | go against | violate","NO_GLOSS","fail to agree with; be in violation of; as of rules or patterns"
"105753",3,"đủ | là đủ","answer | do | serve | suffice","NO_GLOSS","be sufficient; be adequate, either in quality or quantity"
"105762",3,"thỏa mãn | thoả mãn | 妥滿","fulfil | fulfill | live up to | satisfy","NO_GLOSS","fulfil the requirements or expectations of"
"105878",3,"doạ","endanger | imperil | jeopardise | jeopardize | menace | peril | threaten","NO_GLOSS","pose a threat to; present a danger to"
"105918",3,"nặng","weigh","NO_GLOSS","have a certain weight"
"106203",3,"mưa","rain | rain down","NO_GLOSS","precipitate as rain"
"106250",3,"chiếu sáng | soi sáng | toả sáng","reflect | shine","NO_GLOSS","be bright by reflecting or casting light"
"106321",4,"chừng | khoảng","about | approximately | around | close to | just about | more or less | or so | roughly | some","NO_GLOSS","(of quantities) imprecise but fairly close to correct"
"106326",4,"duy nhất","alone | entirely | exclusively | only | solely","NO_GLOSS","without any others being included or involved"
"106335",4,"đầy đủ | hẳn | hoàn toàn","full | fully | to the full","NO_GLOSS","to the greatest degree or extent; completely or entirely; (`full' in this sense is used as a combining form)"
"106382",4,"luôn | luôn luôn | mãi mãi","always | e'er | ever","NO_GLOSS","at all times; all the time and on every occasion"
"106395",4,"đôi khi","at times | from time to time | now and again | now and then | occasionally | on occasion | once in a while","NO_GLOSS","now and then or here and there"
"106397",4,"thỉnh thoảng | 請倘","sometimes","NO_GLOSS","on certain occasions or in certain cases but not always"
"106399",4,"ngày xưa","lang syne | long ago | long since","NO_GLOSS","of the distant or comparatively distant past"
"106411",4,"chả | chẳng | không","non | not","NO_GLOSS","negation of a word or group of words"
"106422",4,"đâu đó","someplace | somewhere","NO_GLOSS","in or at or to some place"
"106451",4,"đã | rồi","already","NO_GLOSS","prior to a specified or implied time"
"106466",4,"hơi | ít | một chút | một ít","a bit | a little | a trifle","NO_GLOSS","to a small degree; somewhat"
"106468",4,"sớm","before long | presently | shortly | soon","NO_GLOSS","in the near future"
"106478",4,"hay | luôn | thường | thường hay","frequently | oft | often | oftentimes | ofttimes","NO_GLOSS","many times at short intervals"
"106481",4,"ít khi","rarely | seldom","NO_GLOSS","not often"
"106486",4,"hơi","slightly | somewhat","NO_GLOSS","to a small degree or extent"
"106491",4,"thật sự","genuinely | really | truly","NO_GLOSS","in accordance with truth or fact or reality"
"106516",4,"bởi vậy | cho nên | vì thế | 朱𢧚 | 為勢","hence | thence | therefore | thus","NO_GLOSS","(used to introduce a logical conclusion) from that fact or reason or as a result"
"106537",4,"ngoài ra | 外𠚢","additionally | in addition | to boot","NO_GLOSS","by way of addition; furthermore"
"106546",4,"cũng","also | as well | besides | likewise | too","NO_GLOSS","in addition"
"106551",4,"bữa nay | hôm nay | 𣇜𠉞 | 𣋚𠉞","now | nowadays | today","NO_GLOSS","in these times"
"106552",4,"lập tức | ngay","at once | directly | forthwith | immediately | in real time | instantly | like a shot | now | right away | straight off | straightaway","NO_GLOSS","without delay or hesitation; with no time intervening"
"106554",4,"bây giờ | hiện tại","at present | now","NO_GLOSS","at the present moment"
"106632",4,"sau đó | sau này | về sau","after | afterward | afterwards | later | later on | subsequently","NO_GLOSS","happening at a time subsequent to a reference time"
"106634",4,"bỗng | chợt | đột ngột | thình lình","all of a sudden | of a sudden | suddenly","NO_GLOSS","happening unexpectedly"
"106705",4,"gần | gần như","about | all but | almost | just about | most | near | nearly | nigh | virtually | well-nigh","NO_GLOSS","(of actions or states) slightly short of or not quite accomplished"
"106710",4,"trước đây","ago","NO_GLOSS","in the past"
"106723",4,"tới lui","back and forth | backward and forward | to and fro","NO_GLOSS","moving from one place to another and back again"
"106735",4,"ngược lại","conversely","NO_GLOSS","with the terms of the relation reversed"
"106793",4,"lẹ | mau | nhanh","apace | chop-chop | quickly | rapidly | speedily","NO_GLOSS","with rapid movements"
"106807",4,"mãi mãi | vĩnh viễn | 永遠","eternally | everlastingly | evermore | forever","NO_GLOSS","for a limitless time"
"106808",4,"vô cùng","ad infinitum","NO_GLOSS","to infinity; without or seemingly without limit"
"106819",4,"cực độ | hết sức | tột bậc | tột bực | tột cùng | vô cùng","extremely | highly","NO_GLOSS","to a high degree or extent; favorably or with much respect"
"106911",4,"trước hết | trước nhất","first | first of all | first off | firstly | foremost","NO_GLOSS","before anything else"
"106946",4,"dạo này | gần đây | mới đây","late | lately | latterly | of late | recently","NO_GLOSS","in the recent past"
"106950",4,"dần dần","bit by bit | gradually | step by step","NO_GLOSS","in a gradual manner"
"106954",4,"tại đây","here","NO_GLOSS","in or at this place; where the speaker or writer is"
"106959",4,"đằng kia | đó","at that place | in that location | there","NO_GLOSS","in or at that place"
"107029",4,"một lần","in one case | once | one time","NO_GLOSS","on one occasion"
"107190",4,"có lẽ | có thể","belike | in all likelihood | in all probability | likely | probably","NO_GLOSS","with considerable certainty; without much doubt"
"107275",4,"thật ra | thực ra","actually | really","NO_GLOSS","in actual fact"
"107337",4,"hàng loạt | rộ","as a group | en bloc | en masse","NO_GLOSS","all together"
"107343",4,"trước hết | trước nhất","first and foremost | most importantly","NO_GLOSS","of greatest importance"
"107348",4,"vd.","e.g. | for example | for instance","NO_GLOSS","as an example"
"107368",4,"chậm","easy | slow | slowly | tardily","NO_GLOSS","without speed (`slow' is sometimes used informally for `slowly')"
"107392",4,"nghiêm túc","earnestly | in earnest | seriously","NO_GLOSS","in a serious manner"
"107487",4,"ngược lại","contrariwise | the other way around | vice versa","NO_GLOSS","with the order reversed"
"107635",4,"một giờ","o'clock","NO_GLOSS","according to the clock"
"107706",4,"siêu linh","psychically","NO_GLOSS","from a psychic point of view"
"107767",4,"cực kì","supremely","NO_GLOSS","to the maximum degree"
"107786",4,"lộn ngược","upside down","NO_GLOSS","in an inverted manner"
"108259",4,"hoài","ceaselessly | continuously | endlessly | incessantly | unceasingly | unendingly","NO_GLOSS","with unflagging resolve"
"108875",4,"thân mến","sincerely | truly | unfeignedly","NO_GLOSS","with sincerity; without pretense"
"109137",4,"nhiều quá","overmuch | too much","NO_GLOSS","more than necessary"
"109616",4,"mai | ngày mai","tomorrow","NO_GLOSS","the next day, the day after, following the present day"
