concept_id,part_of_speech,lemmas,arabizi,english_lemmas,gloss,english_gloss
2,1,اسم | اسمية,smia,name,NO_GLOSS,a language unit by which a person or thing is known
41,1,ماكلة,makla,food | nutrient,NO_GLOSS,any substance that can be metabolized by an organism to give energy and build tissue
608,1,بوسة,,buss | kiss | osculation,NO_GLOSS,the act of caressing with the lips (or an instance thereof)
3070,1,نجارة,,carpentry | woodwork | woodworking,NO_GLOSS,the craft of a carpenter: making things out of wood
6113,1,عْوين,mosa3ada,aid | assist | assistance | help,NO_GLOSS,the activity of contributing to the fulfillment of a need or furtherance of an effort or purpose
6264,1,انتقام,,retaliation | revenge,NO_GLOSS,action taken in return for an injury or offense
7183,1,بيض | بيضة,biDa,egg,NO_GLOSS,animal reproductive body consisting of an ovum or embryo together with nutritive and protective envelopes; especially the thin-shelled reproductive body laid by e.g. female birds
8906,1,فروج,ferrouj,cock | rooster,NO_GLOSS,adult male chicken
8910,1,دْجاجة,,biddy | hen,NO_GLOSS,adult female chicken
9746,1,بَبُّوش | حلزون‎ | غلالة,brbouch,snail,NO_GLOSS,freshwater or marine or terrestrial gastropod mollusk usually having an external enclosing spiral shell
11425,1,سراق الزيت,boj3ran,cockroach | roach,NO_GLOSS,any of numerous chiefly nocturnal insects; some are domestic pests
12339,1,بغل | بغلة,,hinny,NO_GLOSS,hybrid offspring of a male horse and a female donkey or ass; usually sterile
12370,1,حْليّف,,piggy | piglet | shoat | shote,NO_GLOSS,a young pig
12403,1,بهايم | كسيبة,b8ima,bos taurus | cattle | cows | kine | oxen,NO_GLOSS,domesticated bovine animals as a group regardless of sex or age
12408,1,بقرة,bgra,cow | moo-cow,NO_GLOSS,female of domestic cattle
12466,1,حولي | خروف | خروفة | نعجة,,lamb,NO_GLOSS,young sheep
14341,1,طارو,,ash-bin | ash bin | ashbin | ashcan | dustbin | garbage can | trash barrel | trash bin | trash can | wastebin,NO_GLOSS,a bin that holds rubbish until it is collected
14494,1,خنشة,mi7faDa,bag,NO_GLOSS,a flexible container with a single opening
14498,1,بكاج,,baggage | luggage,NO_GLOSS,a case used to carry belongings when traveling
14764,1,ناموسية,namousia,bed,NO_GLOSS,a piece of furniture that provides a place to sleep
15004,1,فلوكة,flouka,boat,NO_GLOSS,a small vessel for travel on water
15170,1,بريمة | تورنو,,bitstock | brace,NO_GLOSS,a carpenter's tool having a crank handle for turning and a socket to hold a bit for boring
15388,1,برنوص,,burnoose | burnous | burnouse,NO_GLOSS,a long hooded cloak woven of wool in one piece; worn by Arabs and Moors
15422,1,صدفة,boton,button,NO_GLOSS,a round fastener sewn to shirts and coats etc to fit through buttonholes
16023,1,ݣرو,,butt | cigaret | cigarette | coffin nail | fag,NO_GLOSS,finely ground tobacco wrapped in paper; for smoking
16118,1,مݣانة,magana,clock,NO_GLOSS,a timepiece that shows the time of day
16183,1,علاقة,,clothes hanger | coat hanger | dress hanger,NO_GLOSS,a hanger that is shaped like a person's shoulders and used to hang garments on
16280,1,مشطة,mchTa,comb,NO_GLOSS,a flat device with narrow pointed teeth on one edge; disentangles or arranges hair
16345,1,جلدة | واقي,salama,condom | prophylactic | rubber | safe | safety,NO_GLOSS,contraceptive device consisting of a sheath of thin rubber or latex that is worn over the penis during intercourse
16712,1,خامية,khamia,curtain | drape | drapery | mantle | pall,NO_GLOSS,hanging cloth used as a blind (especially for a window)
17121,1,باب,bab,door,NO_GLOSS,a swinging or sliding barrier that will close the entrance to a room or building or vehicle
17342,1,سكنة,Dar,abode | domicile | dwelling | dwelling house | habitation | home,NO_GLOSS,housing that someone is living in
17625,1,لوزين | معمل | وزين,m3ml,factory | manufactory | manufacturing plant | mill,NO_GLOSS,a plant consisting of one or more buildings with facilities for manufacturing
17661,1,فيرمة,firma,farm,NO_GLOSS,workplace consisting of farm buildings and cultivated land as a unit
17855,1,راية,,flag,NO_GLOSS,emblem usually consisting of a rectangular piece of cloth of distinctive design
18054,1,قلعة,,fort | fortress,NO_GLOSS,a fortified defensive structure
18137,1,مقلة,,frying pan | frypan | skillet,NO_GLOSS,a pan used for frying foods
18226,1,ڭراج,,garage,NO_GLOSS,an outbuilding (or part of a building) for housing automobiles
18232,1,جردة | جنينة,jrda,garden,NO_GLOSS,a plot of ground where plants are cultivated
18459,1,قبر,9br,grave | tomb,NO_GLOSS,a place for the burial of a corpse (especially beneath the ground and marked by a tombstone)
18589,1,فنتة,,hairpin,NO_GLOSS,a double pronged pin used to hold women's hair in place
18969,1,سبيطار,sbiTar,hospital | infirmary,NO_GLOSS,a health facility where patients receive treatment
18979,1,أوطيل | فندق,2oTil,hotel,NO_GLOSS,a building where travelers can pay for lodging and meals and other services
19382,1,ساروت | مفتاح,sarout,key,NO_GLOSS,metal device shaped in such a way that when it is inserted into the appropriate lock the lock's mechanism can be rotated
19444,1,موس,mous,knife,NO_GLOSS,edge tool used as a cutting instrument; has a pointed blade with a sharp edge and a handle
19517,1,ركيزة,,lamppost,NO_GLOSS,a metal post supporting an outdoor lamp (such as a streetlight)
20131,1,بوق,,megaphone,NO_GLOSS,a cone-shaped acoustic device held to the mouth to intensify and direct the human voice
20160,1,سلعة,mntouj,merchandise | product | ware,NO_GLOSS,commodities offered for sale
20293,1,مراية,mraya,mirror,NO_GLOSS,polished surface that forms images by reflecting light
20384,1,جامع | مسجد,jam3,mosque,NO_GLOSS,(Islam) a Muslim place of worship that usually has a minaret
20809,1,فرّان,frran,oven,NO_GLOSS,kitchen appliance used for baking or roasting
21224,1,طرف,biasa,piece,NO_GLOSS,a separate part of a whole
21259,1,خدية | مخدة,mkhdda,pillow,NO_GLOSS,a cushion to support the head of a sleeping person
21324,1,فردي | كابوس,,handgun | pistol | shooting iron | side arm,NO_GLOSS,a firearm that is held and fired with one hand
21450,1,جيب,jib,pocket,NO_GLOSS,a small pouch inside a garment for carrying small articles
21576,1,فخار,,clayware | pottery,NO_GLOSS,ceramic ware made from clay and baked in a kiln
21652,1,حبْس,7bs,prison | prison house,NO_GLOSS,a correctional institution where persons are confined while on trial or for punishment
21943,1,ززوار | موس,,razor,NO_GLOSS,edge tool used in shaving
22077,1,ريسطورة,risTora,eating house | eating place | restaurant,NO_GLOSS,a building where people go to eat
22132,1,مكحلة,mk7la,rifle,NO_GLOSS,a shoulder firearm with a long barrel and a rifled bore
22169,1,طْريق,Tri9,road | route,NO_GLOSS,an open way (generally public) for travel or transportation
22211,1,مدلاك | مدلوك,,rolling pin,NO_GLOSS,utensil consisting of a cylinder (usually of wood) with a handle at each end; used to roll out dough
22223,1,سقف,STa7,roof,NO_GLOSS,a protective covering that covers or forms the top of a building
22299,1,زربية,zrbia,carpet | carpeting | rug,NO_GLOSS,floor covering consisting of a piece of thick heavy fabric (usually with nap or pile)
22754,1,قميجة,9amija,shirt,NO_GLOSS,a garment worn on the upper half of the body
22764,1,سباط,sbbat,shoe,NO_GLOSS,footwear shaped to fit the foot (below the ankle) with a flexible upper of leather or plastic and a sole and heel of heavier material
22782,1,حانوت,ma7al,shop | store,NO_GLOSS,a mercantile establishment for the retail sale of goods or services
22991,1,كم,dra3,arm | sleeve,NO_GLOSS,the part of a garment that is attached at the armhole and that provides a cloth covering for the arm
23107,1,تقاشر | تقشيرة,,sock,NO_GLOSS,hosiery consisting of a cloth covering for the foot; worn inside the shoe; reaches to between the ankle and the knee
23219,1,نضاضر | نظاظر,nDadr,eyeglasses | glasses | specs | spectacles,NO_GLOSS,optical instrument consisting of a pair of lenses for correcting defective vision
23297,1,عشقة | معلقة,3ach9a,spoon,NO_GLOSS,a piece of cutlery with a shallow bowl-shaped container and a handle; used to stir or serve or take up food
23807,1,مسبح,pisin,natatorium | swimming bath | swimming pool,NO_GLOSS,pool that provides a facility for swimming
23967,1,براد,,teapot,NO_GLOSS,pot for brewing tea; usually has a spout and handle
24750,1,كمنجة,kamanja,fiddle | violin,NO_GLOSS,bowed stringed instrument that is the highest member of the violin family; this instrument has four strings and a hollow body and an unfretted fingerboard and is played with a bow
24850,1,مكينة التصبين | مكينة الصابون | مكينة الغسيل,,automatic washer | washer | washing machine,NO_GLOSS,a home appliance for washing clothes and linens automatically
25539,1,زين,alzzine,beauty,NO_GLOSS,the qualities that give pleasure to the senses
25583,1,توحيمة,,birthmark | nevus,NO_GLOSS,a blemish on the skin that is formed before birth
25851,1,فْرق,fer9,difference,NO_GLOSS,the quality of being unlike or dissimilar
26893,1,لون,loun,color | coloring | colour | colouring,NO_GLOSS,a visual attribute of things that results from the light they emit or transmit or reflect
28220,1,جسم,jism,body | organic structure | physical structure,NO_GLOSS,the entire structure of an organism (especially an animal or human being)
28413,1,تحسينة | تقطيعة,,coif | coiffure | hair style | hairdo | hairstyle,NO_GLOSS,the arrangement of the hair (especially a woman's hair)
28449,1,شلغوم,mostach,moustache | mustache,NO_GLOSS,an unshaved growth of hair on the upper lip
28657,1,فا,fom,mouth | oral cavity | oral fissure | rima oris,NO_GLOSS,the opening through which food is taken in and vocalizations emerge
29114,1,رية,riyya,lung,NO_GLOSS,either of two saclike respiratory organs in the chest of vertebrates; serves to remove carbon dioxide and provide oxygen to the blood
29881,1,عنق,3ng,cervix | neck,NO_GLOSS,the part of an organism that connects the head to the rest of the body
29943,1,ضهر,llour,back | dorsum,NO_GLOSS,the posterior part of a human (or animal) body from the neck to the end of the spine
29947,1,ترمة,7nk,buttock | cheek,NO_GLOSS,either of the two large fleshy masses of muscular tissue that form the human rump
29958,1,فخد,fkhD,thigh,NO_GLOSS,the part of the leg between the hip and the knee
29967,1,إيد | يد,yed,hand | manus | mitt | paw,NO_GLOSS,the (prehensile) extremity of the superior limb
29968,1,بونية,,clenched fist | fist,NO_GLOSS,a hand with the fingers clenched in the palm (as for hitting)
30015,1,ركبة,rkba,articulatio genus | genu | human knee | knee | knee joint,NO_GLOSS,hinge joint in the human leg connecting the tibia and fibula with the femur and protected in front by the patella
30052,1,كوع | مرفق,mrf9,articulatio cubiti | cubital joint | cubitus | elbow | elbow joint | human elbow,NO_GLOSS,hinge joint between the forearm and upper arm and the corresponding joint in the forelimb of a quadruped
30157,1,وجه,wjh,face | human face,NO_GLOSS,the front of the human head from the forehead to the chin and ear to ear
30164,1,جبهة,jb8a,brow | forehead,NO_GLOSS,the part of the face above the eyes
33289,1,لُغَة,lougha,language | linguistic communication,NO_GLOSS,a systematic means of communicating by the use of sounds or conventional symbols
33922,1,كتاب,ktab,book,NO_GLOSS,a written work or composition that has been published (printed on pages bound together)
34014,1,موسوعة,,cyclopaedia | cyclopedia | encyclopaedia | encyclopedia,NO_GLOSS,a reference work (often in several volumes) containing articles on various topics (often arranged in alphabetical order) dealing with the entire range of human knowledge or with some particular specialty
34948,1,معلومة,m3loma,info | information,NO_GLOSS,a message received and understood
35626,1,هدرة,marji3,mention | reference,NO_GLOSS,a remark that calls attention to something or someone
38980,1,غوات,,blare | blaring | cacophony | clamor | din,NO_GLOSS,a loud harsh or strident noise
39393,1,عرس,3rs,hymeneals | nuptials | wedding | wedding ceremony,NO_GLOSS,the social event at which the ceremony of marriage is performed
39784,1,خلعة | خوف,khawf,fear | fearfulness | fright,NO_GLOSS,an emotion experienced in anticipation of some specific pain or danger (usually accompanied by a desire to flee or fight)
39928,1,كره,3adawa,hate | hatred,NO_GLOSS,the emotion of hate; a feeling of dislike so strong that it demands action
39991,1,ماكلة الزنقة | مالكة برا,,fast food,NO_GLOSS,inexpensive food (hamburgers or chicken or milkshakes) prepared and served quickly
40043,1,دجيج | طحين,dgig,flour,NO_GLOSS,fine powdery foodstuff obtained by grinding and sifting the meal of a cereal grain
40076,1,فطور,fTor,breakfast,NO_GLOSS,the first meal of the day (usually in the morning)
40814,1,خبز | قرص,khobz,bread | breadstuff | staff of life,NO_GLOSS,food made from dough of flour or meal and usually raised with yeast or baking powder and then baked
41237,1,توت,,berry,NO_GLOSS,any of numerous small and pulpy edible fruits; used as desserts or in making jams and jellies and preserves
41299,1,زبيب | زبيبة,,raisin,NO_GLOSS,dried grape
41375,1,أفوكا,avoka,aguacate | alligator pear | avocado | avocado pear,NO_GLOSS,a pear-shaped tropical fruit with green or blackish skin and rich yellowish pulp enclosing a single large seed
41394,1,إجاص | بوعويد,bou3ouid,pear,NO_GLOSS,sweet juicy gritty-textured fruit available in many varieties
41430,1,كوك,,coconut | coconut meat,NO_GLOSS,the edible white meat a coconut; often shredded for use in e.g. cakes and curries
41918,1,سمن,,ghee,NO_GLOSS,clarified butter used in Indian cookery
41921,1,دانون,,yoghourt | yoghurt | yogurt,NO_GLOSS,a custard-like food made from curdled milk
41935,1,جبن,,cottage cheese | farm cheese | farmer's cheese | pot cheese,NO_GLOSS,mild white cheese made from curds of soured skim milk
41991,1,عْسل‎‎,,honey,NO_GLOSS,a sweet yellow liquid produced by bees
42004,1,عجينة,3jina,dough,NO_GLOSS,a flour mixture stiff enough to knead or roll
44810,1,غابة,ghaba,forest | wood | woods,NO_GLOSS,the trees and other plants in a large densely wooded area
45133,1,روضة | قبورات | مقبرة,,burial ground | burial site | burying ground | cemetery | graveyard | memorial park | necropolis,NO_GLOSS,a tract of land used for burials
45282,1,خر,ni8aya,end,NO_GLOSS,either extremity of something that has length
46123,1,كشكوشة,,foam | froth,NO_GLOSS,a mass of small bubbles formed in or on a liquid
46174,1,تل | هضبة,kdia,hill,NO_GLOSS,a local and well-defined elevation of the land
46559,1,شمس | شمش,chmch,sun,NO_GLOSS,a typical star that is the source of light and heat for the planets in the solar system
48407,1,عروسة,3rousa,bride,NO_GLOSS,a woman who has recently been married
48714,1,موضف | موضفة,,civil servant,NO_GLOSS,a public official who is a member of the civil service
48760,1,خراز | طراف,kherraz,cobbler | shoemaker,NO_GLOSS,a person who makes or repairs shoes
49100,1,بنت,bent,daughter | girl,NO_GLOSS,a female human offspring
49262,1,طبيب,Tbib,doc | doctor | dr. | md | medico | physician,NO_GLOSS,a licensed medical practitioner
49586,1,فلاح,,farmer | granger | husbandman | sodbuster,NO_GLOSS,a person who operates a farm
49901,1,بنت | درية,bnt,fille | girl | miss | missy | young lady | young woman,NO_GLOSS,a young woman
50044,1,ضِيف,,guest | invitee,NO_GLOSS,a visitor to whom hospitality is extended
50157,1,ورتة,,heir | heritor | inheritor,NO_GLOSS,a person who is entitled by law or by the terms of a will to inherit the estate of another
50306,1,صياد,,hunter | huntsman,NO_GLOSS,someone who hunts game
50599,1,مول الدار,,landlord,NO_GLOSS,a landowner who leases to others
50630,1,محامي,mo7ami,attorney | lawyer,NO_GLOSS,a professional person authorized to practice law; conducts lawsuits or gives legal advice
50831,1,فاكتور,,carrier | letter carrier | mail carrier | mailman | postman,NO_GLOSS,a man who delivers the mail
50854,1,راجل,3zwa,adult male | man,NO_GLOSS,an adult person who is male (as opposed to a woman)
51733,1,لعاب | لعايبي,la3ib,participant | player,NO_GLOSS,a person who participates in or is skilled at some game
51889,1,قسيس,,priest,NO_GLOSS,a clergyman in Christian churches who has the authority to perform or administer various religious rites; one of the Holy Orders
52336,1,ولي | ولي صالح,,saint,NO_GLOSS,a person who has died and has been declared a saint by canonization
52774,1,عسكري,3skri,soldier,NO_GLOSS,an enlisted man or woman who serves in an army
53095,1,جراح,,operating surgeon | sawbones | surgeon,NO_GLOSS,a physician who specializes in surgery
53192,1,أستاد | معلم,mo3llim,instructor | teacher,NO_GLOSS,a person whose occupation is teaching
53796,1,مرا,mra,adult female | woman,NO_GLOSS,an adult female person (as opposed to a man)
54118,1,ضباب | ضبابة,,fog,NO_GLOSS,droplets of water vapor suspended in the air near the ground
54206,1,ضو,DDo,light | visible light | visible radiation,NO_GLOSS,(physics) electromagnetic radiation that can produce a visual sensation
54345,1,شْتا,chta,rain | rainfall,NO_GLOSS,water falling in drops from vapor condensed in the atmosphere
54384,1,تلج,telj,snow | snowfall,NO_GLOSS,precipitation falling from clouds in the form of ice crystals
54486,1,ريح,ri7,air current | current of air | wind,NO_GLOSS,air moving (sometimes with considerable force) from an area of high pressure to an area of low pressure
57832,1,بلوط | بلوطة,,acorn,NO_GLOSS,fruit of the oak tree: a smooth thin-walled nut in a woody cup-shaped base
57881,1,فرْشي | فرْنان,,cork oak | quercus suber,NO_GLOSS,medium-sized evergreen oak of southern Europe and northern Africa having thick corky bark that is periodically stripped to yield commercial cork
64738,1,سنتيم,,centimeter | centimetre | cm,NO_GLOSS,a metric unit of length equal to one hundredth of a meter
66536,1,زواج,jwaj,marriage | matrimony | spousal relationship | union | wedlock,NO_GLOSS,the state of being a married couple voluntarily joined for life (or until divorce)
66857,1,رقاد | نعاس,n3as,sleep | slumber,NO_GLOSS,a natural and periodic state of rest during which consciousness of the world is suspended
67372,1,قرع | ڭوب,,ringworm | roundworm | tinea,NO_GLOSS,infections of the skin or nails caused by fungi and appearing as itching circular patches
67465,1,ضيقة,DDi9a,asthma | asthma attack | bronchial asthma,NO_GLOSS,respiratory disorder characterized by wheezing; usually of allergic origin
68688,1,سخانة,skhana,febricity | febrility | fever | feverishness | pyrexia,NO_GLOSS,a rise in the temperature of the body; frequently a symptom of infection
68934,1,مشكل | مشكلة | مصيبة,khdma,job | problem,NO_GLOSS,a state of difficulty that needs to be resolved
69130,1,صحة,se77a,health | wellness,NO_GLOSS,a healthy state of wellbeing free from disease
69892,1,پلاستيك | ميكا,plastic,plastic,NO_GLOSS,generic name for certain synthetic or semisynthetic materials that can be molded or extruded into objects or films or filaments or used for making e.g. coatings and adhesives
71219,1,غبار,,dust,NO_GLOSS,fine powdery material such as dry earth or pollen that can be blown about in the air
71852,1,رخام,,marble,NO_GLOSS,a hard crystalline metamorphic rock that takes a high polish; used for sculpture and as building material
71906,1,غيس,ghis,clay | mud,NO_GLOSS,water soaked soil; soft wet earth
72268,1,بلوك نط,,notepad,NO_GLOSS,a pad of paper for keeping notes
72326,1,سَمّ,,poison | poisonous substance | toxicant,NO_GLOSS,any substance that causes injury or illness or death of a living organism
72648,1,زريعة الكتان,,flaxseed | linseed,NO_GLOSS,the seed of flax used as a source of oil
72997,1,البارح,lbar7,yesterday,NO_GLOSS,the day immediately before today
73040,1,صباح,sba7,forenoon | morn | morning | morning time,NO_GLOSS,the time period between dawn and noon
73069,1,أُسبوع | سيمانة,Simana,hebdomad | week,NO_GLOSS,any period of seven consecutive days
73829,2,وافْر,,abundant,NO_GLOSS,present in great quantity
74521,2,غاضب | غضبان | معصب,ghDban,angry,NO_GLOSS,feeling or showing anger
75131,2,جميل | زوين | غزال,zwin,beautiful,NO_GLOSS,delighting the senses or exciting intellectual or emotional admiration
75147,2,خايب,khayb,ugly,NO_GLOSS,displeasing to the senses
76146,2,رمادي,,gray | grayish | grey | greyish,NO_GLOSS,of an achromatic color of any lightness intermediate between the extremes of white and black
76339,2,موسخ,mossekh,dirty | soiled | unclean,NO_GLOSS,soiled or likely to soil with dirt or grime
76457,2,بعاد | بعيد | بعيدة,b3id,far,NO_GLOSS,at a great distance in time or space or degree
76547,2,عريان,3ryan,au naturel | bare | naked | nude,NO_GLOSS,completely unclothed
78180,2,واعر,S3ib,difficult | hard,NO_GLOSS,not easy; requiring great physical or mental effort to accomplish or comprehend or endure
78443,2,سكران | سكرانة,,drunk | inebriated | intoxicated,NO_GLOSS,stupefied or excited by a chemical substance (especially alcohol)
78533,2,بكري,bkri,early,NO_GLOSS,at or near the beginning of a period of time or course of events or before the usual or expected time
79188,2,رْخيص,rkhiS,cheap | inexpensive,NO_GLOSS,relatively low in price or charging low prices
79300,2,عور,,one-eyed,NO_GLOSS,having or showing only one eye
79896,2,حر | حرات | حرة | حرين,7orr,free,NO_GLOSS,able to act at will; not hampered; not under compulsion or restraint
80034,2,عامر | عامرة,3aamr,full,NO_GLOSS,containing as much or as many as is possible or normal
80163,2,خاص,mo7ddad,particular | peculiar | special,NO_GLOSS,unique or specific to a person or thing or category
80269,2,مزِيان | ملِيح,zwin,good,NO_GLOSS,having desirable or positive qualities especially those suitable for a thing specified
80279,2,خايب,khayb,bad,NO_GLOSS,having undesirable or negative qualities
80404,2,مسكين | مسكينة,mskin,miserable | suffering | wretched,NO_GLOSS,very unhappy; full of misery
80602,2,تْقيل,t9il,heavy,NO_GLOSS,of comparatively great physical weight or density
81063,2,جيعان,ji3an,hungry,NO_GLOSS,feeling hunger; feeling a need or desire to eat food
81108,2,وسْطاني,markazi,cardinal | central | fundamental | key | primal,NO_GLOSS,serving as an essential component
81139,2,عضيم | فن,mota2lli9,brilliant | glorious | magnificent | splendid,NO_GLOSS,characterized by grandeur
81631,2,ضريف,Drief,kind,NO_GLOSS,having or showing a tender and considerate and helpful nature; used especially of persons and their behavior
81739,2,صغير,sghir,little | small,NO_GLOSS,limited or below average in number or quantity or magnitude or extent
82024,2,طويل | طويلة,Twil,long,NO_GLOSS,primarily temporal sense; being or indicating a relatively great or greater than average duration or passage of time or a duration as specified
83199,2,جديد,jdid,new,NO_GLOSS,not of long duration; having just (or relatively recently) come into being or been made or acquired or discovered
83215,2,قديم,charf,old,NO_GLOSS,(used especially of persons) having lived for a relatively long time or attained a specific age
83272,2,محلول,m7loul,open | unfastened,NO_GLOSS,affording unobstructed entrance and exit; not shut or closed
85626,2,مختلف | مغاير,mbeddel,different,NO_GLOSS,unlike in nature or quality or form or degree
85668,2,حمق | مسطي | هبيل,msbiTr,brainsick | crazy | demented | distracted | disturbed | mad | sick | unbalanced | unhinged,NO_GLOSS,affected with madness or insanity
87229,2,عيّان,D3if,weak,NO_GLOSS,having little physical or spiritual strength
88602,2,عريض,mtisse3,broad | wide,NO_GLOSS,having great (or a certain) extent from one side to the other
89966,2,قمري,,lunar,NO_GLOSS,of or relating to or associated with the moon
90268,2,شمسي | شمشي,chmsi,solar,NO_GLOSS,relating to or derived from the sun or utilizing the energies of the sun
92654,3,سعل | كح | كحب,k7ob,cough,NO_GLOSS,"exhale abruptly, as when one has a chest cold or congestion"
92699,3,رقد | نعس,n3s,catch some z's | kip | log z's | sleep | slumber,NO_GLOSS,be asleep
92711,3,شخر,,saw logs | saw wood | snore,NO_GLOSS,breathe noisily during one's sleep
92719,3,فيّق,fa9,arouse | awaken | rouse | wake | wake up | waken,NO_GLOSS,cause to become awake or conscious
92889,3,لْبس,lbs,have on | wear,NO_GLOSS,be dressed in
93177,3,تبدل | تغير,bddel,change,NO_GLOSS,undergo a change; become different in essence; losing one's or its original nature
93534,3,حلب,,milk,NO_GLOSS,take milk from female mammals
94369,3,مات,khne9,buy the farm | cash in one's chips | choke | conk | croak | decease | die | drop dead | exit | expire | give-up the ghost | go | kick the bucket | pass | pass away | perish | pop off | snuff it,NO_GLOSS,pass from physical life and lose all bodily attributes and functions necessary to sustain life
94379,3,زاد,,be born,NO_GLOSS,come into existence through birth
94596,3,وْجّد,Sle7,fix | gear up | prepare | ready | set | set up,NO_GLOSS,"make ready or suitable or equip in advance for a particular purpose or for some use, event, etc"
94682,3,بان,ban,emerge,NO_GLOSS,"come out into view, as from concealment"
94805,3,خوى,khwa,empty,NO_GLOSS,make void or empty of contents
94945,3,محى,,erase | wipe out,NO_GLOSS,remove from memory or existence
94966,3,كمّل,kemmel,complete | finish,NO_GLOSS,come or bring to a finish or an end
95532,3,فهم,fhem,understand,NO_GLOSS,know and comprehend the nature or meaning of
95570,3,تعلم,ktaseb,acquire | larn | learn,NO_GLOSS,gain knowledge or skills
95619,3,عقل,fkker,call back | call up | recall | recollect | remember | retrieve | think,NO_GLOSS,recall knowledge from memory; have a recollection
95630,3,نسى,dfn,bury | forget,NO_GLOSS,dismiss from the mind; stop remembering
95789,3,عبر | قيس,3ber,measure | measure out | mensurate,NO_GLOSS,"determine the measurements of something or somebody, take measurements of"
95951,3,تاق,2amn,believe,NO_GLOSS,accept as true; take to be true
96423,3,سال | سقصى | سول,swwl,ask | enquire | inquire,NO_GLOSS,inquire about
96609,3,خطب,,preach | prophesy,NO_GLOSS,deliver a sermon
96915,3,بلغ سلام | سلم,7eyya,greet | recognise | recognize,NO_GLOSS,express greetings upon meeting someone
96965,3,شْكَى,chka,complain | kick | kvetch | plain | quetch | sound off,NO_GLOSS,"express complaints, discontent, displeasure, or unhappiness"
97129,3,تكلم | دوى | هدر,dwa,mouth | speak | talk | utter | verbalise | verbalize,NO_GLOSS,express in speech
97207,3,ترْجم,fsser,interpret | render | translate,NO_GLOSS,restate (words) from one language into another language
97853,3,تدابز,ddabz,contend | fight | struggle,NO_GLOSS,be engaged in a fight; carry on a fight
97897,3,ربح | فاز,rb7,win,NO_GLOSS,be the winner in a contest or competition; be victorious
98270,3,شْرب,chrb,drink | imbibe,NO_GLOSS,take in liquids
98435,3,بلع | سرط,sreT,get down | swallow,NO_GLOSS,pass through the esophagus as part of eating or drinking
98457,3,قاس,9as,touch,NO_GLOSS,"make physical contact with, come in contact with"
98505,3,شد | قبط | مسك,stow3eb,grasp | hold on,NO_GLOSS,hold firmly
98698,3,حك | فرك,,scour | scrub,NO_GLOSS,clean with hard rubbing
98898,3,رْبط,rbeT,bind | tie,NO_GLOSS,"fasten or secure with a rope, string, or cord"
99108,3,قتل,9tl,kill,NO_GLOSS,"cause to die; put to death, usually intentionally or knowingly"
99151,3,لصق,,glue | paste,NO_GLOSS,join or attach with or as if with glue
99684,3,باس,baas,buss | kiss | osculate,NO_GLOSS,"touch with the lips or press the lips (against someone's mouth or other body part) as an expression of love, greeting, etc."
99994,3,حط,7eTT,lay | place | pose | position | put | set,NO_GLOSS,put into a certain place or abstract location
100716,3,تخيل | تصور,tSower,conceive of | envisage | ideate | imagine,NO_GLOSS,form a mental image of something that is not present or that is not the case
100797,3,بْنى,bna,build | construct | make,NO_GLOSS,make by combining materials and parts
100850,3,طبخ | طيب,Tyyb,cook,NO_GLOSS,prepare a hot meal
101339,3,تهدن,kalma,calm | calm down | chill out | cool it | cool off | settle down | simmer down,NO_GLOSS,"become quiet or calm, especially after a state of agitation"
101407,3,خلع,khle3,affright | fright | frighten | scare,NO_GLOSS,cause fear in
101415,3,تخلع | خاف,khaf,fear,NO_GLOSS,be afraid or feel anxious or apprehensive about a possible or probable situation or event
101628,3,بغى | حب,bgha,desire | want,NO_GLOSS,feel or have a desire for; want strongly
101781,3,وقف,w99ef,halt | stop,NO_GLOSS,"come to a halt, stop moving"
101952,3,رقص | زفن | شطح,chTe7,dance,NO_GLOSS,move in a graceful and rhythmical way
102118,3,جْرى,jrra,run,NO_GLOSS,"move fast by using one's feet, with one foot off the ground at any given time"
102256,3,بعت | صيفط,wjje8,direct | send,NO_GLOSS,cause to go somewhere
102354,3,نزل | هبط,8beT,come down | descend | fall | go down,NO_GLOSS,"move downward and lower, but not necessarily all the way"
102421,3,قام | ناض | وقف,nche2,arise | get up | rise | stand up | uprise,NO_GLOSS,rise to one's feet
102536,3,وصل,wSl,arrive | come | get,NO_GLOSS,reach a destination; arrive by movement or progress
102588,3,خرج,khrj,exit | get out | go out | leave,NO_GLOSS,move out of or depart from
102593,3,دخل,dkhel,come in | enter | get in | get into | go in | go into | move into,NO_GLOSS,to come or go into
102905,3,جاب,jab,bring | convey | take,NO_GLOSS,take something or somebody with oneself somewhere
103165,3,شاف,chaf,see,NO_GLOSS,perceive by sight or have the power to perceive by sight
103170,3,شاف,chaf,look,NO_GLOSS,perceive with attention; direct one's gaze towards
103224,3,بغى يبان,,flash | flaunt | ostentate | show off | swank,NO_GLOSS,display proudly; act ostentatiously or pretentiously
103239,3,خبا | درق,khb,conceal | hide,NO_GLOSS,prevent from being seen or discovered
103259,3,قدم | ورى,br8n,demo | demonstrate | exhibit | present | show,NO_GLOSS,show or demonstrate something to an interested audience
103325,3,عمى,,bedazzle | daze | dazzle,NO_GLOSS,"to cause someone to lose clear vision, especially from intense light"
103364,3,سْمع,sm3,hear,NO_GLOSS,perceive  (sound) via the auditory sense
103485,3,داق,da9,savor | savour | taste,NO_GLOSS,have flavor; taste of something
103545,3,شرى,chra,buy | purchase,NO_GLOSS,obtain by purchase; acquire by means of a financial transaction
103706,3,باع,ba3,sell,NO_GLOSS,exchange or deliver for money or its equivalent
103749,3,خلص,khllS,pay,NO_GLOSS,"give money, usually in exchange for goods or services"
103922,3,ودّر,khsr,lose,NO_GLOSS,"fail to keep or to maintain; cease to have, either physically or in an abstract sense"
104503,3,طيّح,,bring down | overthrow | overturn | subvert,NO_GLOSS,cause the downfall of; of rulers
104551,3,خدم,khdm,work,NO_GLOSS,exert oneself by doing mental or physical work for a purpose or out of necessity
104595,3,خلَى,khlla,allow | let | permit,NO_GLOSS,make it possible through a specific action or lack of action for something to happen
104937,3,تحبس,,gaol | immure | imprison | incarcerate | jail | jug | lag | put away | put behind bars | remand,NO_GLOSS,"lock up or confine, in or as in a jail"
105660,3,سْكن,sken,dwell | inhabit | live,NO_GLOSS,inhabit or live in
106203,3,صبت الشتا | طاحت الشتا,,rain | rain down,NO_GLOSS,precipitate as rain
106397,4,بعض المرات | شي خطرات | شي مرات,,sometimes,NO_GLOSS,on certain occasions or in certain cases but not always
106398,4,بحال | كِـ,b7al,as | equally | every bit,NO_GLOSS,to the same degree (often followed by `as')
106422,4,فشي بلاصة | فشي موضع,,someplace | somewhere,NO_GLOSS,in or at or to some place
106478,4,بالزاف | غالبا | غالبا ما,,frequently | oft | often | oftentimes | ofttimes,NO_GLOSS,many times at short intervals
106491,4,بالصح,,genuinely | really | truly,NO_GLOSS,in accordance with truth or fact or reality
106551,4,اليوم,,now | nowadays | today,NO_GLOSS,in these times
106554,4,دابا | دورك,,at present | now,NO_GLOSS,at the present moment
106793,4,بالزربة,,apace | chop-chop | quickly | rapidly | speedily,NO_GLOSS,with rapid movements
107190,4,وقيل,,belike | in all likelihood | in all probability | likely | probably,NO_GLOSS,with considerable certainty; without much doubt
109616,4,غدا,,tomorrow,NO_GLOSS,"the next day, the day after, following the present day"
3,1,وصف,waSf,description | verbal description,NO_GLOSS,a statement that represents something in words
6,1,طرف,Terf,component | component part | part | portion,NO_GLOSS,something determined in relation to something that includes it
12,2,متشابه,mtchab8,similar,NO_GLOSS,marked by correspondence or resemblance
14,1,عضو,3oDw,member,NO_GLOSS,one of the persons who compose a social group (especially individuals who have joined and participates in a group organization)
45,1,معرفة,ma3rifa,cognition | knowledge | noesis,NO_GLOSS,the psychological result of perception and learning and reasoning
59,1,مجموعة,mjmo3a,group | grouping,NO_GLOSS,any number of entities (members) considered as a unit
64,1,كمية,kimmiya,amount | measure | quantity,NO_GLOSS,how much there is of something that you can quantify
105,1,كتيشاف,ktichaf,discovery | find | uncovering,NO_GLOSS,the act of discovering something
249,1,خطأ,khaTa2,error | fault | mistake,NO_GLOSS,a wrong action attributable to bad judgment or ignorance or inattention
362,1,توصيل,tawSil,deliverance | delivery | rescue | saving,NO_GLOSS,recovery or preservation from loss or danger
629,1,مقارنة,mo9arana,comparing | comparison,NO_GLOSS,examining resemblances or differences
1022,1,قتيلة,9tila,execution | murder | slaying,NO_GLOSS,unlawful premeditated killing of a human being by a human being
1036,1,نتحار,nti7ar,self-annihilation | self-destruction | suicide,NO_GLOSS,the act of killing yourself
1261,1,عناية,3inaya,care | maintenance | upkeep,NO_GLOSS,activity involved in maintaining something in good working order
1343,1,مشية,mechya,walk | walking,NO_GLOSS,the act of traveling by foot
1415,1,سفر,safar,travel | traveling | travelling,NO_GLOSS,the act of going from one place to another
1484,1,رحلة,ri7la,trip,NO_GLOSS,a journey for some purpose (usually including the return)
1501,1,دورة,Dora,circuit | tour,NO_GLOSS,a journey or route all the way around a particular place or area
2253,1,الصيد,SSayd,fishing | sportfishing,NO_GLOSS,the act of someone who fishes as a diversion
2576,1,برنامج,barnamaj,show,NO_GLOSS,the act of publicly exhibiting or entertaining
2593,1,رياضة,riyaDa,athletics | sport,NO_GLOSS,an active diversion requiring physical exertion and competition
2913,1,كاريير,carriere,calling | career | vocation,NO_GLOSS,the particular occupation for which you are trained
3219,1,بحت,ba7t,research,NO_GLOSS,systematic investigation to establish facts
3640,1,مهمة,mohimma,duty,NO_GLOSS,work that you are obliged to perform for moral or legal reasons
3792,1,دعارة,da3ara,harlotry | prostitution | whoredom,NO_GLOSS,offering sexual intercourse for pay
3851,1,إرهاب,ir8ab,act of terrorism | terrorism | terrorist act,NO_GLOSS,the calculated use of violence (or threat of violence) against civilians in order to attain goals that are political or religious or ideological in nature; this is done through intimidation or coercion or instilling fear
3866,1,جريمة,jarima,crime | law-breaking,NO_GLOSS,(criminal law) an act punishable by law; usually considered an evil act
3876,1,حتيال,7tyal,fraud,NO_GLOSS,intentional deception resulting in injury to another person
3933,1,شفرة,chfra,larceny | stealing | theft | thievery | thieving,NO_GLOSS,the act of taking something from someone unlawfully
3936,1,سرقة,sr9a,robbery,NO_GLOSS,larceny by threat of violence
3964,1,محاولة,mo7awala,attempt | effort | endeavor | endeavour | try,NO_GLOSS,earnest and conscientious activity intended to do or accomplish something
4194,1,تنفس,tanffos,breathing | external respiration | respiration | ventilation,NO_GLOSS,the bodily process of inhalation and exhalation; the process of taking in oxygen from inhaled air and releasing carbon dioxide by exhalation
4212,1,نفس,nefs,breath,NO_GLOSS,the process of taking in and expelling air during breathing
4262,1,جنس,jins,sex | sex activity | sexual activity | sexual practice,NO_GLOSS,activities associated with sexual intercourse
4267,1,مؤتمر,mo2tamar,carnal knowledge | coition | coitus | congress | copulation | intercourse | relation | sex act | sexual congress | sexual intercourse | sexual relation,NO_GLOSS,the act of sexual procreation between a man and a woman; the man's penis is inserted into the woman's vagina and excited until orgasm and ejaculation occur
4309,1,راس,rass,head | oral sex,NO_GLOSS,oral stimulation of the genitals
4460,1,تعليم,t3lim,didactics | education | educational activity | instruction | pedagogy | teaching,NO_GLOSS,the activities of educating or instructing; activities that impart knowledge or skill
4711,1,كتبة,ktba,authorship | composition | penning | writing,NO_GLOSS,the act of creating written works
4797,1,خدمة,khdma,employment | exercise | usage | use | utilisation | utilization,NO_GLOSS,the act of using
4829,1,معركة,m3raka,battle | conflict | engagement | fight,NO_GLOSS,a hostile meeting of opposing military forces in the course of a war
4841,1,معركة,m3raka,battle | conflict | struggle,NO_GLOSS,an open clash between two opposing groups (or individuals)
4902,1,حرب,7arb,war | warfare,NO_GLOSS,the waging of armed conflict against an enemy
5170,1,إجراء,ijra2,procedure | process,NO_GLOSS,a particular course of action intended to achieve a result
5213,1,كنيسة,kanisa,church | church service,NO_GLOSS,a service conducted in a house of worship
5527,1,تجارة,tijara,commerce | commercialism | mercantilism,NO_GLOSS,transactions (sales and purchases) having the objective of supplying commodities (goods and services)
5528,1,باع و شرا,ba3 o chra,trade,NO_GLOSS,the commercial exchange (buying and selling on domestic or international markets) of goods and services
5557,1,مالية,malia,finance,NO_GLOSS,the commercial activity of providing funds and capital
5723,1,مهمة,mohimma,duty | obligation | responsibility,NO_GLOSS,the social force that binds you to the courses of action demanded by that force
5743,1,إتجاه,ittijah,direction | management,NO_GLOSS,the act of managing something
5898,1,إعدام,i3dam,capital punishment | death penalty | executing | execution,NO_GLOSS,putting a condemned person to death
6078,1,طلاق,Tla9,divorce | divorcement,NO_GLOSS,the legal dissolution of a marriage
6251,1,زيارة,zyara,visit,NO_GLOSS,the act of going to see some person or place or thing for a short time
6283,1,تورّط,tawarroT,engagement | involution | involvement | participation,NO_GLOSS,the act of sharing in the activities of a group
6315,1,إبادة,ibada,genocide | race murder | racial extermination,NO_GLOSS,systematic killing of a racial or cultural group
6359,1,ستعمار,sti3mar,colonisation | colonization | settlement,NO_GLOSS,the act of colonizing; the establishment of colonies
7986,1,نسر,nsr,bird of jove | eagle,NO_GLOSS,any of various large keen-sighted diurnal birds of prey noted for their broad wings and strong soaring flight
8591,1,حنش,7nch,ophidian | serpent | snake,NO_GLOSS,limbless scaly elongate reptile; some are venomous
9405,1,كوالا,koala,kangaroo bear | koala | koala bear | native bear | phascolarctos cinereus,NO_GLOSS,sluggish tailless Australian arboreal marsupial with grey furry ears and coat; feeds on eucalyptus leaves and bark
9430,1,عجل,3jl,calf,NO_GLOSS,young of domestic cattle
11008,1,حشرة,7achara,insect,NO_GLOSS,small air-breathing arthropod
11233,1,ناموسة,namousa,mosquito,NO_GLOSS,two-winged insect whose female has a long proboscis to pierce the skin and suck the blood of humans and animals
12073,1,ڭنفود,gnfoud,hedgehog | porcupine,NO_GLOSS,relatively large rodents with sharp erectile bristles mingled with the fur
12338,1,بغل,bghl,mule,NO_GLOSS,hybrid offspring of a male donkey and a female horse; usually sterile
12351,1,وحيد لقرن,wa7id l9arn,rhino | rhinoceros,NO_GLOSS,massive powerful herbivorous odd-toed ungulate of southeast Asia and Africa having very thick skin and one or two horns on the snout
14029,1,كليم,clim,air conditioner | air conditioning,NO_GLOSS,a system that keeps air cool and dry
14030,1,طيارة,Tiyyara,aircraft,NO_GLOSS,a vehicle that can fly
14054,1,طيارة,Tyyara,aeroplane | airplane | plane,NO_GLOSS,an aircraft that has a fixed wing and is powered by propellers or jets
14056,1,مطار,maTar,aerodrome | airdrome | airport | drome,NO_GLOSS,an airfield equipped with control tower and hangers as well as accommodations for passengers and cargo
14190,1,صالة,Sala,antechamber | anteroom | entrance hall | foyer | hall | lobby | vestibule,NO_GLOSS,a large entrance or reception room or area
14234,1,بارتمة,partma,apartment | flat,NO_GLOSS,a suite of rooms usually on one floor of an apartment house
14244,1,حوايج,7wayj,apparel | clothes | dress | wearing apparel,NO_GLOSS,clothing in general
14434,1,شارع,chari3,avenue | boulevard,NO_GLOSS,a wide street or thoroughfare
14438,1,فاس,fas,ax | axe,NO_GLOSS,an edge tool with a heavy bladed head mounted across a handle
14496,1,محفظة,mi7faDa,bag | handbag | pocketbook | purse,NO_GLOSS,a container used for carrying money and small personal items or accessories (especially by women)
14601,1,بريكة,brika,barge | flatboat | hoy | lighter,NO_GLOSS,a flatbottom boat for carrying heavy loads (especially on canals)
14691,1,حمّام,7emmam,bath | bathroom,NO_GLOSS,a room (as in a residence) containing a bathtub or shower and usually a washbasin and toilet
14696,1,حمّام,7emmam,bath | bathing tub | bathtub | tub,NO_GLOSS,a relatively large open container that you fill with water and use to wash the body
14779,1,بيت نعاس,bitn3as,bedchamber | bedroom | chamber | sleeping room,NO_GLOSS,a room used primarily for sleeping
14799,1,صونيط,SoniT,bell,NO_GLOSS,a hollow device made of metal that makes a ringing sound when struck
14824,1,طاولة,Tawila,bench,NO_GLOSS,a long seat for more than one person
14937,1,سبّورة,sbbora,blackboard | chalkboard,NO_GLOSS,sheet of slate; for writing with chalk
15052,1,قنبولة,9nbola,bomb,NO_GLOSS,an explosive device fused to explode under specific conditions
15442,1,نادي,nadi,cabaret | club | nightclub | nightspot,NO_GLOSS,a spot that is open late at night and that provides entertainment (as singers or dancers) as well as dancing and food and drink
15786,1,سقف,s9f,ceiling,NO_GLOSS,the overhead upper surface of a room
16178,1,كبّوط,kbbot,coat,NO_GLOSS,an outer garment that has sleeves and covers the body from shoulder down; worn outdoors
16514,1,محكمة,me7kama,court | courtyard,NO_GLOSS,an area wholly or partly surrounded by walls or buildings
16768,1,سدّ,sdd,dam | dike | dyke,NO_GLOSS,a barrier constructed to contain the flow of water or to keep out the sea
16885,1,بيرو,biro,desk,NO_GLOSS,a piece of furniture with a writing surface and usually drawers or other compartments
17124,1,صونيط,SoniT,bell | buzzer | doorbell,NO_GLOSS,a push button at an outer door that gives a ringing or buzzing signal when pushed
17196,1,مجرّ,mjerr,drawer,NO_GLOSS,a boxlike container in a piece of furniture; made so as to slide in and out
17212,1,كسوة,keswa,dress | frock,NO_GLOSS,a one-piece garment for a woman; has skirt and bodice
17353,1,تليفون,tilifon,earphone | earpiece | headphone | phone,NO_GLOSS,electro-acoustic transducer for converting electric signals into sounds; it is held over or inserted into the ear
17354,1,طوانڭ,Twang,earring,NO_GLOSS,jewelry to ornament the ear; usually clipped to the earlobe or fastened through a hole in the lobe
17390,1,ديال الضو,dyal DDo,electric | electric automobile | electric car,NO_GLOSS,a car that is powered by electricity
17484,1,موطور,moTor,engine,NO_GLOSS,motor that converts thermal energy to mechanical work
17789,1,بياسة,biasa,firearm | piece | small-arm,NO_GLOSS,a portable gun
17924,1,إطاج,iTaj,floor | flooring,NO_GLOSS,the inside lower horizontal surface (as of a room or hallway)
18539,1,ڭيتار,guitar,guitar,NO_GLOSS,a stringed instrument usually having six strings; played by strumming or plucking
18712,1,طربوش,Trbouch,chapeau | hat | lid,NO_GLOSS,headdress that protects the head from bad weather; has shaped crown and usually a brim
18848,1,لوطوروت,lotorot,highway | main road,NO_GLOSS,a major road for any form of motor transport
19513,1,بولا,BoLa,lamp,NO_GLOSS,an artificial source of visible illumination
19555,1,پيسي,pici,laptop | laptop computer,NO_GLOSS,a portable computer small enough to use in your lap
19602,1,ناموسية,namousia,bed | layer,NO_GLOSS,single thickness of usually some homogeneous substance
19664,1,خزانة,khizana,library,NO_GLOSS,a room where books are kept
19900,1,ماكينة,makina,machine,NO_GLOSS,any mechanical or electrical device that transmits or modifies energy to perform or assist in the performance of human tasks
20200,1,جعبة,je3ba,metro | subway | subway system | tube | underground,NO_GLOSS,an electric railway operating below the surface of the ground (usually in a city)
20264,1,دياولي,dyawli,mine,NO_GLOSS,excavation in the earth from which ores and minerals are extracted
20395,1,موطور,moTor,motor,NO_GLOSS,machine that converts other forms of energy into mechanical energy and so imparts motion
20456,1,أداة,adat,instrument | musical instrument,NO_GLOSS,any of various devices or contrivances that can be used to produce musical tones or sounds
20539,1,ڭرافاطة,grafaTa,necktie | tie,NO_GLOSS,neckwear consisting of a long narrow piece of material worn (mostly by men) under a collar and tied in knot at the front
20893,1,رسم,rasm,painting | picture,NO_GLOSS,graphic art consisting of an artistic composition made by applying paints to a surface
20899,1,قلعة,9l3a,castle | palace,NO_GLOSS,a large and stately mansion
21086,1,قلم,9alam,pencil,NO_GLOSS,a thin cylindrical pointed writing implement; a rod of marking substance encased in wood
21200,1,پيانو,piano,forte-piano | piano | pianoforte,NO_GLOSS,a stringed instrument that is played by depressing keys that cause hammers to strike tuned strings and produce sounds
21218,1,صورة,Sora,icon | ikon | image | picture,NO_GLOSS,a visual representation (of an object or scene or person or abstraction) produced on a surface
21508,1,پيسين,piscine,pool,NO_GLOSS,an excavation that is (usually) filled with water
22302,1,قاعدة,9a3ida,rule | ruler,NO_GLOSS,measuring stick consisting of a strip of wood or metal or plastic with a straight edge that is used for drawing straight lines and measuring lengths
22660,1,صرب,Srb,cloaca | sewer | sewerage,NO_GLOSS,a waste pipe that carries away sewage or surface water
22745,1,باطو,baTo,ship,NO_GLOSS,a vessel that carries passengers or freight
22763,1,صدمة,SaDma,cushion | shock | shock absorber,NO_GLOSS,a mechanical damper; absorbs energy of sudden impulses
22859,1,طريطوار,tritwar,pavement | sidewalk,NO_GLOSS,walk consisting of a paved area for pedestrians; usually beside a street or roadway
22872,1,رمز,ramz,sign | signboard,NO_GLOSS,structure displaying a board on which advertisements can be posted
22957,1,صايا,Saya,skirt,NO_GLOSS,cloth covering that forms the part of a garment below the waist
23380,1,دروج,drouj,stairs | steps,NO_GLOSS,a flight of stairs or a flight of steps
23474,1,رويضة,rwiDa,steering wheel | wheel,NO_GLOSS,a handwheel that is used for steering
23636,1,بني,bni,construction | structure,NO_GLOSS,a thing constructed; a complex entity constructed of many parts
24323,1,فوطة,foTa,towel,NO_GLOSS,a rectangular piece of absorbent cloth (or paper) for drying or wiping
24399,1,فخ,fkh,trap,NO_GLOSS,a device in which something (usually an animal) can be caught and penned
24610,1,سليپ,slip,underpants,NO_GLOSS,an undergarment that covers the body from the waist no further than to the thighs; usually worn next to the skin
24644,1,لقاح,li9a7,vaccine | vaccinum,NO_GLOSS,immunogen consisting of a suspension of weakened or dead pathogenic cells injected in order to stimulate the production of antibodies
24826,1,صحافة,Sa7afa,closet | press | wardrobe,NO_GLOSS,a tall piece of furniture that provides storage space for clothes; has a door and rails or hooks for hanging clothes
24917,1,دراع,dra3,arm | weapon | weapon system,NO_GLOSS,any instrument or instrumentality used in fighting or hunting
25121,1,صوفا,Sofa,wool | woolen | woollen,NO_GLOSS,a fabric made from the hair of sheep
25139,1,محل,ma7al,shop | workshop,NO_GLOSS,small workplace where handcrafts or manufacturing are done
25742,1,جودة,jawda,quality,NO_GLOSS,an essential and distinguishing attribute of something or someone
26382,1,شجاعة,chaja3a,braveness | bravery | courage | courageousness,NO_GLOSS,a quality of spirit that enables you to face danger or pain without showing fear
26538,1,كرامة,karama,dignity | self-esteem | self-regard | self-respect | self-worth,NO_GLOSS,the quality of being worthy of esteem or respect
27035,1,صوت,SoT,sound,NO_GLOSS,the particular auditory effect produced by a given cause
27142,1,لغلض,lgholD,corpulency | fleshiness | obesity,NO_GLOSS,more than average fatness
27196,1,درجة الحرارة,darajat l7arara,temperature,NO_GLOSS,the degree of hotness or coldness of a body or environment (corresponding to its molecular activity)
27273,1,وزن,wazn,weight,NO_GLOSS,the vertical force exerted by a mass as a result of gravity
27287,1,صحة,Se77a,strength,NO_GLOSS,the property of being physically or mentally strong
27464,1,ميزان,mizan,balance | correspondence | symmetricalness | symmetry,NO_GLOSS,(mathematics) an attribute of a shape or relation; exact reflection of form on opposite sides of a dividing line or plane
27567,1,مسافة,masafa,distance,NO_GLOSS,the property created by the space between two objects or points
27686,1,كمية,kimmiya,amount,NO_GLOSS,how much of something is available
27787,1,طول,Tol,length,NO_GLOSS,the linear extent in space from one end to the other; the longest horizontal dimension of something that is fixed in place
27816,1,عمق,3om9,depth,NO_GLOSS,extent downward or backward or inward
27830,1,رتفاع,rtifa3,height | tallness,NO_GLOSS,the vertical dimension of extension; distance from the base of something to the top
27919,1,أفانتاج,avantage,advantage | vantage,NO_GLOSS,the quality of having a superior or more favorable position
28094,1,قوة,9owwa,power | powerfulness,NO_GLOSS,possession of controlling influence
28120,1,سلطة,SolTa,authorisation | authority | authorization | dominance | potency | say-so,NO_GLOSS,the power or right to give orders or make decisions
28138,1,قدرة,9oDra,ability,NO_GLOSS,the quality of being able to perform; a quality that permits or facilitates achievement or accomplishment
28588,1,عضلة,3aDala,muscle | musculus,NO_GLOSS,one of the contractile organs of the body
28711,1,حاجب,7ajb,brow | eyebrow | supercilium,NO_GLOSS,the arch of hair above each eye
29177,1,دم,dem,blood,NO_GLOSS,the fluid (red in vertebrates) that is pumped by the heart
29200,1,زرّيعة,zrri3a,come | cum | ejaculate | seed | semen | seminal fluid,NO_GLOSS,the thick white fluid containing spermatozoa that is ejaculated by the male genital tract
29248,1,دفال,dfal,saliva | spit | spittle,NO_GLOSS,a clear liquid secreted into the mouth by the salivary glands and mucous glands of the mouth; moistens the mouth and starts the digestion of starches
29262,1,عرق,3r9,vein | vena | venous blood vessel,NO_GLOSS,a blood vessel that carries blood from the capillaries toward the heart
29772,1,كورة,kora,ball | ballock | bollock | egg | nut | orchis | testicle | testis,NO_GLOSS,one of the two male reproductive glands that produce spermatozoa and secrete androgens
29848,1,جمجمة,jmjoma,skull,NO_GLOSS,the bony skeleton of the head of vertebrates
29878,1,jito,jit,jaw,NO_GLOSS,the part of the skull of a vertebrate that frames the mouth and holds the teeth
29886,1,قرجوطة,9rjoTa,pharynx | throat,NO_GLOSS,the passage to the stomach and lungs; in the front part of the neck below the chin and above the collarbone
29897,1,جسم,jism,body | torso | trunk,NO_GLOSS,the body excluding the head and neck and limbs
29951,1,ساق,sa9,leg,NO_GLOSS,a human limb; commonly used to refer to a whole limb but technically only the part of the limb between the knee and ankle
30074,1,ضفر,Dfr,fingernail,NO_GLOSS,the nail at the end of a finger
30093,1,لور,llour,back | backbone | rachis | spinal column | spine | vertebral column,NO_GLOSS,the series of vertebrae forming the axis of the skeleton and protecting the spinal cord
30210,1,دماغ,dmagh,brain | head | mind | nous | psyche,NO_GLOSS,that which is responsible for one's thoughts and feelings; the seat of the faculty of reason
30325,1,ديزاين,design,conception | design | excogitation | innovation | invention,NO_GLOSS,the creation of something in the mind
30468,1,الشمّ,chchmm,olfaction | olfactory modality | sense of smell | smell,NO_GLOSS,the faculty that enables us to distinguish scents
30475,1,طريقة,Tari9a,method,NO_GLOSS,"a way of doing something, especially a systematic way; implies an orderly logical arrangement (usually in steps)"
30499,1,تقنية,ti9nia,technique,NO_GLOSS,a practical method or art applied to some particular task
30518,1,عادة,3aada,habit | wont,NO_GLOSS,an established custom
30590,1,فضول,fDoul,curiosity | wonder,NO_GLOSS,a state in which you want to learn more about something
30663,1,سلطة,SolTa,assurance | authority | confidence | self-assurance | self-confidence | sureness,NO_GLOSS,freedom from doubt; belief in yourself and your abilities
30666,1,شك,chek,doubt | doubtfulness | dubiety | dubiousness | incertitude | uncertainty,NO_GLOSS,the state of being unsure of something
30756,1,الدوق,ddou9,gustatory perception | gustatory sensation | taste | taste perception | taste sensation,NO_GLOSS,the sensation that results when taste buds in the tongue and throat convey information about the chemical composition of a soluble stimulus
31015,1,حلمة,7lma,dream | dreaming,NO_GLOSS,a series of mental images and emotions occurring during sleep
31214,1,تقليد,ta9lid,tradition,NO_GLOSS,an inherited pattern of thought or action
31287,1,دليل,dalil,cogent evidence | proof,NO_GLOSS,any factual evidence that helps to establish the truth of something
31354,1,خاتمة,khatima,conclusion | decision | determination,NO_GLOSS,a position or opinion or judgment reached after consideration
31410,1,ميزة,miza,characteristic | feature,NO_GLOSS,a prominent aspect of something
31631,1,شبح,chaba7,ghost | shade | specter | spectre | spook | wraith,NO_GLOSS,a mental representation of some haunting experience
31714,1,قتراح,9tira7,suggestion,NO_GLOSS,an idea that is suggested
31808,1,ذاكرة,dakira,memory,NO_GLOSS,something that is remembered
31852,1,فلسفة,felsafa,doctrine | ism | philosophical system | philosophy | school of thought,NO_GLOSS,a belief (or system of beliefs) accepted as authoritative by some group or school
31872,1,رأي,ra2y,opinion | popular opinion | public opinion | vox populi,NO_GLOSS,a belief or sentiment shared by most people; the voice of the people
31880,1,إمكانية,imkania,possibility,NO_GLOSS,a future prospect or potential
32036,1,نهاية,ni8aya,end | goal,NO_GLOSS,the state of affairs that a plan is intended to achieve and that (when achieved) terminates behavior intended to achieve it
32043,1,غرض,gharaD,aim | design | intent | intention | purpose,NO_GLOSS,an anticipated outcome that is intended or that guides your planned actions
32080,1,نظرية,naDaria,theory,NO_GLOSS,a well-substantiated explanation of some aspect of the natural world; an organized system of accepted knowledge that applies in a variety of circumstances to explain a specific set of phenomena
32123,1,علم,3ilm,science | scientific discipline,NO_GLOSS,a particular branch of scientific knowledge
32129,1,هندسة,8ndasa,geometry,NO_GLOSS,the pure mathematics of points and lines and curves and surfaces
32444,1,فيزيك,fizik,natural philosophy | physical science | physics,NO_GLOSS,the science of matter and energy and their interactions
32560,1,جغرافيا,joghrafia,geographics | geography,NO_GLOSS,study of the earth's surface; includes people's responses to topography and climate and soil and vegetation
32967,1,ديمقراطية,dimo9raTia,democracy,NO_GLOSS,the political orientation of those who favor government by the people or by their elected representatives
33149,1,صفحة,Sf7a,page,NO_GLOSS,one side of one leaf (of a book or magazine or newspaper or letter etc.) or the written or pictorial matter it contains
33305,1,كلمة,kelma,word,NO_GLOSS,a unit of language that native speakers can identify
33405,1,حالة,7aala,case | grammatical case,NO_GLOSS,nouns or pronouns or adjectives (often marked by inflection) related in some way to other words in a sentence
33430,1,جملة,jomla,phrase,NO_GLOSS,an expression consisting of one or more words forming a grammatical constituent of a sentence
33531,1,سمية,smia,first name | forename | given name,NO_GLOSS,the name that precedes the surname
33650,1,موقع,maw9i3,internet site | site | web site | website,NO_GLOSS,a computer connected to the internet that maintains a series of web pages on the World Wide Web
33689,1,رواية,riwaya,novel,NO_GLOSS,a extended fictional work in prose; usually in the form of a story
33803,1,تكست,text,text | textual matter,NO_GLOSS,the words of something written
33838,1,فصل,faSl,chapter,NO_GLOSS,a subdivision of a written work; usually numbered and titled
34312,1,حياة,7ayat,biography | life | life history | life story,NO_GLOSS,an account of the series of events making up a person's life
34345,1,عقد,3a9d,contract,NO_GLOSS,a binding agreement between two or more persons that is enforceable by law
34421,1,نسخة,noskha,interlingual rendition | rendering | translation | version,NO_GLOSS,a written communication in a second language having the same meaning as the written communication in a first language
34490,1,رخصة,rokhSa,licence | license | permit,NO_GLOSS,a legal document giving official permission to do something
34567,1,باكية,bakia,computer software | package | software | software package | software program | software system,NO_GLOSS,(computer science) written programs or procedures or rules and associated documentation pertaining to the operation of a computer system and that are stored in read/write memory
34741,1,موضوع,mawdo3,subject | theme | topic,NO_GLOSS,the subject matter of a conversation or discussion
34825,1,فيلم,film,film | flick | motion-picture show | motion picture | movie | moving-picture show | moving picture | pic | picture | picture show,NO_GLOSS,a form of entertainment that enacts a story by a sequence of images giving the illusion of continuous movement
34878,1,سلك,slk,telegram | wire,NO_GLOSS,a message transmitted by telegraph
34979,1,ذكاء,daka2,intelligence | news | tidings | word,NO_GLOSS,new information about specific and timely events
35139,1,نصيحة,naSi7a,advice,NO_GLOSS,a proposal for an appropriate course of action
35243,1,تصفيق,tSfi9,applause | clapping | hand clapping,NO_GLOSS,a demonstration of approval by clapping the hands together
35362,1,نقد,na9d,criticism | unfavorable judgment,NO_GLOSS,disapproval expressed by pointing out faults or shortcomings
35448,1,مطالبة,moTalaba,claim,NO_GLOSS,an assertion of a right (as to money or property)
35458,1,تعبير,t3bir,expression | formula,NO_GLOSS,a group of symbols that make a mathematical statement
35520,1,تعريف,t3rif,definition,NO_GLOSS,a concise explanation of the meaning of a word or phrase or symbol
35662,1,معاهدة,mo3ahada,accord | pact | treaty,NO_GLOSS,a written agreement between two states or sovereigns
35665,1,سلام,salam,pacification | peace | peace treaty,NO_GLOSS,a treaty to cease hostilities
35744,1,رمز,ramz,sign | signal | signaling,NO_GLOSS,any communication that encodes a message
36208,1,تفرنيسة,tfrnisa,grin | grinning | smile | smiling,NO_GLOSS,a facial expression characterized by turning up the corners of the mouth; usually shows pleasure or amusement
37122,1,موسيقا,moSi9a,music,NO_GLOSS,an artistic form of auditory communication incorporating instrumental or vocal tones in a structured and continuous manner
37143,1,هوا,8wa,air | line | melodic line | melodic phrase | melody | strain | tune,NO_GLOSS,a succession of notes forming a distinctive sequence
37254,1,ديسك,disk,song | vocal,NO_GLOSS,a short musical composition with words
37354,1,حجرة,7jra,rock | rock'n'roll | rock-and-roll | rock 'n' roll | rock and roll | rock music,NO_GLOSS,a genre of popular music originating in the 1950s; a blend of Black rhythm-and-blues with White country-and-western
37693,1,حديث,7dit,conversation,NO_GLOSS,the use of speech for informal exchange of views or ideas or information etc.
37705,1,نقاش,ni9ach,dialog | dialogue | duologue,NO_GLOSS,a conversation between two persons
37718,1,محادثة,mo7adata,discourse | discussion | treatment,NO_GLOSS,an extended communication (often interactive) dealing with some particular topic
37799,1,متلة,mtla,adage | byword | proverb | saw,NO_GLOSS,a condensed but memorable saying embodying some important fact of experience that is taken as true by many people
37809,1,لهجة,l8ja,accent | dialect | idiom,NO_GLOSS,the usage or vocabulary that is characteristic of a specific group of people
37943,1,دليل,dalil,arguing | argument | contention | contestation | controversy | disceptation | disputation | tilt,NO_GLOSS,a contentious speech act; a dispute where there is strong disagreement
38012,1,أنتخوتيان,entretiyan,interview,NO_GLOSS,the questioning of a person (or a conversation in which information is elicited); often conducted by journalists
38147,1,قصة,9iSSa,narration | narrative | story | tale,NO_GLOSS,a message that tells the particulars of an act or occurrence or course of events; presented in writing or drama or cinema or as a radio or television program
38245,1,أدريسّا,adrissa,address | speech,NO_GLOSS,the act of delivering a formal spoken communication to an audience
38254,1,حديث,7adith,lecture | public lecture | talk,NO_GLOSS,a speech that is open to the public
38359,1,عبار,3bar,criterion | measure | standard | touchstone,NO_GLOSS,a basis for comparison; a reference point against which other things can be evaluated
38524,1,معجزة,mo3jiza,miracle,NO_GLOSS,any amazing or wonderful occurrence
38558,1,جزاء,jaza2,payoff | reward | wages,NO_GLOSS,a recompense for worthy acts or retribution for wrongdoing
38584,1,كسيدة,ksida,accident,NO_GLOSS,a mishap; especially one causing injury or death
38628,1,إنفجار,nfijar,blowup | detonation | explosion,NO_GLOSS,a violent release of energy caused by a chemical or nuclear reaction
38633,1,إقتراح,9tira7,motion | movement,NO_GLOSS,a natural event that involves a change in the position or location of something
38655,1,كارثة,karita,calamity | cataclysm | catastrophe | disaster | tragedy,NO_GLOSS,an event resulting in great loss and misfortune
38676,1,نجاح,naja7,success,NO_GLOSS,an event that accomplishes its intended purpose
38711,1,بداية,bidaya,start,NO_GLOSS,the beginning of anything
38868,1,وفاة,wafat,death | decease | expiry,NO_GLOSS,the event of dying or departure from life
39040,1,تهجاج,t8jaj,noise,NO_GLOSS,sound of any kind (especially unintelligible or dissonant sound)
39146,1,تيار,tayyar,flow | flowing,NO_GLOSS,the motion characteristic of fluids (liquids or gases)
39270,1,زلزال,zlzal,earthquake | quake | seism | temblor,NO_GLOSS,shaking and vibration at the surface of the earth resulting from underground movement along a fault plane of from volcanic activity
39390,1,جنازة,janaza,funeral,NO_GLOSS,a ceremony at which a dead person is buried or cremated
39522,1,نتصار,ntiSar,triumph | victory,NO_GLOSS,a successful ending of a struggle or contest
39563,1,شغف,chaghaf,passion | passionateness,NO_GLOSS,strong feeling or emotion
39590,1,شهية,cha8ia,appetence | appetency | appetite,NO_GLOSS,a feeling of craving something
39624,1,نشاط,nachaT,amusement,NO_GLOSS,a feeling of delight at being entertained
39698,1,شكر,chokr,gratitude,NO_GLOSS,a feeling of thankfulness and appreciation
39711,1,عار,3ar,shame,NO_GLOSS,a painful emotion resulting from an awareness of inadequacy or guilt
39732,1,مفاجأة,mofaja2a,surprise,NO_GLOSS,the astonishment you feel when something totally unexpected happens to you
39741,1,أمل,amal,hope,NO_GLOSS,a specific instance of feeling hopeful
39768,1,غضب,ghaDab,anger | choler | ire,NO_GLOSS,a strong emotion; a feeling that is oriented toward some real or supposed grievance
39771,1,غضب,ghaDab,fury | madness | rage,NO_GLOSS,a feeling of intense anger
39788,1,رعب,ro3b,horror,NO_GLOSS,intense and profound fear
39790,1,خلعة,khl3a,affright | panic | terror,NO_GLOSS,an overwhelming feeling of fear and anxiety
39866,1,فقسة,f9sa,brokenheartedness | grief | heartache | heartbreak,NO_GLOSS,intense sorrow caused by loss of a loved one (especially by death)
39871,1,الندم,nnadam,compunction | remorse | self-reproach,NO_GLOSS,a feeling of deep regret (usually for some misdeed)
39890,1,ملل,malal,boredom | ennui | tedium,NO_GLOSS,the feeling of being bored by something tedious
40072,1,وجبة,wjba,meal | repast,NO_GLOSS,the food served and eaten at one time
40079,1,غدا,ghda,dejeuner | lunch | luncheon | tiffin,NO_GLOSS,a midday meal
40083,1,عشا,3cha,dinner,NO_GLOSS,the main meal of the day served in the evening or at midday
40321,1,سمن و عسل,smen o 3sel,afters | dessert | sweet,NO_GLOSS,a dish served as the last course of a meal
40602,1,لحم,l7em,meat,NO_GLOSS,the flesh of animals (including fishes and birds and snails) used as food
41676,1,ملحة,ml7a,common salt | salt | table salt,NO_GLOSS,white crystalline form of especially sodium chloride used to season and preserve food
41915,1,زبدة,zbda,butter,NO_GLOSS,an edible emulsion of fat globules made by churning milk or cream; for cooking and table use
41993,1,سكر,skar,refined sugar | sugar,NO_GLOSS,a white crystalline carbohydrate used as a sweetener and preservative
42172,1,مشروب,mchroub,drink,NO_GLOSS,a single serving of a beverage
42181,1,بيرّة,birra,beer,NO_GLOSS,a general name for alcoholic beverages made by fermenting a cereal (or mixture of cereals) flavored with hops
42213,1,ڤان,vin,vino | wine,NO_GLOSS,fermented juice (of grapes especially)
42598,1,مجموعة,mjmo3a,accumulation | aggregation | assemblage | collection,NO_GLOSS,several things grouped together or considered as a whole
42675,1,مجتمع,mojtama3,society,NO_GLOSS,an extended social group having a distinctive cultural and economic organization
42868,1,باكية,bakia,bundle | package | packet | parcel,NO_GLOSS,a collection of things wrapped or boxed together
42928,1,شركة,charika,company,NO_GLOSS,an institution created to conduct business
42938,1,غرض,gharad,business | business concern | business organisation | business organization | concern,NO_GLOSS,a commercial or industrial enterprise and the people who constitute it
43062,1,كنيسة,kanisa,christian church | church,NO_GLOSS,one of the groups of Christians who have their own beliefs and forms of worship
43403,1,مؤتمر,mo2tamar,congress | u.s. congress | united states congress | us congress,NO_GLOSS,the legislature of the United States government
43474,1,دولة,dawla,state,NO_GLOSS,the group of people comprising the government of a sovereign state
43479,1,جمهور,jm8or,populace | public | world,NO_GLOSS,people in general considered as a whole
43480,1,صوكّان,sokkan,population,NO_GLOSS,the people who inhabit a territory or state
43495,1,جماعة,jma3a,crowd,NO_GLOSS,a large number of things or people considered together
43594,1,قانون,9anoun,constabulary | law | police | police force,NO_GLOSS,the force of policemen and officers
43661,1,ڤول,vol,flight,NO_GLOSS,a formation of aircraft in flight
43667,1,جمهور,jmhor,audience,NO_GLOSS,a gathering of spectators or listeners at a (usually public) performance
43678,1,كنيسة,kanisa,parish,NO_GLOSS,a local church community
43881,1,حزب,7izb,party | political party,NO_GLOSS,an organization to gain political power
44041,1,جامعة,jami3a,university,NO_GLOSS,the body of faculty and students at a university
44226,1,كوميسيون,commission,commission | committee,NO_GLOSS,a special group delegated to consider some matter
44253,1,محكمة,me7kama,court | judicature | tribunal,NO_GLOSS,an assembly (including one or more judges) to conduct judicial business
44468,1,سنسلة,snsla,chain | concatenation,NO_GLOSS,a series of things depending on each other as if linked together
44546,1,رجل,rjel,foot | infantry,NO_GLOSS,an army unit consisting of soldiers who fight on foot
44572,1,عود,3awd,cavalry | horse | horse cavalry,NO_GLOSS,troops trained to fight on horseback
44771,1,صف,Sf,row,NO_GLOSS,an arrangement of objects or people side by side in a line
44795,1,مخطط,mokhTaT,scheme | system,NO_GLOSS,a group of independent but interrelated elements comprising a unified whole
45065,1,تيران,tiran,battlefield | battleground | field | field of battle | field of honor,NO_GLOSS,a region where a battle is being (or has been) fought
45068,1,جدر,jdr,beginning | origin | root | rootage | source,NO_GLOSS,"the place where something begins, where it springs into being"
45084,1,تحت,te7t,bottom | underside | undersurface,NO_GLOSS,the lower side of anything
45091,1,حدود,7odoud,border | borderline | boundary line | delimitation | mete,NO_GLOSS,a line that indicates a boundary
45142,1,مركز,merkez,center | centre | eye | heart | middle,NO_GLOSS,an area that is approximately central within some larger region
45222,1,منطقة,mnTa9a,district | dominion | territorial dominion | territory,NO_GLOSS,a region marked off for administrative or other purposes
45264,1,دار,Dar,home | place,NO_GLOSS,where you live at a particular time
45280,1,حدود,7odoud,border | edge,NO_GLOSS,the boundary of a surface
45669,1,دولة,dawla,province | state,NO_GLOSS,the territory occupied by one of the constituent administrative districts of a nation
45705,1,لفوق,lfo9,top,NO_GLOSS,the upper part of anything
45756,1,إتجاه,ittijah,direction | way,NO_GLOSS,a line leading to a place or point
45832,1,سبب,sabab,ground | reason,NO_GLOSS,a rational motive for a belief or action
45862,1,ضمير,Damir,conscience | moral sense | scruples | sense of right and wrong,NO_GLOSS,motivation deriving logically from ethical or moral principles that govern a person's thoughts and actions
45926,1,پلاج,plage,beach,NO_GLOSS,an area of sand sloping down to the water of a sea or lake
45954,1,ماء,ma,body of water | water,NO_GLOSS,the part of the earth's surface covered with water (such as a river or lake or ocean)
46024,1,قارّة,9aarra,continent,NO_GLOSS,one of the large landmasses of the earth
46215,1,جزيرة,jazira,island,NO_GLOSS,a land mass (smaller than a continent) that is surrounded by water
46400,1,پيسين,piscine,pond | pool,NO_GLOSS,a small lake
46423,1,سنسلة,snsla,chain | chain of mountains | mountain chain | mountain range | range | range of mountains,NO_GLOSS,a series of hills or mountains
46449,1,واد,wad,river,NO_GLOSS,a large natural stream of water (larger than a creek)
46454,1,حجرة,7jra,rock | stone,NO_GLOSS,a lump or mass of hard consolidated mineral matter
46478,1,پلاج,plage,coast | sea-coast | seacoast | seashore,NO_GLOSS,the shore of a sea or ocean
46504,1,سما,sma,sky,NO_GLOSS,the atmosphere and outer space as viewed from the earth
46544,1,صوت,SoT,sound | strait,NO_GLOSS,a narrow channel of the sea joining two larger bodies of water
46641,1,شلّال,chllal,falls | waterfall,NO_GLOSS,a steep descent of the water of a river
46771,1,ملك,malak,angel,NO_GLOSS,spiritual being attendant upon God
46793,1,جنّ,jnn,daemon | daimon | demon | devil | fiend,NO_GLOSS,one of the evil spirits of traditional Jewish and Christian belief
46879,1,بالغ,baligh,adult | grownup,NO_GLOSS,a fully developed person from maturity onward
46922,1,مهندس,mo8ndis,applied scientist | engineer | technologist,NO_GLOSS,a person who uses scientific knowledge to solve practical problems
46932,1,إكسبير,ikspir,expert,NO_GLOSS,a person with special knowledge or ability who performs skillfully
46947,1,رئيس,ra2is,leader,NO_GLOSS,a person who rules or guides or inspires others
46976,1,خدّام,kheddam,worker,NO_GLOSS,a person who works at a specific occupation
47773,1,نجمة,njma,ace | adept | champion | genius | hotshot | maven | mavin | sensation | star | superstar | virtuoso | whiz | whizz | wiz | wizard,NO_GLOSS,someone who is dazzlingly skilled in any field
47806,1,مراهق,mora8i9,adolescent | stripling | teen | teenager,NO_GLOSS,a juvenile between the onset of puberty and maturity
48029,1,فنان,fennan,artist | creative person,NO_GLOSS,a person whose creative work shows sensitivity and imagination
48047,1,سكرتيرة,sikritira,assistant | help | helper | supporter,NO_GLOSS,a person who contributes to the fulfillment of a need or furtherance of an effort or purpose
48523,1,قبطان,9obTan,captain | headwaiter | maitre d' | maitre d'hotel,NO_GLOSS,a dining-room attendant who is in charge of the waiters and the seating of customers
48675,1,بزقول,bz9oul,child | fry | kid | minor | nestling | nipper | shaver | small fry | tiddler | tike | tyke | youngster,NO_GLOSS,a young person of either sex
49046,1,وزير,wzir,curate | minister | minister of religion | parson | pastor | rector,NO_GLOSS,a person authorized to conduct religious worship
49072,1,أب,ab,dad | dada | daddy | pa | papa | pappa | pop,NO_GLOSS,an informal term for a father; probably derived from baby talk
49438,1,موضّف,mowDDaf,employee,NO_GLOSS,a worker who is hired to perform a job
49598,1,والد,walid,begetter | father | male parent,NO_GLOSS,a male parent (also used as a term of address to your father)
49641,1,مدير,modir,director | film director,NO_GLOSS,the person who directs the making of a film
49794,1,لعمالة,l3amala,friend,NO_GLOSS,a person you know well and regard with affection and trust
49873,1,جنيرال,jiniral,full general | general,NO_GLOSS,a general officer of the highest rank
49975,1,حفيد,7fid,grandchild | grandkid,[eng] child's child,child's child
49982,1,جدّ,jdd,gramps | grandad | granddad | granddaddy | grandfather | grandpa,[eng] parent's father,the father of your father or mother
49984,1,حنّة,7enna,gran | grandma | grandmother | grannie | granny,NO_GLOSS,the mother of your father or mother
50130,1,رئيس,ra2is,headmaster | master | schoolmaster,NO_GLOSS,presiding officer of a school
50270,1,رهينة,ra8ina,hostage | surety,NO_GLOSS,a prisoner who is held by one party to insure that another party will meet specified terms
50312,1,مول دار,moul dar,hubby | husband | married man,NO_GLOSS,a married man; a woman's partner in marriage
50347,1,مهاجر,mo8ajir,immigrant,NO_GLOSS,a person who comes to a country where they were not born in order to settle there
50492,1,قاضي,9aDi,judge | jurist | justice | magistrate,NO_GLOSS,a public official authorized to decide questions brought before a court of justice
50530,1,ملك,malik,king | male monarch | rex,NO_GLOSS,a male sovereign; ruler of a kingdom
50539,1,علاقة,3ala9a,relation | relative,NO_GLOSS,a person related by blood or marriage
50843,1,ولد,wld,boy | male child,NO_GLOSS,a youthful male person
50949,1,عمدة,3omda,city manager | mayor,NO_GLOSS,the head of a city government
51080,1,بطل,baTal,hero,NO_GLOSS,a man distinguished by exceptional courage and nobility and strength
51131,1,والدة,walida,female parent | mother,NO_GLOSS,a woman who has given birth to a child (also used as a term of address to your mother)
51180,1,لاعب,la3ib,instrumentalist | musician | player,NO_GLOSS,someone who plays a musical instrument (as a profession)
51489,1,صبّاغ,Sbbagh,painter,NO_GLOSS,an artist who paints
51562,1,مريض,mriD,patient,NO_GLOSS,a person who requires medical care
51649,1,فرعون,fir3awn,pharaoh | pharaoh of egypt,NO_GLOSS,the title of the ancient Egyptian kings
51759,1,شاعر,chaa3ir,poet,NO_GLOSS,a writer of poems (the term is usually reserved for writers of good poetry)
51771,1,ضابط,DabiT,officer | police officer | policeman,NO_GLOSS,a member of a police force
51879,1,كرسي,korsi,chair | chairman | chairperson | chairwoman | president,NO_GLOSS,the officer who presides at the meetings of an organization
51917,1,حبّاس,7bbas,captive | prisoner,NO_GLOSS,a person who is confined; especially a prisoner of war
51942,1,پروفسور,professor,prof | professor,NO_GLOSS,someone who is a member of the faculty at a college or university
52252,1,مسابقة,moSaba9a,challenger | competition | competitor | contender | rival,NO_GLOSS,the contestant you hope to defeat
52644,1,مغنّي,moghnni,singer | vocaliser | vocalist | vocalizer,NO_GLOSS,a person who sings
52781,1,ولد,wld,boy | son,NO_GLOSS,a male human offspring
52872,1,شريك,chrik,better half | married person | mate | partner | spouse,NO_GLOSS,a person's partner in marriage
53021,1,طالب,Talib,educatee | pupil | student,NO_GLOSS,a learner who is enrolled in an educational institution
53632,1,سرباي,srbay,server | waiter,NO_GLOSS,a person whose occupation is to serve at table (as in a restaurant)
53749,1,أرملة,armala,widow | widow woman,NO_GLOSS,a woman whose husband is dead especially one who has not remarried
53751,1,مولات دار,moulat dar,married woman | wife,NO_GLOSS,a married woman; a man's partner in marriage
53828,1,مؤلّف,mo2allif,author | writer,NO_GLOSS,writes (books or stories or articles or the like) professionally (for pay)
53880,1,نتيجة,natija,consequence | effect | event | issue | outcome | result | upshot,NO_GLOSS,a phenomenon that follows and is caused by some previous phenomenon
53975,1,هوا,8wa,air | breeze | gentle wind | zephyr,NO_GLOSS,a slight wind (usually refreshing)
54098,1,حملة,7amla,alluvion | deluge | flood | inundation,NO_GLOSS,the rising of a body of water and its overflowing onto normally dry land
54262,1,قمر,9amar,moon | moonlight | moonshine,NO_GLOSS,the light of the moon
54265,1,شمس,chmch,sun | sunlight | sunshine,NO_GLOSS,the rays of the sun
54382,1,دخان,dkhan,fume | smoke,NO_GLOSS,a cloud of fine particles suspended in a gas
55817,1,صبّار,Sbbar,cactus,NO_GLOSS,any succulent plant of the family Cactaceae native chiefly to arid regions of the New World and usually having spines
61867,1,شجرة,chjra,tree,NO_GLOSS,a tall perennial woody plant having a main trunk and branches forming a distinct elevated crown; includes both gymnosperms and angiosperms
61887,1,عشبة,3shba,bush | shrub,NO_GLOSS,a low woody perennial plant usually having several major branches
62617,1,ربح,rbe7,earnings | lucre | net | net income | net profit | profit | profits,NO_GLOSS,the excess of revenues over outlays in a given period of time (including depreciation and other non-cash expenses)
62655,1,كاضو,kaDo,gift,NO_GLOSS,something acquired without compensation
62733,1,شهرية,ch8ria,earnings | pay | remuneration | salary | wage,NO_GLOSS,something that remunerates
62880,1,ضرر,Darar,damage | price | terms,NO_GLOSS,the amount of money needed to purchase something
62915,1,ضريبة,Dariba,revenue enhancement | tax | taxation,NO_GLOSS,charge against a citizen's person or property or activity for the support of government
63015,1,نقطة,no9ta,charge per unit | rate,NO_GLOSS,amount of a charge or payment relative to some basis
63048,1,كمية,kimmiya,amount | amount of money | sum | sum of money,NO_GLOSS,a quantity of money
63228,1,دعم,da3m,bread and butter | keep | livelihood | living | support | sustenance,NO_GLOSS,the financial means whereby one lives
63338,1,تقاعد,ta9a3od,pension,NO_GLOSS,a regular payment to a person that is intended to allow them to subsist without working
63351,1,فلوس كاش,flous cash,cash | hard cash | hard currency,NO_GLOSS,money in the form of bills or coins
63400,1,فاكتورة,factoura,bank bill | bank note | banker's bill | banknote | bill | federal reserve note | government note | greenback | note,NO_GLOSS,a piece of paper money (especially one issued by a central bank)
63553,1,ميزانية,mizania,budget,NO_GLOSS,a sum of money allocated for a particular purpose
63756,1,طلب,Talab,demand,NO_GLOSS,the ability and desire to purchase goods and services
63854,1,عافية,3afia,fire | flame | flaming,NO_GLOSS,the process of combustion of inflammable materials producing heat and light and (often) smoke
64741,1,سدّ,sdd,dam | decameter | decametre | dekameter | dekametre | dkm,NO_GLOSS,a metric unit of length equal to ten meters
65299,1,نص,nSS,half | one-half,NO_GLOSS,one of two equal parts of a divisible whole
65304,1,الرابع,rrab3,fourth | fourth part | one-fourth | quarter | quartern | twenty-five percent,NO_GLOSS,one of four equal parts
65510,1,عاشقة,3ach9a,spoon | spoonful,NO_GLOSS,as much as a spoon will hold
65566,1,حجم,7ajm,volume,NO_GLOSS,the amount of 3-dimensional space occupied by an object
65751,1,نسبة,nisba,proportion,NO_GLOSS,the quotient obtained when the magnitude of a part is divided by the magnitude of the whole
65911,1,لوّل,lwwl,first | number one,NO_GLOSS,the first or highest in an ordering or series
66064,1,دائرة,da2ira,circle,NO_GLOSS,ellipse in which the two axes are of equal length; a plane curve generated by one point moving at a constant distance from a fixed point
66276,1,نقطة,n9Ta,dot | point,NO_GLOSS,a very small circular shape
66345,1,سكات,skat,silence,NO_GLOSS,the state of being silent (as when no one is speaking)
66371,1,صداقة,SaDaa9a,friendly relationship | friendship,NO_GLOSS,the state of being friends
66432,1,ظرف,Darf,circumstance,NO_GLOSS,a condition that accompanies or influences some event or activity
66489,1,وجود,wojoud,being | beingness | existence,NO_GLOSS,the state or fact of existing
66561,1,بطالة,biTala,unemployment,NO_GLOSS,the state of being unemployed or not having a job
66571,1,سلام,salam,peace,NO_GLOSS,the state prevailing during the absence of war
66641,1,مغلوق,mghlou9,dark | darkness,NO_GLOSS,absence of light or illumination
66659,1,لفرحة,lfer7a,felicity | happiness,NO_GLOSS,state of well-being characterized by emotions ranging from contentment to intense joy
66675,1,تأنيب الضمير,ta2nib damir,guilt | guiltiness,NO_GLOSS,the state of having committed an offense
66848,1,أرق,ara9,insomnia,NO_GLOSS,an inability to sleep; chronic sleeplessness
66927,1,لهيمري,l8imri,hunger | hungriness,NO_GLOSS,a physiological need for food; the consequence of food deprivation
67092,1,مرض,marad,disease,NO_GLOSS,an impairment of health or a condition of abnormal functioning
67342,1,سكّار,skkar,diabetes,NO_GLOSS,any of several metabolic disorders marked by excessive urination and persistent thirst
67358,1,الرواح,rrwa7,flu | grippe | influenza,NO_GLOSS,an acute febrile highly contagious viral disease
67463,1,لبرد,lberd,cold | common cold,NO_GLOSS,a mild viral infection involving the nose and respiratory passages (but not the lungs)
67961,1,كونصير,konSir,cancer | malignant neoplastic disease,NO_GLOSS,any malignant growth or tumor caused by abnormal and uncontrolled cell division; it may spread to other parts of the body through the lymphatic system or the blood stream
68416,1,ألم,2alam,hurting | pain,NO_GLOSS,a symptom of some physical hurt or disorder
68956,1,وحدة,wa7da,loneliness | solitariness,NO_GLOSS,the state of being alone in solitary isolation
69135,1,معاناة,mo3anat,suffering | woe,NO_GLOSS,misery resulting from affliction
69144,1,ضرورة,Daroura,necessity,NO_GLOSS,the condition of being essential or indispensable
69306,1,فرصة,forSa,chance | opportunity,NO_GLOSS,a possibility due to a favorable combination of circumstances
69347,1,ثروة,tarwa,wealth | wealthiness,NO_GLOSS,the state of being rich and affluent; having a plentiful supply of material goods and money
69495,1,لجو,ljow,climate | clime,NO_GLOSS,the weather in some location averaged over some long period of time
69594,1,سلامة,salama,safety,NO_GLOSS,the state of being certain that adverse effects will not be caused by some agent under defined conditions
69599,1,أمن,amn,security,NO_GLOSS,the state of being free from danger or injury
69608,1,خطر,khaTar,danger,NO_GLOSS,the condition of being susceptible to harm or injury
69613,1,خطر,khaTar,endangerment | hazard | jeopardy | peril | risk,NO_GLOSS,a source of danger; a possibility of incurring loss or misfortune
69838,1,ماتريال,materiel,material | stuff,NO_GLOSS,the tangible substance that goes into the makeup of a physical object
70135,1,ف,f,atomic number 49 | in | indium,NO_GLOSS,a rare soft silvery metallic element; occurs in small quantities in sphalerite
70161,1,لا,lla,atomic number 102 | no | nobelium,NO_GLOSS,a radioactive transuranic element synthesized by bombarding curium with carbon ions; 7 isotopes are known
70739,1,جلد,jld,leather,NO_GLOSS,an animal skin made smooth and flexible by removing the hair and then tanning
70955,1,سكر,skar,carbohydrate | saccharide | sugar,NO_GLOSS,an essential structural component of living cells and source of energy for animals; includes simple sugars with small molecules as well as macromolecular substances; are classified according to the number of monosaccharide groups they contain
71009,1,حديد,7did,steel,NO_GLOSS,an alloy of iron with small amounts of carbon; widely used in construction; mechanical properties can be varied over a wide range
71414,1,مازوط,mazoT,fuel,NO_GLOSS,a substance that can be consumed to produce energy
71650,1,تلج,telj,ice | water ice,NO_GLOSS,water frozen in the solid state
72252,1,رملة,rmla,sand,NO_GLOSS,a loose material consisting of grains of rock or coral
72461,1,بخار,bokhar,steam,NO_GLOSS,water at boiling temperature diffused in the atmosphere
72819,1,حاضر,7aDir,nowadays | present,NO_GLOSS,the period of time that is happening now; any continuous stretch of time including the moment of speech
72826,1,اللي فات,lli fat,past | past times | yesteryear | yore,NO_GLOSS,the time that has elapsed
72829,1,تاريخ,tarikh,history,NO_GLOSS,the aggregate of past events
72830,1,مستقبل,mosta9bal,future | futurity | hereafter | time to come,NO_GLOSS,the time yet to come
72913,1,ولادة,wlada,birth,NO_GLOSS,the time when something begins (especially life)
72921,1,لاخرة,lakhra,afterlife | hereafter,NO_GLOSS,life after death
72987,1,عمر,3mr,age | eld | geezerhood | old age | years,NO_GLOSS,a late time of life
73041,1,وسط نهار,wst nhar,high noon | midday | noon | noonday | noontide | twelve noon,NO_GLOSS,the middle of the day
73046,1,عشية,3chia,afternoon,NO_GLOSS,the part of the day between noon and evening
73051,1,مغلوق,mghlou9,dark | night | nighttime,NO_GLOSS,the time after sunset and before sunrise while it is dark outside
73067,1,طيحة,Ti7a,crepuscle | crepuscule | dusk | evenfall | fall | gloam | gloaming | nightfall | twilight,NO_GLOSS,the time of day immediately following sunset
73255,1,عشر سنين,3chr snin,decade | decennary | decennium,NO_GLOSS,a period of 10 years
73256,1,قرن,9arn,century,NO_GLOSS,a period of 100 years
73372,1,حياة,7ayat,life | life sentence,NO_GLOSS,a prison term lasting as long as the prisoner lives
73431,1,الصيف,SSif,summer | summertime,NO_GLOSS,the warmest season of the year; in the northern hemisphere it extends from the summer solstice to the autumnal equinox
74004,2,فعلي,fi3li,actual | existent,NO_GLOSS,presently existing in fact and not merely potential or possible
74048,2,مناسب,monasib,adequate,NO_GLOSS,(sometimes followed by `to') meeting the requirements especially of a task
74061,2,كايتلصّق,kaytlSS9,gluey | glutinous | gummy | mucilaginous | pasty | sticky | viscid | viscous,NO_GLOSS,having the sticky properties of an adhesive
74215,2,خايف,khayf,afraid,NO_GLOSS,filled with fear or apprehension
74218,2,مشوكي,mchoki,aghast | appalled | dismayed | shocked,NO_GLOSS,"struck with fear, dread, or consternation"
74306,2,حيّ,7yy,alive | live,NO_GLOSS,possessing life
74310,2,ميّت,myyet,dead,NO_GLOSS,no longer having or seeming to have or expecting to have life
74535,2,مرّ,morr,acrimonious | bitter,NO_GLOSS,marked by strong resentment or cynicism
74753,2,زيزون,zizoun,mute | tongueless | unspoken | wordless,NO_GLOSS,expressed without speech; especially because words would be inappropriate or inadequate
74864,2,حاملة,7amla,pregnant,NO_GLOSS,carrying developing offspring within the body or being about to produce new life
74910,2,أتوماتيك,automatic,automatic,NO_GLOSS,operating with minimal human intervention; independent of external control
74970,2,كايخلع,kaykhle3,awful | dire | direful | dread | dreaded | dreadful | fearful | fearsome | frightening | horrendous | horrific | terrible,NO_GLOSS,causing fear or dread or terror
75026,2,قدّامي,9ddami,forward,NO_GLOSS,at or near or directed toward the front
75320,2,دموي,damawi,bloody,NO_GLOSS,having or covered with or accompanied by blood
75334,2,زاعم,za3m,bold,NO_GLOSS,fearless and daring
75420,2,زاعم,za3em,brave | courageous,NO_GLOSS,possessing or displaying courage; able to face and deal with danger or fear without flinching
75476,2,مضلّم,mDllem,dark,NO_GLOSS,devoid of or deficient in light or brightness; shadowed or black
75667,2,عميق,3ami9,thorough,NO_GLOSS,painstakingly careful and accurate
75838,2,حشمان,7chman,diffident | shy | timid | unsure,NO_GLOSS,lacking self-confidence
75963,2,زاهي,za8i,cheerful,NO_GLOSS,being full of or promoting cheer; having or showing good spirits
76242,2,ملوّن,mlwwen,colorful | colourful,NO_GLOSS,having striking color
76298,2,همجي,8amaji,barbarian | barbaric | savage | uncivilised | uncivilized | wild,NO_GLOSS,without civilizing influences
76327,2,نقي,n9i,clean,NO_GLOSS,free from dirt or impurities; or having clean habits
76443,2,مجلّج,mjllj,stupid,NO_GLOSS,lacking or marked by lack of intellectual acuity
76459,2,بعيد,b3id,distant | remote,NO_GLOSS,apart in space
76469,2,النواحي,nnawa7i,nearby,NO_GLOSS,close at hand
76482,2,ملاسق,mlas9,adjacent | next | side by side,NO_GLOSS,nearest in space or position; immediately adjoining without intervening space
76723,2,نادر,naadir,rare,NO_GLOSS,not widely known; especially valued for its uncommonness
76727,2,مألوف,m2louf,usual,NO_GLOSS,occurring or encountered or experienced or observed frequently or in accordance with regular practice or procedure
76821,2,بوحدو,bo7do,alone | unequaled | unequalled | unique | unparalleled,NO_GLOSS,radically distinctive and without equal
76876,2,كولّشي,kollchi,whole,NO_GLOSS,including all components without exception; being one unit or constituting the full amount or extent or duration; complete
76877,2,كولّو,kollo,entire | full | total,NO_GLOSS,constituting the full quantity or extent; complete
76887,2,نصّ,neSS,half,NO_GLOSS,consisting of one of two equivalent parts in value or quantity
76929,2,جزء,joz2i,partial,NO_GLOSS,being or affecting only a part; not total
77279,2,راضي,raDi,satisfied,NO_GLOSS,filled with satisfaction
77304,2,متابر,motaabir,persistent | relentless | unrelenting,NO_GLOSS,never-ceasing
77312,2,متّاصل,mttaSel,continuous | uninterrupted,NO_GLOSS,continuing in time or space without interruption
77367,2,مناسب,monaasib,convenient,NO_GLOSS,suited to your comfort or purpose or needs
77388,2,عجيب,3ajib,bizarre | eccentric | flakey | flaky | freakish | freaky | gonzo | off-the-wall | outlandish | outre,NO_GLOSS,conspicuously or grossly unconventional or unusual
77398,2,تقليدي,t9lidi,traditional,NO_GLOSS,consisting of or derived from tradition
77529,2,صحيح,S7i7,correct | right,NO_GLOSS,free from error; especially conforming to fact or truth
77533,2,غالط,ghaleT,incorrect | wrong,NO_GLOSS,not correct; not in conformity with fact or truth
77584,2,مأدب,m2ddb,polite,NO_GLOSS,"showing regard for others in manners, speech, behavior, etc."
77596,2,مبدع,mobdi3,creative | originative,NO_GLOSS,having the ability or power to create
77725,2,حالي,7aali,current,NO_GLOSS,occurring in or belonging to the present time
77836,2,صمك,Smk,deaf,NO_GLOSS,lacking or deprive of the sense of hearing wholly or in part
77888,2,سطحي,sT7i,shallow,NO_GLOSS,lacking physical depth; having little spatial extension downward or inward from an outer surface or backward or outward from a center
77982,2,حسّاس,7ssas,delicate | fragile | frail,NO_GLOSS,easily broken or damaged or destroyed
78014,2,ديموقراطي,dimo9raTi,democratic,NO_GLOSS,characterized by or advocating or based upon the principles of democracy or social equality
78074,2,مستقل,mosta9ill,independent,NO_GLOSS,free from external control and constraint
78199,2,ساهل,sa8l,easy,NO_GLOSS,posing no difficulty; requiring little effort
78549,2,معطّل,m3TTl,late,NO_GLOSS,being or occurring at an advanced period of time or after a usual or expected time
78582,2,شرقي,chr9i,eastern,NO_GLOSS,lying toward or situated in the east
78592,2,غربي,ghrbi,western,NO_GLOSS,relating to or characteristic of regions of western parts of the world
78626,2,جاهل,ja8il,ignorant | nescient | unenlightened | unlearned | unlettered,NO_GLOSS,uneducated in general; lacking knowledge or sophistication
79159,2,مامتوقّعش,mamtwe99e3ch,unexpected,NO_GLOSS,not expected or anticipated
79183,2,غالي,ghali,expensive,NO_GLOSS,high in price or charging high prices
79216,2,عميق,3ami9,cryptic | cryptical | deep | inscrutable | mysterious | mystifying,NO_GLOSS,of an obscure nature
79326,2,مخلص,mokhliS,faithful,NO_GLOSS,steadfast in affection or allegiance
79337,2,مخلص,mokhliS,loyal,NO_GLOSS,steadfast in allegiance or duty
79367,2,غريب,ghrib,strange | unusual,NO_GLOSS,being definitely out of the ordinary and unexpected; slightly odd or even a bit weird
79426,2,سريع,sri3,quick | speedy,NO_GLOSS,accomplished rapidly and without delay
79433,2,تقيل,t9il,slow,NO_GLOSS,not moving quickly; taking a comparatively long time
79470,2,طبّوزي,Tebbouzi,fat,NO_GLOSS,having much flesh (especially fat)
79606,2,لخر,lkher,concluding | final | last | terminal,NO_GLOSS,occurring at or forming an end or termination
79820,2,مزهار,mz8ar,lucky,NO_GLOSS,blessed with good fortune
79906,2,مرخي,mrkhi,loose,NO_GLOSS,not restrained or confined or attached
80073,2,وقت جزئي,w9t joz2i,part-time | parttime,NO_GLOSS,involving less than the standard or customary time for an activity
80256,2,مجيد,majiid,glorious,NO_GLOSS,having or deserving or conferring glory
80307,2,شرّير,chirrir,evil,NO_GLOSS,morally bad or wrong
80313,2,خايب,khayb,despicable | slimy | ugly | unworthy | vile | worthless | wretched,NO_GLOSS,morally reprehensible
80386,2,ممتنّ,momtann,grateful | thankful,NO_GLOSS,feeling or showing gratitude
80395,2,ناشط,nachT,happy,NO_GLOSS,enjoying or showing or marked by joy or pleasure or good fortune
80514,2,صحّي,Si77i,healthy,NO_GLOSS,having or indicating good health in body or mind; free from infirmity or disease
80747,2,عالي,3aali,high,NO_GLOSS,greater than normal in degree or intensity or amount
80818,2,نزيه,nazih,honest | honorable,NO_GLOSS,not disposed to cheat or defraud; not deceptive or fraudulent
80955,2,سخون,skhoun,hot,NO_GLOSS,used of physical heat; having a high or higher than desirable temperature or giving off heat or feeling or causing a sensation of heat or burning
80978,2,بارد,bard,cold,NO_GLOSS,used of physical coldness; having a low or inadequate temperature or feeling a sensation of coldness or having been made cold by e.g. ice or refrigeration
81037,2,وحشي,w7chi,barbarous | brutal | cruel | fell | roughshod | savage | vicious,NO_GLOSS,(of persons or their actions) able or disposed to inflict pain or suffering
81046,2,كوميدي,komidi,amusing | comic | comical | funny | laughable | mirthful | risible,NO_GLOSS,arousing or provoking laughter
81102,2,مهم,mo8im,important | of import,NO_GLOSS,of great significance or value
81109,2,رئيسي,ra2isi,chief | main | primary | principal,NO_GLOSS,most important element
81135,2,دراماتيكي,dramatiki,dramatic | spectacular | striking,NO_GLOSS,sensational in appearance or thrilling in effect
81341,2,مدنب,modnib,guilty,NO_GLOSS,responsible for or chargeable with a reprehensible act; or marked by guilt
81427,2,دكي,dki,intelligent,NO_GLOSS,having the capacity for thought and reason especially to a high degree
81574,2,فرحان,fr7an,glad,NO_GLOSS,showing or causing joy and pleasure; especially made happy
81605,2,متلي,mitli,gay | jocund | jolly | jovial | merry | mirthful,NO_GLOSS,full of or showing high-spirited merriment
81647,2,مشهور,mch8our,celebrated | famed | famous | far-famed | illustrious | notable | noted | renowned,NO_GLOSS,widely known and esteemed
81652,2,مجهول,mj8oul,unknown,NO_GLOSS,not known
81705,2,ضخم,Dakhm,enormous | tremendous,NO_GLOSS,extraordinarily large in size or extent or amount or power or degree
81711,2,عضيم,3aDim,great,NO_GLOSS,relatively large in size or number or extent; larger than others of its kind
81740,2,صغيوّر,sghiwwer,bantam | diminutive | flyspeck | lilliputian | midget | petite | tiny,NO_GLOSS,very small
81795,2,قانوني,9aanouni,legal,NO_GLOSS,established by or founded upon law or official or accepted rules
81803,2,غير قانوني,ghayr 9anoni,illegal,NO_GLOSS,prohibited by law or by official or accepted rules
82048,2,قصير,9Sir,short,NO_GLOSS,primarily temporal sense; indicating or being or seeming to be limited in duration
82109,2,مجهّد,mj88d,loud,NO_GLOSS,characterized by or producing sound of great volume or intensity
82166,2,عزيز,3ziz,beloved | darling | dear,NO_GLOSS,dearly loved
82262,2,دكري,dakari,male,NO_GLOSS,being the sex (of plant or animal) that produces gametes (spermatozoa) that perform the fertilizing function in generation
82268,2,أُنتوي,ontawi,female,NO_GLOSS,being the sex (of plant or animal) that produces fertilizable gametes (ova) from which offspring develop
82379,2,لحدّ,l7dd,maximal | maximum,NO_GLOSS,the greatest or most complete or best possible
82596,2,معتادل,m3tadl,moderate,NO_GLOSS,being within reasonable or average limits; not excessive or extreme
82714,2,عرّام,3rram,numerous,NO_GLOSS,amounting to a large indefinite number
82789,2,واڭف,wagf,inactive | motionless | static | still,NO_GLOSS,not in physical motion
82812,2,دولي,dawli,international,NO_GLOSS,concerning or belonging to all or at least two or more nations
82865,2,ضروري,Darouri,necessary,NO_GLOSS,absolutely essential
82898,2,زوين,zwin,nice,NO_GLOSS,pleasant or pleasing or agreeable in nature or appearance
82933,2,معدّل,mo3ddal,average | mean,NO_GLOSS,approximating the statistical norm or average or expected value
82995,2,شمالي,chamali,northern,NO_GLOSS,in or characteristic of a region of the United States north of (approximately) the Mason-Dixon line
83107,2,تايعيّف,tay3yyef,disgustful | disgusting | distasteful | foul | loathly | loathsome | repellant | repellent | repelling | revolting | skanky | wicked | yucky,NO_GLOSS,highly offensive; arousing aversion or disgust
83280,2,مسدود,mesdoud,closed,NO_GLOSS,not open or affording passage or access
83412,2,خارق للعادة,khari9 lil3ada,extraordinary,NO_GLOSS,beyond what is ordinary or usual; highly unusual or exceptional or remarkable
83475,2,عيّان,3yyan,banal | commonplace | hackneyed | old-hat | shopworn | stock | threadbare | timeworn | tired | trite | well-worn,NO_GLOSS,repeated too often; overfamiliar through overuse
83623,2,خام,khaam,raw | sensitive | sore | tender,NO_GLOSS,hurting
83769,2,صبّار,Sbbar,patient,NO_GLOSS,enduring trying circumstances with even temper or characterized by such endurance
83800,2,امن,2aamn,peaceful,NO_GLOSS,not disturbed by strife or turmoil or war
83877,2,مؤقّت,mo299at,impermanent | temporary,NO_GLOSS,not permanent; not lasting
84138,2,ممتع,momti3,pleasant,NO_GLOSS,affording pleasure; being in harmony with your taste or likings
84167,2,مريض,mriD,disgusted | fed up | sick | sick of | tired of,NO_GLOSS,having a strong distaste from surfeit
84221,2,سياسي,syasi,political,NO_GLOSS,involving or characteristic of politics or parties or politicians
84245,2,سلبي,silbi,negative,NO_GLOSS,characterized by or displaying negation or denial or opposition or resistance; having no positive features
84273,2,مستحيل,mosta7il,impossible,NO_GLOSS,not capable of occurring or being accomplished or dealt with
84286,2,قوي,9wi,powerful,NO_GLOSS,having great power or force or potency or effect
84470,2,خاصّ,khaSS,private,NO_GLOSS,confined to particular persons or groups or providing privacy
84640,2,فخور,fakhour,proud,NO_GLOSS,feeling self-respect or pleasure in something by which you measure your self-worth; or being a reason for pride
84641,2,مغرور,mghrour,arrogant | chesty | self-important,NO_GLOSS,having or showing feelings of unwarranted importance out of overbearing pride
84786,2,كمّي,kammi,quantitative,NO_GLOSS,expressible as a quantity or relating to or susceptible of measurement
84812,2,سكّوتي,skkouti,silent | soundless | still,NO_GLOSS,marked by absence of sound
84831,2,هاديء,8adi2,quiet,NO_GLOSS,characterized by an absence or near absence of agitation or activity
84877,2,واجد,wajd,ready,NO_GLOSS,completely prepared or in condition for immediate action or use or progress
84888,2,حقيقية,7a9i9ia,existent | real,NO_GLOSS,being or occurring in fact or actuality; having verified existence; not illusory
85022,2,يومي,yawmi,daily | day-after-day | day-to-day | every day,NO_GLOSS,occurring or done each day
85476,2,دائري,da2iri,circular | round,NO_GLOSS,having a circular shape
85569,2,مقدّس,mo9ddas,hallowed | sacred,NO_GLOSS,worthy of religious veneration
85579,2,ديني,dini,religious | spiritual,NO_GLOSS,concerned with sacred matters or religion or the church
85590,2,امن,aamin,safe,NO_GLOSS,free from danger or the risk of harm
85596,2,خطير,khaTir,dangerous | unsafe,NO_GLOSS,involving or causing danger or risk; liable to hurt or harm
85623,2,مطابق,mTab9,identical | indistinguishable,NO_GLOSS,exactly alike; incapable of being perceived as different
85628,2,متنوّع,mtnwwe3,assorted | various,NO_GLOSS,of many different kinds purposefully arranged but lacking any uniformity
85640,2,بحال,b7al,same,NO_GLOSS,same in identity
85643,2,لخرين,lkhrin,other,NO_GLOSS,not the same one or ones already mentioned or implied
85725,2,تيكنولوجي,tiknoloji,technological,NO_GLOSS,based in scientific and industrial progress
85762,2,سرّي,sirri,secret,NO_GLOSS,not open or public; kept private or not revealed
85897,2,مختالف,mkhtalf,discrete | distinct,NO_GLOSS,constituting a separate entity or part
86204,2,عمى,3ma,blind | unsighted,NO_GLOSS,unable to see
86301,2,بسيط,bsiT,simple,NO_GLOSS,having few parts; not complex or complicated or involved
86645,2,زوين,zwin,adept | expert | good | practiced | proficient | skilful | skillful,NO_GLOSS,having or showing knowledge and skill and aptitude
86704,2,ملس,mles,smooth,NO_GLOSS,having a surface free from roughness or bumps or ridges or irregularities
86849,2,قاسح,9as7,solid,NO_GLOSS,of definite shape and volume; firm; neither liquid nor gaseous
86857,2,سائل,sa2il,liquid,NO_GLOSS,existing as or having characteristics of a liquid; especially tending to flow
86913,2,نيّة,nyya,naif | naive,NO_GLOSS,marked by or showing unaffected simplicity and lack of guile or worldly experience
87058,2,ستاندار,standar,standard,NO_GLOSS,conforming to or constituting a standard of measurement or value; or of the usual or regularized or accepted kind
87211,2,صحيح,S7i7,strong,NO_GLOSS,having strength or power greater than average or expected
87267,2,ناجح,naaj7,successful,NO_GLOSS,having succeeded or being marked by a favorable outcome
87330,2,رائع,ra2i3,a-one | ace | crack | fantastic | first-rate | super | tiptop | topnotch | tops,NO_GLOSS,of the highest quality
87337,2,ممتاز,momtaz,excellent | fantabulous | first-class,NO_GLOSS,of the highest quality
87487,2,حلو,7lo,sweet,NO_GLOSS,having or denoting the characteristic taste of sugar
87639,2,لديد,ldid,delectable | delicious | luscious | pleasant-tasting | scrumptious | toothsome | yummy,NO_GLOSS,extremely pleasing to the sense of taste
87718,2,غليض,ghliD,thick,NO_GLOSS,not thin; of a specific thickness or of relatively great extent from one surface to the opposite usually in the smallest of the three solid dimensions
87729,2,رقيق,r9i9,thin,NO_GLOSS,of relatively small extent from one surface to the opposite or in cross section
87960,2,مسموم,msmoum,toxic,NO_GLOSS,of or relating to or caused by a toxin or poison
88024,2,صحيح,S7i7,true,NO_GLOSS,consistent with fact or reality; not false
88344,2,باين,bayn,seeable | visible,NO_GLOSS,capable of being seen; or open to easy view
88351,2,ماباينش,mabaynch,invisible | unseeable,NO_GLOSS,impossible or nearly impossible to see; imperceptible by the eye
88353,2,مخبّي,mkhbbi,concealed | hidden | out of sight,NO_GLOSS,not accessible to view
88419,2,دافي,dafi,warm,NO_GLOSS,having or producing a comfortable and agreeable degree of heat or imparting or maintaining heat
88423,2,بارد,bard,cool,NO_GLOSS,neither warm nor very cold; giving relief from heat
88534,2,فازڭ,fazg,damp | dampish | moist,NO_GLOSS,slightly wet
88666,2,حمق,7m9,foolish,NO_GLOSS,devoid of good sense or judgment
88669,2,عبيط,3abiT,cockamamie | cockamamy | goofy | sappy | silly | wacky | whacky | zany,NO_GLOSS,"ludicrous, foolish"
90019,2,حربي,7rbi,military,NO_GLOSS,of or relating to the study of the principles of warfare
90204,2,ملكي,malaki,royal,NO_GLOSS,of or relating to or indicative of or issued or performed by a king or queen or other monarch
90229,2,علمي,3ilmi,scientific,NO_GLOSS,of or relating to the practice of science
90417,2,حضاري,7aDari,urban,NO_GLOSS,relating to or concerned with a city or densely populated area
90476,2,أدبي,adabi,literary,NO_GLOSS,of or relating to or characteristic of literature
90561,2,لغوي,loghawi,lingual | linguistic,NO_GLOSS,consisting of or related to language
90766,2,شيوعي,choyou3i,communist | communistic,NO_GLOSS,relating to or marked by communism
90920,2,تقافي,ta9afi,cultural,NO_GLOSS,of or relating to the arts and manners that a group favors
91057,2,تاريخي,tarikhi,historical,NO_GLOSS,of or relating to the study of history
91488,2,وطني,waTani,national,NO_GLOSS,of or relating to or belonging to a nation or country
91567,2,شتراكي,chtiraki,socialist | socialistic,NO_GLOSS,of or relating to or promoting or practicing socialism
91575,2,تطوّري,tTawwori,evolutionary,NO_GLOSS,of or relating to or produced by evolution
92637,3,تنفّس,tnffs,breathe | respire | suspire | take a breath,NO_GLOSS,"draw air into, and expel out of, the lungs"
92678,3,تحرّك,t7errek,act | behave | do,NO_GLOSS,behave in a certain manner; show a certain behavior; conduct or comport oneself
92715,3,تقاعد,t9a3d,bed | crawl in | go to bed | go to sleep | hit the hay | hit the sack | kip down | retire | sack out | turn in,NO_GLOSS,prepare for sleep
92718,3,فاق,fa9,arouse | awake | awaken | come alive | wake | wake up | waken,NO_GLOSS,stop sleeping
92763,3,بتاسم,btasm,smile,NO_GLOSS,"change one's facial expression by spreading the lips, often to signal pleasure"
92781,3,ضحك,D7k,express joy | express mirth | laugh,NO_GLOSS,produce laughter
92879,3,فتارض,ftarD,assume | don | get into | put on | wear,NO_GLOSS,put clothing on one's body
92962,3,بكا,bka,cry | weep,NO_GLOSS,"shed tears because of sadness, rage, or pain"
93035,3,عالج,3alj,bring around | cure | heal,NO_GLOSS,"provide a cure for, make healthy again"
93337,3,زاد,zad,increase,NO_GLOSS,become bigger or greater in amount
93423,3,حيّد,7yyed,remove | take | take away | withdraw,NO_GLOSS,"remove something concrete, as by lifting, pushing, or taking off, or remove something abstract"
93568,3,صحّح,S77e7,correct | rectify | right,NO_GLOSS,make right or correct
93597,3,عدّل,3ddel,ameliorate | amend | better | improve | meliorate,NO_GLOSS,to make better
93733,3,حدّ,7edd,bound | confine | limit | restrain | restrict | throttle | trammel,NO_GLOSS,place limits on  (extent or access)
93742,3,حدّ,7edd,circumscribe | confine | limit,NO_GLOSS,restrict or confine
93747,3,طوّق,Towwe9,curb | curtail | cut back | restrict,NO_GLOSS,place restrictions on
93791,3,ضوبل,Doubl,double | duplicate,NO_GLOSS,increase twofold
93863,3,صلح,Sle7,bushel | doctor | fix | furbish up | mend | repair | restore | touch on,NO_GLOSS,restore by replacing a part or putting together what is torn or broken
93981,3,لوّن,lowwen,color | color in | colorise | colorize | colour | colour in | colourise | colourize,NO_GLOSS,add color to
94172,3,طيّب,Teyyeb,bake,NO_GLOSS,cook and make edible by putting in a hot oven
94306,3,بدا,bda,begin | commence | get | get down | set about | set out | start | start out,NO_GLOSS,take the first step or steps in carrying out an action
94430,3,سخّن,skhkhen,heat | heat up,NO_GLOSS,make hot or hotter
94450,3,غلا,ghla,boil,NO_GLOSS,come to the boiling point and change from a liquid to vapor
94473,3,حوّل,7wwel,change over | shift | switch,NO_GLOSS,make a shift in or exchange of
94708,3,قطّع,9TT3,bring down | cut | cut back | cut down | reduce | trim | trim back | trim down,NO_GLOSS,cut down on; make a reduction in
94781,3,دوّب,dowweb,melt | melt down | run,NO_GLOSS,"reduce or cause to be reduced from a solid to a liquid state, usually by heating"
94853,3,أجّل,2ejjel,delay | detain | hold up,NO_GLOSS,cause to be slowed down or delayed
95603,3,تعلّم,t3llm,con | learn | memorise | memorize,NO_GLOSS,commit to memory; learn by heart
95686,3,فسّر,fsser,construe | interpret | see,NO_GLOSS,make sense of; assign a meaning to
95695,3,قرا,9ra,read,NO_GLOSS,interpret something that is written or printed
95735,3,حلّ,7ell,figure out | lick | puzzle out | solve | work | work out,NO_GLOSS,find the solution to  (a problem or question) or understand the meaning of
95762,3,سلت,slt,deduct | subtract | take off,NO_GLOSS,make a subtraction
95777,3,حلّل,7ellel,analyse | analyze | canvas | canvass | examine | study,NO_GLOSS,consider in detail and subject to an analysis in order to discover essential features or meaning
95780,3,سمّا,smma,diagnose | name,NO_GLOSS,determine or distinguish the nature of a problem or an illness through a diagnostic analysis
95795,3,كتاشف,ktachf,explore | research | search,NO_GLOSS,inquire into
95855,3,قلّب,9lleb,check | check into | check out | check over | check up on | go over | look into | suss out,NO_GLOSS,"examine so as to determine accuracy, quality, or condition"
95883,3,تحمّل,t7mmel,abide | bear | brook | digest | endure | put up | stand | stick out | stomach | suffer | support | tolerate,NO_GLOSS,put up with something or somebody unpleasant
95911,3,ختار,khtar,choose | pick out | select | take,NO_GLOSS,"pick out, select, or choose from a number of alternatives"
95975,3,عوّل,3wwl,bank | rely | swear | trust,NO_GLOSS,have confidence or faith in
95999,3,حتارم,7tarm,esteem | prise | prize | respect | value,NO_GLOSS,regard highly; think much of
96015,3,قرّر,9rrer,decide | determine | make up one's mind,NO_GLOSS,"reach, make, or come to a decision about something"
96091,3,رتابط,rtabeT,associate | colligate | connect | link | link up | relate | tie in,NO_GLOSS,make a logical or causal connection
96145,3,فاجأ,faje2,surprise,NO_GLOSS,cause to be surprised
96280,3,طلب,Tleb,bespeak | call for | quest | request,NO_GLOSS,express the need or desire for; ask for
96289,3,طلب,Tlb,demand,NO_GLOSS,request urgently and forcefully
96312,3,صلّا,Slla,pray,NO_GLOSS,address God; say a prayer
96443,3,عيط,3yeT,call | call up | phone | ring | telephone,NO_GLOSS,get or try to get into communication (with someone) by telephone
96502,3,خلّا,khlla,allow | countenance | let | permit,NO_GLOSS,"consent to, give permission"
96512,3,اتفق,ttaf9,agree | concord | concur | hold,NO_GLOSS,be in accord; be in agreement
96520,3,عتارض,3tarD,object,NO_GLOSS,express or raise an objection or protest or criticism or express dissent
96526,3,قابل,9aabel,interview | question,NO_GLOSS,"conduct an interview in television, newspaper, and radio reporting"
96555,3,جاوب,jawb,answer | reply | respond,NO_GLOSS,reply or respond to
96558,3,نكر,nkr,deny,NO_GLOSS,declare untrue; contradict
96573,3,عتارف,3tarf,confess | fink | shrive | squeal,NO_GLOSS,"confess to a punishable or reprehensible deed, usually under pressure"
96651,3,أتّر,2ttr,affect | dissemble | feign | pretend | sham,NO_GLOSS,make believe with the intent to deceive
96695,3,سبّ,sbb,affront | diss | insult,NO_GLOSS,"treat, mention, or speak to rudely"
96772,3,لعن,l3en,anathemise | anathemize | bedamn | beshrew | curse | damn | imprecate | maledict,NO_GLOSS,wish harm upon; invoke evil upon
96774,3,بارك,baark,bless,NO_GLOSS,give a benediction to
96802,3,نصح,nSe7,advise | counsel | rede,NO_GLOSS,give advice to
96811,3,نصح,nSe7,advise | propose | suggest,NO_GLOSS,"make a proposal, declare a plan for something"
96841,3,هنّأ,8enne2,compliment | congratulate,NO_GLOSS,say something to someone that expresses praise
96854,3,أكّد,2ekked,assure | promise,NO_GLOSS,make a promise or commitment
96893,3,شكر,chker,give thanks | thank,NO_GLOSS,express gratitude or show appreciation to
96948,3,سامح,sam7,forgive,NO_GLOSS,stop blaming or grant forgiveness
96990,3,غوّت,ghwwt,shout,NO_GLOSS,utter in a loud voice; talk in a loud voice (usually denoting characteristic manner of speaking)
96992,3,عيط,3yeT,call | cry | holler | hollo | scream | shout | shout out | squall | yell,NO_GLOSS,utter a sudden loud cry
97019,3,تحاطّ,t7aTT,bet | wager,NO_GLOSS,maintain with or as if with a bet
97144,3,عدّد,3dded,list | name,NO_GLOSS,give or make a list of; name individually; give the names of
97153,3,حسب,7sb,count | enumerate | number | numerate,NO_GLOSS,determine the number or amount of
97200,3,عاود,3awd,ingeminate | iterate | reiterate | repeat | restate | retell,NO_GLOSS,"to say, state, or perform again"
97220,3,دوا,dwa,speak | talk,NO_GLOSS,exchange thoughts; talk with
97332,3,وصف,wSf,depict | describe | draw,NO_GLOSS,give a description of
97375,3,سينا,sina,sign | subscribe,NO_GLOSS,mark with one's signature; write one's name (on)
97410,3,تيرا,tira,photograph | shoot | snap,NO_GLOSS,record on photographic film
97490,3,كمّل,kemmel,complete | fill in | fill out | make out,NO_GLOSS,write all the required information onto a form
97507,3,أشار,achaar,advert | bring up | cite | mention | name | refer,NO_GLOSS,make reference to
97528,3,عيط,3yeT,call | name,NO_GLOSS,assign a specified (usually proper) proper name to
97554,3,تناقش,tna9ch,discourse | discuss | talk about,NO_GLOSS,to consider or examine in speech or writing
97572,3,دردش,drdech,chaffer | chat | chatter | chew the fat | chitchat | claver | confab | confabulate | gossip | jaw | natter | shoot the breeze | visit,NO_GLOSS,talk socially without exchanging too much information
97943,3,غلب,ghlb,defeat | get the better of | overcome,NO_GLOSS,win a victory over
98000,3,هجم,8jem,assail | attack,NO_GLOSS,launch an attack or assault on; begin hostilities or start warfare with
98050,3,حاما,7ama,protect,NO_GLOSS,"shield from danger, injury, destruction, or damage"
98144,3,طارد,Taared,hunt | hunt down | run | track down,NO_GLOSS,pursue for food or sport (as of wild animals)
98184,3,بغا,bgha,aim | direct | take | take aim | train,NO_GLOSS,"aim or direct at; as of blows, weapons, or objects such as photographic equipment"
98221,3,طبّق,Tbbe9,apply | employ | use | utilise | utilize,NO_GLOSS,put into service; make work or employ           (something) for a particular purpose or for its inherent or natural purpose
98416,3,كما,kma,smoke,NO_GLOSS,"inhale and exhale smoke from cigarettes, cigars, pipes"
98437,3,قتل,9tl,belt down | bolt down | down | drink down | kill | pop | pour down | toss off,NO_GLOSS,drink down entirely
98530,3,نخارط,nkharT,adhere | cleave | cling | cohere | stick,NO_GLOSS,come or be in close contact with; stick or hold together and resist separation
98766,3,قشّر,9chcher,pare | peel | skin,NO_GLOSS,strip the skin off
98810,3,غسل,ghsl,rinse | wash,NO_GLOSS,clean with some chemical process
98886,3,لوا,lwa,wrap | wrap up,NO_GLOSS,arrange or fold as a cover or protection
99035,3,حفر,7fr,cut into | delve | dig | turn over,NO_GLOSS,"turn up, loosen, or remove earth"
99066,3,قلّب,9llb,look for | search | seek,NO_GLOSS,"try to locate or discover, or try to establish the existence of"
99154,3,غطّا,ghTTa,cover,NO_GLOSS,provide with a covering or cause to be covered
99267,3,اتصل,ttaSel,connect | link | link up | tie,NO_GLOSS,"connect, fasten, or put together two or more pieces"
99412,3,جمع,jm3,collect | garner | gather | pull together,NO_GLOSS,assemble or get together
99603,3,بلوكا,bloka,plug | punch,NO_GLOSS,deliver a quick blow to
99639,3,دخل,dkhel,enter | infix | insert | introduce,NO_GLOSS,put or introduce into something
99663,3,فرڭع,frg3,bang | be intimate | bed | bonk | do it | eff | fuck | get it on | get laid | have a go at it | have intercourse | have it away | have it off | have sex | hump | jazz | know | lie with | love | make love | make out | roll in the hay | screw | sleep with,NO_GLOSS,have sexual intercourse with
99756,3,عضّ,3eDD,bite | seize with teeth,NO_GLOSS,"to grip, cut off, or tear with or as if with the teeth or jaws"
99762,3,ورّك,wrrk,press,NO_GLOSS,exert pressure or force to or upon
99839,3,رتّب,rttb,arrange | set up,NO_GLOSS,put into a proper or systematic order
99887,3,طلق,Tle9,let go | let go of | release | relinquish,NO_GLOSS,"release, as from one's grip"
99925,3,علّق,3elle9,hang,NO_GLOSS,be suspended or hanging
100062,3,لاح,la7,throw,NO_GLOSS,project through the air
100073,3,قطّع,9TT3,cut | switch off | turn off | turn out,NO_GLOSS,cause to stop operating by disengaging a switch
100193,3,مسح,ms7,clean | make clean,NO_GLOSS,"make clean by removing dirt, filth, or unwanted substances from"
100259,3,وڭف,wgef,stand | stand up,NO_GLOSS,be standing; be upright
100362,3,غرس,ghres,plant | set,NO_GLOSS,"put or set (seeds, seedlings, or plants) into the ground"
100373,3,تبّت,tbbet,instal | install | put in | set up,NO_GLOSS,set up for use
100639,3,صاوب,Sawb,create | make,NO_GLOSS,make or cause to be or to become
100684,3,نشء,nche2,bring forth | generate,NO_GLOSS,bring into existence
100701,3,بتاكر,btaker,contrive | devise | excogitate | forge | formulate | invent,NO_GLOSS,"come up with  (an idea, plan, explanation, theory, or principle) after a mental effort"
100721,3,حلم,7lm,daydream | dream | stargaze | woolgather,NO_GLOSS,have a daydream; indulge in a fantasy
100911,3,زيّن,zyyen,adorn | beautify | decorate | embellish | grace | ornament,NO_GLOSS,"make more attractive by adding ornament, colour, etc."
100959,3,صبغ,Sbegh,paint,NO_GLOSS,make a painting
101236,3,نسخ,nsekh,copy | imitate | simulate,NO_GLOSS,reproduce someone's behavior or looks
101351,3,تشطن,tchTen,worry,NO_GLOSS,"be worried, concerned, anxious, troubled, or uneasy"
101385,3,كره,kr8,detest | hate,NO_GLOSS,dislike intensely; feel antipathy or aversion towards
101396,3,كره,kre8,dislike,NO_GLOSS,have or feel a dislike or distaste for
101489,3,ندم,ndm,regret | repent | rue,NO_GLOSS,feel remorse for; feel sorry for; be contrite about
101604,3,نشط,nchT,bask | enjoy | relish | savor | savour,NO_GLOSS,derive or receive pleasure from; get enjoyment from; take pleasure in
101623,3,تمنّا,tmnna,wish,NO_GLOSS,hope for; have a wish
101634,3,فضّل,fDDel,prefer,NO_GLOSS,like better; value more highly
101635,3,بغا,bgha,desire | hope | trust,NO_GLOSS,expect and wish
101641,3,تعجب,tt3jeb,admire | look up to,NO_GLOSS,feel admiration for
101674,3,مشا,mcha,go | locomote | move | travel,NO_GLOSS,"change location; move, travel, or proceed"
101729,3,غادر,ghader,depart | go | go away,NO_GLOSS,move away from a place into another direction
101731,3,جا,ja,come | come up,NO_GLOSS,"move toward, travel toward something or somebody or approach something or somebody"
101753,3,نقل,n9el,transfer | transplant,NO_GLOSS,lift and reset in another soil or situation
101808,3,تكركب,tkerkeb,roll | turn over,NO_GLOSS,move by turning over or rotating
101829,3,مسح,mse7,brush | sweep,NO_GLOSS,sweep across or over
101887,3,صبّ,Sbb,cast | drift | ramble | range | roam | roll | rove | stray | swan | tramp | vagabond | wander,NO_GLOSS,"move about aimlessly or without any destination, often in search of food or employment"
101927,3,حرّك,7errek,agitate | shake,NO_GLOSS,move or cause to move back and forth
102015,3,تمشّا,tmchcha,walk,NO_GLOSS,use one's feet to advance; advance by steps
102096,3,تسلّق,tselle9,climb | climb up | go up | mount,NO_GLOSS,go upward with gradual or continuous progress
102133,3,خطا,khTa,step,NO_GLOSS,shift or move by taking a step
102193,3,طار,Tar,fly | wing,NO_GLOSS,travel through the air; be airborne
102304,3,عام,3am,swim,NO_GLOSS,travel through water
102345,3,نشء,nche2,arise | come up | go up | lift | move up | rise | uprise,NO_GLOSS,move upward
102359,3,طاح,Ta7,fall,NO_GLOSS,descend in free fall under the influence of gravity
102360,3,فرشخ,frchekh,crash,NO_GLOSS,fall or come down violently
102369,3,ناض,naD,bring up | elevate | get up | lift | raise,NO_GLOSS,raise from a lower to a higher position
102430,3,كدب,kdb,lie | lie down,NO_GLOSS,assume a reclining position
102491,3,تمشّا,tmechcha,march | process,NO_GLOSS,march in a procession
102500,3,تبع,tb3,follow,NO_GLOSS,"to travel behind, go after, come after"
102517,3,طارد,Taard,chase | chase after | dog | give chase | go after | tag | tail | track | trail,NO_GLOSS,go after with the intent to catch
102531,3,رجع,rj3,come back | get back | go back | return,NO_GLOSS,"come back to place where one has been before, or return to a previous activity"
102693,3,تنا,tna,bend | flex,NO_GLOSS,form a curve
102788,3,نهج,n8ej,approach | come near | come on | draw close | draw near | go up | near,NO_GLOSS,move towards
102796,3,زرب,zreb,hurry | speed | travel rapidly | zip,NO_GLOSS,move very fast
102850,3,تدفّق,tdffe9,flow | flux,NO_GLOSS,move or progress freely as if in a stream
102884,3,داز,daz,elapse | glide by | go along | go by | lapse | pass | slide by | slip away | slip by,NO_GLOSS,pass by
102894,3,هرب,8reb,flee | fly | take flight,NO_GLOSS,run away quickly
103127,3,قسّح,9sse7,ache | hurt | suffer,NO_GLOSS,feel physical pain
103131,3,قسّح,9sse7,ache | hurt | smart,NO_GLOSS,be the source of pain
103145,3,شم,chm,smell,NO_GLOSS,inhale the odor of; perceive by the olfactory sense
103215,3,عرض,3reD,display | exhibit | expose,NO_GLOSS,"to show, make visible or apparent"
103337,3,تأمّل,t2emmel,contemplate,NO_GLOSS,look at thoughtfully; observe deep in thought
103365,3,سمع,sme3,listen,NO_GLOSS,hear with intention
103460,3,ڭبض,gbD,catch | overhear | take in,NO_GLOSS,"hear, usually without the knowledge of the speakers"
103532,3,عندو,3ndo,have | own | possess,NO_GLOSS,have ownership or possession of
103556,3,عندو,3ndo,have | receive,NO_GLOSS,get something; come into possession of
103679,3,رحّب,r77b,welcome,NO_GLOSS,accept gladly
103684,3,كسب,kseb,obtain,NO_GLOSS,come into possession of
103696,3,قصد,9Sed,seek,NO_GLOSS,try to get or reach
104007,3,جمع,jme3,accumulate | amass | collect | compile | hoard | pile up | roll up,NO_GLOSS,get or gather together
104095,3,شفر,chfer,steal,NO_GLOSS,take without the owner's consent
104106,3,تسلّف,tsllf,borrow,NO_GLOSS,get temporarily
104219,3,ستورد,stowred,import,NO_GLOSS,bring in from abroad
104401,3,تقاعد,t9a3d,retire,NO_GLOSS,go into retirement; stop performing one's work or withdraw from one's position
104523,3,دابز,ddabz,fight | struggle,NO_GLOSS,make a strenuous or labored effort
104562,3,تعاون,t3awn,collaborate | cooperate | get together | join forces,NO_GLOSS,work together on a common enterprise of project
104586,3,حرّر,7arrar,free | liberate | loose | release | unloose | unloosen,NO_GLOSS,grant freedom to; free from confinement
104802,3,قسم,9sem,carve up | dissever | divide | separate | split | split up,NO_GLOSS,separate into parts or portions
104813,3,وحّد,w77ed,unify | unite,NO_GLOSS,act in concert or unite in a common purpose or belief
104874,3,ضرب,drab,bump off | dispatch | hit | murder | off | polish off | remove | slay,NO_GLOSS,kill intentionally and with premeditation
104910,3,تجوج,tjwj,conjoin | espouse | get hitched with | get married | hook up with | marry | wed,NO_GLOSS,take in marriage
104960,3,عاقب,3a9b,penalise | penalize | punish,NO_GLOSS,impose a penalty on; inflict punishment on
105094,3,فشل,fchl,fail | neglect,NO_GLOSS,fail to do something; leave something undone
105098,3,حاول,7awel,assay | attempt | essay | seek | try,NO_GLOSS,make an effort or attempt
105102,3,كافح,kaf7,endeavor | endeavour | strive,NO_GLOSS,attempt by employing effort
105104,3,فحص,f7eS,essay | examine | prove | test | try | try out,NO_GLOSS,"put to the test, as for its quality, or give experimental use to"
105129,3,أتّر,2etter,act upon | influence | work,NO_GLOSS,have and exert influence or effect
105157,3,متاتل,mtatel,obey,NO_GLOSS,be obedient to
105177,3,عاون,3awn,aid | assist | help,NO_GLOSS,give help or assistance; be of service
105193,3,خفّف,khffef,relieve | salvage | salve | save,NO_GLOSS,"save from ruin, destruction, or harm"
105212,3,طوّر,Towwer,advance | boost | encourage | further | promote,NO_GLOSS,contribute to the progress or growth of
105336,3,عالج,3aalj,action | litigate | process | sue,NO_GLOSS,institute legal proceedings against; file a suit against
105457,3,متدّ,mtedd,stretch | stretch along,NO_GLOSS,"occupy a large, elongated area"
105506,3,تحمّل,t7emmel,endure | go | hold out | hold up | last | live | live on | survive,NO_GLOSS,continue to live; endure or last
105573,3,حتاج,7taj,lack | miss,NO_GLOSS,be without
105581,3,برهن,br8en,prove | turn out | turn up,NO_GLOSS,be shown or be found to be
105613,3,تردّد,tredded,hesitate | waffle | waver,NO_GLOSS,pause or hold back in uncertainty or unwillingness
105737,3,ختالف,khtalf,differ,NO_GLOSS,be different
105748,3,هرّس,8rrs,break | go against | violate,NO_GLOSS,fail to agree with; be in violation of; as of rules or patterns
105753,3,جاوب,jawb,answer | do | serve | suffice,NO_GLOSS,"be sufficient; be adequate, either in quality or quantity"
105762,3,حقّق,7e99e9,fulfil | fulfill | live up to | satisfy,NO_GLOSS,fulfil the requirements or expectations of
105878,3,هدّد,8dded,endanger | imperil | jeopardise | jeopardize | menace | peril | threaten,NO_GLOSS,pose a threat to; present a danger to
105918,3,وزن,wzen,weigh,NO_GLOSS,have a certain weight
106250,3,عكس,3kes,reflect | shine,NO_GLOSS,be bright by reflecting or casting light
106321,4,علا,3la,about | approximately | around | close to | just about | more or less | or so | roughly | some,NO_GLOSS,(of quantities) imprecise but fairly close to correct
106537,4,زائد,za2id,additionally | in addition | to boot,NO_GLOSS,by way of addition; furthermore
106632,4,بعد,b3d,after | afterward | afterwards | later | later on | subsequently,NO_GLOSS,happening at a time subsequent to a reference time
106705,4,علا,3la,about | all but | almost | just about | most | near | nearly | nigh | virtually | well-nigh,NO_GLOSS,(of actions or states) slightly short of or not quite accomplished
