"concept_id","part_of_speech","lemmas","english_lemmas","gloss","english_gloss"
"1",3,"सासफेर्नु | सासलिनु","entity","नाक वा मुखबाट सास लिनु र छोड्नु:सजीवहरू सबैले सास फेर्छन्","that which is perceived or known or inferred to have its own distinct existence (living or nonliving)"
"2",1,"नाम","name","त्यो शब्द जसद्वारा कुनै वस्तु,व्यक्ति आदिको बोध हुन्छ या जसलाई पुकारिन्छ","a language unit by which a person or thing is known"
"6",1,"अंश | अंशक | अङ्ग | खंड | खण्ड | चरण | टुकरो | भाग | विभाग | हिस्सा","component | component part | part | portion","ती अङ्ग या अवयवबाट कुनै एउटा, जसको योगबाट कुनै वस्तु बनिएको हुन्छ","something determined in relation to something that includes it"
"18",3,"लिनु","consider | deal | look at | take","उदाहरणका रूपमा लिनु","take into consideration for exemplifying purposes"
"34",1,"कोशिका | कोषाणु | जैव एकाइ","cell","सबै प्राणीहरूको मूल संरचनात्मक एवं कार्यात्मक एकाइ जसद्वारा  प्राणीहरूको निर्माण भएको छ","(biology) the basic structural and functional unit of all organisms; they may exist as independent units of life (as in monads) or may form colonies or tissues as in higher plants and animals"
"39",1,"नैसर्गिक वस्तु | प्राकृतिक वस्तु","natural object","त्यो वस्तु जो प्रकृतिसित सम्बन्धित छ या प्रकृतिद्वारा निर्मित हो","an object occurring naturally; not made by man"
"41",1,"खाना","food | nutrient","NO_GLOSS","any substance that can be metabolized by an organism to give energy and build tissue"
"50",1,"ठेगान","location","निश्चित वा निर्दिष्ट स्थान","a point or extent in space"
"53",1,"खगोल | खगोलीय क्षेत्र | खमण्डल","infinite | space","त्यो ठाउँ जसमा खगोलीय पिण्ड हुन्छन्","the unlimited expanse in which everything is located"
"59",1,"समूह","group | grouping","NO_GLOSS","any number of entities (members) considered as a unit"
"62",1,"सामाजिक सम्बन्ध","social relation","जीवित प्राणी,विशेषगरी मानिसका बीचको सम्बन्ध","a relation between living organisms (especially between people)"
"100",1,"अर्जन | आर्जन | उपार्जन","acquiring | getting","केही प्राप्त गर्ने (या उत्पन्न) गर्ने क्रिया","the act of acquiring something"
"102",1,"जन्म | प्रसव | प्रसूति","delivery | obstetrical delivery","नानी जन्मिने क्रिया","the act of delivering a child"
"103",1,"गमन | प्रस्थान | यात्रा","departure | going | going away | leaving","एक ठाउँबाट अर्को ठाउँमा जाने क्रिया:रामको वन गमनको समाचार सुनेर सबै अयोद्धावासीहरूलाई गहिरो आघात लाग्योआधा घन्टामा हामी प्रस्थान गर्छौं","act of departing"
"105",1,"अनुसन्धान | खोज | तलास","discovery | find | uncovering","कुनै चीज पाउन या देख्न टुङ्गो लगाउने क्रिया त्यो कहाँ छ अनि कसरी छ","the act of discovering something"
"150",1,"अवतरण | ओर्लाइ","landing","वायुयान कुनै सतहमा ओर्लिने क्रिया","the act of coming down to the earth (or other surface)"
"153",1,"बिछोड | बिदा","farewell | leave | leave-taking | parting","विदा हुने  क्रिया","the act of departing politely"
"168",1,"देशत्याग","emigration | expatriation | out-migration","आफ्नो देशलाई छोडेर कुनै अर्को देशमा जाने क्रिया","migration from a place (especially migration from your native country in order to settle in another)"
"214",1,"उदारीकरण","ennoblement","उदात्त स्वरूप प्रदान गर्ने क्रिया वा भाव","the act of raising someone to the nobility"
"228",1,"अपचय | खर्च","loss","हराउने वा गुमाउने क्रिया","the act of losing"
"249",1,"अशुद्धि | गल्ती | चूक | बिराम | भूल | भूलचूक","error | fault | mistake","त्यस्तो काम जुन लापरवाह वा भूल विचारका कारण उत्पन्न हुन्छ:तिमीलाई यस भूलको सजाय अवश्य हुन्छरमाले आफ्ना बाउलाई के भनी भने मलाई यस भूलको क्षमा दिनुहोस्","a wrong action attributable to bad judgment or ignorance or inattention"
"255",1,"धोखा | भ्रम | भ्रान्ति | विभ्रम","confusion | mix-up","कसैलाई अर्कै थोक नै या अर्को ठान्ने भाव","a mistake that results from taking one thing to be another"
"266",1,"गलती | चूक | त्रुटि | भूल","omission | skip","असावधानताका कारण कार्यको कुनै अङ्गमा ध्यान नपुग्ने वा त्यसको रहने क्रिया","a mistake resulting from neglect"
"281",1,"अधिग्रहण","acquisition","अधिकारपूर्वक अथवा अधियाचनाद्वारा कसैको सम्पत्ति या अरू कुनै चिज लिने कार्य","the act of contracting or assuming or acquiring possession of something"
"321",1,"जफत","arrogation | confiscation","अधिकारी अथवा राज्‍यद्वारा दण्डस्वरूप कुनै अपराधीको सम्पत्ति हरण गर्नु","seizure by the government"
"324",1,"जफतगर्नु | हडप्नु","impounding | impoundment | internment | poundage","ऋणीको ऋण वा अपराधीलाई जरिमाना गर्नका लागि राज्यद्वारा उसको सम्पत्तिमा गरिएको अधिकार:ऋण नदिने किसानहरूको सम्पत्ति जफत गरिँदै छ","placing private property in the custody of an officer of the law"
"356",1,"लिलाम","auction | auction sale | vendue","चिजहरू बेच्ने त्यो ढङ्ग जसमा मालत्यस मान्छेलाई दिइन्छ जसले सबैभन्दा धेरै दाम दिन्छ","the public sale of something to the highest bidder"
"369",1,"प्राय:श्‍चित | प्राय:श्‍चित्त","atonement | expiation | propitiation","कुनै पाप गर्दा उसको दोषबाट मुक्‍त हुनका लागि गरिने कुनै धार्मिक वा राम्रो काम","the act of atoning for sin or wrongdoing (especially appeasing a deity)"
"386",1,"टहल | नोकरी | सेवा","service","नोकरको काम","the performance of duties by a waiter or servant"
"400",1,"बजाइ | वादन","playing","बाजा बजाउने क्रिया","the act of playing a musical instrument"
"408",1,"मसिनीकरण | यन्त्रीकरण","automation | mechanisation | mechanization","नयाँ-नयाँ यन्त्रहरू का निर्माण र तिनको प्रयोग हुने क्रिया","the act of implementing the control of equipment with advanced technology; usually involving electronic hardware"
"409",1,"कम्प्यूटरीकरण | सङ्गणकीकरण","computerization | cybernation","कम्प्युटरमा हालिने क्रिया","the control of processes by computer"
"411",1,"निक्षेप | निक्षेपण | प्रक्षेपण","launch | launching","कुनै वस्तु आवेगका साथ पछार्ने वा फ्‍याक्ने क्रिया","the act of propelling with force"
"426",4,"मसिनो तरिकाले | मिही चालले","flip | pass | toss","सुक्ष्म तरिकाले","(sports) the act of throwing the ball to another member of your team"
"488",1,"डकार","belch | belching | burp | burping | eructation","भुँडी भरिएको सूचक त्यो शारीरिक अवस्था जसमा भुँडीको हावाले केही शब्द गर्दै घाँटीबाट निस्कन्छ:आज मलाई धेरै डकार आउँदै छ","a reflex that expels wind noisily from the stomach through the mouth"
"494",1,"बमन | बान्ता","disgorgement | emesis | puking | regurgitation | vomit | vomiting","भुँडीमा भएको वस्तु आफैँ नै मुखबाट बाहिर निस्किने क्रिया:धेरै खाएको हुनाले सचीनलाई बान्ता भयो","the reflex act of ejecting the contents of the stomach through the mouth"
"508",1,"अनुपालन","sending","कुनै पत्र वा आज्ञालसई उचित स्थानमा पुराउने कार्य","the act of causing something to go (especially messages)"
"509",1,"प्रसारण","transmission | transmittal | transmitting","रेडियोद्वारा सङ्गीत, भाषण आदि सुनाउनको निमित्त चारैतिर फैलाउने क्रिया","the act of sending a message; causing a message to be transmitted"
"554",1,"बेलन | बेलना","roller","लाम्चो आकारको त्यो भारी गोलो खण्ड जसले कुनै स्थान समतल बनाउँछ अथवा ढुङ्गा-रोडा कुटेर बाटो बनाउँछ:रोलरमा लगाएको बेलनले बाटोलाई समतल बनाउँदछ","a grounder that rolls along the infield"
"581",1,"चड्कन | झापड | थप्पड | लपेटा","slap | smack | smacking","पुरै हातको पन्जाले गरिने प्रहार:उसले मलाई एक थप्पड लगायो","the act of smacking something; a blow delivered with an open hand"
"583",1,"पछाराइ","knockdown","पछार्ने क्रिया","a blow that knocks the opponent off his feet"
"589",1,"घुस्सा | मुक्का | मुडकी","biff | clout | lick | poke | punch","घुस्सा वा मुक्काले गरिने प्रहार:कहिलेकाहिँ मुक्काको चोट पनि ज्यान लिने खालको हुन्छ","(boxing) a blow with the fist"
"599",1,"पदाघात | पाउको प्रहार | लात्ती","boot | kick | kicking","खूट्टाले गरिने आघात","the act of delivering a blow with the foot"
"608",1,"म्वाइँ","buss | kiss | osculation","NO_GLOSS","the act of caressing with the lips (or an instance thereof)"
"624",1,"पोस्टमार्टम | शव परीक्षा","autopsy | necropsy | pm | post-mortem | post-mortem examination | postmortem | postmortem examination","मरे पछि मृत शरीरलाई डाक्टरद्वारा गराइने जाँच","an examination and dissection of a dead body to determine cause of death or the changes produced by disease"
"628",1,"जाँच | परीक्षण | परीक्षा","checkup | health check | medical | medical checkup | medical exam | medical examination","चिकित्सकद्वारा रोग छ या छैन भनेर जाँच्ने क्रिया","a thorough physical examination; includes a variety of tests depending on the age and sex and health of the person"
"653",1,"गाँठो | बन्धन","attachment | fastening","बाँध्ने क्रिया वा भाव","the act of fastening things together"
"664",1,"झलाइ | वेल्डिङ","welding","धातुको वस्तुमा जोडने वा काँटी ठोक्‍ने क्रिया","fastening two pieces of metal together by softening with heat and applying pressure"
"672",1,"चियो | जासुसी | ढुकाइ","catching | detection | espial | spotting | spying","जासुसको काम","the act of detecting something; catching sight of something"
"711",1,"आकर्षण | सम्मोहन","hypnotism | mesmerism | suggestion","सम्मोहित गर्ने क्रिया वा भाव","the act of inducing hypnosis"
"714",1,"प्रलोभन | लालच | लोभ","enticement | temptation","त्यस्तो कुरा वा कार्य जुन कसैलाई लोभ्याएर आफूतिर तान्नलाई हुन्छ:“रुँदै गरेको बच्चालाई प्रलोभन देखाएर सजिलै चुप लगाउन सकिन्छ""","the act of influencing by exciting hope or desire"
"736",1,"नामदर्ता | नामाङ्कन्","nomination","चुनाउ आदिमा उभिनका लागि कसैको नाम लेखिने क्रिया","the act of officially naming a candidate"
"746",1,"चाल","move","चेस,तास,चौसर आदि खेलमा, पत्ता वा मोहर दाउमा राख्‍ने वा अघिबढाउने क्रिया","(game) a player's turn to take some action permitted by the rules of the game"
"787",1,"शल्य उपकरण | शस्त्र","instrument | tool","त्यो उपकरण जसले चिकित्सकले पिलो आदि चिरफार गर्छ","the means whereby some act is accomplished"
"828",1,"जनमत | लोकमत","plebiscite","मान्छेको मत","a vote by the electorate determining public opinion on a question of national importance"
"837",1,"उपचुनाव | उपनिर्वाचन","by election | bye election","हुन आँटेको त्यो निर्वाचन जुन चाहिँ कुनै शैक्षिक सत्रको समय पूरा हुनुभन्दा पहिले, कुनै विशेष कारणले कुनै स्थान खाली हुँदा त्यसको पूर्तिका लागि हुन्छ","a special election between regular elections"
"846",1,"निर्णायक मत","casting vote","हार-जीत निर्धारित गर्ने मत","the deciding vote cast by the presiding officer to resolve a tie"
"897",4,"अभिमानपूर्वक | अभिमानले | सगर्व | साभिमान","habituation","अभिमानका साथ","a general accommodation to unchanging environmental conditions"
"905",1,"प्रतिस्थापन | प्रतिस्थापना","commutation | exchange | substitution","प्रतिस्थापित हुने क्रिया या भाव या आफ्नो स्थानबाट हटेको वस्तु या व्यक्तिलाई फेरि त्यही स्थानमा राख्‍ने या बसाउने क्रिया या त्यसको ठाउँमा अर्को वस्तु आदिलाई राख्‍ने या बसाउने क्रिया","the act of putting one thing or person in the place of another"
"914",1,"पदोन्नति | बढुवा","promotion","पदमा हुने उन्नति","act of raising in rank or position"
"916",1,"झरुवा | पदावनति","demotion","कुनै पद आदिमा हुने अवनति","act of lowering in rank or position"
"931",1,"छेकाइ | प्रतिरोध | रोकावट | विरोध","opposition | resistance","कुनै कार्य आदिलाई रोक्‍न त्यसको विपरीत केही गर्ने क्रिया या कुनै काम जसलाई हामीले नचाहँदै विपरीतमा केही गर्ने क्रिया","the action of opposing something that you disapprove or disagree with"
"942",1,"त्याग | परित्याग | परिहार","abandonment | desertion | forsaking","कुनै वस्तु वा प्राणीसँग सम्बन्ध बिच्छेद गर्ने क्रिया वा भाव","the act of giving something up"
"951",1,"त्याग | बहिष्करण | बहिष्कार","boycott","कुनै विषयमा कसैसँग मतभेद हुँदा विरोध वा असन्तोष प्रकट गर्नका लागि उसले गरेको त्याग","a group's refusal to have commercial dealings with some organization in protest against its policies"
"955",1,"बहिष्करण | बहिष्कार","ejection | exclusion | expulsion | riddance","बाहिर पार्ने वा निकाल्‍ने क्रिया","the act of forcing out someone or something"
"980",1,"अवकाशग्रहण | रिटायरमेंट | सेवानिमुक्‍त","retirement","निर्धारित समय पछि नोकरीबाट बिदा हुने क्रिया","withdrawal from your position or occupation"
"1001",1,"निलम्बन","discharge | dismissal | dismission | firing | liberation | release | sack | sacking","अपराध वा अभियोग लाग्दा अन्तिम निर्णय आउन्जेलसम्म आफ्नो कामबाट छुटाउने क्रिया","the termination of someone's employment (leaving them free to depart)"
"1036",1,"अपघात | आत्मघात | आत्महत्या","self-annihilation | self-destruction | suicide","आफैँले आफ्‍नो हत्या गर्ने काम:आत्महत्या महापाप हो","the act of killing yourself"
"1046",1,"काटकुट | मारकाट","battue | bloodbath | bloodletting | bloodshed","मार्ने-काट्ने क्रिया","indiscriminate slaughter"
"1051",1,"गोली","shooting","मार्नको लागि बन्दुक आदिबाट गोली चलाउने  क्रिया","killing someone by gunfire"
"1056",1,"अकडाहट | ऐँठन","spasm","अकड्ने अवस्था","(pathology) sudden constriction of a hollow organ (as a blood vessel)"
"1060",1,"बान्ता | वाकवाक्ती","heave | retch","वाकवाक्ती आउने क्रिया","an involuntary spasm of ineffectual vomiting"
"1112",1,"गठन | संस्थापन | स्थापना","constitution | establishment | formation | organisation | organization","संस्था वा मण्डली आदि बनाउने कार्य","the act of forming something"
"1124",1,"उद्घाटन","inauguration | startup","कुनै ठुलो समारोह,सम्मेलन आदिको महत्त्व र गौरव बढाउका लागि कुनै महान मानिसद्वारा उनको कार्य  शुभारम्भ गरिने काम","the act of starting a new operation or practice"
"1142",1,"पकाइ-बनाइ | पाक कर्म","cookery | cooking | preparation","पकाउने वा बनाउने क्रिया","the act of preparing something (as food) by the application of heat"
"1174",1,"पुछपाछ","mopping | swabbing","पुछपाछ गर्ने क्रिया","cleaning with a mop"
"1176",1,"सफा | सुग्घर | स्वच्छ","sweeping","सुग्घर पार्ने क्रिया","the act of cleaning with a broom"
"1177",1,"परिष्करण | परिष्कार | शुद्धिकरण | शोधन","purge | purging","स्वच्छ र शुद्ध गर्ने क्रिया","an act of removing by cleansing; ridding of sediment or other undesired elements"
"1222",1,"आपूर्ति | पूरापन | पूर्णता | पूर्ति","perfection","पूर्ण या पूरा हुने अथवा गराउने क्रिया या भाव","the act of making something perfect"
"1232",1,"श्रृङ्गार | सिँगार","adornment","बनिने अथवा सिँगारिने क्रिया","the action of decorating yourself with something colorful and interesting"
"1249",1,"नवीकरण | नवीनीकरण","overhaul | redevelopment | renovation","फेरि नयाँ रूपमा ल्याउने क्रिया","the act of improving by renewing and restoring"
"1261",1,"जतन | यत्‍न | हेरचाह | हेरविचार","care | maintenance | upkeep","कुनै चिज वा कामको रेख-देख गर्दै त्यसलाई टिकाएर राख्‍ने र राम्ररी चलाइरहने क्रिया वा भाव","activity involved in maintaining something in good working order"
"1271",1,"पुनर्निर्माण | पुनर्रचना","reconstruction","कुनै वस्तु आदिको फेरि वा दोस्रोपल्ट निर्माण गर्ने क्रिया","the activity of constructing something again"
"1284",1,"अपकर्ष | अपमान","debasement | degradation","तलतिरको खिचाइ वा झर्ने क्रिया","changing to a lower state (a less respected state)"
"1313",1,"दूषण | नजातीपन","contamination | pollution","दूषित हुने क्रिया","the act of contaminating or polluting; including (either intentionally or accidentally) unwanted substances or factors"
"1320",1,"सिँचाइ | सिञ्चन | सेचन","watering","सिञ्चन गर्ने क्रिया","wetting with water"
"1321",1,"छर्काइ","sparge | sprinkle | sprinkling","तरल पदार्थ छर्किने क्रिया","the act of sprinkling or splashing water"
"1328",1,"गति | हिँडाइ","motion | move | movement","हिँडने क्रिया","the act of changing location from one place to another"
"1330",1,"अभिगम | अभिगमन","approach | approaching | coming","नजिक जाने क्रिया","the act of drawing spatially closer to something"
"1346",1,"घुमफिर | भ्रमण | विचरण | हिँडडुल","meander | ramble","घुमफिर गर्ने क्रिया","an aimless amble on a winding course"
"1352",1,"पाइला | फडका","step","हिडाइ वा कुदाइमा एक ठाउँबाट खुट्टो अर्को ठाउँमा राख्‍ने क्रिया","the act of changing location by raising the foot and setting it down"
"1358",1,"लङ्गड्याइ","hitch | hobble | limp","खोच्याएर हिँडने वा लङ्गडिएको अवस्था वा भाव","the uneven manner of walking that results from an injured leg"
"1375",1,"डगमगाइ | लडखडाइ","lurch | stagger | stumble","लडखडाउने अवस्था वा क्रिया","an unsteady uneven gait"
"1384",1,"कदमताल | मार्च","march | marching","एउटा निश्‍चित् बिराम पछि खुट्टो उठाउने तथा झार्ने क्रिया","the act of marching; walking with regular steps (especially in a procession of some kind)"
"1405",1,"कुदाइ | दौड","run | running","कुदने क्रिया वा भाव","the act of running; traveling on foot at a fast pace"
"1411",1,"घुडा टेकाइ","crawl | crawling | creep | creeping","नानीहरूले घुँडाले टेकेर हिँडने क्रिया","a slow mode of locomotion on hands and knees or dragging the body"
"1432",1,"अश्‍वारोहण | घुडसवार | घोडचढी","horseback riding | riding","घोडाको सवार गर्ने क्रिया","to be carried on horseback as a means of transportation"
"1440",1,"हवाई यात्रा","air | air travel | aviation","वायुयानद्वारा गरिने यात्रा","travel via aircraft"
"1448",1,"उडाइ | उडान","flight | flying","उडने क्रिया","an instance of traveling by air"
"1471",1,"उडान | उड्डयन","takeoff","हवा जहाज आदि उडाउने क्रिया","a departure; especially of airplanes"
"1474",1,"जात्रा | प्रवास | भ्रमण | यात्रा | सफर","journey | journeying","एउटा स्थानबाट अर्को दूरवर्ती स्थानसम्म जाने क्रिया","the act of traveling from one place to another"
"1490",1,"लिफ्ट","lift","गन्तव्य स्थानमा जानको लागि बाटोमा जाने कुनै गाडीमा बसेर मफतमा जाने यात्रा","a ride in a car"
"1502",4,"अन्ततोगत्वा | विवश भएर | विवशतः","grand tour","नचाहेर पनि","a sightseeing tour of a building or institution"
"1513",1,"जल यात्रा","ocean trip | voyage","नदी वा समुद्रबाट गरिने यात्रा","an act of traveling by water"
"1535",1,"अभिदान | सुपुर्दगी","bringing | delivery","कुनै वस्तु अरूलाई जिम्मा लगाउने वा सुम्पने काम।","the act of delivering or distributing something (as goods or mail)"
"1544",1,"ओसार | ढुवाइ","carry","बोक्‍ने काम","the act of carrying something"
"1588",1,"अवरोह | अवरोहण | झराइ","descent","माथिबाट तल झर्ने क्रिया","the act of changing your location in a downward direction"
"1597",1,"लर्बरिनु | हल्लिनु","swing | swinging | vacillation","हल्लिने क्रिया वा भाव","changing location by moving back and forth"
"1598",1,"फर्काइ | वापसी","return","वापस आउने वा फर्किने क्रिया","the act of going back to a prior location"
"1603",1,"पहिरो | पैरो | पैह्रो | भूस्खलन","sideslip | skid | slip","अचानक माथिबाट तल झर्ने क्रिया","an unexpected slide"
"1727",1,"छँटाइ","cutback","छँटाइ गर्ने क्रिया","a reduction in quantity or rate"
"1728",4,"शौकिया | सौखिन","service cutback","सोखको कारण","the act of reducing service"
"1781",1,"उन्नति | बढोत्तरी | वृद्धि","increase | step-up","बढने वा बढाउने क्रिया","the act of increasing something"
"1782",1,"जोडाइ","addition","जोडने क्रिया","the act of adding one thing to another"
"1797",1,"तनाइ | तन्काइ","tension","तानने क्रिया वा भाव","the action of stretching something tight"
"1803",1,"प्रचार | प्रचार-प्रसार | प्रचारण | प्रसारण","extension","कुनै विषय वा चर्चा प्रसार गर्ने क्रिया","act of expanding in scope; making more widely available"
"1823",1,"अनुपूरण","subjoining | subjunction | supplementation","कुनै वस्तुमा रहेको कुनै प्रकारको त्रुटि वा कमी पूरा गर्नका लागि पछिबाट  उसमा केही जोड्ने, मिलाउने वा बढाउने क्रिया","the act of supplementing"
"1853",1,"जलाउनु | दाह","burning | combustion","जलाउने क्रिया वा भाव","the act of burning something"
"1854",1,"अग्निकाण्ड | आगलागी","arson | fire-raising | incendiarism","घर,दोकान,बजार,जङ्गलमा लाग्ने त्यो आगो जसमा सम्पत्तिको विनाश हुन्छ","malicious burning to destroy property"
"1857",1,"अग्नि-दाह | अग्निदाह | अन्त-क्रिया | अन्तक्रिया | चिता-कर्म | चिताकर्म | दाह | दाह-कर्म | दाह-क्रिया | दाह-संस्कार | दाह संस्कार | दाहकर्म | दाहक्रिया | शव-दाह | शवदाह","cremation","लाश जलाउने क्रिया","the incineration of a dead body"
"1859",1,"गुथाइ | नत्थी | नत्थीकरण","affixation | attachment","कागज आदिका धेरै टुकुरालाई एकैसाथ मिसाएर गुथने वा बान्ने क्रिया","the act of attaching or affixing something"
"1864",1,"मिलावट | सम्मिश्रण","blend | blending","मिसिने क्रिया","the act of blending components together thoroughly"
"1877",1,"पृथकीकरण","separation","पृथक या अलग गर्ने क्रिया","the act of dividing or disconnecting"
"1892",1,"फाटो | बेमेल | मतभेद","schism | split","मान्छेलाई एक अर्काको विरोधी बनिने वा बनाउने क्रिया","division of a group into opposing factions"
"1893",1,"कटाइ","cut | cutting","काट्‍ने काम","the act of cutting something into parts"
"1934",1,"अनाच्छादन | अनावरण","baring | denudation | husking | stripping | uncovering","कुनै वस्तु,कुरा आदिबाट आवरण हटाउने काम","the removal of covering"
"1970",1,"पुननियुक्‍ति | बहाली","reinstatement","फेरि आफ्नो पद वा स्थानमा नियुक्‍त गरिने क्रिया","the act of restoring someone to a previous position"
"1975",1,"छिराइ | पसाइ | भराइ | भित्र्याइ | हुलाइ","filling","हाल्ने क्रिया","the act of filling something"
"1983",1,"पोलाइ","burn","डढ्नाले हुने पीडा वा कष्ट","damage inflicted by fire"
"2006",1,"कार्य कलाप | कार्यकलाप | क्रिया-कलाप | क्रिया कलाप | गतिविधि","activity","कसैको चाल-चलन या उद्वारा गरिने काम आदिको रङ्ग-ढङ्ग","any specific behavior"
"2013",1,"कार्य-पद्धति | कार्य-प्रणाली | कार्यपद्धति | कार्यप्रणाली","pattern | practice","कुनै काम गर्ने प्रणाली","a customary way of operation or behavior"
"2035",1,"आदत् | बानी | बेहोरा | स्वभाव","habit | use | wont","व्यवहारको त्यो प्रकृति जुन वारम्बार दोहोर्‍याउँदा प्राप्‍त हुन्छ:उनको सधैँ बिहान छिट्टै ब्युझिने बानी छ झगडा लगाइदिने उसको बानी छ","a pattern of behavior acquired through frequent repetition"
"2043",1,"कमारो प्रथा | दास प्रथा","slaveholding | slavery","सेवा गर्नका लागि मूल्य दिएर कसैलाई किन्ने वा बेच्ने प्रथा","the practice of owning slaves"
"2058",1,"अनाचरण | अनाचार | अपचाल | कदाचार | कुचाल | कुव्यवहार | दुराचरण | दुराचार | दुर्व्यवहार | दुष्टाचरण","mistreatment","नराम्रो या अनुचित व्यवहार","the practice of treating (someone or something) badly"
"2065",1,"अत्याचार | उत्पीडन | ताडना | थिचोमिचो | प्रताडना","harassment | molestation","कष्ट दिने क्रिया","the act of tormenting by continued persistent attacks and criticism"
"2066",1,"अत्याचार | अन्याय | थिचोमिचो | पेलाइ","abuse | ill-treatment | ill-usage | maltreatment","अरूसँग बलपूर्वक गरिने त्यो अनुचित व्यवहार जसले उसलाई धेरै कष्ट हुन्छ","cruel or inhumane treatment"
"2072",1,"थिचोमिचो | दमन","oppression | subjugation","विरोध,उपद्रो,विद्रोह आदिलाई बल-प्रयोगद्वारा दबाउने क्रिया","the act of subjugating by cruelty"
"2090",1,"कठोरता | कडाइ | कडिकडाउ","cruelty | inhuman treatment","कठोर व्यवहार","a cruel act; a deliberate infliction of pain and suffering"
"2109",1,"आमोद-प्रमोद | आमोद प्रमोद | मनबहलाउ | मनोरञ्जन | मनोविनोद | रमझम | रमाइलो | रमिता","amusement | entertainment","मन प्रसन्न गर्ने कुरा या काम","an activity that is diverting and that holds the attention"
"2113",1,"आमोद-प्रमोद | क्रीडा | खेल | विनोद | विहार","fun | merriment | playfulness","केवल मन बहलाउन गरिने काम","activities that are enjoyable or amusing"
"2116",1,"खेलबाड | खेलाँची | ख्याल-ठट्टा | हेलचेक्‍य्राइँ","jest | jocularity | joke","मन भुलाउने कुरा वा काम:मसँग ख्याल-ठट्टा नगर","activity characterized by good humor"
"2171",1,"सम्पादन","ski jumping","काम सम्पूर्ण गर्ने प्रक्रिया","the act of performing a jump of skis from a high ramp overhanging a snow covered slope"
"2175",1,"जल-क्रीडा | जल-विहार | जलक्रीडा | जलविहार | वारि विहार","aquatics | water sport","त्यो क्रीडा या खेल जो जलमा खेलिन्छ","sports that involve bodies of water"
"2181",1,"गोता | डुबुल्की | डुब्की","dip | plunge","पानीमा डुब्ने काम वा भाव (जानीबुझी)","a brief swim in water"
"2254",1,"मछुवा | माझी","fishing","जीवन यापनको लागि माछा मार्ने वा पकड़ने  काम वा पेशा","the occupation of catching fish for a living"
"2324",1,"हकी | हाकी","field hockey | hockey","एघार-एघार जनाको दलमा खलिने खेल जसलाई हकी नामक उपस्करको सहायताले बललाई हानिन्छ","a game resembling ice hockey that is played on an open field; two opposing teams use curved sticks try to drive a ball into the opponents' net"
"2348",1,"क्रिकेट","cricket","एघार-एघारजनाका दुईटा दलका बीचमा हुने बल-बेटको एउटा खेल","a game played with a ball and bat by two teams of 11 players; teams take turns trying to score runs"
"2357",1,"फुटबल | भकुण्डो","association football | soccer","दुइ दल बीचमा हुने एउटा खेल जसमा एघार- एघार जना खेलाडी हुन्छन्","a football game in which two teams of 11 players try to kick or head a ball into the opponents' goal"
"2364",1,"स्क्वाश","squash | squash rackets | squash racquets","भित्तोमा रेकेटले बल हानेर खेलिने एक खेल","a game played in an enclosed court by two or four players who strike the ball with long-handled rackets"
"2374",1,"टेनिस | लन टेनिस","lawn tennis | tennis","दुइ वा चार जनाले सानो गोलालाई उपास्करको सहायताले नेटमाथि उफारेर खेलिने एउटा खेल","a game played with rackets by two or four players who hit a ball back and forth over a net that divides the court"
"2388",1,"कुक्कु | लुकामारी | लुकालुक","hide-and-seek | hide and go seek","नानीहरूको एउटा खेल जसको थालनीमा एउटा केटाको आँखा बन्द रहन्छ र त्यसपछि उसले आँखा खोलेर अरू लुकेका साथीहरूलाई खोज्ने गर्छ:नानीहरू आँगनमा लुकामारी खेल्दैछन्","a game in which a child covers his eyes while the other players hide then tries to find them"
"2406",1,"कार्ड | ताश | तास","card game | cards","NO_GLOSS","a game played with playing cards"
"2434",1,"रमी","rum | rummy","तासको एउटा खेल जसमा सबै खेलाडीहरूले अङ्क पाउँछन्","a card game based on collecting sets and sequences; the winner is the first to meld all their cards"
"2458",1,"टेबल-टेनिस | टेबल टेनिस","ping-pong | table tennis","विशेष प्रकारको दुइ टेबलको बीच जाली लगाएर, उस जालीको माथिबाट बल दोस्रो तर्फबाट हान्दै खेलिने एक खेल","a game (trademark Ping-Pong) resembling tennis but played on a table with paddles and a light hollow ball"
"2476",1,"चेस | बुद्धिचाल","chess | chess game","एकखाले खेला जसमा चौसट्ठीवटा कोठा बनाएर खेलिन्छ:बुद्धिचालको खेला बत्तीसवटा गुटीले खेलिन्छ","a board game for two players who move their 16 pieces according to specific rules; the object is to checkmate the opponent's king"
"2514",1,"खल्बली | हल्लाखल्ला | होहल्ला","revel | revelry","उपद्रोले भरिएको उफ्र्‍याइँ","unrestrained merrymaking"
"2527",1,"मोज","coquetry | dalliance | flirt | flirtation | flirting | toying","काम भावना जगाउनका लागि गरिने क्रिया","playful behavior intended to arouse sexual interest"
"2538",1,"अप्रेलफूल","april fool","अप्रेल मासको पहिलो तारीक हाँसोले मूर्ख बनाउने क्रिया","a practical joke or trick played on the first day of April"
"2573",1,"सरकस | सरकसको खेल | सर्कस","circus","पशु र कलाबाज आदिद्वारा देखाइने कौशल या खेल","performance given by a traveling company of acrobats clowns and trained animals"
"2583",1,"निरूपण | प्रतिपादन","demonstration | presentation | presentment","आफ्नो मत पुष्ठ पार्नका लागि प्रमाणपूर्वक केही गर्ने क्रिया","a show or display; the act of presenting something to sight or view"
"2593",1,"खेल","athletics | sport","NO_GLOSS","an active diversion requiring physical exertion and competition"
"2715",1,"नानीगीत | लोरी | शिशुगीत","cradlesong | lullaby","एक प्रकारको गीत जुन चाहिँ आइमाईहरूले नानी सुताउँदा गाउने गर्छन्:सानामा मेरी हजुरआमा मलाई सुताउँदा नानी गीत सुनाउने गर्नुहुन्थ्यो","a quiet song that lulls a child to sleep"
"2726",1,"अभिनय","acting | performing | playacting | playing","अर्को व्यक्तिको भाषण, चेष्टा आदिको केही समयका लागि अनुकरण गर्ने क्रिया,जस्तै नाटक आदिमा हुन्छ:यस नाटकमा रामको अभिनय धेरै प्रशंसनीय थियो","the performance of a part or role in a drama"
"2766",1,"चाँडो | छिटो | हतार","haste | hurry | rush | rushing","हतार-हतार काम गर्ने बानी जुन अनुचित मानिन्छ:हतारमा काम बिग्रिन्छ","the act of moving hurriedly and in a careless manner"
"2768",1,"ठेलमठेल | धक्कमधक्का","scamper | scramble | scurry","भीड-भाडको कारण वा अरू कुनै कारणले एक अर्कालाई धकेल्ने वा ठेल्ने क्रिया","rushing about hastily in an undignified way"
"2921",1,"जागिर | नोकरी","service","त्यो पद वा काम जसको निम्ति वेतन पाइन्छ","employment in or work for another"
"2945",1,"अध्यक्षता | अध्यक्षत्व","chairmanship","अध्यक्ष हुने क्रिया वा भाव","the position of chairman"
"3004",1,"अध्यक्षता","presidency | presidentship","अध्यक्षको पद वा स्थान","the office and function of president"
"3011",1,"प्रफेसर | प्राध्यापक","chair | professorship","प्राध्यापकको काम वा पेशा वा प्राध्यापक भएको अवस्था","the position of professor"
"3084",1,"कुमाले | कुम्भकार | कुम्हाल","pottery","कुमालेको काम","the craft of making earthenware"
"3091",1,"अध्यापकी | अध्यापन | अध्यापनकार्य | पढाइ | शिक्षण | शिक्षण कार्य","education","शिक्षा दिने कार्य या पढाउने कार्य","the profession of teaching (especially at a school or college or university)"
"3092",1,"पत्रकारिता","journalism","पत्रकारको काम","the profession of reporting or photographing or editing news stories for one of the media"
"3095",1,"चिकित्सा | डाक्टरी","medicine | practice of medicine","चिकित्सकको काम वा पेसा","the learned profession that is mastered by graduate training in a medical school and that is devoted to preventing or alleviating or curing diseases and injuries"
"3107",1,"आशुलिपि | सर्टह्यान्ड","stenography","संक्षेप वा सङ्केतका रूपमा लेख्‍ने क्रिया वा कला","the act or art of writing in shorthand"
"3142",1,"परिश्रम | मिहिनेत | श्रम","effort | elbow grease | exertion | sweat | travail","यस्तो काम जुन गर्दा-गर्दै शरीरमा शिथिलता आउन लाग्यो:परिश्रमको फल मिठो हुन्छ","use of physical or mental energy; hard work"
"3145",1,"मृगया | शिकार","hunt | hunting","जङ्गली पशु-पक्षीलाई मार्ने कार्य","the work of finding and killing or capturing animals for food or pelts"
"3157",3,"पढनु","strain | straining","कसैलाई सुनाउनका लागि वा यत्तिकै स्मरणशक्‍तिद्वारा वा पुस्तक आदिद्वारा मन्त्र,कविता आदि भन्नु","an intense or violent exertion"
"3182",1,"कसरत | व्यायाम","press-up | pushup","एकखाले व्यायाम जुनचाहिँ हत्केलाको भरमा सुतेर घोप्टिएर गरिन्छ:उनी प्रतिदिन दौडेर आएपछि डन्ड(व्यायाम) गर्छन्","an arm exercise performed lying face to the floor and pushing the body up and down with the arms"
"3218",1,"केरकार | सोधपुछ","enquiry | inquiry","सोध्ने वा सोधिने क्रिया वा भाव","a systematic investigation of a matter of public interest"
"3219",1,"अनुसंधान | अनुसन्धान | अन्वीक्षण | अन्वेषण | अन्वेषणा | गवेषणा | शोध","research","कुनै विषयको राम्ररी अनुशीलन गरेर त्यसका सम्बन्धमा नयाँ कुरा या तथ्यलाई टुङ्गो लगाउने क्रिया","systematic investigation to establish facts"
"3234",1,"प्रयोग","experiment | experimentation","कुनै कुरा जान्न वा बुझ्नका लागि अथवा परीक्षा,जाँच आदिको रूपमा हुने कुनै क्रियाको साधन","the act of conducting a controlled test or investigation"
"3260",1,"अवलोकन | निरीक्षण","study | survey","राम्ररी जाँच गर्नका लागि हेर्ने क्रिया","a detailed critical inspection"
"3305",1,"जन गणना | जनगणना","census | nose count | nosecount","कुनै स्थान अथवा देशका निवासीहरूको हुने गणना वा गन्ती","a periodic count of the population"
"3357",1,"रेखदेख | शुश्रूषा | सेवा-शुश्रूषा | हेरचाह","nursing","रोगीको हेरचाह","the work of caring for the sick or injured or infirm"
"3366",1,"अङ्गच्छेद | अङ्गछेद | अङ्गछेदन","amputation","शरीरको कुनै अङ्ग या अवयव काटेर फ्याक्ने या अलग गर्ने क्रिया","a surgical removal of all or part of a limb"
"3393",1,"आपरेसन | शल्य कर्म | शल्य चिकित्सा | शल्यकर्म | शल्यक्रिया | शल्यचिकित्सा | शल्योपचार","operation | surgery | surgical operation | surgical procedure | surgical process","त्यो क्रिया जसको अन्तर्गत पिलो,रोगयुक्त अङ्ग आदिलाई चिरफार गरिन्छ","a medical procedure involving an incision with instruments; performed to repair damage or arrest disease in a living body"
"3499",1,"बन्धाकरण","sterilisation | sterilization","बाँझो बनाउने क्रिया","the act of making an organism barren or infertile (unable to reproduce)"
"3541",1,"गोलाइ","physiatrics | physical therapy | physiotherapy","गोलाकार वस्तुको माप","therapy that uses physical agents: exercise and massage and other modalities"
"3590",1,"एलोपेथी","allopathy","एक प्रकारको बहुप्रचलित पाश्चात्य चिकित्सा पद्धति","the usual method of treating disease with remedies that produce effects differing from those produced by the disease itself"
"3591",1,"होमियोपेथी","homeopathy | homoeopathy","एक प्रकारको चिकित्सा पद्धति","a method of treating disease with small amounts of remedies that, in large amounts in healthy people, produce symptoms similar to those being treated"
"3600",1,"अनुलेपन | अवलेपन | लिपपोत | लेपन","application | coating | covering","लेई जस्तै कुनै चीजको तह चढाउने क्रिया","the work of applying something"
"3614",1,"कारिगरी | दस्तकारी | शिल्पकारी | हस्तकला | हस्तशिल्प","handicraft","हातले चिजहरू बनाएर तयार गर्ने क्रिया","a craft that requires skillful hands"
"3619",1,"नसबन्दी","vasectomy","त्यो प्रक्रिया जसमा मान्छेको शुक्रवाहिका काटिन्छ किनकि उसले बच्चा जन्माउन नसकोस्","surgical procedure that removes all or part of the vas deferens (usually as a means of sterilization); is sometimes reversible"
"3635",1,"पोताइ | लिपाइ","daubing | plastering","लिप्‍ने क्रिया वा भाव","the application of plaster"
"3636",1,"जलप | लेप","plating","कुनै चिजमा रासायनिक प्रक्रियाले चढाइएको सुन, चाँदी आदिको पातलो जलप वा तह","the application of a thin coat of metal (as by electrolysis)"
"3641",1,"कर्म | काज | काम | काम-काज | कामकाज | कार्य | ड्युटी","chore | job | task","व्यवसाय,सेवा,जीविका आदिको विचारले गरिने विचार","a specific piece of work required to be done as a duty or for a specific fee"
"3687",1,"गृहकर्म | गृहकार्य","homework | prep | preparation","त्यो पठन-पाठन सम्बन्धी कार्य जुनचाहिँ घरमा गर्नका लागि दिइन्छ","preparatory school work done outside school (especially at home)"
"3688",1,"पाठ","lesson","एकखेपमा पढिने अंश","a task assigned for individual study"
"3696",1,"चौकीदारी | पहरेदारी","guard | guard duty | sentry duty | sentry go","पहरादारीको काम","the duty of serving as a sentry"
"3712",1,"अतिक्रमण | अपचरण | अपचार | अभिलंघन | अभिलङ्घन | उलंघन | उल्लंघन | व्युत्क्रमण","encroachment | intrusion | trespass | usurpation | violation","आफ्नो कार्य,अधिकार क्षेत्र आदिलाई सीमा पार गरेर यस्तो ठाउँमा पुग्ने क्रिया, जहाँ जानु या बस्नु अनुचित, मर्यादा-विरुद्ध या अवैध ठानिन्छ","entry to another's property without right or permission"
"3726",1,"चकचक | चन्चलता | चन्चलपन | चन्चलाहट","devilment | devilry | deviltry | mischief | mischief-making | mischievousness | rascality | roguery | roguishness | shenanigan","चकचक वा बालकपनले भरिएको काम","reckless or malicious behavior that causes discomfort or annoyance in others"
"3774",1,"सीमातिक्रमण | सीमालङ्घन","transgression","कसैको सिमाना अतिक्रमण","the action of going beyond or overstepping some boundary or limit"
"3777",1,"अनीति | अनैतिकता | नीतिहीनता | नैतिकताहीनता","evil | immorality | iniquity | wickedness","अनैतिक हुने अवस्था या भाव","morally objectionable behavior"
"3790",1,"अनिग्रह | असंयम | आत्मनियंत्रणहीनता","intemperance | intemperateness | self-indulgence","चित्तको वासनालाई अनुचित या नराम्रो मार्गमा जान दिने क्रिया या भाव","excess in action and immoderate indulgence of bodily appetites, especially in passion or indulgence"
"3792",1,"वेश्यावृत्ति","harlotry | prostitution | whoredom","वेश्याको काम","offering sexual intercourse for pay"
"3800",1,"चेपारे | ठग | ढँटुवा | धुतार | धूर्त | फटाहा | लुच्चो","dishonesty | knavery","छलकपट वा अरू कुनै प्रकारको अनाचार गर्ने अवस्था वा भाव","lack of honesty; acts of lying or cheating or stealing"
"3823",1,"गडबडी | दुर्नीति | भ्रष्टाचार","cozenage | scam","जानी-बुझी वा मनमोजी ढङ्गले उत्पन्न गरिने अथवा अपारङ्गतका कारणले हुने गडबडी","a fraudulent business scheme"
"3827",1,"अभिनय | नाटक | स्वाङ","feigning | pretence | pretending | pretense | simulation","कसैलाई धोका दिनका लागि बनाइएको रूप वा गरिने काम","the act of giving a false appearance"
"3828",1,"आडम्बर | ढोँग | देखावटीपन | पाखण्ड | बनावट | स्वाङ","appearance | show","त्यो आचरण, काम आदि जसमा माथिबाट बनावटको भाव रहन्छ","pretending that something is the case in order to make a good impression"
"3839",1,"अधर्म | पाप","sin | sinning","यस लोकमा नराम्रो मानिने र परलोकमा अशुभ फल दिनेखालको कर्म:सन्त कबीरका अनुसार, असत्य बोल्नु धेरै ठुलो पाप होसत्य बराबर तप छैन असत्य बराबर पाप, जसको हृदय सत्य छ त्यो हृदय तपाईँको हो","an act that is regarded by theologians as a transgression of God's will"
"3851",1,"आतङ्कवाद | सन्त्रासवाद","act of terrorism | terrorism | terrorist act","कस्तो सिद्धान्त हो भने आफ्नो कुनै ठुलो या विकट उद्देश्य सिद्ध गर्न मानिसलाई आफ्नो शक्तिले अत्यन्त भयभीत राख्‍नु","the calculated use of violence (or threat of violence) against civilians in order to attain goals that are political or religious or ideological in nature; this is done through intimidation or coercion or instilling fear"
"3893",1,"राजद्रोह","sedition","राजा वा राज्य प्रतिको द्रोह","an illegal action inciting resistance to lawful authority and tending to cause the disruption or overthrow of the government"
"3896",1,"बलात्कार | सतीत्व नष्ट | सतीत्व हरण","assault | rape | ravishment | violation","कसैसँग गरिने उसका ईच्छाबिरूद्ध,बलपूर्वक सम्भोग","the crime of forcing a woman to submit to sexual intercourse against her will"
"3910",1,"घुसखोरी | रिश्वतखोरी","bribery | graft","रिश्वत या घुस लिने काम","the practice of offering something (usually money) in order to gain an illicit advantage"
"3913",1,"हजम | हडप","defalcation | embezzlement | misapplication | misappropriation | peculation","कुनै अर्कालाई सुम्पिएको धन हजम गर्ने क्रिया","the fraudulent appropriation of funds or property entrusted to your care but actually owned by someone else"
"3933",1,"अपहार | चोरी","larceny | stealing | theft | thievery | thieving","लुकेर कसैको वस्तु लाने क्रिया वा भाव","the act of taking something from someone unlawfully"
"3938",1,"देशद्रोह | राष्ट्र द्रोह","high treason | lese majesty | treason","आफ्‍नो राष्ट्रको विरूद्धमा गरिने विद्रोह वा विश्‍वासघात्","a crime that undermines the offender's government"
"3947",1,"डकैती","highway robbery","बटुवाको माल-सामान लुट्ने क्रिया","robbery of travellers on or near a public road"
"3964",1,"उद्यम | चेष्टा | प्रयत्‍न | प्रयास","attempt | effort | endeavor | endeavour | try","त्यो कार्य जुनचाहिँ कुनै उद्देश्य सिद्ध गर्नका लागि गरिन्छ:सफल हुनका लागि उसले भरसक प्रयास गर्‍यो","earnest and conscientious activity intended to do or accomplish something"
"3978",1,"द्वन्द्व | लडाइ | सङ्घर्ष","battle | struggle","विकट र विपरीत परिस्थितिहरूबाट निस्केर अघिबढनका लागि हुने प्रयत्‍न","an energetic attempt to achieve something"
"3991",1,"जाँच | परीक्षण","run | test | trial","परीक्षा लिने वा जाँच्ने काम","the act of testing something"
"4044",1,"स्वावलम्बन","self-help","आफ्नै भरोसामा रहेर आफ्नो बलमा काम गर्ने क्रिया","the act of helping or improving yourself without relying on anyone else"
"4052",1,"नियन्त्रण","control","आफ्नो अधिकारमा लिएर वा आफ्नो रेखदेखमा रहेर कार्य, व्यापार आदि चलाउने क्रिया वा अवस्था","the activity of managing or exerting control over something"
"4070",1,"समन्वय","coordination","कार्य एवम् कारणको सङ्गति वा निर्वाह","the regulation of diverse elements into an integrated and harmonious operation"
"4083",1,"अधिकार | अधिकारिता | अधिकारित्व | आधिपत्य | प्रभुता | प्रभुत्व | प्रभुसत्ता | शासनाधिकार | सत्ता | स्वामित्व","ownership | possession","अधिपति हुने अवस्था या भाव","the act of having and controlling property"
"4100",1,"पकडाइ | समाताइ","grasping | prehension | seizing | taking hold","पकड्ने क्रिया","the act of gripping something firmly with the hands"
"4114",1,"निर्देशन","direction | guidance | steering","निर्देश गर्ने क्रिया वा भाव","the act of setting and holding a course"
"4115",1,"तारो | निसाना | लक्ष्य","aim","कुनै वस्तु,आदिलाई लक्ष्य बनाएर त्यसमा हिर्काउने क्रिया","the action of directing something at an object"
"4153",1,"देखरेख | रक्षा | सुरक्षा","defence | defense","विपत्ति,आक्रमण,हानि,नाश आदिबाट बचाउने क्रिया","protection from harm"
"4154",1,"टीका | टीकाकरण","inoculation | vaccination","कुनै रोगलाई रोक्नका लागि त्यस रोगको रस शरीरमा सुईद्वारा प्रवेश गराउने क्रिया","taking a vaccine as a precaution against contracting a disease"
"4186",1,"रेखदेख | हेरचाह | हेरविचार","care | charge | guardianship | tutelage","सबै कुरा ठिक छ वा छैन यस्तो हेर्ने क्रिया","attention and management implying responsibility for safety"
"4209",1,"सास फुल्नु","huffing | puffing | snorting","हाँप्ने क्रिया या भाव","an act of forcible exhalation"
"4213",1,"निश्‍वास | सुस्केरा","breathing out | exhalation | expiration","नाक र मुखबाट हावा बाहिर फ्याक्ने क्रिया","the act of expelling air from the lungs"
"4221",1,"श्‍वास | सास | सुस्केरा","aspiration | breathing in | inhalation | inspiration","नाक वा मुखले प्राणीहरूले हावा तान्ने क्रिया","the act of inhaling; the drawing in of air (or other gases) as in breathing"
"4222",1,"हपाइ","gasp | pant","परिश्रम गर्ने,दौडने आदिका कारण जोर-जोरले र छिटो-छिटो श्‍वास फेर्ने क्रिया","a short labored intake of breath with the mouth open"
"4223",1,"हाई","oscitance | oscitancy | yawn | yawning","निद्रा वा आलस्यको कारणले मुख खोलिने एउटा स्वाभाविक क्रिया","an involuntary intake of breath through a wide open mouth; usually triggered by fatigue or boredom"
"4228",1,"टोकाइ | दंश | दंशन","bite | chomp","दाँतले टोक्ने क्रिया","the act of gripping or chewing off with the teeth and jaws"
"4262",1,"मैथुन | सम्भोग | सहवास रतिक्रीडा | स्त्रीसमागम","sex | sex activity | sexual activity | sexual practice","स्त्री आदिका साथमा पुरुष आदिको समागम","activities associated with sexual intercourse"
"4305",1,"चुप्पा | चुम्बन | चुम्मा-चाटी | चुम्मा चाटी | चुम्माचाटी | म्वाइँ","caressing | cuddling | fondling | hugging | kissing | necking | petting | smooching | snuggling","प्रेमीहरूले आपसमा माया गरेर कसैको कुनै अङ्ग चुम्ने काम","affectionate play (or foreplay without contact with the genital organs)"
"4315",1,"हस्तमैथुन","masturbation | onanism","NO_GLOSS","manual stimulation of the genital organs (of yourself or another) for sexual pleasure"
"4322",1,"समलैंगिकता","gayness | homoeroticism | homosexualism | homosexuality | queerness","NO_GLOSS","a sexual attraction to (or sexual relations with) persons of the same sex"
"4331",1,"उँग्नु | उँङनु","cat sleep | catnap | forty winks | nap | short sleep | snooze","आँखा झिम्काउने  क्रिया वा भाव","sleeping for a short period of time (usually not in bed)"
"4384",1,"गणना | गणित | लेखाजोखा | हिसाब","calculation | computation | computing","आय-व्यय आदिको विवरण","the procedure of calculating; determining something by mathematical or logical methods"
"4393",1,"तकसीम | तक़सीम | तक्सीम | तक़्सीम | भाग | भाग कर्म | विभाजन","division","कुनै सङ्ख्याबाट अर्को सङ्ख्यालाई  भाग गर्ने क्रिया","an arithmetic operation that is the inverse of multiplication; the quotient of two numbers is computed"
"4398",1,"घटाइ | घटान | घटान-कर्म | घटान कर्म | घटानकर्म | घटाव | व्यवकलन","minus | subtraction","कुनै सङ्ख्याबाट कुनै सङ्ख्या घटाउने क्रिया","an arithmetic operation in which the difference between two numbers is calculated"
"4412",1,"असम्मति | असहमति | अस्वीकृति | नामञ्जुरी","disapproval","स्वीकार नगर्ने क्रिया या भाव","the act of disapproving or condemning"
"4413",1,"मूल्याङ्कन","evaluation | rating","कुनै वस्तुको गुण,उपयोगिता वा महत्त्व अडकल्ने क्रिया","act of ascertaining or fixing the value or worth of"
"4414",1,"अङ्क दिन | अङ्क निर्धारण | अङ्क प्रदान","grading | marking | scoring","उत्तर पुस्तिका जाँच गरेर अङ्क दिने क्रिया","evaluation of performance by assigning a grade or score"
"4415",1,"आकलन | गन्ती","estimate | estimation","कुनै आधारमा अनुमान लगाउने कार्य","a judgment of the qualities of something or somebody"
"4439",2,"व्यायामी","rubber-necking | sightseeing","जुनचाहिँ व्यायाम गर्नाले पुष्ट र बलियो हुन्छ","going about to look at places of interest"
"4445",1,"पहरा | रखबारी | रेख-देख","vigil | watch","कुनै वस्तु वा व्यक्तिको रेख-देख वा रक्षाका लागि अथवा त्यसलाई निर्दिष्ट ठाउँबाट हट्नबाट रोक्नका लागि पालेहरूलाई नियुक्त गर्ने क्रिया:पाले चङ्ख भएर पहरा दिँदै छ","a purposeful surveillance to guard or observe"
"4460",1,"शिक्षा","didactics | education | educational activity | instruction | pedagogy | teaching","NO_GLOSS","the activities of educating or instructing; activities that impart knowledge or skill"
"4472",1,"नाट्यकला","dramatics","नाटक गर्ने क्रिया","participation in theatrical productions as an extracurricular activity"
"4477",1,"मास्टरी | शिक्षकता","instruction | pedagogy | teaching","मास्टरको काम","the profession of a teacher"
"4522",1,"प्रशिक्षण | प्रशिक्षा","grooming | preparation | training","कुनै पेशा या कला-कौशलको क्रियात्मक रूपमा दिइने शिक्षा","activity leading to skilled behavior"
"4523",1,"कसरत | ड्रिल","drill","सेनाको युद्ध गर्ने नियमको अभ्यास","(military) the training of soldiers to march (as in ceremonial parades) or to perform the manual of arms"
"4537",1,"पूर्व अभ्यास | पूर्वाभिनय | पूर्वाभ्यास | रिहर्सल","dry run | rehearsal","कुनै नाटक,एकाङ्की,नृत्य आदि अभिनीत गर्नुभन्दा पहिला गरिने अभ्यास","a practice session in preparation for a public performance (as of a play or speech or concert)"
"4596",1,"निर्माण | निर्मिति | रचना | सऋष्टि | सिरजन | सृजन","creation | creative activity","रचने या बनाउने क्रिया या भाव","the human act of creating"
"4602",1,"बनाइ | बुनाइ","knitting","बुन्ने क्रिया","creating knitted wear"
"4611",1,"बँधाइ | बनाउनु","building | construction","बाँधने वा बनाउने काम","the act of constructing something"
"4616",3,"पाल्नु | राख्‍नु","dry walling","मनमा सधैँ रिस बसिरहनु","the activity of building stone walls without mortar"
"4638",1,"कृषि | खेती | खेती-बारी | गृहस्थी","cultivation","खेतमा अन्न आदि छर्ने र अन्न उब्जाउने काम","(agriculture) production of food by preparing the land to grow crops"
"4655",1,"रोपाइ | रोपाइँ","planting","अन्नको रोपाइँ","putting seeds or young plants in the ground to grow"
"4656",1,"छराइ | बीजाकरण | बीजारोपण","insemination","बिउ छर्ने क्रिया","the act of sowing (of seeds in the ground or, figuratively, of germs in the body or ideas in the mind, etc.)"
"4658",1,"पशु-पालन | पशुपालन","ranching","पशुहरू पालने वा राख्‍ने क्रिया","farming for the raising of livestock (particularly cattle)"
"4679",1,"उद्योग-धन्धा | उद्योग-व्यवसाय | उद्योग धन्धा | उद्योग व्यवसाय","industry | manufacture","मान्छेको व्यवहारका लागि कच्चा मालबाट पक्का माल तयार पार्ने कारोवार","the organized action of making of goods and services for sale"
"4680",1,"उद्योगीकरण | औद्योगीकरण","industrial enterprise | industrialisation | industrialization","उद्योग-धन्धा आदिलाई बढाउन तथा नयाँ-नयाँ कल-कारखाना खोल्‍ने कार्य","the development of industry on an extensive scale"
"4681",1,"बनाइ","devising | fashioning | making","बनाउने काम","the act that results in something coming to be"
"4686",1,"गठन | बनावट | रचना | संरचना","formation | shaping","बन्ने वा बनाउने भाव वा ढङ्ग","the fabrication of something in a particular shape"
"4689",1,"धातुकर्म","metalwork | metalworking","धातुले वस्तुहरू बनाउने क्रिया","the activity of making things out of metal in a skillful manner"
"4705",1,"आयोजन","planning","कुनै कामका लागि अघिबाटै गरिने प्रबन्ध","the act or process of drawing up plans or layouts for some project or enterprise"
"4728",1,"कलाकारी | शिल्पकारी","art | artistic creation | artistic production","कलासम्बन्धी त्यो कर्म जसको सम्पादनका लागि ज्ञानका अतिरिक्‍त कौशल र अभ्यासको आवश्यकता हुन्छ","the creation of beautiful or significant things"
"4748",1,"अनुरेखन | ट्रेसिङ","tracing","कुनै चित्र आदि रेखाको रूपमा अङ्कित गर्ने क्रिया","the act of drawing a plan or diagram or outline"
"4761",1,"आविष्कार | निकल्याइ","invention","कुनै नयाँ वस्तु तयार गर्ने या नयाँ कुरा खोजी निकाल्ने  क्रिया जुन पहिले कसैलाई थाहा भएको हुँदैन","the act of inventing"
"4764",1,"निरूपण","conceptualisation | conceptualization | formulation","कुनै विचार वा मत राम्ररी कसैका सामु राख्‍ने क्रिया वा भाव","inventing or contriving an idea or explanation and formulating it mentally"
"4784",1,"घोचाइ","prick | pricking","घोच्ने क्रिया या भाव","the act of puncturing with a small point"
"4787",1,"खोजी गर्नु","hunt | hunting | search","NO_GLOSS","the activity of looking thoroughly in order to find something or someone"
"4799",1,"अनुचित उपयोग | दुरुपयोग","abuse | misuse","कुनै चिज,स्वामित्व आदिको अनुचित वा नराम्रो ढङ्गले गरिने उपयोग","improper or excessive use"
"4809",1,"अभियांत्रिकी","engineering | technology","NO_GLOSS","the practical application of science to commerce or industry"
"4838",1,"महाभारत | महायुद्ध | व्यापक युद्ध","armageddon","धेरै ठुलो युद्ध","any catastrophically destructive battle"
"4858",1,"द्वेष | विद्रोह","insurrection | rebellion | revolt | rising | uprising","त्यो ठुलो उपद्रो जसको उद्देश्‍य राज्य आदिको हानि गर्नु, उल्टाउनु वा नष्ट गर्नु हो","organized opposition to authority; a conflict in which one faction tries to wrest control from another"
"4859",1,"गृह-युद्ध | गृह युद्ध | गृहयुद्ध | नागर युद्ध","civil war","त्यो आपसी युद्ध या लडाइ जुन कुनै राष्ट्रको नागरिकमा हुन्छ‍‍","a war between factions in the same country"
"4874",1,"डाँकु | दस्युता | लुटेरापन","banditry","दस्यु हुने अवस्था वा भाव","the practice of plundering in gangs"
"4902",1,"थियो","war | warfare","NO_GLOSS","the waging of armed conflict against an enemy"
"4903",1,"हवाईआक्रमण | हवाईहमला","air attack | air raid","त्यो आक्रमण जुन अकासमार्ग वा वायुयानले गरिन्छ:भारतले शत्रुदेशमा हवाई आक्रमण गरेर त्यसलाई तहसनहस पारिदियो","an attack by armed planes on a surface target"
"4920",1,"छापा | तलासी","foray | maraud | raid","अवैध वस्तुहरू वा कुनै व्यक्‍ति आदिलाई समाउनका लागि पुलिस वा सरकारी विभागहरूद्वारा गरिने अचानक जाँच वा लिइने गरेको तलासी","a sudden short attack"
"5026",1,"विश्व युद्ध | विश्व सङ्ग्राम","world war","त्यो युद्ध जो विश्व स्तरमा हुन्छ या जसमा विश्वका लगभग सबै देश भाग लिन्छन्","a war in which the major nations of the world are involved"
"5125",1,"फसल कटाइ","harvest | harvest home | harvesting","अनाजको पाकेको फसल काट्ने क्रिया","the gathering of a ripened crop"
"5141",1,"अनवरतता | अबाधता | अविरामता | निरंतरता | सततता","continuance | continuation","अविराम हुने अवस्था या भाव या सधैँ गतिशील रहने भाव","the act of continuing an activity without interruption"
"5183",1,"दिनचर्या | नित्यकर्म","modus operandi | routine","सधैं दिनभरि गरिने कामधन्दा","an unvarying or habitual method or procedure"
"5207",1,"खतना | मुसलमानीकरण | सुन्नत","circumcision","लिङ्गको अघिल्लो भागको छाला काटने कुनै धर्मको चलन","the act of circumcising performed on males eight days after birth as a Jewish and Muslim religious rite"
"5277",1,"मूर्तिपुजन | मूर्तिपूजा","idol worship | idolatry","मूर्तिमा ईश्‍वर वा देवताको भावना गरेर त्यसलाई पुज्ने क्रिया","the worship of idols; the worship of images that are not God"
"5312",1,"छद्मभेष","camouflage | disguise","भेष बदल्ने वा आफ्नो स्वरूप लुकाउने क्रिया","the act of concealing the identity of something by modifying its appearance"
"5328",1,"रोपाइ","planting","रोपाइ गर्ने क्रिया","the act of fixing firmly in place"
"5329",1,"वृक्षारोपण","implantation","रूख-बिरुवा आदि लगाउने क्रिया","the act of planting or setting in the ground"
"5354",1,"अभ्युक्षण | आप्लावन | सिँचाइ","irrigation","खेत-बारीका लागि खेत आदिमा पानी पुर्‍याउने क्रिया ताकि त्यो भिजिरहोस्","supplying dry land with water by means of ditches etc"
"5390",1,"कुराइ | प्रतीक्षा | रुङाइ","wait | waiting","कुनै काम हुने या कोही आउने सम्भावना रहने क्रिया या भाव","the act of waiting (remaining inactive in one place while expecting something)"
"5391",1,"आराम | विश्राम","ease | relaxation | repose | rest","कुनै कार्य आदि गरेका समयमा एकछिन पर्खेर शरीरलाई आराम दिइने क्रिया:थाकेपछि विश्रामको आवश्‍यकता पर्छ","freedom from activity (work or strain or responsibility)"
"5406",1,"सहन | सह्‍य","forbearance","सहने क्रिया वा भाव","a delay in enforcing rights or claims or privileges; refraining from acting"
"5426",1,"डाइटिङ | मिताहार | सल्पाहार","diet | dieting","आहार खाँदा संयम राख्‍ने क्रिया","the act of restricting your food intake (or your intake of particular foods)"
"5437",1,"मृत्यु शोक | शोक","lamentation | mourning","कसैको मृत्युका कारण हुने शोक","the passionate and demonstrative activity of expressing grief"
"5438",1,"हँसाइ | हाँसो","laughter","हाँस्ने क्रिया वा भाव:उनको हँसाइ मोहक छ","the activity of laughing; the manifestation of joy or mirth or scorn"
"5486",1,"बँडाइ","distribution","बाँड्ने क्रिया वा भाव","the act of distributing or spreading or apportioning"
"5489",1,"बाँडचुँड | भाग","allocation | allotment | apportioning | apportionment | assignation | parceling | parcelling","बाँडने क्रिया","the act of distributing by allotting or apportioning; distribution according to a plan"
"5500",1,"उदारता","generosity | unselfishness","उदार भएको अवस्था वा भाव","acting generously"
"5520",1,"जन कल्याण | जन सेवा | लोक सेवा | लोक हित | लोकार्थ | लोकोपकार","philanthropic gift | philanthropy","मानिसलाई उपकार गर्ने क्रिया","voluntary promotion of human welfare"
"5521",1,"परमार्थ | परहित | परोपकार | पर्मार्थ","charity","त्यो उपकार या भलाइ जो स्वजनका लागि नभएर अर्कैका लागि हुन्छ","an activity or gift that benefits the public at large"
"5524",1,"दान","alms","NO_GLOSS","money or goods contributed to the poor"
"5526",1,"भिक्षा | भीक | भीख","handout","वह वस्तु जुनचाहिँ भिक्षाको रूपमा मिल्दछ","giving money or food or clothing to a needy person"
"5530",1,"अबाध-व्यापार | अबाध व्यापार | अबाधव्यापार | मुक्त-व्यापार | मुक्त व्यापार | मुक्तव्यापार","free trade","त्यो अन्तर्राष्ट्रीय व्यापार जसमा कुनै प्रकारको प्रशासनिक हस्तक्षेप हुँदैन","international trade free of government interference"
"5557",1,"अर्थ व्यवस्था | अर्थव्यवस्था | वित्त व्यवस्था","finance","पुँजी व्यवस्थाको व्यापारिक गतिविधि","the commercial activity of providing funds and capital"
"5575",1,"प्रकाशन","publication | publishing","कुनै कृतिहरू प्रकाशित गर्ने काम","the business of issuing printed matter for sale or distribution"
"5604",1,"लिने-दिने | लेनदेन","dealing | dealings | transaction","केही लिने वा दिने क्रिया","the act of transacting within or between groups (as carrying on commercial activities)"
"5613",1,"धरौट | धरौटी | धितो | नासो","bailment","(आवश्यक पर्दा काम लाग्ने गरी) कसैसँग राखिएको अर्काको वस्तु वा द्रव्य","the delivery of personal property in trust by the bailor to the bailee"
"5630",1,"तस्करी","smuggling","लुकी चोरी माल बेच्ने व्यवसाय","secretly importing prohibited goods or goods on which duty is due"
"5655",1,"डुलाइ | फेरी","hawking | peddling | vending | vendition","कुनै वस्तु बेच्नका लागि त्यसलाई बोकेर गाउँ-गाउँ, गल्ली-गल्ली घुम्ने क्रिया","the act of selling goods for a living"
"5659",1,"बिक्री","sale","मूल्य लिएर कसैलाई केही दिने क्रिया","the general activity of selling"
"5677",1,"तिरो | भुक्‍तान","defrayal | defrayment | payment","ऋण,कर्जाआदि तिर्ने क्रिया","the act of paying money"
"5683",1,"फिरौती धन","ransom","बन्धनबाट मुक्‍त गर्नका लागि दिइने वा लिइने धन","payment for the release of someone"
"5687",1,"खर्चिलोपन","disbursal | disbursement | outlay | spending","अत्यन्त धेर खर्च गर्ने बानी","the act of spending or disbursing money"
"5693",1,"उपनिवेश","migration","एक स्थानबाट अर्को स्थानमा गएर बस्ने क्रिया","the movement of persons from one country or locality to another"
"5695",1,"कुदाकुदी | भागाभाग","stampede","धेरै मान्छेहरू एक साथ एता-उता वा कतै  एकतिर भाग्ने क्रिया","a headlong rush of people on a common impulse"
"5696",1,"सामाजिक नियन्त्रण","social control","समाजलाई नियन्त्रित गर्ने क्रिया","control exerted (actively or passively) by group action"
"5701",1,"कुशासन","misgovernment | misrule","नराम्रो शासन","government that is inefficient or dishonest"
"5708",1,"अधिनियमन","enactment | passage","संसदद्वारा अधिनियम स्वीकृत गर्ने क्रिया","the passing of a law by a legislative body"
"5723",1,"अभिभारा | कर्तव्य | दायित्व","duty | obligation | responsibility","त्यो काम वा कुरो जसलाई गर्नु आवश्यक छ:देशको सेवा गर्नु हामी सबैको परम कर्तव्य हो","the social force that binds you to the courses of action demanded by that force"
"5743",1,"चाँजो पाँजो | प्रबन्ध | व्यावस्था","direction | management","कुनै काम ठीक ढङ्गले सम्पन्न गर्ने व्यवस्था","the act of managing something"
"5755",1,"निरीक्षण | पर्यवेक्षण","oversight | superintendence | supervising | supervision","कुनै काम,कुरो वा व्यवहारलाई मसिनोगरि ज़ाँच्ने प्रक्रिया","management by overseeing the performance or operation of a person or group"
"5758",1,"प्रबन्धन | व्यवस्थापन","administration | disposal","व्यवस्था गर्ने क्रिया वा भाव","a method of tending to (especially business) matters"
"5759",1,"इन्साफ | नियाँ | निसाप | न्याय","judicature | justice","कुनै व्यवहार वा मामिलामा दोषी र निर्दोष अथवा अधिकारी र अनधिकारी आदिको विचारपूर्वक निर्धारण:आधुनिक युगमा न्याय पनि बिक्री हुन्छउनलाई न्यायालयको न्यायमा विश्वास छैन","the administration of law; the act of determining rights and assigning rewards or punishments"
"5767",1,"पुनर्गठन","reorganisation | reorganization | shake-up | shakeup","दोस्रो पल्ट गरिने गठन","the imposition of a new organization; organizing differently (often involving extensive and drastic changes)"
"5770",1,"अधिकार प्रदान","authorisation | authorization | empowerment","कसैलाई कुनै अधिकार दिने क्रिया","the act of conferring legality or sanction or formal warrant"
"5780",1,"जनादेश","mandate","कुनै सरकार तथा उसका नीतियहरूको चुनाउद्वारा पाइने जनताको समर्थन","the commission that is given to a government and its policies through an electoral victory"
"5785",1,"निकासी","clearance","त्यो अधिकार पत्र जसका अनुसार कुनै व्यक्‍ति वा वस्तु कतैबाट निस्केर बाहिर जान सक्छ","permission to proceed"
"5793",1,"तयारी | तर्जुमा","preparation | readying","NO_GLOSS","the activity of putting or setting in order in advance of some act or purpose"
"5813",1,"बन्दाबन्दी","lockdown","NO_GLOSS","the act of confining prisoners to their cells (usually to regain control during a riot)"
"5824",1,"अङ्कुश | दबाव | नियन्त्रण | रोक","restriction","त्यो कार्य जो कसैलाई रोक्न या दबावमा  राख्‍नका लागि हुन्छ","the act of keeping something within specified bounds (by force if necessary)"
"5857",1,"भाइ-भतिजावाद","nepotism","आफ्नो अधिकारको प्रयोग गरेर आफन्तसँग गरिने पक्षपात","favoritism shown to relatives or close friends by those in power (as by giving them jobs)"
"5882",1,"कुटाइ | ठटाइ | पिटाइ","beating | drubbing | lacing | licking | thrashing | trouncing | whacking","कुटने क्रिया","the act of inflicting corporal punishment with repeated blows"
"5904",1,"पासो | फाँसी","hanging","त्यो दण्ड जसमा अपराधीका गलामा डोरी बाँधेर ज्यान लिने गरिन्छ:हत्याको अपराधमा उसले फाँसीको सजाय पायो","a form of capital punishment; victim is suspended by the neck from a gallows or gibbet until dead"
"5912",1,"फेर-बदल | फेरबदल | साटोफेरो","exchange","एउटालाई छोडेर त्यसको ठाउँमा अर्को ग्रहण गर्ने क्रिया","the act of changing one thing for another thing"
"5939",1,"झगडा | लडाईं","combat | fight | fighting | scrap","NO_GLOSS","the act of fighting; any contest or struggle"
"5944",1,"कुटपिट | हात छोडाछोड | हातपात","dogfight | hassle | rough-and-tumble | scuffle | tussle","त्यो मारपिट जसमा तान्न र धकेल्नका लागि हात,खुट्टा दुवैको प्रयोग गरिन्छ","disorderly fighting"
"5983",1,"अपालन | अवज्ञा | अवहेलना","disobedience | noncompliance","कसैको आज्ञा या कुरा नमान्ने क्रिया या भाव","the failure to obey"
"5995",1,"मामिला | मुकदमा | मुद्दा","case | causa | cause | lawsuit | suit","अभियोग, अपराध, अधिकार वा लेन-देनहरूको सम्बन्ध राख्‍ने त्यो विवाद जुन न्यायालयका सामुन्ने कुनै पक्षका तर्फबाट विचारका लागि राखिन्छ:यो मुद्दा न्यायालयमा विचाराधीन छ","a comprehensive term for any proceeding in a court of law whereby an individual seeks a legal remedy"
"6009",1,"अपील | पुनरावेदन","appeal","कुनै न्यायालयको निर्णयमा सन्तुष्ट नहुँदा पुनर्विचारका लागि उद्वारा उच्च न्यायालयमा प्रार्थना गरिने क्रिया:मुकदमा हारेपछि उसले उच्च न्यायालयमा पुनरावेदन गर्‍यो","(law) a legal proceeding in which the appellant resorts to a higher court for the purpose of obtaining a review of a lower court decision and a reversal of the lower court's judgment or the granting of a new trial"
"6019",1,"निर्णय | फैसला | सुनुवाइ","judgement | judgment | judicial decision","वादी तथा प्रतिवादीका कुरा र तर्क सुनेर त्यो ठिक भएको वा नभएका सम्बन्धमा न्यायालयद्वारा मत स्थिर गर्ने क्रिया","(law) the determination by a court of competent jurisdiction on matters submitted to it"
"6024",1,"दोष निर्णय | दोष निश्‍चित","condemnation | conviction | judgment of conviction | sentence","त्यो निर्णय जसमा अभियुक्‍तमाथि दोष सिद्ध भइसकेको छ","(criminal law) a final judgment of guilty in a criminal case and the punishment that is imposed"
"6048",1,"बेदखली","dispossession | eviction | legal ouster","बेदखल भएको क्रिया","the expulsion of someone (such as a tenant) from the possession of land by process of law"
"6058",1,"अग्नि-परीक्षा | अग्निपरीक्षा","ordeal | trial by ordeal","प्राचीन कालको एउटा परीक्षा जसमा कुनै व्यक्ति हातमा आगो लिएर वा आगमा बसेर  आफू निर्दोषभएको सिद्ध गर्दथे","a primitive method of determining a person's guilt or innocence by subjecting the accused person to dangerous or painful tests believed to be under divine control; escape was usually taken as a sign of innocence"
"6087",1,"सहयता | सहयोग | सहयोगिता","cooperation","एकभन्दा धेरै मान्छेहरू,समूहआदिले एकसाथ मिलेर केही काम गर्ने क्रिया वा भाव","joint operation or action"
"6091",1,"नियम-निष्ठा | नियम-पालन | नियमपालन | विधि-पालन | विधिपालन","formality","नियमहरूको पालन","compliance with formal rules"
"6113",1,"मदत् | मदद | सहयोग | सहायता","aid | assist | assistance | help","NO_GLOSS","the activity of contributing to the fulfillment of a need or furtherance of an effort or purpose"
"6118",1,"समाजीय काम | समाजीय कार्य | सामाजिक काम | सामाजिक कार्य","social work","त्यो कार्य जो समाजसित सम्बन्धित छ","any of various services designed to aid the poor and aged and to increase the welfare of children"
"6123",1,"सेवा","service","ठुला,पूज्य,स्वामीहरूलाई सुख दिनका लागि  गरिने काम","an act of help or assistance"
"6152",1,"पृष्ठाङ्कन","endorsement | indorsement","चेक आदिमा हस्ताक्षर गर्ने वा उसको पछि बेङ्क आदिको मोहोर लगाउने  क्रिया","the act of endorsing"
"6155",1,"आलम्बन | आश्रय | सहारा","support","जीवन निर्वाहको आधार","the activity of providing for or maintaining by supplying with money or necessities"
"6179",3,"पकडनु | समाउनु","attack","कुनै वस्तु यसरी हातमा ल्याउनु कि नखुस्कियोस्:बाटो कटाउन हजुरबाले नानीका हात समात्‍नुभयो","strong criticism"
"6205",1,"अनादर | अपमान | हेपाइती | हेला","affront | insult","यस्तो कुरा वा काम जसले कसैको मान वा प्रतिष्ठा कम गराउँछ:हामीले कसैलाई पनि अपमान गर्नुहुँदैन","a deliberately offensive act or something producing the effect of deliberate disrespect"
"6213",1,"उपकार | कल्याण | भलाइ | हित","benefaction | benevolence","कसैको भलाइ या हित आदि गर्ने क्रिया","an act intending or showing kindness and good will"
"6238",1,"दीक्षांत | दीक्षान्त","calling together | convocation","कुनै महाविद्यालयको पढाइको सफलतापूर्वक अन्त","the act of convoking"
"6250",1,"भ्रमण","visit","कुनै विशेष कार्यका लागि विशेषगरी निरिक्षण गर्न एउटा स्थानदेखि अर्को स्थानसम्म जाने क्रिया","the act of visiting in an official capacity (as for an inspection)"
"6265",1,"प्रतिशोध | प्रतिहिंसा | बदला","payback | retribution | vengeance","मनमा हिंसाको भाव राखेर बदला लिने क्रिया","the act of taking revenge (harming someone in retaliation for something harmful that they have done) especially in the next life"
"6283",1,"समभाग | सहभागिता","engagement | involution | involvement | participation","कुनै काममा सहभागी हुने वा भाग लिने क्रिया","the act of sharing in the activities of a group"
"6288",1,"कब्जा | दखल | हस्तक्षेप","intercession | intervention","कुनै भइरहेको वा चल्दै गरेको काममा केही फेरबदल गर्नका लागि हात हाल्ने वा केही भन्ने क्रिया","the act of intervening (as to mediate a dispute)"
"6307",1,"बन्द | हडताल","strike | work stoppage","दुख,विरोध वा असन्तोष प्रकट गर्नका लागि कल-कारखानाहरू,कार्यालय आदिका कर्मचारीहरू वा जन-साधारणका कारबार,दोकान आदि बन्द गरिदिने क्रिया","a group's refusal to work in protest against low pay or bad work conditions"
"6313",1,"ध्वंस | ध्वंसन","sabotage","कुनै चिजलाई नष्ट गर्न त्यसलाई तोडने क्रिया","a deliberate act of destruction or disruption in which equipment is damaged"
"6324",1,"घात | ताक","ambuscade | ambush | lying in wait | trap","आक्रमण गर्न वा कसैका विरुद्ध कुनै कार्य गर्नका लागि अनुकूल अवसरको खोजी","the act of concealing yourself and lying in wait to attack by surprise"
"6332",1,"दाखिला | प्रवेश","admission | admittance","कुनै क्षेत्र, वर्ग आदिमा त्यसको विशिष्ट नियम पूरा गर्दे पुग्ने क्रिया:उसले एउटा ठुलो संस्थानमा प्रवेश पाए","the act of admitting someone to enter"
"6342",1,"गुण्डागर्दी | गुण्डागिरी | गुण्डापन | दादागिरी | बदमाशी","hooliganism | malicious mischief | vandalism","व्यर्थमा कसैसित लडने-झगडने वा मारपिट गर्ने क्रिया","willful wanton and malicious destruction of the property of others"
"6344",1,"परिवर्तन | संशोधन | सुधार","amendment","प्रस्ताव आदिमा केही सुधार गर्ने वा घटाउने-बढाउने क्रिया","the act of amending or correcting"
"6360",1,"पुनर्वास","relocation | resettlement","उजाडिएको मान्छेलाई फेरि बसाउने क्रिया","the transportation of people (as a family or colony) to a new settlement (as after an upheaval of some kind)"
"6361",1,"क्वाथ","decoction","NO_GLOSS","(pharmacology) the extraction by boiling of water-soluble drug substances"
"6365",1,"निकासी | निर्गम | निर्गमन","discharge | venting","निस्किने वा निकाल्ने क्रिया वा भाव","the act of venting"
"6385",1,"अगुआइ | नायकत्व | नेतृत्व","leadership | leading","नेता या नायकको कार्य","the activity of leading"
"6393",1,"आबादी | बसावट | बसाहट","population","बस्ने क्रिया वा अवस्था","the act of populating (causing to live in a place)"
"6394",1,"झम्टाइ","pounce","झम्टने क्रिया वा भाव","the act of pouncing"
"6403",1,"जगाइ | जागरण | जाग्राम","awakening | wakening | waking up","ब्युझिने क्रिया","the act of waking"
"6411",1,"रोमाञ्च | लोमहर्ष","thrill","यस्तो आनन्द वा डर जसले रौँ ठाडा हुन्छन्","something that causes you to experience a sudden intense feeling or sensation"
"6443",2,"अग्लो | उच्च","socialisation | socialization","धेरै ठुलो वा विशेष अग्लो वा जसको विस्तार मास्तिर धेरै हुन्छ:एवरेष्ट हिमालयको सबैभन्दा अग्लो शिखर होउनको निधार अग्लो छ","the action of establishing on a socialist basis"
"6473",1,"भारी बोक्ने पशु","draft animal","त्यो पशु जुन भारी बोक्ने काममा आउँछ","an animal used for pulling heavy loads"
"6494",1,"पोथी | स्त्री","female","जुनचाहिँ पोथी जातिका हुन्","an animal that produces gametes (ova) that can be fertilized by male gametes (spermatozoa)"
"6496",1,"भाले | लोग्ने","male","जुनचाहिँ पुरूष जातिका हुन्","an animal that produces gametes (spermatozoa) that can fertilize female gametes (ova)"
"6504",1,"छाउरा-छाउरी | बच्चाबच्ची","puppy","कुकुरको छाउरा:कुकुर्नी आफ्नो छाउरालाई दुध खुवाउँदै छे","a young dog"
"6505",1,"डमरु","cub | young carnivore","सिंहको बच्चो","the young of certain carnivorous mammals such as the bear or wolf or lion"
"6508",1,"डमरु","tiger cub","बाघको बच्चा:बाघले डमरूलाई दुघ खुवाउँदै छ","a young tiger"
"6519",1,"मांसभक्षी प्राणी | मांसहारी जन्तु | मांसाहारी जन्तु | मासु खाने","carnivore","त्यो जन्तु जो चाहिँ मासु खान्छ","any animal that feeds on flesh"
"6520",1,"अमांसाहारी जन्तु | निरामिषभोजी जन्तु | शाकजीवी प्राणी | शाकाहारी जन्तु | शाकाहारी प्राणी","herbivore","त्यो जन्तु जो वनस्पति जन्य पदार्थ र अन्न आदिको सेवन गर्छ","any animal that feeds chiefly on grass and other plants"
"6521",1,"पैदल | प्यादा | सिपाही","insectivore","कीट-पतङ्ग खाएर भुँडी भर्ने जीव","any organism that feeds mainly on insects"
"6529",1,"सिउर","crest","कुखुरो,मुजुर आदिका टाउकामा भएको मासुको आकर्षक भाग","a showy growth of e.g. feathers or skin on the head of a bird or other animal"
"6626",1,"जीवाणु | बैक्टीरिया","bacteria | bacterium","एक कोशीय या अकोशिय जीव जसमा पर्नहरिम पाइँदैन र जसको बृद्धिको मुख्य कारण विखण्डन हुन्छ","(microbiology) single-celled or noncellular spherical or spiral or rod-shaped organisms lacking chlorophyll that reproduce by fission; important as pathogens and for biochemical properties; taxonomy is difficult; often considered plants"
"6806",1,"कीटाणु","bug | germ | microbe","आँखाले नदेखिने त्यो सानो किरो जसलाई केवल सूक्ष्मदर्शीले मात्र देख्‍न सकिन्छ","a minute life form (especially a disease-causing bacterium); the term is not in technical use"
"6807",1,"परजीवी","parasite","कतिपय विशेष प्रकारका वनस्पतिहरू वा किरा-फट्याङग्राजसले अर्को रूख वा जीव-जन्तुको शरीरमा बसेर र त्यसको रगत खाएर पालिने गर्छन्","an animal or plant that lives in or on a host (another animal or plant); it obtains nourishment from the host without benefiting or killing the host"
"6840",1,"अमीबा | अमीबाणु","ameba | amoeba","जलमा पाइने  एउटा एउटा कोशकीय जन्तु","naked freshwater or marine or parasitic protozoa that form temporary pseudopods for feeding and locomotion"
"6868",1,"झ्याउ | पानी सिँवाली","alga | algae","पानी भित्र हुने एक प्रकारको घाँस","primitive chlorophyll-containing mainly aquatic eukaryotic organisms lacking true stems and roots and leaves"
"6874",1,"क्लोरोफिल | पर्णहरित | पर्णहरिम","chlorophyl | chlorophyll","हरियो पातमा पाइने एक वर्णक","any of a group of green pigments found in photosynthetic organisms; there are four naturally occurring forms"
"7180",1,"भ्रूण","fetus | foetus","कशेरूवाला जन्तुहरूका वच्चा गर्भमा रहने प्रारम्भिक अवस्था","an unborn or unhatched vertebrate in the later stages of development showing the main recognizable features of the mature animal"
"7183",1,"अण्डा | डिम्ब | डिम्बा | डिम्मा","egg","त्यो गोलो पिण्ड जसबाट माछा, चराहरू जन्मिन्छन्:उनी प्रतिदिन कुखुराको डिम्मा खान्छन्","animal reproductive body consisting of an ovum or embryo together with nutritive and protective envelopes; especially the thin-shelled reproductive body laid by e.g. female birds"
"7243",1,"मेरूदण्डी जन्तु | मेरूदण्डी प्राणी","craniate | vertebrate","त्यो प्राणी जसमा मेरूदण्ड पाइन्छ","animals having a bony or cartilaginous skeleton with a segmented spinal column and a large brain enclosed in a skull or cranium"
"7251",1,"जल-जंतु | जल-जन्तु | जल जंतु | जल जन्तु | जलीय-जंतु | जलीय-जन्तु | जलीय-प्राणी | जलीय जंतु | जलीय जन्तु | जलीय प्राणी","aquatic vertebrate","ती जन्तु जुन जलमा पाइन्छ या जलमा रहन्छ","animal living wholly or chiefly in or on water"
"7416",1,"निशाचर पक्षी | निशिचर विहङ्ग | रात्रिचर पक्षी","night bird","त्यो पक्षी जुन दिनमा लुक्छ र राति निक्लिन्छ या राति चर्ने पक्षी","any bird associated with night: owl; nightingale; nighthawk; etc"
"7436",1,"ऊटपक्षी | शुतूरमुर्ग","ostrich | struthio camelus","अहिलेको समयमा सबैभन्दा ठुलो चरो जसको घाँटी ऊटको जस्तो लामो हुन्छ र धेरै छिटो कुद्‍न सक्छ:शुतूरमुर्ग विशेषगरी अफ्रिकामा पाइन्छ","fast-running African flightless bird with two-toed feet; largest living bird"
"7470",1,"गायक पक्षी","songbird | songster","त्यो पक्षी जसको आवाज सुरिलो हुन्छ अनि जसको कारण उसको बोली सबलाई प्रिय लाग्छ:“कोयल गायक पक्षीअन्तर्गत पर्छ""","any bird having a musical call"
"7546",1,"भँगेरो | भङ्गेरो","sparrow | true sparrow","सानो जातको चरो जसले घरका छानामा आफ्नो गुँड बनाउने गर्छ:भँगेराले बच्चालाई चारो खुवाउँदै छ","any of several small dull-colored singing birds feeding on seeds or insects"
"7783",1,"काक | काग | कौवा","crow","एकखाले कालो चरो जसको स्वर कर्कश हुन्छ:काग रूखका हाँगामा बसेर काक-काक गरिरहेको छ","black birds having a raucous call"
"7958",1,"गडुर | चिल","kite","गिद्धका जातको एउटा ठुलो चरो जसको आकार गिद्धभन्दा सानो हुन्छ:चिल एउटा शिकारी चरो हो","any of several small graceful hawks of the family Accipitridae having long pointed wings and feeding on insects and small animals"
"7986",1,"चील","bird of jove | eagle","NO_GLOSS","any of various large keen-sighted diurnal birds of prey noted for their broad wings and strong soaring flight"
"8004",1,"गिद्ध","vulture","एकखाले मांशहारी ठुलो चरो:शास्त्रकाअनुसार जुन घरमा गिद्ध बस्छ त्यो घरमा बस्नुहुँदैन","any of various large diurnal birds of prey having naked heads and weak claws and feeding chiefly on carrion"
"8032",1,"उल्लू | लाटोकोसेरो","bird of minerva | bird of night | hooter | owl","एक प्रकारको पक्षी जसले दिनमा देख्दैन:लाटोकोसेरो निशाचर प्राणी हो","nocturnal bird of prey with hawk-like beak and claws and large head with front-facing eyes"
"8091",2,"प्रेरित","ambystoma maculatum | spotted salamander","जसलाई अरूबाट प्रेरणा मिलेको छ","glossy black North American salamander with yellow spots"
"8262",2,"कुलीन | खानदानी | घरानियाँ","genus sternotherus | sternotherus","उत्तम कुलमा उत्पन्न","musk turtles"
"8302",1,"घरछेपारो | माउसुली","gecko","एउटा घिस्रेर हिँडने जन्तु जुनचाहिँ प्राय बेराहरूमा देखिन्छ","any of various small chiefly tropical and usually nocturnal insectivorous terrestrial lizards typically with immovable eyelids; completely harmless"
"8409",1,"छेपारो","chamaeleon | chameleon","भित्तीका जातको एउटा जन्तु जसले सूर्यको किरणका सहायले आफ्नो शरीरको धेरै रङ्ग बद्लाउन सक्छ:छेपारोले किरा-फट्याङ्ग्रा खाएर आफ्नो पेट भर्छ","lizard of Africa and Madagascar able to change skin color and having a projectile tongue"
"8427",1,"गोही | घडियाल","crocodile","एउटा ठुलो र हिंस्रक जल जन्तु:यस जलाशयमा धेरै गोही छन्","large voracious aquatic reptile having a long snout with massive jaws and sharp teeth and a body covered with bony plates; of sluggish tropical waters"
"8443",1,"घडियाल","gavial | gavialis gangeticus","NO_GLOSS","large fish-eating Indian crocodilian with a long slender snout"
"8591",1,"साँप | साप","ophidian | serpent | snake","NO_GLOSS","limbless scaly elongate reptile; some are venomous"
"8648",1,"जलीय सर्प | पानी सर्प | पानी साँप","water snake","पानीको सर्प","any of various mostly harmless snakes that live in or near water"
"8689",1,"अजगर | अजिङ्गर","python","एक प्रकारको धेरै ठुलो र मोटो साँप:अजिङ्गरका धेरै प्रजातिहरू भारतमा पाइन्छन्","large Old World boas"
"8697",1,"बिषौलो साँप | विषधर सर्प","elapid | elapid snake","त्यो सर्प जो विषौलो हुन्छ या जसमा विष ग्रन्थि पाइन्छ","any of numerous venomous fanged snakes of warmer parts of both hemispheres"
"8713",1,"गोमन | नाग","cobra","फेनी भएको विषालु साँप:उसलाई नागले डस्यो","venomous Asiatic and African elapid snakes that can expand the skin of the neck into a hood"
"8771",1,"चुच्चो | ठुँडो","beak | bill | neb | nib | pecker","चराको मुख:सारसको चुच्चो लामो हुन्छ","horny projecting mouth of a bird"
"8791",1,"बिच्छी | वृश्‍चिक","scorpion","डस्ने  एउटा विषालु सानो  ससरीसृप:उनलाई बिच्छीले डस्यो","arachnid of warm dry regions having a long segmented tail ending in a venomous sting"
"8801",1,"अष्टपद | मर्कटक | माकुरो","spider","एउटा किरो जसले आफ्नो शरीरबाट निस्कने  रसबाट जाल बुनेर त्यसमा स-साना किराहरू फसाउँछ:माकुराको भोजन उसका जालमा परेकास-साना किराहरू हुन्","predatory arachnid that usually has silk-spinning organs at the back end of the body; they spin silk to make cocoons for eggs or traps for prey"
"8823",1,"किर्नो","tick","पशुहरूको शरीरमा टाँसिएर बस्ने एउटा किरो:किर्ना पशुहरूको शरीरमा टाँसिएर रगत खान्छ","any of two families of small parasitic arachnids with barbed proboscis; feed on blood of warm-blooded animals"
"8867",1,"कनखजुरो | कनसुत्लो | खजुरो | शतपदी","centipede","एउटा विषाक्त सानो किरो जसका धेरै खुट्टा हुन्छन्:कनसुत्लो मान्छेका लागि हानिकारक हुन्छ","chiefly nocturnal predacious arthropod having a flattened body of 15 to 173 segments each with a pair of legs the foremost being modified into poison fangs"
"8891",1,"घरपाला चरो | घरपाला पक्षी","domestic fowl | fowl | poultry","त्यो चरो जुनचाहिँ पालिन्छ","a domesticated gallinaceous bird thought to be descended from the red jungle fowl"
"8906",1,"कुखुरो | भाले","cock | rooster","कुखुराको भाले:बिहान-बिहानै कुखुरो बासेको सुनेर मेरो निन्द्रा हट्यो","adult male chicken"
"8910",1,"कुखुरो","biddy | hen","फुल पार्ने घरमा पाल्ने पोथी चरो:कुखुराको फुल शरीरका लागि फाइदाकारी हुन्छ","adult female chicken"
"8944",2,"अप्रिय | अप्रीतिकर | नचाहिँदो | नमिठो","centrocercus urophasianus | sage grouse | sage hen","जे प्रिय छैन","large grouse of sagebrush regions of North America"
"8998",1,"मयुर | मुजुर","peahen","मुजुर चराको पोथी:यस चिडियाखानामा एउटा पनि मुजुर छैन","female peafowl"
"9033",1,"कवुतर | परेवा","pigeon","जाकमा बस्ने एउटा मझौले आकारको पक्षी जुन प्राय:प्राचीन कालमा परेवाले सन्देशवाहकको काम गर्थ्यो","wild and domesticated birds having a heavy body and short legs"
"9077",1,"काकाकौवा | काकातुवा","cockatoo","टुप्पी भएको एउटा ठुलो सुगा जुन प्राय: सेतो हुन्छ:काकाकौवा विशेषगरी अस्ट्रेलियामा पाइन्छ","white or light-colored crested parrot of the Australian region; often kept as cage birds"
"9101",1,"कोइली","cuckoo","एउटा कालो रङको चरो जसको आवाज सुरिलो हुन्छ:कोइलीको आवाजले मन छुन्छ़","any of numerous European and North American birds having pointed wings and a long tail"
"9194",1,"काठफोरूवाचरो","pecker | peckerwood | woodpecker","कैलो र खाकी रङ्गको चरो जसले रूख छेड्छ:काठफोरुवा चराको चुच्चो लामो हुन्छ","bird with strong claws and a stiff tail adapted for climbing and a hard chisel-like bill for boring into wood for insects"
"9241",1,"हाँस","duck","हाँसका जातिको एउटा जलपक्षी:हाँस पानीमा पौरिँदै छ","small wild or domesticated web-footed broad-billed swimming bird usually having a depressed body and short legs"
"9335",1,"स्तनधारी | स्तनधारी जीव | स्तनपायी | स्तनपायी जंतु | स्तनपायी जन्तु | स्तनपायी जीव | स्तनी","mammal | mammalian","ती जीव जो जन्मिएपछि आफ्नो आमाको दुध खाएर पालिन्छन् र जसको शरीरमा केश पाइन्छ","any warm-blooded vertebrate having the skin more or less covered with hair; young are born alive except for the small subclass of monotremes and nourished with milk"
"9370",1,"कङ्गारू","kangaroo","एक प्रसिद्ध स्तनपायी जन्तु जो विशेषगरी आस्ट्रेलियामा पाइन्छ","any of several herbivorous leaping marsupials of Australia and New Guinea having large powerful hind legs and a long thick tail"
"9426",1,"गर्भज जंतु | गर्भज जन्तु | जरायुज जंतु | जरायुज जन्तु | जरायुज जीव | पिंडज जंतु | पिण्डज जन्तु","eutherian | eutherian mammal | placental | placental mammal","त्यो प्राणी जो जरायुमा टाँसिएर गर्भबाट उत्पन्न हुन्छ","mammals having a placenta; all mammals except monotremes and marsupials"
"9430",1,"बाच्छी | बाच्छो","calf","NO_GLOSS","young of domestic cattle"
"9454",1,"गन्धमुखी | छुचुन्द्रो","shrew | shrewmouse","मुसो जस्तो एकखाले जन्तु:छुचुन्द्रो माटाको घरमा यता-उता कुँद्दै गरेको देख्‍न पाइन्छ","small mouselike mammal with a long snout; related to moles"
"9507",1,"जगर | याल | रौँ","mane","घोडा, सिंह आदिको घाँटीको रौं:जगरले सिंहलाई राम्रो बनाउँछ","long coarse hair growing from the crest of the animal's neck"
"9530",1,"कत्ला","fish scale","माछाका शरीरका बोक्रा:उसले माछा किनेर कत्ला खुर्किन लगायो","scale of the kind that covers the bodies of fish"
"9538",1,"आवरण | बोक्रो","test","त्यो माथिल्लो तह जसभित्र वा तल धेरै फल वा जीव रहन्छन्","a hard outer covering as of some amoebas and sea urchins"
"9635",1,"कृमि | जुका","worm","एउटा सानो प्रलम्बित गिलो शरीर भएको किरो जुन सङ्क्रमणका कारण भुँडीमा हुन्छ:उनको पेटमा कृमि छन्","any of numerous relatively small elongated soft-bodied animals especially of the phyla Annelida and Chaetognatha and Nematoda and Nemertea and Platyhelminthes; also many insect larvae"
"9708",1,"गँडेउलो | गँड्यौलो | बर्स्यौलो","angleworm | crawler | dew worm | earthworm | fishing worm | fishworm | nightcrawler | nightwalker | red worm | wiggler","धागो जस्तो एक थरीको किरो जुन लगभग एक बित्ताको हुन्छ:गँड्यौलो किसानका लागि उपयोगी हुन्छ","terrestrial worm that burrows into and helps aerate soil; often surfaces when the ground is cool or wet; used as bait by anglers"
"9720",1,"जुको","bloodsucker | hirudinean | leech","पानीमा पाइने अलिक लाम्चो किरो जसले जीवको शरीरमा टाँसिएर उसको रगत चुस्छ:भैंसी पोखरीमा पस्ने बित्तिकै उसका जिउमा  जुका टाँसिए","carnivorous or bloodsucking aquatic or terrestrial worms typically having a sucker at each end"
"9743",1,"शङ्ख","conch","एउटा ठुलो घुँगी जसको खोल पवित्र मानिन्छ र देवताहरूको सामुन्ने बजाइन्छ:शङ्ख एउटा जलीय जन्तु हो","any of various edible tropical marine gastropods of the genus Strombus having a brightly-colored spiral shell with large outer lip"
"9746",1,"सिपी","snail","शङ्ख जस्तो एउटा किरो जुन नदी, जलाशय आदिमा पाइन्छ:कतिपय मान्छे सिपीलाई खाद्यको रूपमा प्रयोग गर्छन्","freshwater or marine or terrestrial gastropod mollusk usually having an external enclosing spiral shell"
"9813",1,"सिपी","bivalve | lamellibranch | pelecypod","शङ्ख आदिको जस्तो कढा आवरणमा रहने एउटा जलजन्तु","marine or freshwater mollusks having a soft body with platelike gills enclosed within two shells hinged together"
"9897",1,"अक्टोपास","devilfish | octopus","आठवटा हात भएको एउटा गोलाकार समुद्री जीव","bottom-living cephalopod having a soft oval body with eight long tentacles"
"9930",1,"गँगटो | गङटो","crab","पानीमा बस्ने एउटा सानो जन्तु जसका आठवटा खुट्टा र दुइटा पञ्जा हुन्छन्:झरीको मौसममा गँगटो जताततै घुमफिर गरेको देख्‍न पाइन्छ","decapod having eyes on short stalks and a broad flattened carapace with a small abdomen folded under the thorax and pincers"
"9993",1,"झीङे माछो","prawn","नदीहरू,तलाउ आदिमा पाइने एक प्रकारको माछो","shrimp-like decapod crustacean having two pairs of pincers; most are edible"
"10014",2,"अदण्ड | अदण्डित","isopod","दण्ड नदिइएको","any of various small terrestrial or aquatic crustaceans with seven pairs of legs adapted for crawling"
"10395",1,"पेङगुइन","penguin","साना-साना जालपदी खुट्टाधारी एउटा उडनहीन पक्षी","short-legged flightless birds of cold southern especially Antarctic regions having webbed feet and wings modified as flippers"
"10435",1,"ह्वेल","whale","समुद्रमा बस्ने माछाका आकारको एउटा ठुलो जल जन्तु","any of the larger cetacean mammals having a streamlined body and breathing through a blowhole on the head"
"10507",1,"सिल","seal","एउटा स्तनपायी समुद्री जीव","any of numerous marine mammals that come on shore to breed; chiefly of cold regions"
"10550",1,"कुकुर्नी | छाउरीकुकुर","bitch","कुकुर्नी:कुकुर्नीले आफ्ना बच्चालाई दुध खुवाउँदै छ","female of any member of the dog family"
"10737",1,"ब्वाँसो","wolf","कुकुरका जातको एउटा प्रसिद्ध जङ्गली हिंस्रक जन्तु जसले साना जनावरलाई लान्छ:भेडा गोठालोले ब्वाँसोलाई देखेर डरायो","any of various predatory carnivorous canine mammals of North America and Eurasia that usually hunt in packs"
"10755",1,"ब्वाँसो | शार्दूल","hyaena | hyena","स्यालका जातका कुकुर जस्तै एउटा निशाचर जङ्गली पशु जुनचाहिँ विशेषगरी अफ्रिका तथा दक्षिण एसियामा पाइन्छ","doglike nocturnal mammal of Africa and southern Asia that feeds chiefly on carrion"
"10780",1,"बिरालो","cat | true cat","सिंह, चिताहरूको जातको तर त्यो भन्दा सानो एउटा पशु जुन प्राय:बिरालाले कुदेर मुसो समात्यो","feline mammal usually having thick soft fur and no ability to roar: domestic cats; wildcats"
"10785",1,"ढाडे | भाले बिरालो","tom | tomcat","बिरालाको भाले","male cat"
"10801",1,"जङ्गली बिरालो | वन बिरालो","wildcat","बिरालाको जातको एउटा जङ्गली जनावर","any small or medium-sized cat resembling the domestic cat and living in the wild"
"10821",1,"बिरालो वंशी","big cat | cat","त्यो जन्तु जो बिरालाको वंशसित सम्बन्धित छ या बिरालो जातिको हो","any of several large cats typically able to roar and living in the wild"
"10823",1,"चितुवा","leopard | panthera pardus","चितुवा जस्तो एउटा हिंस्रक पशु:चितुवा एउटा डरलाग्दो जङ्गली जनावर हो","large feline of African and Asian forests usually having a tawny coat with black spots"
"10826",1,"हिम तेंदुए","ounce | panthera uncia | snow leopard","NO_GLOSS","large feline of upland central Asia having long thick whitish fur"
"10829",1,"सिंहनी","lioness","सिंहको पोथी","a female lion"
"10833",1,"पोथिसिंह","tigress","पोथी सिंह:समर्थ गुरु रामदासको भुँडी दुखाई ठिक गर्नका लागि गुरु भक्त शिवाजीले सिंहको दुध ल्याए","a female tiger"
"10837",1,"चितुवा","acinonyx jubatus | cheetah | chetah","बिरालाका जातको एउटा हिंस्रक जङ्गली पशु:चितुवा धेरै छिटो कुद्‍ने पशु हो","long-legged spotted cat of Africa and southwestern Asia having nonretractile claws; the swiftest mammal; can be trained to run down game"
"10878",1,"न्याउरी | न्याउरीमुसो","mongoose","NO_GLOSS","agile grizzled Old World viverrine; preys on snakes and rodents"
"10888",1,"चमेरो","bat | chiropteran","एक प्रकारको उडने स्तनपायी जन्तु जसका खुट्टा जाली परेका हुन्छन्:चमेराले दिनमा देख्दैन","nocturnal mouselike mammal with forelimbs modified to form membranous wings and anatomical adaptations for echolocation by which they navigate"
"10960",1,"पखेटा | पार्श","wing","चराहरू, कतिपय किराहरूको एउटा अङ्ग जसले उड्न सहायता गर्दछ:शिकारीले तरवारले चराका दुवै पखेटा काटिदियो","a movable organ for flying (one of a pair)"
"10974",1,"खुर | टाप","hoof","सिङ्ग भएका चौपाया जनावरका खुट्टाको तल्लो भाग जुन फाटेको हुन्छ:खेतमा ठाउँ-ठाउँमा गाईका खुरका छाप छन्","the foot of an ungulate mammal"
"10993",1,"चौपाया | जनावर | पशु","quadruped","चार खुट्टाले हिँड्ने जन्तु:गाई घरपाला पशु हो","an animal especially a mammal having four limbs specialized for walking"
"10997",1,"पुँछ | पुच्छ | पुछर","tail","जन्तु, पक्षी आदिको शरीरको पछिल्लो लामो भाग","the posterior part of the body of a vertebrate especially when elongated and extending beyond the trunk or main part of the body"
"10999",1,"पुच्छ | पुच्छर","caudal appendage","पशुका शरीरको पछिल्तिरको लामो भाग:कुकुरका शरीरमा हात डुलाउने बित्तिकै उसले आफ्नो पुच्छर हल्लाउन थाल्यो","tail especially of a mammal posterior to and above the anus"
"11008",1,"किरा | कीट | फट्याङ्ग्रा","insect","उड्ने वा हिँड्ने खालका साना जन्तु:कतिपय किराहरू मान्छेका लागि उपयोगी हुन्छन्","small air-breathing arthropod"
"11047",1,"जुनकीरी","firefly | lightning bug","एक वर्षामा निस्कने किरो जसको पछिल्लो राति खुब टल्किन्छ:नानीहरू जुनकीरी समाउन त्यसका पछि-पछि कुद्छन्","nocturnal beetle common in warm regions having luminescent abdominal organs"
"11173",1,"झिङा | झिङो | झिङ्गा","fly","उड्ने सानो किरो:गोबरमा झिङा भुनभुनाउँदै छन्","two-winged insects characterized by active flight"
"11176",1,"झिँगो | माखो","house fly | housefly | musca domestica","एउटा उडने सानो किरो जुनचाहिँ प्राय","common fly that frequents human habitations and spreads many diseases"
"11233",1,"मच्छर | लाम्खुट्टे","mosquito","एउटा सानो उड्ने किरो जसको पोथीले टोक्ने र रगत चुस्ने गर्छ:मच्छरले टोकेर मोहनलाई औलोज्वरो आयो","two-winged insect whose female has a long proboscis to pierce the skin and suck the blood of humans and animals"
"11278",1,"माउरी | माहुरी | मौरी","apis mellifera | honeybee","फुलको रस चुसेर मह भेला पार्ने एउटा मौरी:यस रूखमा मौरीको चाको छ","social bee often domesticated for the honey it produces"
"11286",1,"भँवरो | भमरो | भ्रमर","bumblebee | humblebee","कालो रङ्गको एउटा किरो:भँमरो फुलमाथि उडँदै छसुरदासको भ्रमर-गीतमा भँमरालाई माध्यम बनाएर लेखिएको छ","robust hairy social bee of temperate regions"
"11301",1,"अरिङ्गाल | बच्छ्युँ","wasp","एकखाले उडुवा विषालु किरो जसले चिल्ने गर्छ:अरिङ्गालले चिल्नाले आँखो फुल्यो ‍","social or solitary hymenopterans typically having a slender body with the abdomen attached by a narrow stalk and having a formidable sting"
"11346",1,"कमिला","ant | emmet | pismire","एउटा सानो किरो:मिठाईका डिब्बामा कमिला भरिएका छन्","social insect living in organized colonies; characteristically the males and fertile queen have wings during breeding season; wingless sterile females are the workers"
"11369",1,"धमिरो | सेतोकमिलो","termite | white ant","कमिलो जस्तो एउटा सेतो किरो जुन काठ, कागज आदिमा लागेर त्यसलाई खान्छ:यस कितापका कतिपय पाता धमिराले खाएको छ","whitish soft-bodied ant-like social insect that feeds on wood"
"11389",1,"शलभ | सलह","locust","भाले सलह जो दल बनाएर हिँड्छ र बाली नष्ट गर्छ:सलह किसानको शत्रु हो","migratory grasshoppers of warm regions having short antennae"
"11425",1,"साँग्लो","cockroach | roach","एक प्रकारको किरो:शीला साँग्लोदेखि धेरै डराउँछे","any of numerous chiefly nocturnal insects; some are domestic pests"
"11468",1,"उडुस","bed bug | bedbug | chinch | cimex lectularius","एकखाले किरो जुन खाट, कुर्सी आदिमा बस्छ:उडुसले टोकेकाले म रातभरि सुत्‍न सकिनँ","bug of temperate regions that infests especially beds and feeds on human blood"
"11668",1,"पुतली","butterfly","एउटा उडुवा सुन्दर किरो जुन फुलहरूमा डुल्छ:नानीहरू पुतली समाउने प्रयास गरिरहेका छन्","diurnal insect typically having a slender body with knobbed antennae and broad colorful wings"
"11749",2,"४७ | सैँतालीस","pyralid | pyralid moth","चालीस र सात","usually tropical slender-bodied long-legged moth whose larvae are crop pests"
"11876",1,"लार्भा","larva","डिम्माबाट निस्किए पछि तथा प्यूपामा रूपान्तरित हुनुभन्दा पहिलेको अविकसित अवस्था","the immature free-living form of most invertebrates and amphibians and fish which at hatching from the egg is fundamentally unlike its parent and must metamorphose"
"11904",3,"घुँडा टेक्‍नु | झुकनु | हथियार राख्‍नु | हार मान्नु","echinodermata | phylum echinodermata","हार मान्नु","radially symmetrical marine invertebrates including e.g. starfish and sea urchins and sea cucumbers"
"11949",1,"खरायो | चौघडा","coney | cony | rabbit","मुसो जस्तै तर त्योभन्दा ठुलो एक प्रसिद्ध जन्तु:खरायो शाकाहारी हो","any of various burrowing animals of the family Leporidae having long ears and short tails; some domesticated and raised for pets or food"
"11980",1,"मुसा | मुसो","rat","एउटा सानो जन्तु जुन घरहरू, खेत वा दुलोमा बस्तछ र अन्नहरू खान्छ:उसले बजारबाट मुसा मार्ने औषधि ल्यायो","any of various long-tailed rodents similar to but larger than a mouse"
"12073",1,"दम्सी | दुम्सी","hedgehog | porcupine","एउटा सानो जङ्गली जन्तु जसका शरीरमा काँडा हुन्छन्:धेरै धार्मिक अनुष्ठानमा दुम्सीका काँढाको आवश्यकता पर्छ","relatively large rodents with sharp erectile bristles mingled with the fur"
"12108",2,"अनुस्यूत","dormouse","सिलाई गरिएको","small furry-tailed squirrel-like Old World rodent that becomes torpid in cold weather"
"12124",1,"लोखर्के | वृक्षचर","squirrel","मुसाको जस्तो सेता र काला पाटा तथा मोटो झुप्पे पुच्छर भएको जन्तु जो चाहिं रूखमा बस्छ:लोखर्के एउटा शाकाहारी जनवर हो","a kind of arboreal rodent having a long bushy tail"
"12178",1,"गिनिपिग","cavia cobaya | guinea pig","मुसो जस्तै एउटा स्तनधारी पुच्छरहीन पशु","stout-bodied nearly tailless domesticated cavy; often kept as a pet and widely used in research"
"12216",1,"कल्चौँडो | थुन | फाँचो","bag | udder","दुध दिने चौपायाका थुन:यस गाईका थुन धेरै ठुला छन्","mammary gland of bovids (cows and sheep and goats)"
"12236",1,"अश्‍व | घोडा","equus caballus | horse","सींग नभएको एउटा चौपाया जसले गाडी तान्ने र वाहनको काम गर्छ:राणा प्रतापको घोडाको नाम चेतक थियो","solid-hoofed herbivorous quadruped domesticated since prehistoric times"
"12249",1,"अश्व | घोडा","male horse","भाले घोडा:सैनिक घोडामा होइन बरू घोडीमा सवार थिए","the male of species Equus caballus"
"12254",1,"अश्‍व | घोडा","female horse | mare","पोथी घोडा:राजविन्दरको बिहामा बेहुलो सेतो घोडामा चढेर आएको थियो","female equine animal"
"12332",1,"गधा | गर्दभ","ass","घोडा जस्तो तर त्योभन्दा सानो एउटा चौपाया:गधा उभिएर सुत्‍छ","hardy and sure-footed animal smaller and with longer ears than the horse"
"12338",1,"खच्चड | ठिमाहा | वर्णसङ्कर","mule","गधा र घोडाको संयोगबाट जन्मिएको  पशु:खच्चड भारी बोक्ने काममा आउँछ","hybrid offspring of a male donkey and a female horse; usually sterile"
"12345",1,"जेबरा | जेब्रा","zebra","अफ्रिकामा पाइने एउटा अश्वसदृश पशु जसको शरीरमा कालो र सेतो धर्का हुन्छ","any of several fleet black-and-white striped African equines"
"12351",1,"गैँडा | गैंडा","rhino | rhinoceros","NO_GLOSS","massive powerful herbivorous odd-toed ungulate of southeast Asia and Africa having very thick skin and one or two horns on the snout"
"12370",1,"पाठो","piggy | piglet | shoat | shote","सुँगुरको बच्चो","a young pig"
"12408",1,"गाई","cow | moo-cow","NO_GLOSS","female of domestic cattle"
"12411",1,"बाछो","bullock","गाईको बाछो:बाछाले गाईको दुध खाँदै छ","young bull"
"12414",1,"बीउ","beef | beef cattle","NO_GLOSS","cattle that are reared for their meat"
"12419",1,"चौँरी | चौँरीगाई","bos grunniens | yak","एक प्रकारको जङ्गली पशु","large long-haired wild ox of Tibet often domesticated"
"12461",1,"भेडो","sheep","बाख्रो जस्तो एउटा चारखुट्टे प्राणी जसद्वारा ऊन प्राप्त हुन्छ:भेडाको ऊनबाट तातो कपडा बनाइन्छ","woolly usually horned ruminant mammal related to the goat"
"12462",1,"भेडो","ewe","पोथी भेडो:भेडाले आफ्नो पाठोलाई दुध खुवाउँदै छ","female sheep"
"12466",1,"पाठो | बच्चो","lamb","भेडा वा बाख्राको बच्चो:स्यालले हिजो राती एउटा पाठो लग्यो","young sheep"
"12498",1,"बाख्रो","nanny | nanny-goat | she-goat","एउटा दुधालु पोथी चौपाया","female goat"
"12550",1,"निलगाई","blue bull | boselaphus tragocamelus | nilgai | nylghai | nylghau","NO_GLOSS","large Indian antelope; male is blue-grey with white markings; female is brownish with no horns"
"12577",1,"मृग | हरिण","stag","भाले हरिण:भाले हरिण र पोथी हरिणको जोडी बगैंचामा दौडिदै छन्","adult male deer"
"12578",1,"जरायो | बाह्रसिङ्गे","royal | royal stag","एकखाले ठुलो हरिण जसका टाउकामा उम्रिने दुवै सिङमा धेरै शाखाहरू निस्किरहन्छन्:श्याम चिडियाखानामा बाह्रसिङ्गेलाई बदाम खुवाउँदै थियो","stag with antlers of 12 or more branches"
"12584",1,"मृग | हरिण","hind","पोथी हरिण:हरिण चिडियाखानामा उग्राउँदै थियो","female red deer"
"12601",1,"रेनडियर | रेन्डियर","caribou | greenland caribou | rangifer tarandus | reindeer","बर्फिलो स्थानमा पाइने एउटा हरिण जस्तो जन्तु जसका सिङ हुन्छन्","arctic deer with large antlers in both sexes; called `reindeer' in Eurasia and `caribou' in North America"
"12609",1,"कस्तुरी मृग | कस्तुरी हरिन | कस्तुरी हिरण","moschus moschiferus | musk deer","धेरै चिसो पहाडमा बस्ने एकखाले हिरण जसको नाभिबाट कस्तुरी निस्कन्छ","small heavy-limbed upland deer of central Asia; male secretes valued musk"
"12633",1,"जिराफ | जिर्राफ","camelopard | giraffa camelopardalis | giraffe","एउटा जङ्गली पशु जसको खुट्टा र गर्दन ऊँटको जस्तै लामो हुन्छ","tallest living quadruped; having a spotted coat and small horns and very long neck and legs; of savannahs of tropical Africa"
"12665",1,"ऊद | ओद | पानीबिरालो","otter","स्वच्छ पानीमा बस्ने एउटा मांसाहारी स्तनधारी प्राणी:उदका रौं कैला रङ्गाका हुन्छन्","freshwater carnivorous mammal having webbed and clawed feet and dark brown fur"
"12712",1,"सुँड","proboscis | trunk","हात्तीको त्यो अघिल्तिरको लामो अङ्ग जुन प्राय:हात्ती आफ्नो सुँडले काठका ठुल्ठुला मुडा बोक्छ","a long flexible snout as of an elephant"
"12808",1,"चेपागाडा","polliwog | pollywog | tadpole","NO_GLOSS","a larval frog or toad"
"12812",1,"बनमान्छे","ape","पुछर नभएको ठुलो बाँदर जसको आकार मान्छेसँग मिल्दछ","any of various primates with short tails or no tail at all"
"12821",1,"नर | मनुष्य | मानव | मानिस | मान्छे","homo | human | human being | man","त्यो दुईखुट्टे प्राणी जसले आफ्नो बुद्धिबलले सबै प्राणीहरूमा श्रेष्ठ छ र जस भित्र म, तपाईँ, र सबै मान्छेहरू छन्:मान्छे आफ्नो बुद्धिले सबै प्राणीभन्दा श्रेष्ठ छ","any living or extinct member of the family Hominidae characterized by superior intelligence, articulate speech, and erect carriage"
"12822",1,"मनुष्य | मानव | मानव जाति | मानवजाति | मानिस | मान्छे","human beings | human race | humanity | humankind | humans | man | mankind | world","पृथ्वीमा बस्ने सबै मनुष्य","all of the living human inhabitants of the earth"
"12865",1,"गुरिल्ला | गोरिला | गोरिल्ला","gorilla | gorilla gorilla","अफ्रिकामा पाइने एकप्रकारको वनमान्छे","largest anthropoid ape; terrestrial and vegetarian; of forests of central west Africa"
"12871",1,"चिम्पान्जी | वनमान्छे","chimp | chimpanzee | pan troglodytes","विषुवतीय अफ्रिकाको जङ्गलमा पाइने एक प्रकारको वनमान्छे","intelligent somewhat arboreal ape of equatorial African forests"
"12996",1,"उन्मत्त हात्ती | मस्त हात्ती","rogue elephant","उन्मत्त हात्ती","a wild and vicious elephant separated from the herd"
"13943",1,"उपसाधक","accessory | add-on | appurtenance | supplement","त्यो जुनचाहिँ कुनै कार्य गर्नमा सहायक हुन्छ","a supplementary component that improves capability"
"13950",1,"इक्का | इक्की | एक्का | एक्की","ace","तासको एउटा पात","one of four playing cards in a deck having a single pip on its face"
"14035",1,"विमान शाला | विमानशाला | हवाइ घर","airdock | hangar | repair shed","हवाइक्षेत्रमा बनिएको त्यो ठुलो इमारत जहाँ हवाइजहाज राखिन्छ र त्यसको रखवार गरिन्छ","a large structure at an airport where aircraft can be stored and maintained"
"14036",1,"एयरपोर्ट | विमान अड्डा | विमान पत्तन | विमानतल | विमानपत्तन | हवाइ परिवहन स्थल | हवाइअड्डा","airfield | field | flying field | landing field","त्यो स्थान जहाँ हवाइजहाज यात्रीलाई झार्नु र चढाउन आएर उभिन्छ","a place where planes take off and land"
"14054",1,"प्लेन | विमान | हवाईजहाज | हावा जहाज | हावाजहाज","aeroplane | airplane | plane","NO_GLOSS","an aircraft that has a fixed wing and is powered by propellers or jets"
"14056",1,"विमानस्थल","aerodrome | airdrome | airport | drome","NO_GLOSS","an airfield equipped with control tower and hangers as well as accommodations for passengers and cargo"
"14088",1,"गल्ली | सानोबाटो","alley | alleyway | back street","बस्तीको त्यो नराम्रो बाटो वा त्यसबाट जसका दुवैतिर भवन आदि छन्:वाराणसी गल्लीको सहर हो","a narrow street with walls on both sides"
"14105",1,"फिटकिरी","alum","सेता रङ्गको एउटा खनिज पदार्थ जुन प्राय: औषधिका रूपमा व्यवहार हुन्छ:उनी काटेको छालामा फिटकिरी लगाउँदै छन्","a double sulphate of aluminum and potassium that is used as an astringent (among other things)"
"14108",1,"एम्बुलेन्स","ambulance","त्यो गाडी जसले रोगी अथवा दुर्घटनामा परेका व्यक्‍तिलाई अस्पतालसम्म पुर्‍याउँछ","a vehicle that takes people to and from hospitals"
"14153",1,"लङ्गर | लङ्गुर","anchor | ground tackle","फलामको त्यो धेरै ठुलो लङ्गर जसलाई नदी वा समुद्रमा झार्दा नाउ वा जहाज एकै ठाउँमा उभिइरहन्छ:नाविकले आराम गर्नका लागि गङ्गाको छेउमा लङ्गर झार्‍यो","a mechanical device that prevents a vessel from moving"
"14158",1,"यन्त्र-मानव | यन्त्र मानव | यन्त्रमानव | रोबोट","android | humanoid | mechanical man","वैज्ञानिकद्वारा निर्मित मानवको आकारको त्यो यन्त्र जसमा आफै गति हुन्छ","an automaton that resembles a human being"
"14178",1,"अङ्कुश | गजबाग","ankus","त्यो सानो दुई मुखे भाला जसद्वारा हाती चलाइन्छ र वशमा राखिन्छ","an elephant goad with a sharp spike and a hook"
"14224",1,"एन्टिसेप्टिक","antiseptic","त्यो त्तव जुन चाहिँ शरीरका कोषहरूलाई क्षति नगरी रोगउत्पादनगर्ने सूक्ष्मजीवहरूको बृद्धि एवं विकासलाई रोक्छ","a substance that destroys micro-organisms that carry disease without harming body tissues"
"14231",1,"अचानो | लिही","anvil","फलामको त्यो आधार जसमा सुनार,लोहार आदिले कुनै सामान राखेर हथौडाले ठोक्छन्:कामीले खुर्पालाई अचानोमा राखेर ठोक्दै छ","a heavy block of iron or steel on which hot metals are shaped by hammering"
"14244",1,"कपडा","apparel | clothes | dress | wearing apparel","NO_GLOSS","clothing in general"
"14262",1,"जलशाला | मत्सालय | माछाको घर","aquarium | fish tank | marine museum","त्यो सथान जहाँ जलीय वनस्पति तथा जीवहरूलाई पाल्ने गरिन्छ","a tank or pool or bowl filled with water for keeping live fish and underwater animals"
"14271",1,"गजुर | गुम्बज","arch","दैलाहरूका माथिको अर्ध गोलाकार रचना:दुर्गका प्रत्येक दैला गुम्बज जस्ता थिए","(architecture) a masonry construction (usually curved) for spanning an opening and supporting the weight above it"
"14438",1,"बन्चरो","ax | axe","NO_GLOSS","an edge tool with a heavy bladed head mounted across a handle"
"14488",1,"पछाडि | पछि | पछिल्तिर","backyard","त्यो स्थान वा भूमि जुन-चाहिँ घरको पछाडि हुन्छ","the grounds in back of a house"
"14494",1,"झोला | थैलो | ब्याग | मोना","bag","कपडा आदिले बनिएको एक प्रकारको पात्र जसमा चिज राखिन्छ","a flexible container with a single opening"
"14495",1,"बाकस | सुटकेस","bag | grip | suitcase | traveling bag","कपडा आदि राख्‍ने एकखाले हलुको बाकस","a portable rectangular container for carrying clothes"
"14496",1,"थैली | पर्स","bag | handbag | pocketbook | purse","NO_GLOSS","a container used for carrying money and small personal items or accessories (especially by women)"
"14498",1,"कुटुरो | टोप्ला-टाप्ली | पुन्तुरो | पोको","baggage | luggage","घर गृहस्थीका सबै सामान","a case used to carry belongings when traveling"
"14513",1,"काँटा | तराजु | तुला | पल्ला","balance","कुनै वस्तु वजन गर्ने उपकरण जसमा एउटा डण्ठीको दुइतिर शिरमा दुइटा पल्ला झुण्डिएका हुन्छन्:किसान अन्न तौलनका लागि तराजु व्यवहार गर्छन्","a scale for weighing; depends on pull of gravity"
"14524",1,"बल | भकुन्डो","ball","लुगा, छाला आदिको गोलो जसलाई खेलिन्छ:यस भकुन्डोमा हावा छैनबल खेल्न नानीहरूलाई धेरै मन पर्छ","a spherical object used as a plaything"
"14574",1,"ब्याङ्क","bank | bank building","त्यो स्थान जहाँ ब्याज पाउने इच्छाले रुपियाँ भेला पारिन्छ र ऋष पनि लिन सकिन्छ","a building in which the business of banking transacted"
"14613",1,"बेरोमिटर","barometer","थर्मामिटर जस्तै वा त्योभन्दा ठुलो एउटा यन्त्र","an instrument that measures atmospheric pressure"
"14646",1,"अधस्तल | तलघर | तलागार | भूमिगृह","basement | cellar","जमिनको तल बनिएको कोठरी","the lowermost portion of a structure partly or wholly below ground level; often used for storage"
"14655",1,"टोकरी | डाली | डालो","basket | handbasket","बाँसको चोयाले बुनेको गोलो र गहिरो परेको भाँडो:ऊ टाउकोमा टोकरी लिएर तरकारी बेच्दै छ","a container that is usually woven and has handles"
"14691",1,"नुहाउनेकोठा | स्नानकक्ष | स्नानागार","bath | bathroom","नुहाउने कोठा:उनी आधाघन्टा अघिदेखि नुहाउने कोठामा नुहाइरहेका छन्","a room (as in a residence) containing a bathtub or shower and usually a washbasin and toilet"
"14718",1,"युद्ध झण्डा | युद्ध ध्वज | युद्ध पताका","battle flag","त्यो झण्डा जो युद्धका समय फहराइन्छ या सेनाले युद्धका बेलामा फहराउँछन्","a flag that leads troops into battle"
"14719",1,"बुर्ज","battlement | crenelation | crenellation","किल्लाको भित्ताको थोरै टाढामा त्रिकोणाकार स्थान","a rampart built around the top of a castle with regular gaps for firing arrows or guns"
"14725",1,"किरीच | बनेट","bayonet","त्यो किरीच जुन बन्दुकका टुप्पामा लगाएको हुन्छ:सिपाहीले भाग्दै गरेको चोरका डँड्याल्नामा किरीचले घोपिदियो","a knife that can be fixed to the end of a rifle and used as a weapon"
"14739",1,"द्वीप घर | प्रकाश गृह | प्रकाशस्तम्भ","beacon | beacon light | lighthouse | pharos","NO_GLOSS","a tower with a light that gives warning of shoals to passing ships"
"14764",1,"ओछ्यान | खाट","bed","NO_GLOSS","a piece of furniture that provides a place to sleep"
"14774",1,"ओछ्यान | बिस्तरा","bed linen","ती कपडा, गद्दी आदि जुन सुत्‍न वा बस्‍नका लागि ओछ्याइने गरिन्छ:उनी खाटमा ओच्छ्यान् लगाउँदै छिन्","linen or cotton articles for a bed (as sheets and pillowcases)"
"14779",1,"शयनकक्ष | सुत्‍नेकोठा","bedchamber | bedroom | chamber | sleeping room","सुत्‍ने कोठा:मेरो सुत्‍ने कोठो हावादार छ","a room used primarily for sleeping"
"14782",1,"पलङगपोश","bed cover | bed covering | bedcover | bedspread | counterpane | spread","पलङ आदिमा सबैभन्दा माथि ओच्छ्याउने च्यादर","decorative cover for a bed"
"14830",1,"घुमाव | घुम्ती","bend | curve","त्यो स्थान जहाँबाट बाटो अर्कातिर घुम्छ","curved segment (of a road or river or railroad track etc.)"
"14860",1,"बाइस्कल | साइकल | साइकिल","bicycle | bike | cycle | wheel","दुईटा चक्का भएको गाडी जसलाई खुट्टाले चलाइन्छ","a wheeled vehicle that has two wheels and is moved by foot pedals"
"14869",1,"खट | घारो | टाडँ","bier","काठको ढाँचा वा तख्ता जसमा लास राखेर मसानघाट सम्म लान्छन्:उसको खट उठनासाथ सबै रोए","a stand to support a corpse or a coffin prior to burial"
"14903",1,"दुरबीन | दुर्बीन","binoculars | field glasses | opera glasses","त्यो यन्त्र जसले टाढाका वस्तुहरू नजिक, सफा र ठुलो देखिन्छ","an optical instrument designed for simultaneous use by both eyes"
"14953",1,"कम्बल | राडी","blanket | cover","ऊन आदिबाट बनाइएको मोटो कपडा जुन ओडने काममा आउँछ:रामू मचानमा कम्बल ओडेर सुतेको थियो","bedding that keeps a person warm in bed"
"14972",1,"घेराबन्दी | नाकाबन्दी","blockade","शत्रु,अपराधीहरूलाई घेर्न वा समाउनका लागि कुनै स्थानमा आउने-जाने मार्गलाई रोक्ने क्रिया","prevents access or progress"
"14983",1,"चोलो | ब्लाउज","blouse","आईमाइको एउटा लुगा जसले स्तन ढाक्ने काम गर्छ:श्यामा रेशमी चोलो र साडीमा धेरै राम्री देखिएकी थिइन्","a top worn by women"
"15004",1,"डुङ्गा | नाउ | नौका","boat","NO_GLOSS","a small vessel for travel on water"
"15020",1,"चोली | चोलो","bodice","आइमाईले लगाउने एक प्रकारको सानो लुगा:भिकारिनीको फाटेको चोलो देखेर ममताले उसलाई आफ्नो चोलो दिइन्","part of a dress above the waist"
"15045",1,"तकीया | सिरानी | सिह्रानी","bolster | long pillow","त्यो ठुलो गोलो सिराने जसका आडमा कम्मर टँस्याएर बसिन्छ:अतिथिशालामा राखेको सिरानीको खोल मैलो भएको छ","a pillow that is often put across a bed underneath the regular pillows"
"15049",1,"थान | लुगाको थान","bolt","कुनै निश्‍चित लमाइ भएको लुगा, गुन्टो आदिको पुरा टुकुरो","a roll of cloth or wallpaper of a definite length"
"15102",1,"किनार | छेउ","border","साडी,धोती आदिको किनार,जुन चाहिँ लमाइमा भिन्दै रङले बुनेको हुन्छ","a strip forming the outer edge of something"
"15125",1,"गुलदस्ता","bouquet | corsage | nosegay | posy","NO_GLOSS","an arrangement of flowers that is usually given as a present"
"15226",1,"कौपीन | धरो | लँगौटी","breechcloth | breechclout | loincloth","कम्मरमा बाँध्ने त्यो परिधान जसले खाली उपस्थ र चुत मात्र ढाकेको हुन्छ:व्यामशालामा मान्छेहरू लँगौटी लगाएर व्यायाम गर्छन्","a garment that provides covering for the loins"
"15236",1,"ईँट","brick","ढलेको माटो खासगरी चारकुने लाम्चो टुकुरो जसलाई जोडेर गाह्रो लगाइन्छ:यस भवनको निर्माणमा लगभग एक लाख ईँट लाग्नेछन्","rectangular block of clay baked by the sun or in a kiln; used as a building or paving material"
"15243",1,"पुल | साँघु | सेतु","bridge | span","नदीमाथि, कसैलाई पार गर्नका लगि नाउ तेर्छ्याएर, ठुलो डोरीले बाँधेर वा खाँबामा तख्ताहरु ओछ्याएर बनाइएको बाटो र त्योसित सम्बन्ध राख्‍ने सबै रचनाहरू:नदीमा ठाउँ-ठाउँ पुल बनाइँदै छ","a structure that allows people or vehicles to cross an obstacle such as a river or canal or railway etc."
"15281",1,"खड्ग | खन्जर","broadsword","एक प्रकारको तलवार","a sword with a broad blade and (usually) two cutting edges; used to cut rather than stab"
"15293",1,"कुचो | खरेटो | झाडु","broom","लामा छेस्का अथवा धागोबाट बनाइएको त्यो साधन जसले भुइँ वा माटो बढार्ने गर्छन्:उनी कुचाले घर बढार्दै छिन्","a cleaning implement for sweeping; bundle of straws or twigs attached to a long handle"
"15302",1,"कुची | बुरूस","brush","प्लास्टिक, धातु वा रूख-पातका जरा-हाँगाबाट बनाइएको त्यो साधन जसले कुनै वस्तु आदि सफा गर्छ:आमा बुरूसले लुगामा लागेको दाग घोट्दै हुनुहुन्छ","an implement that has hairs or bristles firmly set into a handle"
"15311",1,"बालटिन | बाल्टिन | बाल्टी","bucket | pail","पानी भर्नका लागि धातु आदिको एक प्रकारको भाँडो जसमा उझिन्डो लगाएको हुन्छ:श्याम एक बाल्टी पानीले नुहाइरहेका छन्","a roughly cylindrical vessel that is open at the top"
"15314",1,"बक्लेस","buckle","फलाम,पितल आदिले बनेको आँकुरो भएको चिज जसले कुनै बन्धनलाई दुवैतिरको मिलाएर राख्‍ने वा कस्ने काम गर्दछ","fastener that fastens together two ends of a belt or strap; often has loose prong"
"15328",1,"बिगुल","bugle","सैनिकहरूलाई एकत्र पार्नका लागि बजाइने   तुरही","a brass instrument without valves; used for military calls and fanfares"
"15340",1,"बुलडेजर | बुलडोजर","bulldozer | dozer","एउटा ठुलो चलायमान यन्त्र जसले घर आदि लडाउने गरिन्छ","large powerful tractor; a large blade in front flattens areas of ground"
"15341",1,"गोली | बारुद","bullet | slug","सीसा,बारुद आदि हालेर बनाएको गोली जसलाई बन्दुकमा हालेर पडकाउने गरिन्छ:उसले चरा मार्नका लागि बन्दुकमा गोली भरायो","a projectile that is fired from a gun"
"15363",1,"बङ्गला | बङ्ला","bungalow | cottage","चारैतिरबाट खुला भएको त्यो घर जुनचाहिँ एउटै खण्ड वा तलो हुन्छ।","a small house with a single story"
"15382",1,"बुरका | बुर्का","burka | burqa","एक प्रकारको लुगा जसले (विशेषगरि मुसलमान)स्त्रीको पूरा शरीर ढाकिएको हुन्छ","a loose garment (usually with veiled holes for the eyes) worn by Muslim women especially in India and Pakistan"
"15393",1,"बस","autobus | bus | charabanc | coach | double-decker | jitney | motorbus | motorcoach | omnibus | passenger vehicle","यात्रीहरूलाई एक ठाउँबाट अर्को ठाउँमा पुर्‍याउने ठुलो आकारको मटर गाडी:बस,रेलगाडीहरू सबै जनताको यातायातको सर्वोत्तम साधन हो","a vehicle carrying many passengers; used for public transport"
"15406",1,"डिपो | बस अड्डा | बस परिवहन स्थल | बसअड्डा","bus depot | bus station | bus terminal | coach station","त्यो स्थान जहाँ यात्रीलाई छोडन या लैजान बस आएर उभिन्छ","a terminal that serves bus passengers"
"15422",1,"टाँक | बटन | बटम | बुटाम","button","लगाउने लुगामा अडकाउने साधन","a round fastener sewn to shirts and coats etc to fit through buttonholes"
"15486",1,"केलकुलेटर | परिकलक","calculating machine | calculator","एउटा यन्त्र जसका सहायताले कतिपय ठुला हिसाब धेरै सजिलै र थोरै समयमा लगाइन्छ","a small machine that is used for mathematical calculations"
"15519",1,"छाउनी | सैनिकशिविर","bivouac | camp | cantonment | encampment","सैनिकहरूको बस्ने ठाउँ:यो गोरखा रेजिमेन्टको छाउनी हो","temporary living quarters specially built by the army for soldiers"
"15525",1,"घण्टाघर","belfry | campanile","त्यो अग्लो धरहरा जसमा लगाइएको घडी चारैतिरबाट टाडासम्म देखिन्छ र जसको घन्टाको शब्द टाडासम्म सुनिन्छ","a bell tower; usually stands alone unattached to a building"
"15533",1,"कुलो | ढल | नल","canal","खेतमा पानी लगाउन, यात्रा गर्नका लागि सानो नदी जस्तो तयार पारिएको जलमार्ग वा त्यो जलमार्ग जसको प्रयोग खेतमा पानी हाल्न, यात्रा आदिका लागि हुन्छ:पर्वतीय क्षेत्रमा कुलो निकाल्न सारो हुन्छ","long and narrow strip of water made for boats or for irrigation"
"15537",1,"मइनबत्ती | मैनबत्ती","candle | taper | wax light","मैनले बनिएको बत्ती जुन उज्यालाका लागि बालिन्छ:मेरीले प्रत्येक आइतबार चर्चमा मैनबत्ती बाल्छे","stick of wax with a wick in the middle"
"15548",1,"चरस","cannabis | ganja | marihuana | marijuana","गाँजाको रूखको चोप,जसको धुवाँ नशाका लागि खाइने गरिन्छ","the most commonly used illicit drug; considered a soft drug, it consists of the dried leaves of the hemp plant; smoked or chewed for euphoric effect"
"15555",1,"तोप","cannon","एउटा अस्त्र जसमा गोला हालेर शत्रुला‌ई हानिन्छ:नयाँ तोपको परिक्षण आवश्यक छ  युद्ध आरम्भ हुनासाथ तोपले आगो उगेल्न लाग्यो","heavy gun fired from a tank"
"15559",1,"डुङ्गा | नाउ","canoe","एउटा सानो हलुङ्गो डुङ्गा:हामी डुङ्गामा नदी तर्‍यौ","small and light boat; pointed at both ends; propelled with a paddle"
"15579",1,"टोपी | शिरपोस","cap","शिरमा लगाइने एउटा लुगा जसले टाउको छोपिरहन्छ:श्यामले रातो रङ्गको टोपी लगाएको छ","a tight-fitting headdress"
"15617",1,"तास | पत्ती","card","खेल्नका लागि मोटो कागजमा चारैपट्टि छापेको टुकुरो, जसमा रङ्गका बुटा वा तस्बिर छापिएका हुन्छन्:उसले रिसले तास च्यातिदियोयस आलमारीमा धेरै जोडी तास राखेका छन्","one of a set of small pieces of stiff paper marked in various ways and used for playing games or for telling fortunes"
"15676",1,"कार्तोस | टोटा","cartridge","बाक्लो कागजले बनेको नली जसमा गोली,छर्रा तथा बारुद भरेको हुन्छ","ammunition consisting of a cylindrical casing containing an explosive charge and a bullet; fired from a rifle or handgun"
"15696",1,"सिरानी-छोप्ने","case | pillow slip | pillowcase | slip","NO_GLOSS","bed linen consisting of a cover for a pillow"
"15709",1,"चौकस | चौकोस","case | casing","चारवटा काठको त्यो ढाँचा जसमा काँटी लगाएको हुन्छ:मिस्त्री चौकसमा काँटी लगाउँदै छ","the enclosing frame around a door or window opening"
"15711",1,"जुआ-अड्डा | जुआ-खाना | जुआ-घर | जुआ अड्डा | जुआ घर | जुआखाना | जुवाघर | द्यूत-गृह | द्यूत-शाला | द्यूत गृह | द्यूत शाला | द्यूतगृह | द्यूतशाला","casino | gambling casino","जुवाको अड्डा या त्यो स्थान जहाँ जुआ खेलिन्छ","a public building for gambling and entertainment"
"15717",1,"क्यासेट | टेप","cassette","त्यो पात्र जसमा चुम्बकीय फित्ता हुन्छ जुन चाहिँ ध्वनि वा भिडिओ रेकर्ड गर्न वा सुन्न काम लाग्छ","a container that holds a magnetic tape used for recording or playing sound or video"
"15790",1,"ब्याट्री | सेल","cell | electric cell","त्यो उपकरण जुन चाहिँ रासायनिक क्रियाद्वारा विद्युत उत्पन्न गर्छ","a device that delivers an electric current as the result of a chemical reaction"
"15793",1,"कोठरी | कोठा","cell","सानो कोठा","any small compartment"
"15803",1,"कोइल्याँटो | धुपौरो | धूपपात्र","censer | thurible","त्यो भाँडो जसमा धुप वा गन्धद्रव्यहरू हालेर बालिन्छ:पूजा गर्नका लागि हजुरबाले धुपौरामा धुप बाल्नुभयो","a container for burning incense (especially one that is swung on a chain in a religious ritual)"
"15840",1,"जन्जीर कवच | तार कवच","chain armor | chain armour | chain mail | mail | ring armor | ring armour | ring mail","त्यो कवच जो जन्जीरले बनिएको हुन्छ या जसमा जन्जीर लागेको हुन्छ","(Middle Ages) flexible armor made of interlinked metal rings"
"15848",1,"कुरसी | कुर्सी | चौकी","chair","बस्ने काममा आउने एउटा आसन जसको पछिल्लो भाग पिठयुँलाई सहारा दिने दृष्टिले बनाइएको हुन्छ:पिताजी कुर्सीमा बसेर समाचार पत्र पढ्दै हुनुहुन्छ","a seat for one person, with a support for the back"
"15891",1,"बग्गी | रथ","chariot","दुई वा चार चक्का भएको एक प्रकारको पुरानो यात्रु गाडी जसलाई घोडाले तान्छ:महाभारतको युद्धमा भगवान कृष्ण अर्जुनको सारथी बनिए र उनको रथ हाँके","a light four-wheel horse-drawn ceremonial carriage"
"15918",1,"सेमिज","chemise | shift | shimmy | slip | teddy","बाहुला नभएको, स्त्रीहरूको एउटा भित्री लगाउने लुगा","a woman's sleeveless undergarment"
"15919",1,"जोताइ","chem lab | chemistry lab | chemistry laboratory","त्यो स्थान जहाँ कुनै पदार्थको रसायनिक तत्वहरूको परीक्षा अथवा प्रयोग गरिन्छ","a laboratory for research in chemistry"
"15925",1,"गुच्चा | गोटी | चेसको गोटीहरू | बुद्धिचालको गोटीहरू | मोहरा","chess piece | chessman","NO_GLOSS","any of 16 white and 16 black pieces used in playing the game of chess"
"15944",1,"चिम्नी | ढुङ्ग्रो | धुँवाकस","chimney","कुनै फ्याक्टरी, घर आदिमा मास्तिर बनिएको छिँड जसबाट धुँवा बाहिर निस्कन्छ","a vertical flue that provides a path through which smoke from a fire is carried away through the wall or roof of a building"
"15965",1,"छिनु | छिनो | राँबो | रामो","chisel","NO_GLOSS","an edge tool with a flat steel blade with a cutting edge"
"16008",1,"गिर्जाघर | चर्च","church | church building","इसाईको प्रार्थना मन्दिर:डेविड प्रतिदिन गिर्जाघर जान्छन्","a place for public (especially Christian) worship"
"16023",1,"चुरोट | सिगरेट","butt | cigaret | cigarette | coffin nail | fag","कागजले बनिएको एउटा बत्ती जस्तो वस्तु जसमा तमाखु भरेको हुन्छ र जसको धुवाँ मान्छेले खान्छन्","finely ground tobacco wrapped in paper; for smoking"
"16033",1,"चित्रालय | थिएटर | सिनेमा घर | सिनेमा हल","cinema | movie house | movie theater | movie theatre | picture palace","त्यो भवन जसमा सिनेमा देखाइन्छ","a theater where films are shown"
"16046",1,"सरकस | सर्कस","circus","मान्छेको मनोरञ्जन गर्नका लागि बनेको कलाबाजको एक समूह जसमा जनावरले पनि आफ्नो कलाबाजी देखाउँछन्","(antiquity) an open-air stadium for chariot races and gladiatorial games"
"16118",1,"घडी","clock","त्यो यन्त्र जसले घन्टा र मिनिट आदिको हिसापको पत्तो लगाउँछ:उसले विदेशी घडी लगाएको थियोमेरो घडीमा अहिले चार बजेको छ","a timepiece that shows the time of day"
"16150",1,"पहिरन | पोसाक | लुगा","article of clothing | clothing | habiliment | vesture | wear | wearable","लगाउने वस्त्र:आज विद्यालयमा सबैले पारम्परिक लुगा लगाएका छन्","a covering designed to be worn on a person's body"
"16158",1,"चिडीया","club","ताशको पातका चार भेदमा एक जसमा संयुक्त तीनपाते आकारको कालो रङ्गको बुटी बनेको हुन्छ","a playing card in the minor suit that has one or more black trefoils on it"
"16167",1,"कोच","coach | coach-and-four | four-in-hand","एक प्रकारको चौपया घोडागाडी","a carriage pulled by four horses with one driver"
"16178",1,"कोट","coat","अङ्ग्रेजी ढङ्गको एउटा वस्त्र जुन चाहिँ कमेज, कुर्ता माथि लगाइन्छ","an outer garment that has sleeves and covers the body from shoulder down; worn outdoors"
"16193",1,"जाल | पासो | माकुराको जाल","cobweb | gossamer","माकुराको जाल जसमा ऊ किरा फट्याङ्ग्राहरू फसाउँछ","filaments from a web that was spun by a spider"
"16196",1,"कोकिन | कोकेन","cocain | cocaine","कोका नामक वृक्षको पातबाट बनिएको एउटा मादक पदार्थ","a narcotic (alkaloid) extracted from coca leaves; used as a surface anesthetic or taken for pleasure; can become powerfully addictive"
"16227",1,"टाँड | शवबाकस | शवाधार","casket | coffin","त्यो सन्दुक जसमा लाश राखेर गाडी जान्छ","box in which a corpse is buried or cremated"
"16248",1,"कलर | बकराम","collar | neckband","कोट,कमेज आदिको त्यो पट्टी जुनचाहिँ गलाको चारैतिर रहन्छ","a band that fits around the neck and is usually folded over"
"16249",1,"पट्टी","collar","चमडाहरूको त्यो लोती जुन कुकुर, बिरालाहरूका गलामा लगाइन्छ:कुकुरको घाँटीमा एउटा दरो पट्टी लगाएको थियो","a band of leather or rope that is placed around an animal's neck as a harness or to identify it"
"16280",1,"काइँयो","comb","NO_GLOSS","a flat device with narrow pointed teeth on one edge; disentangles or arranges hair"
"16291",1,"चीजबीज | जिनिस | जिन्सी सामान | माल | सौदा","commodity | good | trade good","किनमेलका वस्तुहरू","articles of commerce"
"16306",1,"कोठरी | कोठो | डेरा","compartment","एउटा कोठा भएको सानो घर","a partitioned section or separate room within a larger enclosed area"
"16314",1,"गिर्दा | घेरा | हाता","compound","दिवाल आदिले घेरेको स्थान","an enclosure of residences and other building (especially in the Orient)"
"16321",1,"कम्प्यूटर | संगणक","computer | computing device | computing machine | data processor | electronic computer | information processing system","आफै गन्ती गर्ने त्यो यन्त्र जसको उपयोग आजभोलि प्राय","a machine for performing calculations automatically"
"16327",1,"मनिटर","computer monitor","त्यो उपकरण जसले कम्प्युटरबाट सङ्केत लिएर त्यसलाई सी आर टी पर्दामा देखाउँछ","a device that displays signals on a computer screen"
"16393",1,"कन्ट्रोल टावर | निरन्त्रण मिनार","control tower","हवाइ क्षेत्रमा एउटा सिसा लागेको मिनार जहाँबाट हवाइअड्डाको चारैतिर हवाइजहाजमा नजर राखिन्छ","a tower with an elevated workspace enclosed in glass for the visual observation of aircraft around an airport"
"16402",1,"वाहन","conveyance | transport","त्यो जसमा चढेर वा सामान भराएर कतै जाइन्छ","something that serves as a means of transportation"
"16455",1,"धुत्तुरी | नरसिङ्गा","cornet | horn | trump | trumpet","फुकेर बजाउने एकखाले लामो बाजा:बिहेका समयमा धुत्तुरी बजाउनेले पर्खी-पर्खी धुत्तुरी बजाइरहेको थियो","a brass musical instrument with a brilliant tone; has a narrow tube and a flared bell and is played by means of valves"
"16516",1,"अदालत | कचहरी | कोर्ट | न्यायालय","court | courtroom","त्यो ठाउँ जहाँ सरकारका तर्फबाट न्यायाधिशहरूद्वारा मामिलाहरूको सुनाइ गरेर न्याय गरिन्छ","a room in which a lawcourt sits"
"16531",1,"गोठ | गौशाला","byre | cow barn | cowbarn | cowhouse | cowshed","गाईहरूको बस्ने ठाउँ:यस गोठमा लगभग सय गाई छन्","a barn for cows"
"16537",1,"गोठ | गौशाला","cattle pen | corral | cow pen","गाई वा भैंसी राख्‍ने स्थान:उनी प्रतिदिन गोठबाट आलो दुध ल्याउँछन्","a pen for cattle"
"16545",1,"यान","craft","त्यो मानव निर्मित वाहन जसका सहायताले थल,जल वा अकास मार्गको यात्रा गरिन्छ वा अरू कुनै काम गरिन्छ","a vehicle designed for navigation in or on water or air or through outer space"
"16548",1,"काँडा | काँढा","climber | climbing iron | crampon | crampoon","सियो वा किलो जस्तै कुनै तिखो वस्तु","an iron spike attached to the shoe to prevent slipping on ice when walking or climbing"
"16550",1,"क्रेन","crane","भारी वस्तुहरूलाई हटाउने वा बोक्‍ने एउटा यन्त्र","lifts and moves heavy objects; lifting tackle is suspended from a pivoted boom that rotates around a vertical axis"
"16562",1,"क्रीम","cream | emollient | ointment","छाला लाई नरम पार्न वा सफा गर्नका लागि उपयोग गरिने एउटा प्रसाधन","toiletry consisting of any of various substances in the form of a thick liquid that have a soothing and moisturizing effect when applied to the skin"
"16572",1,"शवदाह खाना | शवदाह गृह | शवदाह स्थान","crematorium | crematory","शहर आदिमा बनिएको मुर्दा जलाउने गृह","a mortuary where corpses are cremated"
"16574",1,"करेब | क्रेप","crape | crepe","एक प्रकारको रेशमी कपडा","a soft thin light fabric with a crinkled surface"
"16585",1,"ब्याट","bat | cricket bat","क्रिकेट खेलमा काठको त्यो डन्ठा जसले बल खेल्छन्:केटाकेटीहरू ब्याटले बल खेल्दै छन्","the club used in playing cricket"
"16628",1,"ताज | मुकुट | शिरपेच | शिरोभूषण | श्रीपेच","crown | diadem","देवताहरू, राजा आदिका शिरमा रहने एउटा शिरोभुषण:राजाको टाउकामा मुकुट शोभायमान छ","an ornamental jewelled headdress signifying sovereignty"
"16639",1,"क्रूस | सलीब","crucifix | rood | rood-tree","लगभग धनको आकारमा बनेको त्यो काठको चिन्ह जसमाथि ईसामसीहलाई झुण्डाइएको थियो","representation of the cross on which Jesus died"
"16650",1,"टेकुवा | बैसाखी","crutch","त्यो लौरो जसलाई काखीमा च्यापेर लङ्गडा मान्छेहरू यसका सहाराले टेक्दै हिँड्छन्:उनी वैसाखीको सहाराले हिँड्दै थिए","a wooden or metal staff that fits under the armpit and reaches to the ground; used by disabled person while walking"
"16696",1,"अलमारी | आलमारी","closet | cupboard","त्यो ठाडो सन्दुक, जसमा चीजहरू राख्‍नका लागि खाना वा खण्ड बनिएको हुन्छ:सबै कपडा आलमारीभित्र  राख","a small room (or recess) or cabinet used for storage space"
"16712",1,"पट | पर्दा","curtain | drape | drapery | mantle | pall","छेल्नका लागि टाँगिएका कपडाहरू:उनका दैलामा एउटा जीर्ण पर्दा टाँगिएको छ","hanging cloth used as a blind (especially for a window)"
"16763",1,"डेरी | दुग्धशाला","dairy | dairy farm","त्यो स्थान जहाँ दुध र दुधबाट बनेका चिजहरू पाइन्छन्","a farm where dairy products are produced"
"16910",1,"धोती","dhoti","कम्मरदेखि घुँडाको तलसम्म छोप्नका लागि कम्मरमा बेरेर लगाउने एकखाले कपडा:धोती कुर्ता हाम्रो राष्ट्रीय पहिरन हो","a long loincloth worn by Hindu men"
"16913",1,"डायल","dial","घडीको माथिको गोलो वा चारकुने भाग जसको माथि अङ्क वा चिनो आदि बनिएको हुन्छ","the face of a timepiece; graduated to show the hours"
"16931",1,"डायरी | दैनन्दिनी","diary","त्यो पुस्तिका जसमा नित्य दिनभरि गरिएको कार्य वा कुनै नाम,ठेगाना आदि लेखिन्छ","a personal journal (as a physical object)"
"16937",1,"अक्ष | पासा | सारी","dice | die","काठ वा हड्डीको त्यो छवटा पाटा भएको लाम्टो टुकुरो जसका प्रत्येक पाटाना  दुला पारेको हुन्छन् जसद्वारा चौसर आदि खेलिन्छ","small cubes with 1 to 6 spots on the faces; used to generate random numbers"
"16949",1,"डिजल","diesel | diesel engine | diesel motor","खनिज तेल परिशोधित गरेर प्राप्त एक प्रकारको तेल जुन पेट्रोलभन्दा अधिक ज्वलनशील हुन्छ","an internal-combustion engine that burns heavy oil"
"16994",1,"पाकघर | भान्साघर | भोजनकक्ष | भोजनगृह","dining-room | dining room","त्यो कोठा वा स्थान जहाँ बसेर भोजन गरिन्छ:गीताले भान्साघरमा पाहुनालाई भोजन गराउँदै छिन्","a room used for dining"
"17055",1,"प्रस्तुतिकरण","display | presentation","प्रस्तुत गर्ने क्रिया","a visual representation of something"
"17113",1,"गुमोज | गुम्बज","dome","गोलो, अग्लो र फराकिलो छानो:यस मस्जिदको गुम्बज अरबी शिल्पकारद्वारा बनाइएको हो","a hemispherical roof"
"17121",1,"ढोका | द्वार","door","NO_GLOSS","a swinging or sliding barrier that will close the entrance to a room or building or vehicle"
"17139",1,"छात्रावास | होस्टल","dorm | dormitory | hall | residence hall | student residence","छात्रहरूको बस्ने स्थान","a college or university building containing living quarters for students"
"17141",1,"खुराक","dose","NO_GLOSS","a measured portion of medicine taken at any one time"
"17163",1,"गुँड","columbarium | columbary | dovecote","परेवा राख्‍ने ठाउँ:परेवा गुँडमा बसेर चारो खाँदै छ","a birdhouse for pigeons"
"17196",1,"आलमारी | दराज","drawer","टेबल आदिमा लगाइएको त्यो भाग जुन बाहिर तान्न वा खोल्न सकिन्छ:मैले किताब दराजमा राखेको छु","a boxlike container in a piece of furniture; made so as to slide in and out"
"17205",1,"इँजार","drawing string | drawstring | string","घाघरा, पाइजामा आदि बाँध्नका लागि धागाले बनेको वा साधारण डोरी","a tie consisting of a cord that goes through a seam around an opening"
"17212",1,"जामा | फ्रक","dress | frock","स्त्रीहरू विशेषगरी  केटीहरूको एक प्रकारको लुगा","a one-piece garment for a woman; has skirt and bodice"
"17216",1,"मलम-पट्टी | मलहमपट्टी","dressing | medical dressing","घाउ, पिलो-फोको आदिमा औषधि लगाएर पट्टी बाँध्ने काम","a cloth covering for a wound or sore"
"17229",1,"ड्रिल | ड्रिल मशीन | ड्रिलिङ्ग मशीन","drill","बिजुलीले चल्ने एक प्रकारको बेधक यन्त्र","a tool with a sharp point and cutting edges for making holes in hard materials (usually rotating rapidly or by repeated blows)"
"17250",1,"ट्युबवेल | दमकल","driven well | tube well","मेदान,खेत आदिमा माटामुनिबाट पानी निकाल्ने त्यो नली जसको एउटा सुइरो भूमिमा त्यस गहिराइसम्म पुगिरहन्छ,जहाँ पानी हुन्छ अनि अर्को सुइराले बाहिर पानी तानेर फ्याक्छ","a well made by driving a tube into the earth to a stratum that bears water"
"17277",1,"औषधालय | औषधि पसल | दवाईखाना | फार्मासी","apothecary's shop | chemist's | chemist's shop | drugstore | pharmacy","त्यो स्थान जहाँ दवाई पाइन्छ या बिक्री हुन्छ","a retail shop where medicine and other articles are sold"
"17317",1,"पुतला","dummy","काठ,घाँस,कपडा आदिले बनिएका मान्छेहरूका आकार","a figure representing the human form"
"17326",1,"दुई तला","duplex | duplex apartment","त्यो भवन जसमा दुई तला छ","an apartment having rooms on two floors that are connected by a staircase"
"17329",1,"अनुलिपित्र | डुप्लिकेटर","copier | duplicator","अनुलिपि तयार गर्ने यन्त्र","apparatus that makes copies of typed, written or drawn material"
"17342",1,"अधिवास | अधिष्ठान | आवास | घर | निवास | निवास-स्थान | निवास स्थान | वास","abode | domicile | dwelling | dwelling house | habitation | home","त्यो स्थान जहाँ कोही रहन्छ","housing that someone is living in"
"17349",1,"कर्ण गुहा | कर्ण छिद्र | कर्ण रन्ध्र | श्रवण गुहा","ear hole","कानको छिद्र","a hole (as in a helmet) for sound to reach the ears"
"17354",1,"झुम्का","earring","NO_GLOSS","jewelry to ornament the ear; usually clipped to the earlobe or fastened through a hole in the lobe"
"17358",1,"आरामकुरसी | आरामकुर्सी","easy chair | lounge chair | overstuffed chair","त्यो कुर्सी जहाँ हात राख्‍न हत्थे लगेको हुन्छ तथा खुट्टा पनि आफ्नै सुविधानुसार सजिलै पसार्न सकिन्छ:हजुरबा आराम कुर्सीमा बस्दाबस्दै निदाउनुभयो","a comfortable upholstered armchair"
"17411",1,"मिटर","electric meter | power meter","घर वा कारखाना आदिमा खर्चहुने बिजुली नाप्‍ने यन्त्र","a meter for measuring the amount of electric power used"
"17413",1,"बिजलीको मोटर | विद्युत इन्जन | विद्युत मोटर","electric motor","त्यो इन्जन जो विद्युतले चल्छ","a motor that converts electricity to mechanical work"
"17416",1,"फ्रिज | रेफ्रिजरेटर","electric refrigerator | fridge","एउटा साधन जसमा खाद्य पदार्थलाई कम तापमानमा धेरै दिनसम्म सुरक्षित राखिन्छ","a refrigerator in which the coolant is pumped around by an electric motor"
"17484",1,"इन्जन | यन्त्र","engine","एकखाले यन्त्र जुन विद्युत्, खनिज तेल,कोइला आदिबाट चल्छ र अरू यन्त्रहरूलाई सञ्चालित गर्छ:इन्जनमा गडबडी आउनाले हावाजहाजलाई तल ओराल्नु पर्‍यो","motor that converts thermal energy to mechanical work"
"17500",1,"ढोका | दैलो | मुख्य दरवाजा | मुख्य द्वार | मुख्यद्वार","entrance | entranceway | entree | entry | entryway","कुनै भवन, घेरो आदिको सबैभन्दा प्रमुख या बाहिरीद्वार","something that provides access (to get in or get out)"
"17505",1,"खाम | लिफाफा","envelope","कागजको त्यो चारकुने घर वा खोल जसभित्र चिठीहरू राखिन्छ:बाउले पठाउनु भएको लिफाफा भेटेर उनी धेरै खुसी भए","a flat rectangular paper container for papers"
"17519",1,"उपस्कर | साधन","equipment","कुनै चिज बनाउन या कुनै काम गर्न प्रयुक्त वस्तु","an instrumentality needed for an undertaking or to perform a service"
"17582",1,"विस्फोटक | विस्फोटक पदार्थ","explosive","गर्मी या आघातले गर्दा भुतभुतिएर उठने पदार्थ","a chemical substance that undergoes a rapid chemical change (with the production of gas) on being heated or struck"
"17588",1,"निकासी | निर्यात","export | exportation","देशबाट सामान बाहिर जाने वा पठाउने क्रिया","commodities (goods or services) sold to a foreign country"
"17599",1,"सुईको नाक | सुईको प्वाल","eye","सुईको दुलो","a small hole or loop (as in a needle)"
"17610",1,"मुख","face","कुनै भवन आदिको मुख्य प्रवेश द्वार","a vertical surface of a building or cliff"
"17612",1,"चेहेरा | मुख","face","कुनै वस्तु आदिको सामुको वा अग्र भाग वा त्यो भाग जताबाट उसको उपयोग हुन्छ","the striking or working surface of an implement"
"17692",1,"घेरा | पर्खाल | बार","fence | fencing","कुनै वस्तुलाई चारैतिबाट घेरिने कुनै रेखा वा अरू कुनै चीज आदि:उनी खेतको चारैतिर घेरा लगाउँदै छन्चोर घेरा भत्काएर भित्र पस्यो","a barrier that serves to enclose an area"
"17750",1,"रेत","file","एउटा हतियार जसलाई कुनै धातुमाथि राखेर घोटता त्यसका मिहि कण काटिएर झर्छन्:उनी रेतले हँसियालाई घोट्दै छन्","a steel hand tool with small sharp teeth on some or all of its surfaces; used for smoothing wood or metal"
"17789",1,"गोली गठ्ठा | शस्त्र","firearm | piece | small-arm","NO_GLOSS","a portable gun"
"17837",1,"बल्छी","fishing pole | fishing rod","माछा समाउने एउटा औजार जो काठ,धातु आदिको बनिएको हुन्छ अनि जसको अगि माछा फँसाउने काँडो लगाएको हुन्छ","a rod of wood or steel or fiberglass that is used in fishing to extend the fishing line"
"17855",1,"झण्डा","flag","NO_GLOSS","emblem usually consisting of a rectangular piece of cloth of distinctive design"
"17880",1,"टर्च | लाइट","flashlight | torch","ब्याट्रीद्वारा प्रकाश दिने एउटा सानो उपकरण","a small portable battery-powered electric lamp"
"17924",1,"भुइँ | मझेरी","floor | flooring","बस्नका लागिबनाइएको समतल र पक्का गरेको भूमि:आजभोलि मझेरी सजाउनका लागि राम्रा-राम्रा टाइल पाइन्छन्","the inside lower horizontal surface (as of a room or hallway)"
"17925",1,"तलो","floor | level | storey | story","तले घरमा माथिदेखि तलसम्म बनिएका तलाहरूको तह:मेरो घर सातौँ तलामा छ","a structure consisting of a room or set of rooms at a single position along a vertical scale"
"17945",1,"कुसुमाकर | कुसुमालय | कुसुमोद्यान | पुष्प उपवन | पुष्प बाग | पुष्प वाटिका | पुष्पवाटिका | फुल बगैंचा | फुलवारी","flower garden","फुलको बगैंचा","a garden featuring flowering plants"
"18024",1,"गोडाको परिधान | पद आच्छाद | पदावरण","footwear","त्यो परिधान जुन खुट्टामा लगाइन्छ","clothing worn on a person's feet"
"18044",1,"काँटा","fork","त्रिशूल जस्तो एउटा उपकरण जसद्वारा मान्छेले भोजन गर्छन्","cutlery used for serving and eating food"
"18047",1,"फरमा | साँचो","form","दाउरो,मइन,माटो,धातु आदिको त्यो ढाँचा जसमा ढालेर चिजहरू बनाइन्छ","a mold for setting concrete"
"18054",1,"किल्ला | गढ | गढी | दुर्ग","fort | fortress","शत्रुबाट बाँच्नका लागि बनाइएको त्यो सुदृढ ठाउँ जुन चारैतिरबाट बेराले घेरिएको हुन्छ:मुगलकालीन किल्ला स्थापत्यकलाको राम्रो नमूना हो","a fortified defensive structure"
"18066",1,"छाँगा | फोहरा","fountain","त्यो मानवकृति जसमा माथिल्लो दबावका कारण पानीका मसिनो धारो वा छिटाहरू जोडसित निस्केर चारैतिर झर्छ:उद्यानमा बनाएको फोहराबाट रङ्ग-बिरङ्गको पानी निस्किँदै छ","a structure from which an artificially produced jet of water arises"
"18067",1,"फाउन्टेन पेन","fountain pen","एक खाले कलम जसमा मसी हालेर लेखिन्छ","a pen that is supplied with ink from a reservoir in its barrel"
"18099",1,"माल-गाडी | मालगाडी","freight train | rattler","एक प्रकारको रेलगाड़ी जसले केवल सामान आदि एक ठाउँदेखि अर्को ठाउँमा लैजाने काम गर्छ","a railroad train consisting of freight cars"
"18119",1,"झल्लर | झालर","flounce | frill | furbelow | ruffle","कुनै चीजको किनारमा शोभाका लागि बनाइएको या लगाइएको झुन्डिने किनारा","a strip of pleated material used as a decoration or a trim"
"18125",1,"अगाडि | अग्र भाग | अग्रभाग | अघिल्लो भाग","front","कुनै वस्तु आदिको अघिल्लो भाग","the side that is seen or that goes first"
"18135",1,"आँगन","front yard","घरको अघिल्तिरको भाग","the yard in front of a house; between the house and the street"
"18166",1,"फर्निचर","article of furniture | furniture | piece of furniture","बाँस,काठ,धातु आदिले बनिएको कुर्सी,टेबुल,खटिया आदि","furnishings that make a room or other area ready for occupancy"
"18198",1,"दर्शक दीर्घा | दीर्घा","gallery","कुनै भवन आदिभित्र केही उचाइमा दर्शक आदि बस्न बनाइएको स्थान","narrow recessed balcony area along an upper floor on the interior of a building; usually marked by a colonnade"
"18213",1,"क्रीडाको-साधन | खेलका साधन | खेलका सामान","game equipment","खेलाको साधन वा त्यो  वस्तु जसद्वारा खेलिन्छ वा जुनचाहिँ खेलामा  सहायक हुन्छ","equipment or apparatus used in playing a game"
"18226",1,"ग्याराज","garage","महलको त्यो भाग जहाँ गाडीहरू उभ्याइन्छ","an outbuilding (or part of a building) for housing automobiles"
"18227",1,"ग्याराज","garage | service department","त्यो स्थान जहाँ गाडीहरू मर्मत गरिन्छ","a repair shop where cars and trucks are serviced and repaired"
"18298",1,"ढोका | दैलो | प्रवेशद्वार","gateway","त्यो ढोका जसबाट कुनै ठाउँ, घर आदिमा प्रवेश गरिन्छ","an entrance that can be closed by a gate"
"18326",1,"ऊर्जाप्रजनक यन्त्र | जेनरेटर","generator","बिजुली उत्पन्न गर्ने यन्त्र","engine that converts mechanical energy into electrical energy by electromagnetic induction"
"18338",1,"घाट","ghat","नदी वा जलाशयका छेउको त्यो स्थान जहाँ मानिसहरू पानी भर्ने, नुहाउने वा नाउमा चढ्ने गर्छन्:उनी घाटमा बसेर नाउको प्रतिक्षा गरिरहेका थिए","stairway in India leading down to a landing on the water"
"18367",1,"ग्लोब","globe","मानवकृति त्यो वृत्त जसमा विश्वको मानचित्र बनिएको हुन्छ:गुरुजी ग्लोब हेरेर महासागरहरूको स्थिति भन्दै हुनुहुन्छ","a sphere on which a map (especially of the earth) is represented"
"18371",1,"पञ्जा | हातमोजा","glove","हातका औँलाहरू तथा हत्केलामा लाउने कपडा, छाला आदिको आवरण:चिकित्सकले अपरेसन गर्दा पञ्जाको प्रयोग गर्छन्","handwear: covers the hand and wrist"
"18389",1,"गागल्स | घाममा लगाउने चस्मा","goggles","आँखालाई घाम आदिबाट बचाउनका लागि लगाइने चस्मा","tight-fitting spectacles worn to protect the eyes"
"18397",1,"सुनको खानी | स्वर्ण खान | स्वर्णखान | स्वर्णाकर","gold mine | goldmine","सुनको खानी","a mine where gold ore is found"
"18484",1,"तावा","griddle","फलामको त्यो गोलो भाँडो जसमा रोटी पकाइन्छ:उनी तावामा रोटी पकाउँदै छिन्","cooking utensil consisting of a flat heated surface (as on top of a stove) on which food is cooked"
"18497",1,"किराना","foodstuff | grocery","आँटा,दाल,मसला आदि वस्तुहरू जुन चाहिँ बनियाँकामा बिक्छ","(usually plural) consumer goods sold by a grocer"
"18527",1,"अतिथि-गृह | अतिथि-भवन | अतिथि-शाला | अतिथिगृह | अतिथिशाला | पाहुन-गृह","guesthouse","अतिथि निवासको ठाउँ या अतिथिका लागि बनिएको घर","a house separate from the main house; for housing guests"
"18528",1,"अतिथि कक्ष | गेस्टरूम | पाहुना कोठा","guestroom","घरमा अतिथि बस्न र सेवा-सत्कारका लागि उपयोगमा आउने कोठा","a bedroom that is kept for the use of guests"
"18539",1,"गिटार","guitar","एउटा वाद्ययन्त्र जसमा विशेषगरी छ वटा तार लागेका हुन्छन्","a stringed instrument usually having six strings; played by strumming or plucking"
"18608",1,"सभा कक्ष906 | सभा भवन | सभाकक्ष | सभागृह","hall","त्यो घर जसमा धेरै सभाहरू हुन्छन्","a large building for meetings or entertainment"
"18615",1,"गोरेटो | डोरेटो","hall | hallway","गलीको जस्रो सानो बाटो","an interior passage or corridor onto which rooms open"
"18643",1,"कडी | हतकडी","cuff | handcuff | handlock | manacle","फलामको त्यो कडी जुन कैदी आदिका हात बाँध्नका लागि त्यसलाई लगाइने गरिन्छ:सिपाहीले चोरका हातमा हतकडी लगाइदियो","shackle that consists of a metal loop that can be locked around the wrist; usually used in pairs"
"18651",1,"रुमाल","handkerchief | hankey | hankie | hanky","अनुहार आदि पुछ्ने कपडाको चौकुने टुकुरो:सीताले आफ्ना लागि एउटा धेरै राम्रो रुमाल किनिन्","a square piece of cloth used for wiping the eyes or nose or as a costume accessory"
"18660",1,"दमकल | नल","hand pump","माटोबाट पानी निकाल्ने यन्त्र जसलाई हातले थिचेर पानी निकाल्ने गरिन्छ","a pump worked by hand"
"18669",1,"हस्त उपकरण | हस्तोपकरण","hand tool","त्यो उपकरण जुन चाहिं हातद्वारा प्रयोग गरिन्छ","a tool used with workers' hands"
"18672",1,"हस्त परिधान | हस्तावरण | हेन्डवियर","hand wear | handwear","त्यो परिधान जुन हातमा लगाइन्छ","clothing for the hands"
"18712",1,"टोप | टोपी | हेट","chapeau | hat | lid","एकखाले ठुलो टोपी","headdress that protects the head from bad weather; has shaped crown and usually a brim"
"18773",1,"पान","heart","ताशको पत्ताका चार भेदमा एक जसमा पानका पत्ताको आकारको रातो रङ्कगा बुटीहरू बनेका हुन्छन्","a playing card in the major suit that has one or more red hearts on it"
"18801",1,"हेलिकप्टर","chopper | eggbeater | helicopter | whirlybird","एक प्रकारको वायुयान जसमा पखेटा हुँदैन","an aircraft without wings that obtains its lift from the rotation of overhead blades"
"18804",1,"हेलिकप्टर-अड्डा | हेलिकाप्टर अड्डा","heliport","त्यो हवाइ अड्डा जहाँ केवल हेलिकाप्टर झर्छ अनि उड्छ","an airport for helicopters"
"18814",1,"तुरपन | तुरपाइ","hemstitch | hemstitching","एक प्रकारको सिलाई जसलाई पहिले लम्बाइ र सीधा टाँक हालेर जोडेर मिलाइन्छ र फेरि निक्लेको छेउलाई मोडेर फेरि तेर्सो सिलाइद्वारा जमाइन्छ","stitch in which parallel threads are drawn and exposed threads are caught together in groups"
"18821",1,"आश्रम | कुटी | डेरा","hermitage","ऋषि मुनिहरूको बस्ने ठाउँ:वनवासका समयमा श्रीरामले पञ्चवटीमा आफ्नो आश्रम बनाए","the abode of a hermit"
"18822",1,"हेरोइन","diacetylmorphine | heroin","एउटा धेरै मादक पदार्थ","a narcotic that is considered a hard drug; a highly addictive morphine derivative; intravenous injection provides the fastest and most intense rush"
"18844",1,"अट्टालिका | गगनचुंबी इमारत | गगनचुम्बी भवन | गगनस्पर्शी","high-rise | tower block","त्यो भवन जुन धेरै अग्लो छ","tower consisting of a multistoried building of offices or apartments"
"18848",1,"राजपथ | राजमार्ग | हाइवे","highway | main road","मान्छेले उपयोग गर्नका लागि बनिएको धेरै लामो र पक्का सडक","a major road for any form of motor transport"
"18854",1,"कब्जा","flexible joint | hinge","सन्दुस वा दैलामा पेच लगाएर जोडिने फलामको चार कुने टुकुरो:यस दैलाको कब्जा खुकोलो भएको छ","a joint that holds two parts together so that one can swing relative to the other"
"18874",1,"हकी","hockey stick","काठलाई कुटे पारेर बनाइएको एउटा उपस्कर जसको सहायताले बललाई हानिन्छ","sports implement consisting of a stick used by hockey players to move the puck"
"18949",1,"चिना | चिन्हा | जन्मकुण्डली | जन्मपत्रिका | टिप्पन","horoscope","फलित ज्योतिषका अनुसार त्यो चक्र जसमा कसैको जन्म समयको ग्रहको स्थिति लेखेको हुन्छ","a diagram of the positions of the planets and signs of the zodiac at a particular time and place"
"18954",1,"घोडा-गाडी | घोडागाडी","horse-cart | horse cart","घोडाले चलाउने गाडी","heavy cart; drawn by a horse; used for farm work"
"18961",1,"नाल","horseshoe | shoe","त्यो अर्धचन्द्राकार फलाम जुनचाहिँ घोडा, गोरु आदिका खुट्टा तल वा जुत्ताको कुर्कुच्चामा जडिन्छ","U-shaped plate nailed to underside of horse's hoof"
"18969",1,"अस्पताल | चिकित्सालय","hospital | infirmary","NO_GLOSS","a health facility where patients receive treatment"
"18979",1,"होटल","hotel","NO_GLOSS","a building where travelers can pay for lodging and meals and other services"
"18993",1,"आलय | गृह | घर | धाम | निकेतन | निलय | भवन | शाला | सदन","house","मनुष्यद्वारा भरिएको त्यो ठाउँ जुनचाहिँ पर्खालले घेरेर बनाइन्छ","a dwelling that serves as living quarters for one or more families"
"19005",1,"हौदा","houdah | howdah","हात्तीका पिठ्युँमा कसिने छारखुट्टे जसमा मान्छे बस्छन्:माहुतेले हात्थीको पिठ्युँबाट हौदा निकालेर त्यसलाई गजशालामा बाँधिदियो","a (usually canopied) seat for riding on the back of a camel or elephant"
"19077",1,"प्रतिमा | विग्रह","god | graven image | idol","कुनै देवी वा देवताको मूर्ति","a material effigy that is worshipped"
"19087",1,"अनुकृति | नकल","counterfeit | forgery | imitation","कुनै अर्काको आकार वा प्रकारका अनुसार तयार गरिएको वस्तु","a copy that is represented as the original"
"19116",1,"मुङ्ग्रो","indian club","काठको बनाएको एउटा लाम्चो, गोलो र मुठी लगाएको साधन जसको उपयोग व्यायामका लागि हुन्छ:पहलवान मुङ्ग्रो हल्लाउँदै छ","a bottle-shaped club used in exercises"
"19136",1,"मसिदानी | मसिनी","ink bottle | inkpot","त्यो सानो भाँडो जसमा मसी राखिन्छ:यो मसिदानीमा कालो मसी छ","a bottle of ink"
"19207",1,"ईस्त्री","iron | smoothing iron","त्यो साधन जसलाई तताएर लुगामा दल्ने गरिन्छ:धोबीले लुगामा ईस्त्री लगाउनका लागि ईस्त्री तताउँदै छ","home appliance consisting of a flat metal base that is heated and used to smooth cloth"
"19270",1,"जीप","jeep | landrover","चारवटा चक्का भएको एक प्रकारको मटर गाडी","a car suitable for traveling over rough terrain"
"19298",1,"रिक्शा","jinrikisha | ricksha | rickshaw","NO_GLOSS","a small two-wheeled cart for one passenger; pulled by one person"
"19326",1,"जग","jug","लोहोटा जस्तो एकटा भाँडो जसमा चिया, पानी आदि राख्‍ने गरिन्छ","a large bottle with a narrow mouth"
"19354",1,"कमीज | दौरा","kameez","कुर्ता जस्तो एउटा लुगा जसमा कठालो हुँदैन:दर्जी दौरा सिलाउँदै छन्","a long tunic worn by many people from the Indian subcontinent (usually with a salwar or churidars)"
"19380",1,"कितली | केतली","boiler | kettle","एक प्रकारको ढक्कन भएको भाँडो जसमा एउटा टुटी लागेको हुन्छ र त्यसमा चिया आदि राखिन्छ:उनी कितलीमा चिया तातो पार्दैछिन्","a metal pot for stewing or boiling; usually has a lid"
"19381",1,"नगरा","kettle | kettledrum | timpani | tympani | tympanum","डुगडुग जस्तो एउटा धेरै ठुलो कुटेर बजाउने वाद्य:नगराको शब्द सुन्ने बित्तिकै केटा-केटीहरू भेला भए","a large hemispherical brass or copper percussion instrument with a drumhead that can be tuned by adjusting the tension on it"
"19382",1,"साचो","key","NO_GLOSS","metal device shaped in such a way that when it is inserted into the appropriate lock the lock's mechanism can be rotated"
"19387",1,"कुञ्जी छिद्र | कुञ्जी साँचो","keyhole","तालामा बनिएको त्यो छेद जसमा चाबी लगाएर तालालाई खोल्न या बन्द गरिन्छ","the hole where a key is inserted"
"19419",1,"पाकघर | भान्साकोठा | भोजनालय","kitchen","खाना पकाउने कोठा वा ठाउँ:सीता भान्साकोठामा भोजन सामग्रीहरू थन्क्याउँदै छे","a room equipped for preparing meals"
"19428",1,"पकाउने साधन | रसोइ उपकरण","kitchenware","त्यो साधन जुन चाहिं पकाउने काममा आउँछ","hardware utensils for use in a kitchen"
"19429",1,"गुड्डी | चङ्गा","kite","कागजको खेलौना जुन चाहिँ धागाको सहाराले अकासमा उड्छ","plaything consisting of a light frame covered with tissue paper; flown in wind at end of a string"
"19444",1,"चक्कु","knife","NO_GLOSS","edge tool used as a cutting instrument; has a pointed blade with a sharp edge and a handle"
"19445",1,"कटारी | चक्कु | छुरी","knife","काट्ने वा चिर्ने एउटा सानो औजार:सीता छुरीले तरकारी काट्दै छिन्","a weapon with a handle and blade with a sharp point"
"19447",1,"धार","cutting edge | knife edge","हथियारको धारिलो पाटो","the sharp cutting side of the blade of a knife"
"19469",1,"गाजल","kohl","दियोबाट निस्केको कालो जसलाई आँखामा लगाइन्छ:हाम्रो यहाँ छैठौंको दिन नानीहरूलाई गाजल लगाइदिने चलन छ","a cosmetic preparation used by women in Egypt and Arabia to darken the edges of their eyelids"
"19482",1,"प्रयोगशाला | लेबोरेटरी | लैब","lab | laboratory | research lab | research laboratory | science lab | science laboratory","त्यो स्थान जहाँ कुनै विषयको विशेषतः रासायनिक प्रयोग वा जाँच हुने गर्छ:हाम्रो विद्यालयमा कैयौं प्रयोगशाला छन्, जहाँ सधैँ केही न केही प्रयोग चलिरहन्छ","a workplace for the conduct of scientific research"
"19493",1,"भरेङ | भर्‍याङ | सिँढी","ladder","त्यो सिँढी जसलाई एउटा स्थानबाट अर्को स्थानमा लान सकिन्छ:चोरले छानामा चढ्नका लागि बाँसको भर्‍याङको प्रयोग गर्‍यो","steps consisting of two parallel members connected by rungs; for climbing up or down"
"19515",1,"चिम्नी","chimney | lamp chimney","बीचबाट उठेको सिसा आदिको नली जसबाट ल्याम्प आदिको धुँवा निस्किन्छ","a glass flue surrounding the wick of an oil lamp"
"19543",1,"लालटिन","lantern","एउटा उज्यालो पार्ने साधन जसमा बत्तीको चारैतिर एउटा गोलो सिसा लगाएको हुन्छ:रामले लालटिन बाले र पढ्न बसे","light in a transparent protective case"
"19555",1,"लेपटप | लेपटप कम्प्युटर","laptop | laptop computer","यती सानो कम्प्युटर जसलाई काखमा राखेर काम गरिन्छ","a portable computer small enough to use in your lap"
"19577",1,"डन्ठा | लठ्ठी | लौरो","lathee | lathi","मोटो र ठुलो डन्ठा:उनले कुकुरलाई डन्ठाले कुटे","club consisting of a heavy stick (often bamboo) bound with iron; used by police in India"
"19600",1,"जुलाफ | विरेचन","laxative","पखाला लगाउने औषधि:जमालगोटी एउटा राम्रो विरेचन हो","a mild cathartic"
"19619",1,"पगहा | पघा","lead | leash | tether","पशुलाई बाँध्ने डोरी","restraint consisting of a rope (or light chain) used to restrain an animal"
"19631",1,"खुट्टा | गोडा | पाउ","leg","पलङ्ग, चौकी आदिको तलको ती साना खम्बा जसका सहाराले त्यसको ढाँचा खडा हुन्छ","one of the supports for a piece of furniture"
"19664",1,"ग्रन्थागार | ग्रन्थालय | पुस्तकालय | लाइब्रेरी","library","त्यो स्थान जहाँ धेरै कितापको सङ्ग्रह हुन्छ:यस पुस्तकालयमा हरेक विषयसँग सम्बन्धित कितापहरू छन्","a room where books are kept"
"19667",1,"ढकना | ढक्कन | बिर्को","lid","ढाक्ने वस्तु:यस बतलको बिर्को फुट्यो","a movable top or cover (hinged or separate) for closing the opening of a container"
"19674",1,"जीवन-नौका | जीवन नौका","lifeboat","त्यो सानो नौका जुन ठुला जहाजमा यसकारण राखिन्छ जब जहाज डुब्न लाग्छ तब मानिस त्यसमाथि सवार भएर आफ्नो ज्यान बचाउन सक्छन्","a strong sea boat designed to rescue people from a sinking ship"
"19732",1,"अस्तर","liner | lining","त्यो लुगा जसलाई आइमाईहरू मसिनो साडी वा लुगा भित्र हालेर लगाउँनछन्","a piece of cloth that is used as the inside surface of a garment"
"19787",1,"ताला | ताल्चा | साँचो","lock","धातुको त्यो यन्त्र जुन दैलो, बाकस आदि बन्द गर्नका लागि कुंडीमा  लगाइन्छ:चाबी हरउनाले मैले बाकसको ताला भाँच्नु पर्‍यो","a fastener fitted to a door or drawer to keep it firmly closed"
"19829",1,"चर्खा | लुम","loom","एक प्रकारको बुन्ने उपकरण जसद्वारा कपडा बुनिन्छ:आधुनिक समयमा चर्खाको प्रचलन समाप्‍त हुन आँट्दै छ","a textile machine for weaving yarn into a textile"
"19887",1,"लुँगी","longyi | lungi | lungyi","धोतीका ठाउँमा कम्मरमा बेर्ने एक प्रकारको ठुलो टाबिल जस्तो कपडा:लुँगी एकखाले आरामदायक परिधान हो","a long piece of brightly colored cloth (cotton or silk) used as clothing (a skirt or loincloth or sash etc.) in India and Pakistan and Burma"
"19906",1,"यन्त्रगृह | यन्त्रशाला","machine shop","त्यो स्थान जहाँ यन्त्र लागेको हुन्छ र त्यसको सहायताले कुनै वस्तु तयार गरिन्छ","workshop where metal is cut and shaped etc., by machine tools"
"19927",1,"चुमक | चुम्बक","magnet","त्यो पदार्थ जसले फलामलाई आफूतिर तान्छ:त्यो चुम्बकले फलामका ससाना टुकुरा भेला पार्दै छ","(physics) a device that attracts iron and produces a magnetic field"
"19959",1,"डाकगाडी | मेल","mail train","तेज गतिमा चल्ने त्यो रेलगाडी जसमा सवारीहरूको साथ-साथ डाक पनि जान्छ","a train that carries mail"
"19980",1,"शृङ्गार | सजावट","make-up | makeup | war paint","आइमाइरूले गहना,लुगा आदिले आफूलाई सजाउने क्रिया","cosmetics applied to the face to improve or change your appearance"
"19991",1,"गिटी | गोटी","man | piece","ढुङ्गा,माटो,प्लास्टिक आदिको त्यो सानो टुकड़ा जसको उपयोग कुनै खेलमा हुन्छ","game equipment consisting of an object used in playing certain board games"
"20018",1,"भूचित्र | भूचित्रावली | मानचित्र","map","पृथ्वी वा अन्तरिक्षको कुनै भागको  स्थितिहरूको विचारले बनाइएको उसको सूचक त्यो चित्र जसमा देश, नगर, नदी, पहाडहरू देखाइएको हुन्छ:यो भारतको राजनैतिक मानचित्र हो","a diagrammatic representation of the earth's surface (or part of it)"
"20021",1,"गुच्चा | मार्बल","marble","माटो, सिसा आदिको सानो गोलो डल्लो जसद्वारा नानीहरू खेल्छन्:नानी गुच्चा खेल्दै छन्","a small ball of glass that is used in various games"
"20027",1,"अङ्कित्र | चिन्हित्र | मार्कर","marker","त्यो विशिष्ट वस्तु जसको प्रयोग केही वस्तुलाई चिन्हाङ्कित या  तिनमा अन्तर स्पष्ट गर्न गरिन्छ","a writing implement for making a mark"
"20060",1,"खम्बा | मस्तुल","mast","ठुलो नाउको माझको त्यो  खाँबो जसमा पाल बाँधिन्छ:सारो हावा लागेको हुनाले नाउको कमजोर मस्तुल भाँचियो","a vertical spar for supporting sails"
"20063",1,"मूल कृति | मौलिक कृति | मौलिक रचना","master | master copy | original","त्यो रचना जो कसैको अनुवाद,नकल या आधारमा होइन बरू आफ्नो उद्भावनाबाट निकलिएको हुन्छ","an original creation (i.e., an audio recording) from which copies can be made"
"20065",1,"उत्कृष्ट कृति | उत्कृष्ट रचना | मास्टर पिस | मास्टरपिस","chef-d'oeuvre | masterpiece","कुनै सृजनात्मक कलाकार,रचनाकार वा कालिगडको अति उत्तम रचना","the most outstanding work of a creative artist or craftsman"
"20083",1,"प्रसव गृह | प्रसूति गृह | प्रसूति भवन | सूतकागार | सूतकागृह | सूतिका-भवन | सूतिकागार | सूतिकागृह | सूतिकागेह","maternity ward","त्यो घर जसमा रहेर स्त्री नानी जन्माउँछे","a hospital ward that provides care for women during pregnancy and childbirth and for newborn infants"
"20087",1,"कोदालो","mattock","एक उपकरण जसले माटो आदि खनेर उठाउने","a kind of pick that is used for digging; has a flat blade set at right angles to the handle"
"20094",1,"मकबरा","mausoleum","त्यो इमारत जसमा कसैको कबर हुन्छ","a large burial chamber, usually above ground"
"20102",1,"माध्य | माध्यम | साधन","means","त्यो जसद्वारा या जसको सहायताले कुनै कार्य आदि सिद्ध हुन्छ","an instrumentality for accomplishing some end"
"20139",1,"चिडिया घर | चिडियाखाना","menagerie | zoo | zoological garden","त्यो स्थान जहाँ धेरै प्रकारका पशु-पक्षी हेर्नका लागि राखिन्छ","the facility where wild animals are housed for exhibition"
"20140",1,"टलाइ | रफू","darn | mend | patch","फाटेको या काटिएको कपडाको प्वालमा बनेकओ जसरी धागो भरेर त्यसलाई बन्द गर्ने क्रिया","sewing that repairs a worn or torn hole (especially in a garment)"
"20149",1,"पगलाखाना | पागलखाना","asylum | insane asylum | institution | mental home | mental hospital | mental institution | psychiatric hospital","त्यो स्थान जहाँ पगलाहरूलाई चिकित्सा गरिन्छ र उनीहरूलाई राखिन्छ","a hospital for mentally incompetent or unbalanced person"
"20221",1,"सूक्ष्मदर्शक यन्त्र | सूक्ष्मदर्शी","microscope","त्यो यन्त्र जसले हेर्दा सानो चिज ठुलो देखिन्छ","magnifier of the image of small objects"
"20264",1,"खानि | खानी","mine","त्यो स्थान जहाँबाट धातुको अवयव निकालिन्छ:कोइला खानीमा पानी पस्‍नाले सय जना मान्छे  मारिए","excavation in the earth from which ores and minerals are extracted"
"20288",1,"टकसार","mint","त्यो स्थान जहाँ सिक्का बनाइने वा ढालिने गरिन्छ","a plant where money is coined by authority of the government"
"20293",1,"अइना | ऐना | दर्पण","mirror","त्यो सीसा जसमा मुख आदि हेरिन्छ:कतिपय केटीहरू आफ्ना झोलामा ऐना राख्छन्","polished surface that forms images by reflecting light"
"20363",1,"मोपेड","moped","पेट्रोलद्वारा चलने एक प्रकारको सानो हलुको  मटर साइकल","a motorbike that can be pedaled or driven by a low-powered gasoline engine"
"20384",1,"मस्जिद","mosque","NO_GLOSS","(Islam) a Muslim place of worship that usually has a minaret"
"20385",1,"झुल | मच्छरदानी | मुसुरी","mosquito net","मच्छड आदिबाट बँच्न पलङ, खाट आदिका चारैतिर लगाउने जालीदार कपडा:मच्छडबाट बँच्न मच्छरदानीको प्रयोग गरिन्छ","a fine net or screen (especially around beds) to protect against mosquitos"
"20395",1,"मोटर","motor","NO_GLOSS","machine that converts other forms of energy into mechanical energy and so imparts motion"
"20400",1,"स्कुटर","motor scooter | scooter","पेट्रोल वा डीजलले चलने दइचक्के गाड़ी जसका चक्का अलिक साना हुन्छन्","a wheeled vehicle with small wheels and a low-powered gasoline engine geared to the rear wheel"
"20401",1,"मटर | मटरगाडी","automotive vehicle | motor vehicle","एक प्रकारको गाडी जुन मटरद्वारा चल्छ:उनी मटर गाडीबाट सहरतिर प्रस्थान गरे","a self-propelled wheeled vehicle that does not run on rails"
"20413",1,"चुमुसादानी","mousetrap","मुसालाई फँसाउने एक प्रकारको पिञ्जरा","a trap for catching mice"
"20434",1,"गलबन्दी | मफलर","muffler","कान, घाँटी र टाउको तातो राख्‍नका लागि यसमा बेरिने एउटा ऊनी कपडा:राखीले एउटा राम्रो गलबन्दी बुनेकी छिन्","a scarf worn around the neck"
"20440",1,"चट्टी | चप्पल","mule | scuff","कुर्कुच्चो खुला भएको एकखाले वस्तु जुन जुत्ताका बदलामा लगाइन्छ र जसका माथि चमडा आदिको पट्टि  लागेको हुन्छ:मेरो चप्पल चुँडियो","a slipper that has no fitting around the heel"
"20454",1,"अजायब-खाना | अजायब-घर | अजायबघर | म्युजियम | सङ्ग्रहालय","museum","त्यो स्थान जहाँ एक या अनेक प्रकारको ऐतिहासिक, विलक्षण र कला-कौशल सम्बन्धी वस्तुको सङ्ग्रह हुन्छ","a depository for collecting and displaying objects having scientific or historical or artistic value"
"20464",1,"मलमल","muslin","एकखाले मिहिन सुतिको लुगा","plain-woven cotton fabric"
"20496",1,"नेपकिन","napkin | serviette | table napkin","हात,मुख पुछ्‍ने एउटा सानो कपडा जुनचाहिं प्राय:खाना खाने टेबलमा राखिन्छ","a small piece of table linen that is used to wipe the mouth and to cover the lap in order to protect clothing"
"20542",1,"सियो | सुइ | सुई","needle","कुनै उपकरण आदिमा त्यो तार या काँटा जुनचाहिँ कुनै विशेष परिमाण,अङ्क,दिशा आदिको सूचक हुन्छ","a slender pointer for indicating the reading on the scale of a measuring instrument"
"20562",1,"जाल | पासो | फन्दा","net","तार वा धागो आदिको त्यो भाँडो जसको व्यवहार माछा, चरा आदिलाई समाउनका लागि गरिन्छ:आखिरमा परेवा शिकारीको जालमा फँस्यो","a trap made of netting to catch fish or birds or insects"
"20578",1,"चुच्चो | टाँका | टुप्पो | निब","nib | pen nib","मसी भराउने कलमको अघिल्तिर लगाउने धातुको विशेष आकारको टुकुरो जसले लेख्‍ने गर्छ:यस कलमको निब भाँच्चियो","the writing point of a pen"
"20636",1,"उपन्यास","novel","अध्यायहरूमा वा प्रकरणहरूमा लेखिएको त्यो कल्पित र ठुलो आख्यान जसमा एकभन्दा धेरै पात्र र विस्तृत तथा सम्बद्ध घटना हुन्छ:प्रेमचन्दले आफ्नो उपन्यासहरूमा ग्रामीन जीवनको जिउँदो चित्रण प्रस्तुत् गरेका छन्","a printed and bound book that is an extended work of fiction"
"20657",1,"सरौतो","nutcracker","सुपारी आदि काट्ने एउटा साधन:उनी सरौताले सुपारी काट्दै छन्","a compound lever used to crack nuts open"
"20662",1,"डाँडी | नौकादण्ड","oar","नाउ खियाउने बैठा:माझी डाँडीले नाउ खियाउँदै छ","an implement used to propel or steer a boat"
"20678",1,"अडचन | अवरोध | बाधा","impediment | impedimenta | obstructer | obstruction | obstructor","काम, विकास, मार्ग आदिमा खडा गरिने बाधा:मोहन मेरा प्रत्येक काममा बाधा हालेर मलाई अप्ठ्यारामा पार्न चाहन्छ","any structure that makes progress difficult"
"20686",1,"साहित्य","body of work | oeuvre | work","कुनै विषय, कवि वा लेखकसँग सम्बन्ध राख्‍ने सबै ग्रन्थहरू र लेखादिको समूह","the total output of a writer or artist (or a substantial part of it)"
"20702",1,"दिपक | दियो | दीप","kerosene lamp | kerosine lamp | oil lamp","उज्यालो पार्नका लागि बनाइएको धातु, माटो आदिको त्यो पात्र जसमा तेल र बाति हालेर बालिन्छ:साँझ पर्ने बित्तिकै सबैका घरमा दियो बल्छ","a lamp that burns oil (as kerosine) for light"
"20704",1,"तैलचित्र","oil painting","मोटो कपडा,कागज आदिमा तेल लागेको रङ्गहरूको सहायताले बनिएको चित्र","a picture painted with oil paints"
"20713",1,"मलम | मलहम","balm | ointment | salve | unction | unguent","घाउमा लगाउने एउटा बाक्लो औषधि जसलाई रसायनिक आधारमा बनाइएको हुन्छ:डाक्टरले घाउमा मलम लगाएर पट्टी बाँधिदिए","semisolid preparation (usually containing a medicine) applied externally as a remedy or for soothing an irritation"
"20737",1,"आपरेसन कक्ष | शल्य-चिकित्सा कक्ष | शल्यचिकित्सा-कक्ष | शल्यचिकित्सा कक्ष","operating room | operating theater | operating theatre | or | surgery","अस्पतालको त्यो कोठा जहाँ शल्य-चिकित्सा गरिन्छ","a room in a hospital equipped for the performance of surgical operations"
"20741",1,"अफिम","opium","पोस्तका घोगाको चोप जुनचाहिँ तितो, नसालु र विषाक्त हुन्छ","an addictive narcotic extracted from seed capsules of the opium poppy"
"20771",1,"अनाथ आश्रम | अनाथालय | अनाथाश्रम","orphanage | orphans' asylum","त्यो स्थान जहाँ अनाथहरू, असहायहरू वा दीन-दुखीहरूको पालन-पोषण हुन्छ","a public institution for the care of orphans"
"20809",1,"चुल्हो","oven","NO_GLOSS","kitchen appliance used for baking or roasting"
"20820",1,"बलैंसी | सिकुवा","overhang","कोठो वा पाटनको दैलाबाट निक्लिएको भाग:उनी पानीबाट बाँच्नका लागि बलैंसीमा उभिए","projection that extends beyond or hangs over something else"
"20887",1,"पेन्ट | रङ्ग","paint","मानव निर्मित त्यो रासायनिक तरल पदार्थ जसले कुनै चीज रङ्गाइन्छ","a substance used as a coating to protect or decorate a surface (especially a mixture of pigment suspended in a liquid); dries to form a hard coating"
"20897",1,"पाइजामा | हात्तीपाइलेसुरुवाल","pajama | pyjama","खुट्टामा लगाइने एकखाले लुगा जसले कम्मरदेखि कुर्कुच्चोसम्मको भाग ढाक्दछ:नेताजीले पाइजामा र कुर्ता लगाएका थिए","lightweight trousers worn in various eastern countries"
"20898",1,"राजभवन","palace","राज्यपालआदिको सरकारी आवास","official residence of an exalted person (as a sovereign)"
"20958",1,"कटाइ उपकरण | कर्तन उपकरण","paper cutter","त्यो उपकरण जो कटाइको काममा आउँछ","a cutting implement for cutting sheets of paper to the desired size"
"20965",1,"कागज-दानी | कागज दानी | पेपरवेट","paperweight","कागज यता-उता उडन बचाउनका लागि त्यसमाथि राखिने वस्तु","a weight used to hold down a stack of papers"
"21014",1,"चोर-चाबी | चोरचाबी | मास्टर-चाबी | मास्टरचाबी","master | master key | passe-partout | passkey","त्यो चाबी जसले हर प्रकारको ताला खुल्छ","key that secures entrance everywhere"
"21029",1,"बाटो | मार्ग | रास्ता","path","त्यो साधन, प्रकार आदि जसको अवलम्बनमा कुनै काम ठिक वा पूरा गर्नका लागि गरिन्छ","a way especially designed for a particular use"
"21030",1,"गोरेटो | डोरेटो | सानोबाटो","footpath | pathway","जङ्गल वा खेतको त्यो सानो बाटो जहाँ मान्छे आउने जाने गर्दा बनिन्छ:उसले आफ्नो श्रीमान्-का लागि खाजा लिएर गोरेटो भएर जाँदै छे","a trodden path"
"21046",1,"पैदल | प्यादा | सिपाही","pawn","सतरन्जमा प्रयुक्त कतिपय गोटीहरूमा ती जसको संख्या आठ हुन्छ र जसको मान सबैभन्दा कम हुन्छ","(chess) the least powerful piece; moves only forward and captures only to the side; it can be promoted to a more powerful piece if it reaches the 8th rank"
"21070",1,"किलो | खाँबो | खुट्टो","nog | peg","कुनै आधारमा गाडेको काठ","a wooden pin pushed or driven into a surface"
"21080",1,"कलम | लेखनी","pen","मसीको सहयोगले कागज आदिमा लेख्‍ने साधन:यो कलम कसैले मलाई उपहारका रूपमा प्रदान गरेको हो","a writing implement with a point from which ink flows"
"21081",1,"खगालय | खोर","pen","चराहरू बस्नका लागि काठ,फलाम आदिले बनाइएको कोठाभएको घर","an enclosure for confining livestock"
"21086",1,"पेन्सिल | सिसाकलम","pencil","कागजमा लेख्‍ने काममा आउने त्यो उपकारण जसमा सिसा, रङ्गिन खरी आदिको सलाई  भरिएको हुन्छ:छात्र पेन्सिलले रेखाचित्र बनाउँदै छ","a thin cylindrical pointed writing implement; a rod of marking substance encased in wood"
"21186",1,"छायाचित्र | तस्वीर | फोटो","exposure | photo | photograph | pic","फोटोकेमेराबाट निस्किएको चित्र","a picture of a person or scene in the form of a print or transparent slide; recorded by a camera on light-sensitive material"
"21205",1,"कोदालो","pick | pickax | pickaxe","सानो कोदालो:उनी कोदालाले नालो सफा गर्दै छन्","a heavy iron tool with a wooden handle and a curved head that is pointed on both ends"
"21218",1,"चित्र | तस्वीर | फोटो","icon | ikon | image | picture","कुनै वस्तु, व्यक्ति आदिको जस्ताको तस्तै तयार पारिएको प्रतिकृति","a visual representation (of an object or scene or person or abstraction) produced on a surface"
"21243",1,"टुप्पो | शिखा","pike","कुनै वस्तु आदिको अगिल्तिर निकलिएको पातलो भाग","a sharp point (as on the end of a spear)"
"21249",1,"गोली | चक्की | बुटी | वटिका","lozenge | pill | tab | tablet","औषधिको बुटी:गोली खाएर मेरो टाउको दुख्‍ने निको भयो","a dose of medicine in the form of a small pellet"
"21259",1,"तकिया | सिरानी | सिह्रानी","pillow","रुवा आदि भरेको त्यो थैलो जुन ढल्किने र सुत्‍ने बेलामा शिरको तल राखिन्छ:उनी खाटमा दुइटा सिरानी लगाएर सुतिरहेका छन्","a cushion to support the head of a sleeping person"
"21324",1,"तमन्चा | पिस्तोल","handgun | pistol | shooting iron | side arm","बन्दुक जस्तो एउटा सानो अस्त्र:पुलिसले चोरबाट एउटा विदेशी पिस्तोल उद्धार गर्‍यो","a firearm that is held and fired with one hand"
"21353",1,"डिजाइन | नमूना | पूर्व रूप | प्रारूप | मोडल | रूप-रेखा | रूपरेखा","architectural plan | plan","कुनै वस्तु,कार्य आदिलाई बनाउने या गर्नुभन्दा पहिला तयार गरिएको त्यसको ढाँचा","scale drawing of a structure"
"21408",1,"क्रिडाङ्गन | क्रीडास्थल | खेलमैदान","playground","त्यो मैदान जहाँ केटाकेटी, खेलाडी आदि खेल्दछन्","yard consisting of an outdoor area for children's play"
"21450",1,"खल्ती | गोजी | जेप | जेब","pocket","NO_GLOSS","a small pouch inside a garment for carrying small articles"
"21508",1,"कुंड | कुण्ड","pool","सानो जलाशय","an excavation that is (usually) filled with water"
"21552",1,"हुलाकबाकस","letter box | mailbox | postbox","एउटा यस्तो लामो गोलो भाँडो जसमा डाकका चिट्ठीहरू हालिन्छ:मेरो चिट्ठी पनि हुलाक बाकसमा हालिदिनु","public box for deposit of mail"
"21565",1,"गमला","flowerpot | pot","त्यो पात्र जसमा फुलका बिरुवा रोपिन्छ:उनी गमलामा गुलाफ रोप्‍तै छन्","a container in which plants are cultivated"
"21618",1,"कोल","mechanical press | press","तेल वा उखुको रस निकाल्ने यन्त्र:किसान कोलमा उखु पेल्दै छन्","any machine that exerts pressure to form or shape or cut materials or extract liquids or compress solids"
"21642",1,"छिट","print","एक प्रकारको छिटले बनेको कपडा","a fabric with a dyed pattern pressed onto it (usually by engraved rollers)"
"21652",1,"कारागार | कारावास | कैदखाना | जेल | झ्यालखाना | थाना","prison | prison house","NO_GLOSS","a correctional institution where persons are confined while on trial or for punishment"
"21671",1,"प्रक्षेपक | प्रोजेक्टर","projector","एउटा प्रकाशीय यन्त्र जसद्वारा परदामा परिवर्धित चित्र देखाउँछ","an optical instrument that projects an enlarged image onto a screen"
"21681",1,"टेको | टेवा","prop","भारी वस्तु अड्याइ राख्‍नका लागि त्यसका तल लगाइएको काठ","a support placed beneath or against something to keep it from shaking or falling"
"21724",1,"घिर्नी | घिर्रा | पाङ्ग्रो","block | pulley | pulley-block","काठ अथवा धातुको गोलो टुकुरो जुन छडमा लगाएको हुन्छ र जसका सहायताले कुनै चीज तान्ने,चडाउने वा झार्ने गरिन्छ:कुवामा पानी उघाउन घिर्नी लगाएको छ","a simple machine consisting of a wheel with a groove in which a rope can run to change the direction or point of application of a force applied to the rope"
"21739",1,"पन्च","punch | puncher","एउटा उपकरण जसले कागजमा गोलो दुलो पारिन्छ","a tool for making holes or indentations"
"21751",1,"कठपुतली | काष्ठ पुत्तलिका | दारुका | दारुनारी | दारुपुत्रिका | दारुयोषित","puppet","काठको गुड़िया या पुतली","a doll with a hollow head of a person or animal and a cloth body; intended to fit over the hand and be manipulated with the fingers"
"21811",1,"दोलाइँ | सिरक","comforter | puff | quilt","एकखाले रूवा भरेको ओढने:मानिसले धेरै जाडोबाट बाँच्नका लागि सिरक ओढेर सुत्‍ने गर्छन्","bedding made of two layers of cloth filled with stuffing and stitched together"
"21823",1,"ठोक्रो | तरकस | तुणीर","quiver","तीर राख्‍ने चुङ्गो:अर्जुनका ठोक्रामा तीरको अभाव थिएन","case for holding arrows"
"21869",1,"रेडियो","radio | radio receiver | radio set | receiving set | tuner | wireless","एउटा प्रसिद्ध विद्युत यन्त्र जसमा तार नलगाइकन धेरै टाडाबाट बोलिएको कुरा सुनिन्छ","an electronic receiver that detects and demodulates and amplifies transmitted signals"
"21885",1,"टाँगो | टाङो | लग्गा | लग्गी | लट्ठी","rail","काठ या बाँस आदिको सिधा अलिकति लामो टुक्डो","a horizontal bar (usually of wood)"
"21897",1,"जङ्कसन | जङ्क्सन | रेल मार्ग संयोग | रेलवे जङ्कसन | रेलवे जङ्सन","railway junction","ठुलो रेलवे स्टेसन जहाँबाट कैयौं लिक छुट्टिएर अलग-अलग स्टेसनतिर जान्छ","a junction where two or more railway lines meet or cross"
"21898",1,"टेसन | रेल परिवहन स्थल | रेलवे स्टेसन | स्टेसन","railroad station | railroad terminal | railway station | train depot | train station","त्यो स्थान जहाँ यात्रीलाई छोड्न या लान रेलगाडी आएर उभिन्छ","terminal where trains load or unload passengers or goods"
"21900",1,"बरसादी कोट | बर्साती","raincoat | waterproof","त्यो कोट जुनचाहिं झरीबाट बाँच्नका लागि लगाइने गरिन्छ","a water-resistant coat"
"21950",1,"वाचनालय","reading room","त्यो स्थान जहाँ बसेर पाठकगणले किताबहरू,पत्रिकाहरू आदि पढछन्","a room set aside for reading"
"21978",1,"रेकर्डर","recorder | recording equipment | recording machine","त्यो मिसिन जसमा रेकर्ड गरिन्छ","equipment for making records"
"22030",1,"करेली | बागडोर | लगाम","rein","घोडाको मुखमा लगाइने त्यो साधन जसका दुवैतिर डोरी वा चमडाको लगाम बाँधेको हुन्छ:घोडचढी घोडाको करेली समातेर पैदल नै हिँड्दै छ","one of a pair of long straps (usually connected to the bit or the headpiece) used to control a horse"
"22054",1,"चिहान | समाधि","monument | repository","त्यो ठाउँ जहाँ कुनै(विशेषगरी प्रसिद्ध व्यक्‍ति)को मृत शरीर वा अस्थिहरू आधा गाडिएको छ","a burial vault (usually for some famous person)"
"22078",1,"बिसाउनी | बिसौनी | विश्रान्ति-गृह | विश्राम स्थल","rest house","आराम गर्ने ठाउँ","a building used for shelter by travelers (especially in areas where there are no hotels)"
"22104",1,"रिभल्वर | रिवल्वर","revolver | six-gun | six-shooter","एक प्रकारको तमन्चा जसमा एकैचोटी धेरै गोलिहरू एकोहोरो छोड्न सकिन्छ","a pistol with a revolving cylinder (usually having six chambers for bullets)"
"22148",1,"अखडा | मल्ल भूमि","ring","त्यो स्थान जहाँ पहलमानहरू कुश्ती लडछन्","a square platform marked off by ropes in which contestants box or wrestle"
"22169",1,"बाटो | मार्ग | सडक","road | route","गन्तव्य स्थान सम्म पुग्नका लागि बिचमा पर्ने त्यो भूभाग जहाँबाट हिँडन पर्छ","an open way (generally public) for travel or transportation"
"22176",1,"बाटो | रोड | सडक","roadway","आउने-जाने फराकिलो पक्का बाटो","a road (especially that part of a road) over which vehicles travel"
"22187",1,"रकेट | राकेट","rocket | rocket engine","एक प्रकारको आकाश यान जुन एक विशेष ग्यासको प्रतिक्रिया फलस्वरूप उडछ","a jet engine containing its own propellant and driven by reaction propulsion"
"22195",1,"एक्स-रे | एक्स रे | ऐक्स-रे | ऐक्स रे","roentgenogram | x-ray | x-ray photograph | x-ray picture | x ray","रोग निदानका लागि क्ष-किरणको सहायताले लिने शरीरको कुनै आन्तरिक भागको फोटो","a radiogram made by exposing photographic film to X rays; used in medical diagnosis"
"22223",1,"छत् | छाना | छानो","roof","NO_GLOSS","a protective covering that covers or forms the top of a building"
"22232",1,"बास | बास-स्थान","roost","त्यो स्थान जहाँ चरा बसेर रात बिताउँछन्","a shelter with perches for fowl or other birds"
"22245",1,"गुलाब-जल | गुलाबजल","rose water","गुलाबको फुलबाट निकालिएको अर्क","perfume consisting of water scented with oil of roses"
"22262",1,"रातोपन | लालिमा | लाली","blusher | paint | rouge","एक प्रकारको लाल वा गुलाबी प्रसाधन-सामग्री जसलाई गालामा लगाइन्छ","makeup consisting of a pink or red powder applied to the cheeks"
"22290",1,"रबड | रबर","pencil eraser | rubber | rubber eraser","रबरको त्यो टुकुरो जसले पेन्सिल आदिको लेखाइ मेटिने गरिन्छ","an eraser made of rubber (or of a synthetic material with properties similar to rubber); commonly mounted at one end of a pencil"
"22301",1,"खण्डहर | भग्नावशेष","ruin","कुनै टुटे-फुटेको अथवा लडेका घर आदिको अंश","a ruined building"
"22302",1,"नाप | स्केल","rule | ruler","NO_GLOSS","measuring stick consisting of a strip of wood or metal or plastic with a straight edge that is used for drawing straight lines and measuring lengths"
"22316",1,"दौडबाटो | रनवे","runway","हवाईजहाज ओर्लिने र उड्नका लागि बनाइएको पातलो लामो बाटो","a strip of level paved surface where planes can take off and land"
"22343",1,"बाकस | सन्दुक","safe","फलामको त्यो सन्दुक वा सानो आल्मारी जसमा रूपैयाँ आदि राखिन्छ","strongbox where valuables can be safely kept"
"22358",1,"सुरक्षा पिन | सेफ्टी पिन","safety pin","बकलसका रूपमा त्यो पिन जसको माथिल्लो भाग कस्तो हुन्छ भने पिनको टुप्पाले लगाउनेलाई घोच्दैन","a pin in the form of a clasp; has a guard so the point of the pin will not stick the user"
"22362",1,"पाल","canvas | canvass | sail | sheet","त्यो लामो-चौडो कपडा जसलाई नाउको मस्तुलबाट हावाको बेग बनाउनका लागि बाँध्ने गरिन्छ:अकस्मात् हुरी आउनाले नाउको दुर्बल पाल फाट्यो","a large piece of fabric (usually canvas fabric) by means of which wind is used to propel a sailing vessel"
"22383",1,"थाल | रिकापी","salver","सानो थालको आकारको बिट फर्केको भाँडो:सीता थालमा खाजा निकाल्दै छे","a tray (or large plate) for serving food or drinks; usually made of silver"
"22395",1,"सेन्डल | सेन्डिल","sandal","एक प्रकारको चप्पल जसमा एडी,खुट्टा आदिमा बाँध्नको लागि पट्टा हुन्छ","a shoe consisting of a sole fastened by straps to the foot"
"22408",1,"गुन्यु | साडी | सारी","saree | sari","एक प्रकटरको स्त्रीको परिधान जुन शरीरमा  बेरेर लगाइन्छ:सीता हरियो रङको साडी लगाउन मन पराउँछे","a dress worn primarily by Hindu women; consists of several yards of light material that is draped around the body"
"22417",1,"कृत्रिम उपग्रह | मानव निर्मित उपग्रह | सेटेलाइट","artificial satellite | orbiter | satellite","त्यो उपग्रह जसको निर्माण मानवद्वारा गरिएको छ","man-made equipment that orbits around the earth or the moon"
"22421",1,"साटन","satin","एकखाले चिप्लो वा चम्किलो कपडा","a smooth fabric of silk or rayon; has a glossy face and a dull back"
"22472",1,"पाठशाला | पाठालय | विद्यालय | स्कुल","school | schoolhouse","त्यो स्थान जहाँ प्राथमिक,माध्यमिक वा उच्च माध्यमिक स्तरको औपचारिक शिक्षा दिइन्छ:यस विद्यालयमा एकदेखि पाँचौंसम्मको शिक्षा दिइन्छ","a building where young people receive education"
"22473",1,"झोला | थैलो | बस्ता | स्कूल ब्याग","schoolbag","त्यो थैलो जसमा विद्यार्थीले पुस्तक,पुस्तिका आदि राख्छन्","a bag for carrying school books and supplies"
"22485",1,"कैँची","pair of scissors | scissors","कपाल,लुगा आदि काट्ने साधन:यस कैँचीमा धार छैन","and edge tool having two crossed pivoting blades"
"22493",1,"अङ्क-तालिका | अङ्क तालिका | अङ्कतालिका","scoreboard","त्यो तालिका जसमा कुनै खेल आदिमा सम्मलित प्रतियोगीहरूद्वारा प्राप्त अङ्क लेखिएको हुन्छ","a large board for displaying the score of a contest (and some other information)"
"22516",1,"पेचकस","screwdriver","त्यो हतियार जसले पेच बसाउने वा जडने गरिन्छ","a hand tool for driving screws; has a tip that fits into the head of a screw"
"22519",1,"घुमाउ | पेच","screw thread | thread","पेच आदिमा बनेको गोला घुमाउरो:पेच भएको कारणले स्क्रु कुनै वस्तुमा सजिलोसँग लाग्छ","the raised helical rib going around a screw"
"22553",1,"टाँका | फडको | सिलाइ","seam","लुगा,चमडा आदि सिलाउँदा त्यसमा बनिने धागाको रेखा","joint consisting of a line formed by joining two pieces"
"22665",1,"कल | सिउने मशीन | सिलाइ मशीन","sewing machine","त्यो मशीन जसले कपडा आदि सिउने काम गरिन्छ","a textile machine used as a home appliance for sewing"
"22666",1,"सियो | सुइरो","sewing needle","धातुको त्यो मसिनो उपकरण जसका छिँडमा धागो छिराएर लुगा सिलाइन्छ:लुगा सिलाउँदा सीताको हातमा सियो गाडियो","a needle used in sewing to pull thread through cloth"
"22722",1,"ताक","shelf","केही राख्‍नका लागि बेरामा बनाइएको सानो ठाउँ:उसले दियोलाई ताकमा राख्यो","a support that consists of a horizontal surface for holding objects"
"22730",1,"आवास | शरण","shelter","NO_GLOSS","a structure that provides privacy and protection from danger"
"22735",1,"ढाल","buckler | shield","तरवारको चोट रोक्ने एउटा साधन:ढालले योद्धालाई सुरक्षा प्रदान गर्छ","armor carried on the arm to intercept blows"
"22736",1,"कवच","shield","NO_GLOSS","a protective covering or structure"
"22745",1,"जहाज","ship","NO_GLOSS","a vessel that carries passengers or freight"
"22754",1,"कमीज | शर्ट | सर्ट","shirt","NO_GLOSS","a garment worn on the upper half of the body"
"22764",1,"जुत्ता | जूता","shoe","NO_GLOSS","footwear shaped to fit the foot (below the ankle) with a flexible upper of leather or plastic and a sole and heel of heavier material"
"22782",1,"दोकान | पसल","shop | store","त्यो मान्छेले बनाएको ठाउँ जहाँ बेच्ने सामानहरू हुन्छन् र बिक्छन् वा पैसा लिएर कुनै काम गरिन्छ:यस बजारमा मेरो एउटा फलको पसल छउनी नापितको पसलमा कपाल काट्न गएको छ","a mercantile establishment for the retail sale of goods or services"
"22813",1,"बेल्चा","shovel","एउटा उपकरण जसले माटो आदि उघाएर कतै हाल्ने वा कुनै सामानहरू भर्ने गर्छ:उनी बेल्चाले कोइला उघाएर टोकरीमा हाल्दै छन्","a hand tool for lifting loose material; consists of a curved container or scoop and a handle"
"22823",1,"प्रदर्शनकक्ष | बिक्री-कक्ष | सोरुम","saleroom | salesroom | showroom","त्यो कक्ष वा क्षेत्र जसमा बिक्री गर्ने वस्तुहरू सजाएर राखिएका हुन्छन्","an area where merchandise (such as cars) can be displayed"
"22833",1,"सटर","shutter","फलामको दैलो जुनचाहिँ खोलिँदा एकैठाउँमा भेला हुन्छ","a hinged blind for a window"
"22872",1,"नाम-पट्ट | नाम-पट्टिका | नाम पट्ट | नाम पट्टिका | नामपट्ट | नामपट्टिका | साइन-बोर्ड | साइनबोर्ड","sign | signboard","त्यो पट्ट जसमा कुनैस व्यक्ति, दोकान वा संस्था आदिको नाम वा कुनै विज्ञापन लेखिएको हुन्छ","structure displaying a board on which advertisements can be posted"
"22882",1,"रेश्मी लुगा | रेश्मी वस्त्र","silk","रेशमले बनिएको वस्त्र","a fabric made from the fine threads produced by certain insect larvae"
"22907",1,"गन्जी | भोटो","singlet | undershirt | vest","शरीरको माथिल्लो भागमा लगाइने एउटा भित्री लुगा:उनी केवल गन्जी र लुगा लगाएर घुम्दै छन्","a collarless men's undergarment for the upper part of the body"
"22913",1,"साइरन","siren","कल-कारखाना आदिका कर्मचारीहरूलाई सचेत गराउनका लागि धेरै जोरले बजाइने एक प्ररकारको सिटी","an acoustic device producing a loud often wailing sound as a signal or warning"
"22915",1,"सितार | सितारा","sitar","तारले बनेको एउटा बाजा:दिपक सितार बजाउन कुशल छ","a stringed instrument of India; has a long neck and movable frets; has 6 or 7 metal strings for playing and usually 13 resonating strings"
"22968",1,"रकेट","rocket | skyrocket","एकखाले पटका जुनचाहिँ अकासमा गएर पडकिन्छ","sends a firework display high into the sky"
"22988",1,"स्लिपिङ्ग ब्याग","sleeping bag","NO_GLOSS","large padded bag designed to be slept in outdoors; usually rolls up like a bedroll"
"22991",1,"बाहुलो","arm | sleeve","लगाउने लुगाको त्यो भाग जसले पाखुरा ढाक्‍छ:उनको कुर्ताको बाहुलो फाट्यो","the part of a garment that is attached at the armhole and that provides a cloth covering for the arm"
"23016",1,"नकल कपी","slip | slip of paper","त्यो कागज जसमा कुनै लेख वा विवरण आदि घोटेर लेखिन्छ","a small sheet of paper"
"23023",1,"स्लीपर | हवाई चप्पल","carpet slipper | slipper","रबर,प्लास्टिक आदिले बनेको एक प्रकारको चप्पल","low footwear that can be slipped on and off easily; usually worn indoors"
"23097",1,"साबुन | साबोन","soap","शरीर र कपडाहरू सफा गर्नका लागि क्षार, तेल आदिले बनाएको एउटा पदार्थ:उनी सधैँ साबुन लगाएर नुहाउँछन्","a cleansing agent made from the salts of vegetable or animal fats"
"23106",1,"फुटबल | भकुन्डो","soccer ball","मैदानमा लात्तीले हानेर खेलिने एउटा ठुलो गोला वा बल","an inflated ball used in playing soccer"
"23107",1,"जुराफ | मोजा","sock","खुट्टामा लगाउने साधन:जाडो दिनमा मान्छेहरू ऊनीको मोजा लगाउँछन्","hosiery consisting of a cloth covering for the foot; worn inside the shoe; reaches to between the ankle and the knee"
"23119",1,"सोफा","couch | lounge | sofa","बस्ने गद्दीवाला आसन:तपाईं सोफामा राम्रारी बस्नुहोस्","an upholstered seat for more than one person"
"23184",1,"हुकुम","spade","ताशका पत्ताहरूका चार भेदहरूमा एक जसमा डण्ठा सहित पानको पत्ताको आकारको कालो रङ्कका बुटीहरू हुनछन्","a playing card in the major suit that has one or more black figures on it"
"23219",1,"उपनेत्र | चश्मा | चस्मा","eyeglasses | glasses | specs | spectacles","NO_GLOSS","optical instrument consisting of a pair of lenses for correcting defective vision"
"23230",1,"गति मापक | गति मापी | मिटर | स्पिडोमिटर","speed indicator | speedometer","त्यो यन्त्र जसद्वारा कुनै चल्ने वस्तु आदिको गति नापिन्छ","a meter fixed to a vehicle that measures and displays its speed"
"23248",1,"काँटी | किलो","spike","बेरामा ठोकिएको काठ, फलामआदिको मोटो किलो:सीताले कपडा टाँग्नका लागि बेरामा काँटी ठोक्दै छिन्","a long sharp-pointed implement (wood or metal)"
"23267",1,"चर्खा","spinning wheel","धागो काट्ने काठको एउटा यन्त्र:महात्मा गान्धी आफै चर्खा चलाउँथे","a small domestic spinning machine with a single spindle that is driven by hand or foot"
"23297",1,"चमच | चमचा | चम्चा","spoon","एक प्रकारको सानो चम्ची:आमाले नानीलाई चम्चाले दुध खुवाउँदै छिन्","a piece of cutlery with a shallow bowl-shaped container and a handle; used to stir or serve or take up food"
"23313",1,"टुटी","spout","त्यो नली जुन चाहिँ झारी आदिमा लागेको हुन्छ र जसबाट तरल पदार्थ बाहिर आउँछ","an opening that allows the passage of liquids or grain"
"23317",1,"पचका | पिचकारी","spray gun","नलीका आकारको एउटा साधन जसबाट तरल पदार्थ भित्र तानेर फेरि फुहाराको रूपमा  वा वेगसित बाहिर फ्याकिन्छ","an applicator resembling a gun for applying liquid substances (as paint) in the form of a spray"
"23369",1,"स्टेडियम","arena | bowl | sports stadium | stadium","खेलको मैदान विशेषतः जसमा दर्शकहरू बस्नका लागि ठाउँ बनिएको छ","a large structure for open-air sports or entertainments"
"23371",1,"मचान | मञ्च | रङ्गमञ्च | स्टेज","stage","त्यो अग्लो मण्डप या स्थान जहाँ बसेर या उभिएर सर्वसाधारणका अगाडि कुनै कार्य गरिन्छ या केही भनिन्छ","a large platform on which people can stand and can be seen by an audience"
"23381",1,"भर्याङ","staircase | stairway","NO_GLOSS","a way of access (upward and downward) consisting of a set of steps"
"23444",1,"बाफेनाउ | वाष्पनौका","steamboat","त्यो नाउ जुन बाफले चल्छ:म वाष्प नौकाद्वारा गङ्गा तरेँ","a boat propelled by a steam engine"
"23446",1,"भाप इन्जन | वाष्प इन्जन","steam engine","त्यो इन्जन जुन भापले चल्छ","external-combustion engine in which heat is used to raise steam which either turns a turbine or forces a piston to move up and down in a cylinder"
"23453",1,"बेलना | रोलर","road roller | steamroller","बेलना लगाएको त्यो वाहन जसले स्थानहरू समतल बनाउने काम गर्द छ","vehicle equipped with heavy wide smooth rollers for compacting roads and pavements"
"23522",1,"सिलाइ","stitch","सिउने भाव,क्रिया वा प्रक्रिया","sewing consisting of a link or loop or knot made by drawing a threaded needle through a fabric"
"23567",1,"भँडार | सङ्ग्रहण स्थान | सञ्चयन स्थान","depot | entrepot | storage | store | storehouse","यस्तो स्थान जहाँ वस्तु आदि सङ्ग्रह गरिन्छ","a depository for goods"
"23568",1,"गोदाम | भँडार | भण्डार | भन्डार","storage room | storeroom | stowage","चीजहरू राख्‍ने घर:भँडार घरमा मुसाको बिगबिगि छ","a room in which things are stored"
"23586",1,"छुरा","straight razor","कपाल काट्ने छुरा:कपाल खौरिँदा नापितले छुराले कानको छेउमा काटिदियो","a razor with a straight cutting edge enclosed in a case that forms a handle when the razor is opened for use"
"23602",1,"ट्राम | ट्रामगाडी","streetcar | tram | tramcar | trolley | trolley car","रेलको जस्तो लोहाको लिकमा बिजुलीद्वारा चल्ने एकखाले गाडी:कलकत्तामा ट्राम चल्दछन्","a wheeled vehicle that runs on rails and is propelled by electricity"
"23649",1,"अध्ययनकक्ष | पढाइकोठा","study","अध्ययन गर्ने कोठो:सुधीर अध्ययन कक्षामा बसेर पढाइ गर्दै छन्","a room used for reading and writing and studying"
"23656",1,"स्टम्प(किला)","stump","क्रिकेटको खेलमा उपयोग हुने तीन डन्डा जसको अघि उभिएर डन्डाबाज डन्डाबाजी गर्छन्","(cricket) any of three upright wooden posts that form the wicket"
"23658",1,"बौद्ध-स्तुप | बौद्धस्तुप | स्तुप | स्तूप","stupa | tope","NO_GLOSS","a dome-shaped shrine erected by Buddhists"
"23667",1,"पनडुबी | पनडुब्बी","pigboat | sub | submarine | u-boat","पानी भित्र डुबेर हिन्ने एक प्रकारको आधुनिक जलयान","a submersible warship usually armed with torpedoes"
"23714",1,"छायाँयन्त्र | धुपघडी | नरयन्त्र","sundial","एकखाले यन्त्र जसमा घामको स्थितिलाई हेरेर समयको अनुमान गरिन्छ","timepiece that indicates the daylight hours by the shadow that the gnomon casts on a calibrated dial"
"23782",1,"झुम्रो","mop | swab | swob","पुछ्ने लुगा","cleaning implement consisting of absorbent material fastened to a handle; for cleaning floors"
"23800",1,"सुइटर | स्वेटर","sweater","ऊन आदिले बनिएको त्यो पहिरन जुनचाहिं चिसोबाट बाँच्नका लागि लगाइने गरिन्छ","a crocheted or knitted garment covering the upper part of the body"
"23807",1,"तरणताल | स्वीमींग पुल","natatorium | swimming bath | swimming pool","त्यो तलाउ जुनचाहिँ विशेषगरि पौरी खेल्नकालागि बनाइएको हुन्छ","pool that provides a facility for swimming"
"23810",1,"पिङ","swing","रूख वा घरको छानामा झुन्डाइएको  डोरीहरू जसमा तख्ता आदि बाँधेको हुन्छ र यसमा बसेर हल्लिने गर्दछन्:उनी आफ्नो बगैंचामा पिङ हाल्दै छिन्","mechanical device used as a plaything to support someone swinging back and forth"
"23837",1,"इन्जेक्शन | सुई","syringe","चिकित्सा-क्षेत्रमा नलीका आकारको एउटा सानो साधन जसले शरीरका नसाहरू वा रगतमा तरल औषधि पुर्‍याउने गर्दछन्","a medical instrument used to inject or withdraw fluids"
"23846",1,"टेबुल | मेज","table","लेख्‍न-पढ्न वा खाना खानका लागि बनाइएको अग्लो टेबुल:टेबुलमा किताब छरिएका छन्","a piece of furniture having a smooth flat top that is usually supported by one or more vertical legs"
"23848",1,"टेबुलपोश","tablecloth","टेबुलमा ओछ्याउने कपडा","a covering spread over a dining table"
"23903",1,"तन्दुर","tandoor","रोटी पकाउने माटाको एकखाले ठुलो भट्टी","a clay oven used in northern India and Pakistan"
"23906",1,"टयाङ्क | टैंक","armored combat vehicle | armoured combat vehicle | army tank | tank","फलामको एकखाले बख्तरबन्द गाडी जसमा तोप चडाएको हुन्छ:यो ट्याङ्क होचो अग्लो माटो र पानीमा पनि चल्न सक्छ","an enclosed armored military vehicle; has a cannon and moves on caterpillar treads"
"23924",1,"घुँडी | तुना | फिता | लोती","tape","त्यो चिज जसले केही बाँध्न सकिन्छ","a long thin piece of cloth or paper as used for binding or fastening"
"23925",1,"टेप","tape | tape recording | taping","चुम्बकीय फित्तामा रेकार्ड गर्ने क्रिया","a recording made on magnetic tape"
"23926",1,"टेप | माप-पट्टी","tape | tape measure | tapeline","दूरत्व जोख्‍ने एउटा माप","measuring instrument consisting of a narrow strip (cloth or metal) marked in inches or centimeters and used for measuring lengths"
"23931",1,"टेप | टेप रेकर्डर","tape machine | tape recorder","त्यो यन्त्र जसमा गीत,भाषण आदि टेप गर्न वा सुन्न सकिन्छ","a magnetic recorder using magnetic tape"
"23942",1,"तिरपाल","tarp | tarpaulin","रोगन गरिएको एकखाले टाट जुन चाहिँ घाम र पानीबाट रक्षा गर्नका लागि चिजहरूमाथि ओडाउने वा राख्‍ने गरिन्छ","waterproofed canvas"
"23959",1,"अध्यापन साधन | टिचिङ् एड","teaching aid","त्यो साधन,सामग्री जुनचाहिँ शिक्षणका समयमा उपयोग गरिन्छ","materials and equipment used in teaching"
"23986",1,"टेलिफुन | टेलिफोन | दूरभाष | फोन","phone | telephone | telephone set","त्यो यन्त्र जसकोद्वारा एउटा स्थानबाट भनिएको कुरो अर्को ठाउँमा सुनिन्छ","electronic equipment that converts sound into electrical signals that can be transmitted over distances and then converts received signals back into sounds"
"24011",1,"टिवी | टेलिविजन | दूरदर्शन","boob tube | goggle box | idiot box | television | television receiver | television set | telly | tv | tv set","त्यो उपकरण जसद्वारा टाढा घटने दृश्यहरू देखिन्छन्","an electronic device that receives television signals and displays them on a screen"
"24020",1,"मन्दिर","temple","त्यो भवन जुनचाहिँ कुनै विशेष वा महान् उद्देश्यका लागि समर्पित हुन्छ","an edifice devoted to special or exalted purposes"
"24069",1,"टेस्ट ट्यूब | परखनली","test tube","NO_GLOSS","glass tube closed at one end"
"24080",1,"छत | छानो","thatch | thatched roof","खरले छाएको घरको छानो:वर्षामा घरको छानाबाट पानी चुहुन थाल्यो","a house roof made with a plant material (as straw)"
"24084",1,"नाट्‍यशालामञ्च | रङ्गमञ्च","theater stage | theatre stage","नाट्यशालाहरूमा विशेषत: त्यो स्थान जसमा अभिनेता, अभिनेत्री आदि अभिनय गर्छन्:म रङ्गमञ्चको छेउमै बसेर नाटकको आनन्द लिइरहेको थिएँ","a stage in a theater on which actors can perform"
"24097",1,"तापमापक यन्त्र | तापमापी | थर्मामिटर","thermometer","NO_GLOSS","measuring instrument for measuring temperature"
"24100",1,"थर्मस","thermos | thermos bottle | thermos flask","एउटा भाँडो जसमा राखिएको तरल पदार्थको तापमान धेरै समयसम्म आफ्नो अवस्थामा रहन्छ  कम हुँदैन","vacuum flask that preserves temperature of hot or cold drinks"
"24122",1,"डोरी | धागो | सुत","thread | yarn","कपास, रेशम आदिको त्यो लामो रूप जुन बाटेरतयार पारिन्छ:त्यो साडी रेशमको धागाले बनाइएको हो","a fine cord of twisted fibers (of cotton or silk or wool or nylon etc.) used in sewing and weaving"
"24209",1,"चहकमहक","tinsel","बानवटी आभा वा दिप्‍ती","a showy decoration that is basically valueless"
"24242",1,"किलो | खाँबो","toggle","सानो किलो","a fastener consisting of a peg or pin or crosspiece that is inserted into an eye at the end of a rope or a chain or a cable in order to fasten it to something (as another rope or chain or cable)"
"24282",1,"दाँत","tooth","दाँतका आकारमा निक्लेका वस्तु","something resembling the tooth of an animal"
"24284",1,"टूथ-ब्रुश | टूथ ब्रुश | टूथब्रुश","toothbrush","दाँत सफा गर्ने ब्रुश","small brush; has long handle; used to clean teeth"
"24286",1,"दन्तखोदनी","toothpick","त्यो पात्लो सिको जसले दाँत खोतलिन्छ","pick consisting of a small strip of wood or plastic; used to pick food from between the teeth"
"24287",1,"टुथ पाउडर | दन्त मन्जन","tooth powder | toothpowder","दाँत सफा गर्ने चूर्ण वा बुकुनी","a dentifrice in the form of a powder"
"24303",1,"चिराक | मसाल | राँको","torch","लौरामा झुम्रो बेरेर बनाइएको बाल्ने धेरै मोटो बत्ती जसलाई हातमा लिएर हिँडछन्","a light carried in the hand; consists of some flammable substance"
"24346",1,"पटरी | रेल पटरी | रेल पथ | रेल लाईन | रेलपथ | रेलवे लाइन","track","फलामको त्यो लामो समानान्तर डन्ठा जसमा रेलगाडीका चका कुद्‍ने गर्छन्","a pair of parallel rails providing a runway for wheels"
"24355",1,"टेक्टर","tractor","खेती गर्ने तथा सामान बोक्ने काममा आउने  एउटा गाड़ी","a wheeled vehicle with large wheels; used in farming and other applications"
"24457",1,"त्रिशूल","trident","NO_GLOSS","a spear with three prongs"
"24471",1,"त्रिपाइ","tripod","त्यो वस्तु जसमा तीनवटा खुट्टा हुन्छन्:कालोपाटीलाई त्रिपाइमा ठड्याइ देऊ","a three-legged rack used for support"
"24489",1,"ट्रफी","prize | trophy","जितेको उपलक्ष्यमा दिइने वस्तु","something given as a token of victory"
"24496",1,"पतलुन | पैन्ट","pant | trouser","त्यो अङ्ग्रेजी ढङ्गको पाइजामा जसमा इँजार लगाइँदैन र बटन लगाएर बन्द गरिन्छ:जाडाको दिनमा ऊनको पतलुन लगाउन राम्रो हुन्छ","(usually in the plural) a garment extending from the waist to the knee or ankle, covering each leg separately"
"24499",1,"ट्रक | लोहोरी","motortruck | truck","माल बोक्ने मटर गाडी","an automotive vehicle suitable for hauling"
"24503",1,"रङ तुरूप","trump","तासको खेलमा त्यो पत्ता जुन चाहिं खास समयमा अरू पत्ताहरूभन्दा धेरै महत्व राख्दछ","(bridge or whist) the suit that has been declared to rank above all other suits for the duration of the hand"
"24568",1,"बुर्ज","turret","मिनारको माथिल्लो भाग अथवा कुनै घरको माथि बनेको मिनार","a small tower extending above a building"
"24589",1,"टङ्कन यन्त्र | टाइप राइटर","typewriter","एउटा यन्त्र जसद्वारा पत्र आदि छाप्ने कलको समान लेख्छ, मुद्रण वा अङ्कित गरिन्छ","hand-operated character printer for printing written messages one character at a time"
"24612",1,"अन्तरीय | भित्री","underclothes | underclothing | underwear","भित्र लगाउने वस्त्र","undergarment worn next to the skin and under the outer garments"
"24615",1,"पोसाक | बर्दी | वरदी | वर्दी","uniform","एकैखालका ती लुगा जुनचाहिँ कुनै विशेष वर्ग वा दलका सबै मान्छेले लगाउनका लागि निर्धारित गरिएको हुन्छ","clothing of distinctive design worn by members of a particular group as a means of identification"
"24636",1,"पिसाब घर | मूत्रालय | शौचालय","urinal","त्यो स्थान जहाँ मान्छेले पिसाब फेर्छन्","a plumbing fixture (usually attached to the wall) used by men to urinate"
"24637",1,"कलश | गाग्रो | घट | घडा","urn","पानी भराउने र राख्‍ने एक प्रकारको भाँडो:खाली घडामा पानी भरिदेऊ","a large vase that usually has a pedestal or feet"
"24668",1,"फुलदानी","vase","फुलको झुप्पो राख्‍ने काँच,धातु,माटो आदिको पात्र","an open jar of glass or porcelain used as an ornament or to hold flowers"
"24683",1,"मखमल","velvet","एक प्रकारको राम्रो रेसमी कपडा","a silky densely piled fabric with a plain back"
"24699",1,"कौसी | बरण्डा | बार्दली","gallery | veranda | verandah","घरमा अघिल्तिर वा अलिकति बाहिर निस्केर छायाँ परेको ठाउँ:श्याम कौसीमा बसेर चिया खाँदै छन्","a porch along the outside of a building (sometimes partly enclosed)"
"24714",1,"जलयान","vessel | watercraft","पानीमा हिडने यान वा वाहन","a craft designed for water transportation"
"24799",1,"पद पथ | फुटपाथ","paseo | walk | walkway","बाटाको किनारको त्यो भाग जसमा मान्छे पैदल हिँडछन्","a path set aside for walking"
"24811",1,"पर्खाल | बेरा | भित्तो","wall","ढुङ्गा, इँटा, माटो आदिद्वारा उभ्याइएको त्यो पर्दा जसले कुनै ठाउँ घेरेर कोठो, घर आदि बनाइन्छ:ढुङ्गाको पर्खाल दह्रो हुन्छ","an architectural partition with a height and length greater than its thickness; used to divide or enclose an area or to support another structure"
"24812",1,"कोष्ठ | प्राचीर | बेष्टनी","wall","रक्षाका लागि चारैतिरै बनाइएको पर्खाल","a masonry fence (as around an estate or garden)"
"24825",1,"रोगी कक्ष | रोगी कोठा | वार्ड","hospital ward | ward","अस्पतालमा रोगीका लागि बनिएको कक्ष","block forming a division of a hospital (or a suite of rooms) shared by patients who need a similar kind of care"
"24841",1,"जङ्गीजहाज | युद्धपोत","combat ship | war vessel | warship","लडाइँ गर्ने समुद्री जहाज जसमा धेरैजसो तोपहरू राखिएको हुन्छ:अफगानिस्थानको युद्धका समयमा धेरै अमेरिकान युद्धपोत अरब सागरमा आफ्नो तत्पर भएका थिए","a government ship that is available for waging war"
"24892",1,"मिटर","water meter","त्यो यन्त्र जसद्वारा घरमा आउने पानी नापिन्छ","meter for measuring the quantity of water passing through a particular outlet"
"24893",1,"पानीजाँतो","water mill","पानीको बहावको शक्‍तिले चल्ने जाँतो","a mill powered by a water wheel"
"24895",1,"बर्सादी","waterproof","एक प्रकारको मोमजामेको कपडा जसलाई लगाउँदा वा ओढनाले पानीले कुनै वस्तु, शरीर आदि भिज्दैनन्","any fabric impervious to water"
"24914",1,"बाटो | मार्ग | सडक","way","त्यो जताबाट गन्तव्यसम्म पुग्न सकिन्छ वा जतातिरबाट अघि बढ्न सकिन्छ:हजाइजहाजको पनि आफ्नो मार्ग हुन्छ","any artifact consisting of a road or path affording passage from one place to another"
"24917",1,"शस्त्र | हतियार | हस्तास्त्र","arm | weapon | weapon system","त्यो साधन जसद्वारा युद्ध आदिका बेला शत्रुमाथि आक्रमण तथा आत्मरक्षा गरिन्छ","any instrument or instrumentality used in fighting or hunting"
"24929",1,"दिग्दर्शक","vane | weather vane | weathervane | wind vane","हावाको दिशा सूचित गर्ने यन्त्र","mechanical device attached to an elevated structure; rotates freely to show the direction of the wind"
"24947",1,"धरमकाँटा | धर्मकाँटा","weighbridge","बोझाइ गरेको वाहनलाई तौलिनका लागि प्रयोग गरिने ठुलो काँटा","platform scale flush with a roadway for weighing vehicles and cattle etc"
"24986",1,"कशा | कोर्रा | चाबुक","whip","बाटेको धागो वा चमडाको त्यो डोरी जसले जनावरहरूलाई हिँडाउन वा खेदाउनका लागि हिर्काउने गरिन्छ:जनावरलाई वशमा राख्‍नका लागि चाबुकको प्रयोग गरिन्छ","an instrument with a handle and a flexible lash that is used for whipping"
"24998",1,"सिटी","whistle","त्यो बाजा जसलाई फुक्दा सिटीको आवाज आउँछ:सिपाहीले आफ्ना सहकर्मीहरूलाई बोलाउनका लागि बारम्बार सिटी बजाउन थाल्यो","acoustic device that forces air or steam against an edge or into a cavity and so produces a loud shrill sound"
"25001",1,"युद्ध विराम झण्डा | युद्ध विराम ध्वज | युद्ध विराम ध्वजा","flag of truce | white flag","त्यो ध्वज जो युद्धलाई विराम दिन या आत्म समर्पण गर्न फहराइन्छ","flag consisting of a piece of white cloth that is hoisted to signal surrender or to ask for a truce"
"25005",1,"सेतो","whitewash","पर्खाल आदिमा चुन वा सेतो रङको लिपाइ","wash consisting of lime and size in water; used for whitening walls and other surfaces"
"25008",1,"कोठी | रन्डीखाना | वेश्यालय","bagnio | bawdyhouse | bordello | brothel | cathouse | house of ill repute | house of prostitution | sporting house | whorehouse","त्यो स्थान जहाँ वेश्याहरू पेसा गर्दछन्","a building where prostitutes are available"
"25016",1,"विकेट","wicket","क्रिकेट खेलमा उपयोग गरिने तीनवटा डन्ठा र गोलीको समूह","cricket equipment consisting of a set of three stumps topped by crosspieces; used in playing cricket"
"25079",1,"नेपथ्य","backstage | offstage | wing","अभिनयहरूमा रङ्गमञ्चका पर्दापछिको त्यो भाग वा स्थान जहाँ नाटकका पात्र आफ्नो भेष बनाउँछन्:नाटकको बीचमा नेपथ्यबाट बोलेको आवाज आइरहेको थियो","a stage area out of sight of the audience"
"25087",1,"तन्तु | तार","wire","धातुलाई लन्काएर बनाइएको तन्तु","ligament made of metal and used to fasten things or make cages or fences etc"
"25102",1,"कटघरा | कटहरा | कठघरा","witness box | witness stand","न्यायालयमा काठले बनेको त्यो घेरा जहाँ उभिएर गवाहले गवाही दिन्छ","a box enclosure for a witness when testifying"
"25104",1,"कराही | ताप्के","wok","रापमा बसाउने धातु आदिको सानो गोलो भाँडो:आमा कराहीमा तरकारी पकाउँदै हुनुहुन्छ","pan with a convex bottom; used for frying in Chinese cooking"
"25157",1,"पाना | रेन्च | स्पेनर","spanner | wrench","एउटा हस्तोपकरण जसले नट,बोल्टु आदि कसिन्छ वा खोलिन्छ","a hand tool that is used to hold or twist a nut or bolt"
"25170",1,"लेखन उपकरण","writing implement","त्यो उपकरण जसद्वारा केही लेखिन्छ या जो लेख्‍ने काममा आउँछ","an implement that is used to write"
"25173",1,"छाया-प्रति | छायाप्रति | जेरक्स | जेरक्स-कपी | फोटोस्टेट","xerox | xerox copy","एक विशेष यन्त्रद्वारा निकालिएको कुनै लेखिएको वा छापिएको कागज आदिको प्रति जुन मूलप्रति कै समान हुन्छ","a copy made by a xerographic printer"
"25197",1,"जुआ | जुवा","yoke","गोरुगाडी र हलो आदिको अगाडिको गोरुका काँधमा बाँध्ने काठ:किसानले जुवालाई गोरुका काँधमा हालेका छन्","stable gear that joins two draft animals at the neck so they can work together as a team"
"25211",1,"ज्योतिष-चक्र | ज्योतिषचक्र | राशि-चक्र | राशि मण्डल | राशिचक्र | राशिमण्डल","zodiac","क्रान्तिवृत्तमा पर्ने ताराहरूको समूह जसलाई बाह्र भागमा बाँडिएको छ, यसका प्रत्येक भागलाई राशि भनिन्छ","(astrology) a circular diagram representing the 12 zodiacal constellations and showing their signs"
"25221",1,"व्यक्तित्व","personality","व्यक्तिको गुण या भाव","the complex of all the attributes--behavioral, temperamental, emotional and mental--that characterize a unique individual"
"25232",1,"चरित्र | बानी | बेहोरा | स्वभाव","character | fiber | fibre","जीवनमा गरिने कार्यहरू वा आचरहरूको  स्वरूप जुन चाहिँ कसैको योग्यता, मनुष्यत्व आदिको सूचक हुन्छ","the inherent complex of attributes that determine a persons moral and ethical actions and reactions"
"25237",1,"बन्धन् | मायाजाल | संसार","worldliness","सांसारिक झन्झट वा जन्जाल","concern with worldly affairs to the neglect of spiritual needs"
"25242",1,"एक्लो अवस्था | एक्लोपन","aloneness | loneliness | lonesomeness | solitude","सुनसान वा एक्लो भएको दशा वा भाव","a disposition toward being alone"
"25248",1,"मनःस्थिति | मनो अवस्था | मनोदशा | मनोवस्था | मानसिक अवस्था | मानसिकता | मुड","disposition | temperament","मनको अवस्था","your usual mood"
"25285",1,"खुशी | प्रसन्नता | हर्ष","cheer | cheerfulness | sunniness | sunshine","प्रसन्न भएको अवस्था वा भाव:रामको अनुहारमा प्रसन्नताको भाव झल्किरहेको थियोतपाईँलाई भेटेर मलाई खुशी लाग्यो","the quality of being cheerful and dispelling gloom"
"25315",1,"अकर्मण्यता","listlessness | torpidity | torpidness | torpor","काम गर्न योग्य नभएको अवस्था","inactivity resulting from lethargy and lack of vigor or energy"
"25317",1,"अल्छी | आलस्य | सुस्ती | सुस्त्याइँ","faineance | idleness","काम गराइमा अनुत्साह","the trait of being idle out of a reluctance to work"
"25324",1,"माया | मोह","indulgence | lenience | leniency","नानीहरूलाई गरिने प्रेमपूर्ण व्यवहार","a disposition to yield to the wishes of someone"
"25332",1,"सद्भाव | सद्भावना","good will | goodwill | grace","कसैको हित,मङ्गल वा सद्भावको भावना वा त्यसलाई प्रकट गर्ने स्थिति","a disposition to kindness and compassion"
"25333",1,"धीरता | धैर्य | सहनशीलता | स्थिरता","forbearance | longanimity | patience","सङ्कट अथवा दु:खका समयमा मनको स्थिरावस्था:धैर्य राखेर नै दु:खको सामना गर्न सकिन्छ","good-natured tolerance of delay or incompetence"
"25359",1,"अकामता | अनभिलाषिता | अनाकाङ्क्षा | अनिच्छा | अनीहा | अस्पृहा | इच्छाहीनता | निस्पृहता","involuntariness | unwillingness","त्यो मनोवृत्ति जसले कुनै कुरा या वस्तु प्राप्तितिर ध्यान लाँदैन","the trait of being unwilling"
"25364",1,"अचञ्चलता | अचपलता | अचपलापन | उद्वेगहीनता | गम्भीरता | गाम्भीर्य | शान्तचित्तता | स्थिरचित्तता | स्थिरमनस्कता","graveness | gravity | soberness | sobriety | somberness | sombreness","स्थिरचित्त हुने अवस्था या भाव","a manner that is serious and solemn"
"25398",1,"सौहार्द्र","friendliness","सुहृद हुने भाव","a friendly disposition"
"25402",1,"आत्मीयता | आफ्नोपन","closeness | familiarity | intimacy","आफ्‍नो भएको अवस्था वा भाव","close or warm friendship"
"25453",1,"असावधानी | लापरवाही | सावधानहीनता","carelessness | sloppiness","असावधान रहेको अवस्था वा भाव","the quality of not being careful or taking pains"
"25456",1,"अचिन्तन | अविचारण","heedlessness | inadvertence | inadvertency | unmindfulness","कुनै वस्तु, कुरा आदिमा विचार नगर्ने अवस्था या क्रिया","the trait of forgetting or ignoring your responsibilities"
"25459",1,"ढिल्याइ | ढिल्याइँ | शिथिलता","laxity | laxness | remissness | slackness","ढिल्याइँ भएको अवस्था वा भाव","the quality of being lax and neglectful"
"25474",1,"उत्तरदायित्व | गारन्टी | जवाबदेही | जिम्मा | जिम्मादारी | जिम्मावारी | जिम्मेदारी | जिम्मेवारी | ठीका | ठेका | दायित्व | बोझ | भार","responsibility | responsibleness","कुनै कार्य,विषय या कुराको लिइने भार","a form of trustworthiness; the trait of being answerable to someone for something or being responsible for one's conduct"
"25490",1,"अचिन्ता","indifference | nonchalance | unconcern","निश्चिन्त हुने अवस्था","the trait of remaining calm and seeming not to care; a casual lack of concern"
"25508",1,"अनुहार | आकार | आकृति | रूप | स्वरुप","cast | form | shape","कुनै वस्तुको त्यो बाहिरको र देखिएको कुरा जसले त्यसको लम्बाइ, चौडाई, प्रकार, स्वरुप आदिको ज्ञान प्राप्‍त हुन्छ:द्रवको कुनै निश्‍चित् आकार हुँदैन","the visual appearance of something or someone"
"25532",1,"टाटो | दाग | धब्बा","splash","सानो दाग","a patch of bright color"
"25562",1,"आकर्षण","attraction | attractiveness","आकर्षित गर्ने वा तान्ने क्रिया","the quality of arousing interest; being attractive or something that attracts"
"25571",1,"कुरूपता | नराम्रो अनुहार | विरूप","ugliness","कुरूप भएको अवस्था वा भाव","qualities of appearance that do not give pleasure to the senses"
"25591",1,"कोठी | तिल | थोप्लो","mole","छालामा हुने कालो वा रातो रङ्गको धेरै सानो प्राकृतिक चिनो अथवा दाग:उसका गालामा कालो कोठी छ","a small congenital pigmented spot on the skin"
"25592",1,"दाग","mark | scar | scrape | scratch","फल आदिमा परेको कुहिने वा थिचिएको क्रिया","an indication of damage"
"25609",1,"कोठी | तिल","verruca | wart","कालो वा रातो रङ्गको अलिक उठेको मासुको त्यो दानो जुन शरीरमा कतैकतै निक्लिने गर्छ:उनको डड्याल्नामा एउटा कालो कोठी छ","(pathology) a firm abnormal elevated blemish on the skin; caused by a virus"
"25645",1,"अपारदर्शिता","opacity | opaqueness","अपारदर्शी भएको अवस्था वा गुण","the quality of being opaque to a degree; the degree to which something reduces the passage of light"
"25672",1,"अप्ठ्यारो | कठिनता | कठिनाई | गारो | गाह्रो | मुश्किल | सारो | साह्रो","difficultness | difficulty","कठिन हुने अवस्था या भाव","the quality of being difficult"
"25681",1,"कोमलता | नरमपना","niceness | subtlety","मसिनो भएको अवस्था वा भाव","the quality of being difficult to detect or analyze"
"25697",1,"ताल-मेल | तालमेल | सामञ्जस्य","congruence | congruity | congruousness","उपयुक्त र ठिक संयोग या मेल","the quality of agreeing; being suitable and appropriate"
"25700",1,"अनुपत्ति | असंगतता | असंगति | विषमता | विसंगतता | विस्गति","incongruity | incongruousness","असङ्गत हुने अवस्था या भाव","the quality of disagreeing; being unsuitable and inappropriate"
"25703",1,"उपयुक्तता | औचित्य | समीचीनता | समुचितता","suitability | suitableness","उपयुक्‍त भएको अवस्था वा भाव","the quality of having the properties that are right for a specific purpose"
"25709",1,"पात्रता | योग्यता","fitness | fittingness","कुनै पद,कार्य आदिका लागि योग्य हुने अवस्था या भाव","the condition of being suitable"
"25720",1,"प्रभावपूर्ण | प्रभावशालिता","impressiveness","प्रभावशाली भएको अवस्था वा भाव","the quality of making a strong or vivid impression on the mind"
"25731",1,"अनुपयुक्तता | अनौचित्य","inappropriateness | unworthiness","उचित वा उपयुक्त नहुने अवस्था","the quality of being not particularly suitable or befitting"
"25735",1,"अपात्रता | कुपात्रता","disqualification","कुपात्र हुने अवस्था या भाव","unfitness that bars you from participation"
"25739",1,"लोकव्यवहार | लोकाचार","ethos","जनतामा प्रचलित व्यवहार","(anthropology) the distinctive spirit of a culture or an era"
"25743",1,"आदत | आनिबानी | चालचलन | स्वभाव","nature","व्यक्ति वा वस्तुमा सधैं प्राय:उनी स्वभावले लजालु छन्","the essential qualities or characteristics by which something is recognized"
"25744",1,"मानवता | मानवीयता","humanity | humanness | manhood","मान्छे भएको अवस्था वा भाव","the quality of being human"
"25749",1,"गुणवत्ता","caliber | calibre | quality","गुण सम्बन्धी विशिष्टता","a degree or grade of excellence or worth"
"25750",1,"अग्रता | प्रथमता | प्रधानता | प्रमुखता | प्राथमिकता | प्राधान्य | वर्चस्व | श्रेष्ठता","high quality | superiority","सबैमा श्रेष्ठ या मुख्य हुने अवस्था या भाव","the quality of being superior"
"25752",1,"उत्कृष्टता | उत्तमता | गतिलोपन | गुणयुक्तता | श्रेष्ठता","excellence","उत्तम हुने अवस्था या भाव","the quality of excelling; possessing good qualities in high degree"
"25822",1,"एकता | ऐक्य | मेल | मेल-मिलाप","oneness | unity","एक भएको अवस्था वा भाव:देशको एकता र अखण्डता बनाइराख्‍नु हाम्रो परम कर्तव्य होउनीहरूमा धेरै एकता छ","the quality of being united into one"
"25833",1,"एकरूपता | समानता | सादृश्य","homogeneity | homogeneousness","रूप,प्रकार,गुण आदिको समानता","the quality of being similar or comparable in kind or nature"
"25839",1,"प्रतिबिम्ब | प्रतिमान | बिम्ब","mirror image | reflection | reflexion","जल,दर्पण आदिमा देखिने कुनै वस्तुको छाँया","a likeness in which left and right are reversed"
"25851",1,"असमानता | फरक | भिन्नता अन्तर","difference","समान नभएको अवस्था वा भाव","the quality of being unlike or dissimilar"
"25863",1,"अनेकता | अनेकत्व | विभिन्नता | विविधता","diverseness | diversity | multifariousness | variety","धेरै प्रकारका कुरा आदिले युक्‍त भएको स्थिति","noticeable heterogeneity"
"25892",1,"आशङ्का | दोधार | शंका | संशय | सन्देह","doubt | doubtfulness | dubiousness | question","कुनै विषयमा यो धारणा जस्तै यो यस्तो छ वा छैन","uncertainty about the truth or factuality of existence of something"
"25929",1,"साधारणता | सामान्यता","simpleness | simplicity","सामान्य या साधारण हुने अवस्था या भाव","the quality of being simple or uncompounded"
"25941",1,"इन्तजाम | प्रबन्ध | व्यवस्था","organisation | organization | system","समाजद्वारा निर्धारित कुनै काम गर्ने एक विशेष प्रचलित रीति वा ढङ्ग","an ordered manner; orderliness by virtue of being methodical and well organized"
"25966",1,"अस्थिरता | गतिकता | गतिशीलता | गत्वरता | सञ्चलता","mobility","गतिशील हुने अवस्था या भाव","the quality of moving freely"
"25981",1,"अगतिकता | अगत्वरता | गतिहीनता","immobility","गतिहीन हुने अवस्था या भाव","the quality of not moving"
"25985",1,"तनाइ","tautness | tightness","तानिने क्रिया वा भाव","lack of movement or room for movement"
"25994",1,"रौनक | सौन्दर्य","agreeableness | amenity","सुहाउँदो भएको अवस्था वा भाव","pleasantness resulting from agreeable conditions"
"26008",1,"भयङ्करता | भीषणता","awfulness | dreadfulness | horridness | terribleness","भीषण वा भयानक भएको अवस्था वा भाव","a quality of extreme unpleasantness"
"26033",1,"कृत्रिमता | बनावटीपन","unnaturalness","बनावटी या कृत्रिम हुने अवस्था या भाव","the quality of being unnatural or not based on natural principles"
"26035",1,"ढर्रा | स्वाङ","airs | pose","कसैलाई खुसी पार्न वा बिनासित्ती आफ्नो अस्वीकृति वा सुकुमसरता सूचित गराउनका लागि गरिने स्त्रीहरूको अथवा स्त्रीहरूको जस्तै प्रयास","affected manners intended to impress others"
"26049",1,"अस्वस्थता","morbidity | morbidness | unwholesomeness","रुग्ण वा अस्वस्थ हुने अवस्था वा आरोग्यको अभाव","the quality of being unhealthful and generally bad for you"
"26081",1,"असाधारणता | असामान्यता","uncommonness","सामान्य नहुने अवस्था","extraordinariness as a consequence of being marked by an uncommon or superlative quality"
"26083",1,"अनपरिचय | अपरिचय","strangeness | unfamiliarity","कसैसँग परिचय नहुने अवस्था","unusualness as a consequence of not being well known"
"26093",1,"बिरानोपन","curiousness | foreignness | strangeness","बिरानो हुने अवस्था","the quality of being alien or not native"
"26107",1,"पारम्परिकता","traditionalism | traditionality","परम्पराप्रति साँचो निष्ठा","strict adherence to traditional methods or teachings"
"26133",1,"विशिष्टता | विशेषता","distinction","विशिष्ट भएको अवस्था वा भाव वा गुण","a distinguishing quality"
"26134",1,"सुपात्रता | सुयोग्यता","worthiness","सुपात्र हुने अवस्था या भाव","the quality or state of having merit or value"
"26147",1,"विधिमान्यता | विधिवत्ता | वैधता","validity | validness","वैध हुने अवस्था या भाव","the quality of having legal force or effectiveness"
"26153",1,"अविधिमान्यता | अवैधता | विधिविरुद्धता","invalidity | invalidness","अवैध हुने अवस्था या भाव","illogicality as a consequence of having a conclusion that does not follow from the premisses"
"26162",1,"उत्तम रुचि | परिष्कृत रुचि | सुरुचि","elegance","राम्रो, शिष्ट वा परिष्कृत रुचि","a refined quality of gracefulness and good taste"
"26165",1,"कोमलत | नरमपना | सुकुमारता","daintiness | delicacy | fineness","सुकुमार वा नरम भएको अवस्था वा भाव","the quality of being beautiful and delicate in appearance"
"26168",1,"ऋजुता | भद्रता | सज्जनता | साधुता | सौहार्द्रता","breeding | genteelness | gentility","सज्जन हुने भाव","elegance by virtue of fineness of manner and expression"
"26198",1,"छर्लङ्ग | छ्याङ्ग | प्रष्ट | स्पष्टता","clarity | clearness | limpidity | lucidity | lucidness | pellucidity","स्पष्ट हुने अवस्था या भाव","free from obscurity and easy to understand; the comprehensibility of clear expression"
"26214",1,"अस्पष्टता | धूमिलता","unclearness","अस्पष्ट हुने अवस्था या भाव","incomprehensibility as a result of not being clear"
"26221",1,"आनाकानी | आलेटाले | बहाना","equivocation | evasiveness | prevarication","बहाना बनाउने क्रिया","intentionally vague or ambiguous"
"26237",1,"अधार्मिकता | धर्महीनता","irreligion | irreligiousness","अधार्मिक हुने अवस्था या भाव","the quality of not being devout"
"26248",1,"अमनुष्यता | अमानवता | अमानवीयता | अमानुषिकता | जानवरपन | पशुता | पशुत्व | पाशवता | पाशविकता","brutality | ferociousness | savagery | viciousness","पशु हुने अवस्था वा त्यो अवस्था जसमा मानव पशु जस्तो क्रूर र अमानवीय हुन्छ","the trait of extreme cruelty"
"26250",1,"अकृपा | अदया | अप्रसाद | कृपाहीनता","mercilessness | unmercifulness","दया नहुने भाव","inhumaneness evidenced by an unwillingness to be kind or forgiving"
"26258",1,"उदारता | दानशीलता","largess | largesse | magnanimity | munificence | openhandedness","दानशील भएको अवस्था वा भाव","liberality in bestowing gifts; extremely liberal and generous of spirit"
"26269",1,"निजीलाभ | स्वार्थ","egocentrism | egoism | self-centeredness | self-concern | self-interest","आफ्नो उद्देश्‍य वा प्रयोजन:यहाँ आएपछि श्यामको केही स्वार्थ छसमाज कल्याणका लागि स्वार्थभन्दा माथि गएर काम गर्नुपर्छ","concern for your own interests and welfare"
"26294",1,"अनृशंसता | करुणामयता | कृपालुता | दयालुता | दयावन्तता | दयावानता | दयाशीलता | सहृदयता","kindness","दयालु हुने अवस्था या भाव","the quality of being warmhearted and considerate and humane and sympathetic"
"26304",1,"युक्तिपूर्णता | समझदारी","delicacy | diplomacy | discreetness | finesse","युक्तिले पूर्ण हुने अवस्था या भाव","subtly skillful handling of a situation"
"26321",1,"अहृदयता | उग्रता | कठोरता | करुणाहीनता | क्रूरता | दयाहीनता | निठुरता | निर्दयता | निष्ठुरता | हृदयहीनता","cruelness | cruelty | harshness","निर्दय भएको अवस्था वा भाव","the quality of being cruel and causing tension or annoyance"
"26348",1,"चरित्रहीनता | दुश्चरित्रता","corruption | degeneracy | depravation | depravity | putrefaction","दुश्‍चरित्र भएको अवस्था वा भाव","moral perversion; impairment of virtue and moral principles"
"26360",1,"दस्युता | राक्षसपन","villainousness | villainy","क्रूर स्वभाव","the quality of evil by virtue of villainous behavior"
"26364",1,"भ्रष्टाचार","corruption | corruptness","नीतिपथबाट झरेको र समाजमा धेरै नराम्रो मानिएको आचरण वा व्यवहार","lack of integrity or honesty (especially susceptibility to bribery); use of a position of trust for dishonest gain"
"26366",1,"अनियाए | अन्याय | न्यायहीनता","injustice | unjustness","न्यायहीन हुने अवस्था या भाव","the practice of being unjust or unfair"
"26382",1,"बहादुरी | साहस","braveness | bravery | courage | courageousness","NO_GLOSS","a quality of spirit that enables you to face danger or pain without showing fear"
"26384",1,"पराक्रम | बहादुरी | वीरता","gallantry | heroism | valiance | valiancy | valor | valorousness | valour","वीर भएको अवस्था वा भाव","the qualities of a hero or heroine; exceptional or heroic courage when facing danger (especially in battle)"
"26394",1,"निर्लज्जता | बेशर्मी | लज्जा | लज्जाहीनता","brazenness | shamelessness","निर्लज्ज हुने अवस्था, क्रिया वा भाव","behavior marked by a bold defiance of the proprieties and lack of shame"
"26405",1,"दृढता | मजबूती","firmness | firmness of purpose | resoluteness | resolution | resolve","दरो भएको अवस्था वा भाव","the trait of being resolute"
"26410",1,"अक्कल | चेतना | ज्ञान | बुद्धि | याद | विवेक | सुद्धी | स्मरण","presence of mind","समझ र बुद्धि","self-control in a crisis; ability to say or do the right thing in an emergency"
"26425",1,"एकनिष्ठ","singleness","एकमै लीन रहने क्रिया वा भाव","the quality of concentrating on one central objective"
"26444",1,"इमान | नियत","integrity","छित्तको सद्वृत्ति वा राम्रो नियत","moral soundness"
"26445",1,"सत्यता | सत्यनिष्ठ","probity","सत्यनिष्ठ भएको भाव","complete and confirmed integrity; having strong moral principles"
"26447",1,"सच्चरितता | सच्चरित्रता","incorruptibility","गतिलो चरित्र हुने अवस्था या भाव","the incapability of being corrupted"
"26453",1,"ईमानदारी | सत्यनिष्ठ","honestness | honesty","चित्तमा सद्वृत्ति वा राम्रो नीयत, चोरी वा छल-कपट नगर्ने वृत्ति वा भाव:अविनाशजी प्रत्येक काम ईमानदारीका साथ गर्नुहुन्छ","the quality of being honest"
"26454",1,"अक्खडपन | स्पष्टवादिता","candidness | candor | candour | directness | forthrightness | frankness","बिना सङ्कोच स्पष्ट बोल्ने क्रिया","the quality of being honest and straightforward in attitude and speech"
"26490",1,"प्रदेशवाद | प्रान्तवाद","regionalism","आफ्नो आफ्नो प्रदेश तथा प्रदेशवासीहरूको हितको रक्षाका विचारले काम गर्ने सिद्धान्त","loyalty to the interests of a particular region"
"26507",1,"अनुशासन | नियमपालन","discipline","त्यो विधान जो कुनै संस्था या वर्गका सबै सदस्यलाई  नियमपूर्वक ठिक तरहले आचरण या कार्य गर्न बाध्य गर्छ","the trait of being well behaved"
"26529",1,"अप्रतिबन्ध | स्वच्छन्दता","abandon | unconstraint | wantonness","प्रतिबन्ध वा रोकावट नहुने अवस्था","the trait of lacking restraint or control; reckless freedom from inhibition or worry"
"26550",1,"दंभ | दम्भ","snobbery | snobbishness | snobbism","महत्त्व देखाउने या प्रयोजन सिद्ध गर्न झुटो आडम्बर","the trait of condescending to those of lower social status"
"26559",1,"विवेक | समझदारी","discernment | discretion","राम्रो नराम्रो कुरा सोच्ने-बुझ्ने शक्ति या ज्ञान","the trait of judging wisely and objectively"
"26561",1,"मुर्ख्याइँ | मूर्खता | मूर्खपना","folly | foolishness | unwiseness","मूर्ख हुने अवस्था या भाव","the trait of acting stupidly or rashly"
"26599",1,"आचरण | शिष्टाचार | सदाचार","decorousness | decorum","शिष्ट वा सभ्य आचरण","propriety in manners and conduct"
"26651",1,"उछृङ्खलता | उत्ताउलोपन | चकचक","fractiousness | unruliness | wilfulness | willfulness","उत्ताउलो भएको अवस्था वा भाव","the trait of being prone to disobedience and lack of discipline"
"26653",1,"जिद्दी | ढिपी | हठ","mulishness | obstinacy | obstinance | stubbornness","आफ्नो अनुचित कुरामा पनि डटिरहने अवस्था","the trait of being difficult to handle or overcome"
"26681",1,"अभद्रता | अशालीनता | अशिष्टता | असभ्यता | फटाइँ","discourtesy | rudeness","अशिष्ट हुने अवस्था या भाव","a manner that is rude and insulting"
"26736",1,"ऐतिहासिकता | पुराकालीनता | पौराणिकता | प्राचीन कालीनता | प्राचीनता","ancientness | antiquity","प्राचीन हुने अवस्था या भाव","extreme oldness"
"26743",1,"आलोपन | ताजापन","freshness","आलो भएको अवस्था वा भाव","the property of being pure and fresh (as if newly made); not stale or deteriorated"
"26754",1,"केटाकेटीपन | बालकपन","childishness | puerility","बच्चाको गुण वा प्रकृति","a property characteristic of a child"
"26791",1,"तरलता | द्रव","fluidity | fluidness | liquidity | liquidness | runniness","तरल वा द्रव भएको अवस्था वा भाव","the property of flowing easily"
"26813",1,"घनत्व","denseness | density","एक एकाइ आकारको परिमाण","the amount per unit size"
"26836",1,"प्रलोभ | प्रलोभन | लालचा | लिप्सा | लोभ | लोलुपता","greed","केही पाउने धेरै इच्छा या चाहना जसलाई प्रायः अनुचित मानिन्छ","excessive desire to acquire or possess more (especially more material wealth) than one needs or deserves"
"26846",1,"चिप्लो | चिप्लोपन | स्निग्धता","smoothness","चिप्लो भएको अवस्था","a texture without roughness; smooth to the touch"
"26848",1,"चिप्लो","slick | slickness | slip | slipperiness","चिप्लो स्थान जहाँ कुनै वस्तु रहन सक्तैन","a slippery smoothness"
"26851",1,"चाया | चायाँ","raggedness | roughness","अनुहारमा चाया हुने अवस्था वा भाव","a texture of a surface or edge that is not smooth but is irregular and uneven"
"26875",1,"झिलिमिली | रमझम","dazzle","धेरै चर्को उज्यालाले आँखा झिम्किने क्रिया","brightness enough to blind partially and temporarily"
"26879",1,"आभा | ओज | कान्ति | चमक | ज्योति | तेज | दीप्ति | प्रतिभा | प्रदीप्ति | प्रभा | रौनक","light | spark | sparkle | twinkle","एक प्रकारको प्रकाश","merriment expressed by a brightness or gleam or animation of countenance"
"26884",1,"आभा | उद्दीप्ति | चमक | चमकाइ | द्युति | रत्‍न","luster | lustre | sheen | shininess","रत्‍नको चमकिलिपन या दीप्ति","the visual property of something that shines with reflected light"
"26892",1,"कोमलता | नरमपन | मृदुलता","softness","कमलो भएको अवस्था वा भाव","a visual property that is subdued and free from brilliance or glare"
"26893",1,"रङ | रङ्ग | वर्ण","color | coloring | colour | colouring","NO_GLOSS","a visual attribute of things that results from the light they emit or transmit or reflect"
"26934",1,"गेरुवा | पिताम्बर | सुन्तलेरङ्ग","orange | orangeness","सुन्तलाका बोक्रा जस्तै रङ वा पहेंलो खाल्को रातो रङ्:चित्रकारले आफ्नो चित्रलाई सुन्तले रङ्गले रङ्गाउँदै छ","orange color or pigment; any of a range of colors between red and yellow"
"26937",1,"पहेँलो","yellow | yellowness","त्यो रङ्ग जुन बेसर, केसर आदि रङ्ग जस्तो हुन्छ:एउटा खानामा पहेँलो र अर्कोमा रातो हाल","yellow color or pigment; the chromatic color resembling the hue of sunflowers or ripe lemons"
"26948",1,"हरियो","green | greenness | viridity","त्यो रङ जुन हरियो वर्ण वा घाँस, पातको रङ जस्तो हुन्छ:चित्रकारले सुगाको पखेटामा हरियो रङ लगाउँदै छ","green color or pigment; resembling the color of growing grass"
"26960",1,"निलोरङ","blue | blueness","त्यो रङ जुनचाहिँ अकास वा निलो रङको हुन्छ:चित्रकारले प्रकृतिको चित्र बनाउँदा अकासमा निलो रङ लगाउन बिर्सिएछ","blue color or pigment; resembling the color of the clear sky in the daytime"
"26968",1,"बैगनी | बैगुनी","purple | purpleness","एउटा रङ जुन बैगुन वा जामुनो जस्तो रातो मिसिएको निलो रङ्गको हुन्छ:चित्रकारले आफ्नो चित्रलाई धेरजसो  भाग बैगुनी रङ्गले रङ्गायो","a purple color or pigment"
"26977",1,"गुलाबी | गुलाबीरङ","rose | rosiness","एउटा रङ जुन चाहिं गुलाबको रङ जस्तो हुन्छ:चित्रकारले देवमूर्तिलाई गुलाबीले रङ्ग्याउँदै छन्","a dusty pink color"
"27035",1,"आवाज | ध्वनि | शब्द","sound","त्यो जे सुनिन्छ:एउटा तीव्र ध्वनिले उसको एकाग्रता भङ्ग गरिदियो","the particular auditory effect produced by a given cause"
"27037",1,"झङ्कार","ring","एउटा अभिलाक्षणिक वा स्वभावगत ध्वनि:मेरो हृदय ईश्वर-प्रेमको झङ्कारबाट झङ्कृत हुँदै छ","a characteristic sound"
"27043",1,"लाटो | लाटोपन","speechlessness","लाटो वा मूक हुने अवस्था वा भाव","the property of being speechless"
"27055",1,"असामञ्जस्यता | सामञ्जस्यहीनता","disharmony | inharmoniousness","सामञ्जस्य का अभाव","a lack of harmony"
"27076",1,"करकरेपन | कर्कशता","harshness | roughness","कर्कश हुने अवस्था वा भाव","the quality of being unpleasant (harsh or rough or grating) to the senses"
"27079",1,"अनुनासिकता | नाकेस्वर","nasality","अनुनासिक हुने भाव","a quality of the voice that is produced by nasal resonators"
"27104",1,"अमिलो | अमिलोपन","acidity | sour | sourness","कुनै वस्तुमा हुने अमिलो स्वाद","the property of being acidic"
"27111",1,"तितो | तितोपन","acerbity","तितो भएको अवस्था वा भाव","a sharp bitterness"
"27131",1,"कस | जिउडाल | डिलडौल","body-build | build | habitus | physique","शरीरको गठन या बनावट","constitution of the human body"
"27142",1,"थसुल्लो | मोटो","corpulency | fleshiness | obesity","मोटो भएको अवस्था वा भाव:धेरै मोटो भएका कारण अखिलेशलाई उठ्न-बस्न अपठ्यारो हुन्छ","more than average fatness"
"27156",1,"चाल | तरिका | पारा","manner of walking | walk","हिँड्ने ढङ्ग","manner of walking"
"27171",1,"अचेतनता | अनात्मा | चेतनहीनता | चेतनाहीनता | जडता | जडत्व | जीवनहीनता","inanimateness | lifelessness","जड हुने अवस्था या भाव","not having life"
"27180",1,"पुङ्सत्व | पुरुषता | पुरुषत्व","virility","पुरुषको भाव वा गुण वा त्यो गुण जसका कारण पुरुषले सन्तान उत्पत्ति गर्न सक्छन्","the masculine property of being capable of copulation and procreation"
"27191",1,"गुँज | प्रतिध्वनि | प्रतिशब्द","echo | replication | reverberation | sound reflection","त्यो ध्वनि वा शब्द जुनचाहिँ आफ्नो उत्पत्ति स्थलबाट गएर कतै ठोकिएर फर्किन्छ र फेरि त्यही सुनिन्छ","the persistence of a sound after its source has stopped"
"27196",1,"उष्णता | तापक्रम | तापमान","temperature","NO_GLOSS","the degree of hotness or coldness of a body or environment (corresponding to its molecular activity)"
"27205",1,"हिमाङ्क","freezing point | melting point","त्यो तापमान जसका तल तरल पदार्थ ठोसमा परिवर्तन हुन्छ","the temperature below which a liquid turns into a solid"
"27216",1,"चिसो | ठण्डा","cool","चिसो भएको अवस्था वा भाव","the quality of being at a refreshingly low temperature"
"27217",1,"उष्णता | गर्मी | तातो","heat | high temperature | hotness","उष्ण भएको अवस्था वा भाव:गर्मीका दिनमा उष्णता बढ्छ","the presence of heat"
"27239",1,"लचिलोपन","elasticity | snap","त्यो गुण जसका कारण कुनै वस्तु लच्किन्छ","the tendency of a body to return to its original shape after it has been stretched or compressed"
"27273",1,"तौल | भार | वजन","weight","कुनै पदार्थको गुरुत्व वा भारीको परिमाण:यस वस्तुको तौल कति छ","the vertical force exerted by a mass as a result of gravity"
"27287",1,"तागत | बल","strength","NO_GLOSS","the property of being physically or mentally strong"
"27302",1,"धैर्य | सहनशीलता | सहिष्णुता","endurance","सहनशील भएको अवस्था वा भाव","the power to withstand hardship or stress"
"27304",1,"क्षमतापूर्णता | ताकत | बल | शक्तिपूर्णता | समर्थता","stamina | staying power | toughness","क्षमताले पूर्ण हुने अवस्था या भाव","enduring strength and energy"
"27318",1,"जोर | तागत | बल | शक्ति","force | forcefulness | strength","शरीरको बल","physical energy or intensity"
"27323",1,"छिटो | तीब्र | तेज","intensity | intensiveness","छिटो भएको अवस्था","high level or degree; the property of being intense"
"27342",1,"कमजोर | दुब्लो | दुर्बल | शिथिल","weakness","बल वा शक्ति नहुने वा धेरै थोर हुने अवस्था वा भाव:दुर्बल हुनाका कारण महेश हिँड्न सक्दैन","the property of lacking physical or mental strength; liability to failure under pressure or stress or strain"
"27347",1,"अदृढ़ता | कच्चापन | नाज़ुकता","delicacy | fragility","नाजुक वा अदृढ हुने अवस्था वा भाव","lack of physical strength"
"27368",1,"क्रम | प्रक्रिया | सिलसिला","chronological sequence | chronological succession | sequence | succession | successiveness","वस्तुहरूको वा कार्यहरूको अगि पछि हुने अवस्था वा भाव","a following of one thing after another in time"
"27383",1,"संजोग | संयोग","co-occurrence | coincidence | concurrence | conjunction","दुई या कैयौं कुरा अचानक एकसाथ हुने क्रिया","the temporal property of two things happening at the same time"
"27395",1,"अर्वाचीनता | आधुनिक कालीनता | आधुनिकता","contemporaneity | contemporaneousness | modernism | modernity | modernness","आधुनिक हुने अवस्था या भाव","the quality of being current or of the present"
"27405",1,"अनश्वरता | अनादिता | अनादित्व | नितता | नित्यता | नित्यत्व | स्थायित्व","permanence | permanency","नित्य वा अनादि हुने अवस्था वा भाव","the property of being able to exist for an indefinite duration"
"27407",1,"टिकाइ","durability | enduringness | lastingness | strength","खपाइ हुने अवस्था वा भाव","permanence by virtue of the power to resist stress or force"
"27411",1,"अक्षयता | अव्ययता","imperishability | imperishableness | imperishingness","क्षय वा व्यय नहुने अवस्था","the property of being resistant to decay"
"27413",1,"अनित्यता | नश्वरता","impermanence | impermanency","अनित्य वा अस्थायी हुने अवस्था वा भाव","the property of not existing for indefinitely long durations"
"27438",1,"चाँडो | छिटो | झट्टै | तुरुन्त लगत्तै | शीघ्रता","celerity | quickness | rapidity | rapidness | speediness","छिटोभएको अवस्था वा भाव","a rate that is rapid"
"27441",1,"छिटोछिटो | हतारहतार","promptitude | promptness","तत्पर हुने क्रिया वा भाव","the characteristic of doing things without delay"
"27450",1,"धीमापन","deliberateness | deliberation | slowness | unhurriedness","धीमा हुने अवस्था","a rate demonstrating an absence of haste or hurry"
"27507",1,"गोलाइ","roundness","गोलो हुने अवस्था","the property possessed by a line or surface that is curved and not angular"
"27542",1,"पोज | मुद्रा","attitude | position | posture","उभिनु,बस्नुआदिमा शरीरका अङ्गहरूको कुनै स्थिति","the arrangement of the body and its limbs"
"27574",1,"छेउ | नजदिक | नजिक | निकट | सामु","propinquity | proximity","छेउमा भएको अवस्था","the property of being close together"
"27588",1,"छराइ","scatter | spread","छर्ने अवस्था वा भाव","a haphazard distribution in all directions"
"27590",1,"घनता | घनत्व | भारीपन","compactness | concentration | denseness | density | tightness","भारी भएको अवस्था वा भाव","the spatial property of being crowded together"
"27657",1,"परिधि | परिमण्डल | वृत्त परिधि | वृत्त सीमा","circumference","वृत्तलाई घेर्ने गोलो रेखा या त्यसको लम्बाइको नाप","the length of the closed curve of a circle"
"27669",1,"पातलोपन | मसिनो | मिही","slenderness | tenuity | thinness","पातलो भएको अवस्था वा भाव","relatively small dimension through an object as opposed to its length or width"
"27681",1,"लघुता | हलुकोपन","littleness | smallness","लघु वा छोटो भएको अवस्था वा भाव","the property of having a relatively small size"
"27682",1,"सूक्ष्मता","diminutiveness | minuteness | petiteness | tininess | weeness","सूक्ष्म हुने अवस्था या भाव","the property of being very small in size"
"27686",1,"परिमाण | मात्रा","amount","कसैको त्यति अंश या मान जति एकपल्टमा लाने या काममा ल्याइन्छ या उपलब्ध हुन्छ","how much of something is available"
"27722",1,"अतिशयता | अत्यधिकता | अत्यर्थ | प्रचुरता | प्राचुर्य | विपुलता","cornucopia | profuseness | profusion | richness","अत्यधिक हुने अवस्था या भाव","the property of being extremely abundant"
"27726",1,"हरियाली | हरीतिमा","greenness | verdancy | verdure","हरिया-भरिला रूख-बिरुवाका समूह वा विस्तार","the lush appearance of flourishing vegetation"
"27756",1,"अधिक अंश | अधिक भाग | अधिकांश | बढी भाग","bulk | majority","कुनै वस्तु आदिको आधाभन्दा बढी भाग","the property resulting from being or relating to the greater in number of two parts; the main part"
"27757",1,"अल्पमत | थोरै मत","minority","थोरै मान्छेको मत","being or relating to the smaller in number of two parts"
"27760",1,"आयाम | प्रसार | फैलावट | विस्तार","extent","लम्बाइ, चौडाइ आदि","the distance or area or volume over which something extends"
"27784",1,"क्षेत्रफल | वर्गफल","area | expanse | surface area","कुनै भूमि,स्थान या पदार्थको वर्गात्मक परिमाण जुन, त्यसको लम्बाइ-चौड़ाइको घात या गुणनले जानिन्छ","the extent of a 2-dimensional surface enclosed within a boundary"
"27787",1,"लम्बाइ","length","एउटा कुनाबाट अर्को कुनासम्म समान्तर विस्तार वा कुनै पनि एउटा स्थानदेखि सबैभन्दा लामो क्षैतिज विस्तार:यस स्थानको लम्बाइ, चौडाइभन्दा दुई गुणा छ","the linear extent in space from one end to the other; the longest horizontal dimension of something that is fixed in place"
"27817",1,"गहिरोपन | गहिर्‍याइ","deepness | profoundness | profundity","गहिरो भएको अवस्था","the quality of being physically deep"
"27824",1,"चौडा | चौडाइ","breadth | width","लम्बाइभन्दा कम वा थोर र त्यसको उल्टो विस्तार:यस वस्तुको चौडाइ लम्बाइको तुलनामा आधा छ","the extent of something from side to side"
"27828",1,"सङ्कीर्णता | साँघुरो","narrowness","साँगुरिएको वा कम छौडाइ भएको अवस्था","the property of being narrow; having little width"
"27830",1,"उँचाइ | उचाइ","height | tallness","मास्तिरको विस्तार वा आधारदेखि लिएर एकदम मास्तिरसम्मको विस्तार:कुतुब मिनारको उचाइ धेरै छउनी मेरो भाइ जत्रै अग्ला छन्  उनको सम्मान उचाइमा छ","the vertical dimension of extension; distance from the base of something to the top"
"27836",1,"दर | दाम | भाउ | मूल्य | मोल","worth","कुनै वस्तुको गुण,योग्यता या उपयोगिता जसको आधारमा उसको आर्थिक मूल्य  जाँचिन्छ","the quality that renders something desirable or valuable or useful"
"27839",1,"अवगुण | दुर्गुण | नराम्रो गुण","demerit | fault","त्यो गुण जुन नराम्रो छ:व्यक्‍तिले दुर्गुणबाट बाँच्नुपर्छ","the quality of being inadequate or falling short of perfection"
"27847",1,"घटियापन | निकृष्टता | निचता | सस्तोपन","shoddiness | trashiness","निकृष्ट हुने अवस्था या भाव","the quality of being cheaply imitative of something better"
"27855",1,"भलाइ","good | goodness","त्यो अवस्था या भाव जसद्वारा कुनै चीजको उत्कृष्टता ताहा लाग्छ","that which is pleasing or valuable or useful"
"27856",1,"कल्याण | फायदा | भलो | मङ्गल | हित","benefit | welfare","कसैद्वारा या अन्य कुनै प्रकारले हुने कसैको भलाइ","something that aids or promotes well-being"
"27871",1,"कर-निर्धारण | कर निर्धारण","tax assessment","आय,बिक्री आदिमा कर निर्धारित गर्ने क्रिया","the value set on taxable property"
"27876",1,"सस्तोपन","bargain rate | cheapness | cut price | cut rate","सस्तो वा कम मूल्य हुने अवस्था, क्रिया वा भाव","a price below the standard price"
"27892",1,"अनावश्यकता | अनुपयोगिता | उपयोगहीनता | निरर्थकता | व्यर्थता","inutility | unusefulness | uselessness","अनावश्यक हुने अवस्था या भाव","the quality of having no practical use"
"27902",1,"अव्यवहारिकता | अव्यावहारिकता | व्यवहार अकुशलता","impracticality","अव्यवहारिक हुने अवस्था या भाव","concerned with theoretical possibilities rather than actual use"
"27913",1,"उपकरण | संसाधन | साधन | स्रोत","resource","प्राप्‍तिको भण्डार","a source of aid or support that may be drawn upon when needed"
"27928",1,"नाफा | फाइदा | मुनाफा | लाभ","gain | profit","व्यापार, काम आदिमा हुने नाफ़ा","the advantageous quality of being beneficial"
"27951",1,"अननुकूलता | प्रतिकूलता | विपरीतता | विरुद्धता","unfavorableness | unfavourableness","प्रतिकूल हुने अवस्था या भाव","the quality of not being encouraging or indicative of success"
"27954",1,"अपहेला | हेलचेक्र्याइँ","defect | shortcoming","दोष र त्रुटि","a failing or deficiency"
"27959",1,"मूल्य | मोल","cost | price | toll","मानदण्डको आधारमा कुनै वस्तु आदिको महत्त्व","value measured by what must be given or done or undergone to obtain something"
"27990",1,"गौरव | महानता | महिमा","greatness | illustriousness","महान भएको अवस्था वा भाव:हिन्दी साहित्यमा प्रेमचन्दको महानतालाई ढाँट्न सकिन्न","the property possessed by something or someone of outstanding importance or eminence"
"28004",1,"अमहत्त्व | महत्त्वहीनता | महिमाहीनता","unimportance","महत्त्वतीन हुने अवस्था या भाव","the quality of not being important or worthy of note"
"28007",1,"अधमता | घटियापन | हीनता","pettiness | puniness | slightness | triviality","निकृष्टतम भएको अवस्था वा भाव","the quality of being unimportant and petty or frivolous"
"28012",1,"अमहत्वाकाङ्क्षा","aimlessness | purposelessness","उच्च आकाङ्क्षा नहुने भाव","the quality of lacking any definite purpose"
"28031",1,"प्राधिकार | विशेष अधिकार | विशेषाधिकार","exclusive right | perquisite | prerogative | privilege","त्यो अधिकार जो साधारणतः सब मानिसलाई प्राप्त हुँदैन,तर केही विशिष्ट अवस्थामा कसैलाई विशेष रूपमा प्राप्त हुन्छ","a right reserved exclusively by a particular person or group (especially a hereditary or official right)"
"28071",1,"भोटाधिकार | मताधिकार","right to vote | suffrage | vote","संसद,संस्था आदिको सदस्य वा प्रतिनिधिको चुनाउ गर्नका लागि भोट वा मत दिने अधिकार","a legal right guaranteed by the 15th amendment to the US constitution; guaranteed to women by the 19th amendment"
"28127",1,"प्रभुता | प्रभुत्व","lordship","प्रभु भएको स्थिति","the authority of a lord"
"28132",1,"आफूखुसी | आफ्‍नो इच्छा | स्वेच्छा","discretion | free will","आफ्नो इचछा","the power of making free choices unconstrained by external agencies"
"28133",1,"निषेधाधिकार","veto","कुनै प्रस्तावित कार्यलाई पहिले देखि नै अमान्य वा अस्वीकृत गरेर रोक्‍ने अधिकार","the power or right to prohibit or reject a proposed or intended act (especially the power of a chief executive to reject a bill passed by the legislature)"
"28159",1,"अधिकार-रहित | अधिकारहीनता | अनधिकार | अनधिकारिता","impotence | impotency | powerlessness","अधिकारहीन हुने अवस्था या अधिकार नहुनु या प्रभुत्वको अभाव","the quality of lacking strength or power; being weak and feeble"
"28164",1,"निरसता | रसहीन","dullness","रसयुक्‍त, रोचक वा रुचिपूर्ण नभएको अवस्था वा भाव","the quality of lacking interestingness"
"28174",1,"असरहीनता | प्रभावहीनता","ineffectiveness | ineffectuality | ineffectualness","प्रभाव नभएको अवस्था","lacking the power to be effective"
"28220",1,"जिउ | देह | शरीर","body | organic structure | physical structure","कुनै प्राणीका सबै अङ्गको समूह जुन एउटा एकाइका रूपमा रहन्छ:शरीरलाई स्वस्थ्य राख्‍नका लागि व्यायाम गर्नुहोस्जसरी हामी पुरानो लुगा फेर्छौ त्यसरी नै आत्माले शरीर फेर्छ","the entire structure of an organism (especially an animal or human being)"
"28224",1,"मुर्दा | लाश | शव","body | dead body","यस्तो शरीर जसबाट प्राण निस्किसकेको हुन्छ:मरेपछि लाश माटोमा मिल्छखोलाको किनारमा एउटा लाश एक्लो अवस्थामा भेटाइयो","a natural object consisting of a dead animal or person"
"28225",1,"मुदार् | मुर्दा | लाश | लास","cadaver | clay | corpse | remains | stiff","NO_GLOSS","the dead body of a human being"
"28315",1,"अङ्ग समूह | तन्त्र","system","शारीरिक या प्राकृतिक रूपले अङ्गसित सम्बन्धित समूह","a group of physiologically or anatomically related organs or parts"
"28318",1,"चमडा | चर्म | छाला | त्वचा","cutis | skin | tegument","शरीरको चमडा:जाडो महिनामा विशेष रूपमा  त्वचाको स्याहार गर्नुपर्छ","a natural protective body covering and site of the sense of touch"
"28358",1,"रोमकूप | रोमद्वार","pore","शरीरका त्यी प्वाल जसबाट रौँ निस्किन्छन्","any small opening in the skin or outer surface of an animal"
"28401",1,"भुत्ला | रौँ","hair | pilus","शरीरमा भएका धेरै साना र पातला रौँ","any of the cylindrical filaments characteristically growing from the epidermis of a mammal"
"28408",1,"कपाल | केश","head of hair | mane","टाउकाको रौँ:कालो लामो केश देख्‍न राम्रो लाग्छ","growth of hair covering the scalp of a human being"
"28445",1,"दाढी | दारी | दाह्री","beard | face fungus | whiskers","थुतुनामा उम्रिने रौं","the hair growing on the lower part of a man's face"
"28449",1,"जुँगा | जुंगा | जुङा","moustache | mustache","NO_GLOSS","an unshaved growth of hair on the upper lip"
"28465",1,"गाँठो","node","शरीरमा शरीरद्रव्यहरू एक ठाउँमा भेला भएर सारो हुँदा सुनिएको अवस्था","any bulge or swelling of an anatomical structure or part"
"28481",1,"मांस | मासु","flesh","शरीरमा हड्डीहरू र छालाका माझमा कमलो र नरम पदार्थ:मासुले भरिएको शरीरमा मासु धेरै हुन्छ","the soft tissue of the body of a vertebrate: mainly muscle tissue and fat"
"28492",1,"अस्थि | हड्डी | हाड","bone | os","मानिस, पशु आदिको शरीरभित्रको त्यो कडा, सेतो वस्तु जसले भित्रको ढाँचाको अङ्गको हुन्छ:श्यामको दाहिने खुट्टाको हड्डी भाँचियो","rigid connective tissue that makes up the skeleton of vertebrates"
"28528",1,"नासावेश","nasal | nasal bone | os nasale","नाकमा बीचको  पातलो हड्डी","an elongated rectangular bone that forms the bridge of the nose"
"28536",1,"करङ","costa | rib","मनुष्य, पशुहरूका छातीको पञ्जरमा भएका तेर्छा र गोलाकार हड्डी:ऊ कति दुब्लो छ भने उसका करङ देखिइरहेका छन्","any of the 12 pairs of curved arches of bone extending from the spine to or toward the sternum in humans (and similar bones in most vertebrates)"
"28555",1,"बत्तीसी","dentition | teeth","मान्छेका मुखमा पाइने दाँत जसका सङ्ख्या बत्तीस हुन्छन्","the kind and number and arrangement of teeth (collectively) in a person or animal"
"28580",1,"प्रत्यास्थि","elastin","NO_GLOSS","a fibrous scleroprotein found in elastic tissues such as the walls of arteries"
"28588",1,"पाँसुला | पेशी | मांसपेशी","muscle | musculus","शरीरभित्र मासुको त्यो गाँठो जसद्वारा अङ्ग सञ्चालन हुन्छ:पेशी उतकद्वारा पेशीको निर्माण हुन्छ","one of the contractile organs of the body"
"28626",1,"नसा | नसो","sinew | tendon","शरीरको तन्तुमय संयोजी ऊतकले बनेको त्यो नली जुन पेशीको हड्डी वा अन्य भागसित संलग्न गर्छ","a cord or band of inelastic tissue connecting a muscle with its bony attachment"
"28637",1,"बहिरङ्ग | बाहिरी अङ्ग","external organ","बाहिरको अङ्ग","an organ that is situated on or near the surface of the body"
"28638",1,"आन्तरिक अङ्ग | भित्री अङ्ग","internal organ | viscus","त्यो अङ्ग जो शरीरभित्र पाइन्छ","a main organ that is situated inside the body"
"28642",1,"बहिरिन्द्रिय | बाह्य इन्द्रिय","exteroceptor","त्यो इन्द्रिय जो शरीरको बाहिर रहन्छ","any receptor that responds to stimuli outside the body"
"28657",1,"थुतुनो | मुख","mouth | oral cavity | oral fissure | rima oris","त्यो अङ्ग जसद्वारा प्राणीले बोल्ने र खाने गर्दछ:त्यो यस्तो डराएको थियो किनभने उसको मुखबाट शब्द बाहिर निस्केको थिएन","the opening through which food is taken in and vocalizations emerge"
"28665",1,"गिजा","gingiva | gum","मुखभित्रको त्यो अङ्ग जसमा दाँत उम्रिन्छन्:रामका गिजा सुनिएका छन्","the tissue (covered by mucous membrane) of the jaws that surrounds the bases of the teeth"
"28669",1,"ओठ | ओष्ठ","lip","मुख बाहिर माथि-तल निस्किएको अंश जसले दाँत छोपी रहन्छ:मर्ने बेलामा श्यामका ओठमा उसका छोराको नाम थियो","fleshy folds of tissue as those surrounding the mouth"
"28671",1,"अधरोष्ठ | तल्लो ओठ","underlip","तल्लो ओठ","the lower lip"
"28678",1,"बङ्गारो","canine | canine tooth | cuspid | dogtooth | eye tooth | eyetooth","स्थायी दाँतको एक प्रकार जुन प्रत्येक गीजाको मध्यमा रहेको हुन्छ","one of the four pointed conical teeth (two in each jaw) located between the incisors and the premolars"
"28681",1,"कृन्तक","incisor","दाँतको एक प्रकार जुन प्रत्येक गीजामा सामुन्ने मध्य रेखामा हुन्छ","a tooth for cutting or gnawing; located in the front of the mouth in both jaws"
"28690",1,"गलतुण्डिका | टन्सिल","faucial tonsil | palatine tonsil | tonsil | tonsilla","जिब्रोको मूलमा स्थित कमलो भाग ऊतक पिण्ड","either of two masses of lymphatic tissue one on each side of the oral pharynx"
"28694",1,"तालु","palate | roof of the mouth","मुखभित्रको माथिल्लो अङ्‍ग वा भाग जसको तल जिब्रो रहन्छ:रामको तालु सुनिएको छ","the upper surface of the mouth that separates the oral and nasal cavities"
"28700",1,"आँखा | नयन | नेत्र","eye | oculus | optic","त्यो इन्द्रिय जसद्वारा प्राणीहरूको रूप, वर्ण, विस्तार तथा आकारको ज्ञान हुन्छ:मोतीबिन्दु आँखाको पुतलीमा लाग्ने एउटा रोग हो त्यस नवयौवनाका आँखा हिरणका जस्तै छन्","the organ of sight"
"28711",1,"आँखीभौं | भौं","brow | eyebrow | supercilium","आँखा मास्तिरको हड्डी माथिका रौ:कथक्कली नर्तकले आँखीभौं नचाएर नृत्यका मुद्राहरू प्रदर्शित गरिरहेको छ","the arch of hair above each eye"
"28713",1,"परेला | परेली","eyelid | lid | palpebra","NO_GLOSS","either of two folds of skin that can be moved to cover or open the eye"
"28720",1,"परेला","cilium | eyelash | lash","परेलाका रौँ:उनी परेला तान्दै छन्","any of the short curved hairs that grow from the edges of the eyelids"
"28740",1,"कर्ण आवरण | कर्ण पटल | कानको परदा | कानको पर्दा","eardrum | myringa | tympanic membrane | tympanum","कानमा पाइने त्यो झिल्ली जुन पर्दाका रूपमा हुन्छ र जहाँ पुगेर आवाज गुञ्जिन्छ","the membrane in the ear that vibrates to sound"
"28748",1,"नानी | नेत्रपुतली | पुतली","pupil","आँखाका माझको कालो भाग:आँखाको नानी आँखाको एउटा कमलो र महत्त्वपूर्ण भाग हो","contractile aperture in the iris of the eye"
"28750",1,"कर्ण | कान","ear","त्यो इन्द्रिय जसद्वारा शब्द सुनिन्छ:नुहाउँदा मेरा कानमा पानी पस्यो","the sense organ for hearing and equilibrium"
"28764",1,"लोती","ear lobe | earlobe","कानको तल झुण्डिएको भाग","the fleshy pendulous part of the external human ear"
"28793",1,"पाचनतन्त्र | पाचनयन्त्र","digestive system | gastrointestinal system | systema alimentarium | systema digestorium","शरीरमा अङ्गहरूको त्यो समूह जसले भोजन पचाउँछ वा पाचन क्रियालाई सन्तुलित गर्दछ","the system that makes food absorbable into the body"
"28813",1,"धमनी | नाडी | शिरा","arteria | arterial blood vessel | artery","शरीरको त्यो नली जसद्वारा हृदयबाट गएर शुद्ध रगत सारा शरीरमा पुग्छ","a blood vessel that carries blood from the heart to the body"
"29103",1,"पित्त कोष | पित्ताशय","gallbladder","यकृतको त्यो थैली जसमा पित्त हुन्छ","a muscular sac attached to the liver that secretes bile and stores it until needed for digestion"
"29105",1,"कलेजो | यकृत","liver","पेटको दाहिनेपट्टि रहेको त्यो थैली जसको कार्यले भोजन पचाउँछ:जस्तो-तस्तो खाना खानाले कलेजोसम्बन्धी रोग हुन सक्छ","large and complicated reddish-brown glandular organ located in the upper right portion of the abdominal cavity; secretes bile and functions in metabolism of protein and carbohydrate and fat; synthesizes substances involved in the clotting of the blood; synthesizes vitamin A; detoxifies poisonous substances and breaks down worn-out erythrocytes"
"29112",1,"अग्निद | अग्न्याशय | क्लोमग्रन्थि","pancreas","शरीरमा पाइने एउटा लामो ग्रन्थि जुन आमाशयको पछि स्थित हुन्छ अनि जसद्वारा पाचक रस तथा इन्सुलिन निक्लिन्छ","a large elongated exocrine gland located behind the stomach; secretes pancreatic juice and insulin"
"29114",1,"फुसफुस | फोक्सो","lung","स्थलचर जन्तुको छातीभित्र रहेको त्यो अवयव हो जसले गर्दा जीवले सास फेर्छ:धुम्रपान गर्नाले फोक्सो बिग्रिने डर रहन्छ","either of two saclike respiratory organs in the chest of vertebrates; serves to remove carbon dioxide and provide oxygen to the blood"
"29122",1,"मुटु | हृदय","heart | pump | ticker","छातीभित्र देब्रेतिरको एउटा भाग जसको स्पन्दनले सारा शरीरका नसामा रक्त-सञ्चार भइरहन्छ","the hollow muscular organ located behind the sternum and between the lungs; its rhythmic contractions move the blood through the body"
"29156",1,"आमाशय | उदर | पेट | भुँडी","breadbasket | stomach | tum | tummy","भुडी भित्रको त्यो थैलीजस्तो भाग जसमा खाएको पदार्थ भेला हुन्छ र पच्तछ","an enlarged and muscular saclike organ of the alimentary canal; the principal organ of digestion"
"29177",1,"रक्‍त | रगत","blood","शरीरको नसामा बग्ने रातो रङ्गको तरल पदार्थ:सैनिकहरूको शरीरबाट रगत बगिरहेको थियो तापनि सनीहरू मैदानमा लागिरहेका थिए","the fluid (red in vertebrates) that is pumped by the heart"
"29179",1,"ब्लडग्रुप | रक्‍त वर्ग","blood group | blood type","चिकित्साको दृष्टिले वर्गीकृत रगतको प्रकार","human blood cells (usually just the red blood cells) that have the same antigens"
"29183",1,"'ओ'रक्तवर्ग | ओग्रुप | ओरक्त-वर्ग | ओरक्तवर्ग | ब्लड-ग्रुपओ","group o | o | type o","त्यो रक्तवर्ग जसको रातो रक्त कणिकामा 'ओ' एन्टिजेन पाइन्छ:'ओ' ग्रुपलाई केवल 'ओ' ग्रुपको मात्र रगत चडाउन सकिन्छ","the blood group whose red cells carry neither the A nor B antigens"
"29196",1,"प्लाज्मा | प्लाज़्मा | प्लाविका | रक्त प्लाविका","plasm | plasma","रगतको त्यो द्रव भाग जसमा रक्त कोशिकाहरू  पाइन्छन्","colorless watery fluid of blood and lymph containing no cells and in which erythrocytes and leukocytes and platelets are suspended"
"29206",1,"पसिना","perspiration | sudor | sweat","परिश्रम वा गर्मीका कारणले शरीरबाट निस्कने पानी:मजदुर पसिनाले चुर्लुम्म डुबेको थियो","salty fluid secreted by sweat glands"
"29210",1,"पलाग्नि | पित्त | पित्ताग्नि | वैश्वानर","bile | gall","शरीरभित्रको एउटा तरल पदार्थ जुन यकृतमा बनिन्छ अनि पाचनमा सहायक हुन्छ","a digestive juice secreted by the liver and stored in the gallbladder; aids in the digestion of fats"
"29246",1,"सिँगान | सिँघान | सिङान","snot","नाकबाट निस्कने तरल फोहोर:सर्दी-मर्गी लागेको बेला नाकबाट सिङान निस्कन्छ","nasal mucus"
"29255",1,"पिप | पीप","festering | ichor | purulence | pus | sanies | suppuration","पिलोहरूबाट निस्कने सेतो विषाक्‍त पदार्थ:उसको पिलोबाट पिप निस्कँदै छ","a fluid product of inflammation"
"29262",1,"नसा","vein | vena | venous blood vessel","NO_GLOSS","a blood vessel that carries blood from the capillaries toward the heart"
"29292",1,"झिल्ली","membrane | tissue layer","कुनै वस्तु आदिको पातलो तह या परत","a pliable sheet of tissue that covers or lines or connects organs or cells of animals"
"29316",1,"जीव द्रव्यक | प्रोटोप्लास्ट","energid | protoplast","एउटा जीव एकाइ जसमा कोशिका हुँदैनन् तर प्लाजमा कला जडेको हुन्छ","a biological unit consisting of a nucleus and the body of cytoplasm with which it interacts"
"29365",1,"गुणसूत्र","chromosome","NO_GLOSS","a threadlike body in the cell nucleus that carries the genes in a linear order"
"29407",1,"रक्त कणिका | रक्त कोशिका | रुधिर कण | रुधिर कोशिका","blood cell | blood corpuscle | corpuscle","रगतमा पाइने  कोशिका","either of two types of cells (erythrocytes and leukocytes) and sometimes including platelets"
"29411",1,"श्वेत रक्त कणिका | श्वेत रुधिर कणिका","leucocyte | leukocyte | wbc | white blood cell | white blood corpuscle | white cell | white corpuscle","रगतमा पाइने एक प्रकारका धेरै साना कण","blood cells that engulf and digest bacteria and fungi; an important part of the body's defense system"
"29433",1,"राता रक्त कणिका | रुघिर कणिका | लाल रक्त कणिका","erythrocyte | rbc | red blood cell","रगतमा पाइने एक प्रकारका धेरै साना  कण","a mature blood cell that contains hemoglobin to carry oxygen to the bodily tissues; a biconcave disc that has no nucleus"
"29503",1,"तारिकाणु","astrocyte","NO_GLOSS","comparatively large neuroglial cell"
"29566",1,"खोपडी | दिमाग | मगज | मस्तिष्क","brain | encephalon","टाउको भित्रको सार अंश:मस्तिष्कको संरचना धेरै जटिल हुन्छ","that part of the central nervous system that includes all the higher nervous centers; enclosed within the skull; continuous with the spinal cord"
"29700",1,"श्वसन-तन्त्र | श्वसन-प्रणाली | श्वसन प्रणाली | श्वसनप्रणाली | श्वासतन्त्र","respiratory system | systema respiratorium","त्यो तन्त्र जसद्वारा अक्सीजेन ग्रहण गरिन्छ र कार्बन डाई अक्साइड शरीरबाट बाहिर निकालिन्छ वा त्यो तन्त्र जसद्वारा सास फेर्ने काम गरिन्छ","the system for taking in oxygen and giving off carbon dioxide; in terrestrial animals this is accomplished by breathing"
"29722",1,"जननाङ्ग | पुति | पोथी गुप्ताङ्ग | मुजी | योनि | योनी | स्त्री जननाङ्ग","female internal reproductive organ","पोथीमा पाइने जनन अङ्ग","the reproductive organs of a woman"
"29725",1,"अण्डाशय | डिम्बग्रन्थि | डिम्बाशय","ovary","पोथी जननाङ्ग जहाँ डिम्बको निर्माण हुन्छ","(vertebrates) one of usually two organs that produce ova and secrete estrogen and progesterone"
"29738",1,"फुकुन्डो | फोको","bleb | blister | bulla","पोल्नाले चमडामा उठ्ने पानीफोको:पोल्नाले मोहनका शरीरमा फोका उठे","(pathology) an elevation of the skin filled with serous fluid"
"29754",1,"योनि | स्त्रीजननेन्द्रिय","vagina","स्त्रिको जनन इन्द्रिय:श्‍वेत प्रदर स्त्री जननेन्द्रिय सम्बन्धी रोग हो","the lower part of the female reproductive tract; a moist canal in female mammals extending from the labia minora to the uterus"
"29756",1,"योनी","vulva","NO_GLOSS","external parts of the female genitalia"
"29774",1,"नर गुप्ताङ्ग | नर जननाङ्ग | पुरुष जननाङ्ग","male reproductive gland","नरको त्यो अङ्ग जुन जननसित सम्बन्धित हुन्छ","the reproductive organs of a man"
"29780",1,"तुरी | मुत्‍ने | लाँडो | लिङ्ग | लिङ्गेन्द्रिय","member | penis | phallus","पुरूषको जननेन्द्रिय:लिङ्ग शरीरको धेरै कमलो अङ्ग हो","the male organ of copulation (`member' is a euphemism)"
"29792",1,"नाक-विवर | नाके दुलो | नासिका-दुलो","nasal cavity","नाकको दुलो","either of the two cavities lying between the floor of the cranium and the roof of the mouth and extending from the face to the pharynx"
"29807",1,"श्वसन-नलिका | श्वसन नलिका | श्वास-नली | श्वास नली | श्वासनली","trachea | windpipe","शरीरमा पाइने त्यो नली जसले सास भित्र जान्छ र बाहिर निस्कन्छ","membranous tube with cartilaginous rings that conveys inhaled air from the larynx to the bronchi"
"29820",1,"क्षुद्रान्त | सानो आँत","small intestine","शरीरमा पाइने त्यो आँत जुन ठुलो आँतको तल हुन्छ अनि जहाँ पाचन क्रिया सम्पूर्ण हुने गर्छ","the longest part of the alimentary canal; where digestion is completed"
"29836",1,"अधोमार्ग | कन्डो | गुद | गुदा | गुह्य द्वार | पायु | मल द्वार | मलद्वार","anus | arse | arsehole | asshole","शरीरको त्यो भाग जताबाट शरीर भित्रको मल निक्लिन्छ","excretory opening at the end of the alimentary canal"
"29839",1,"टाउको | मस्तक | शिर","caput | head","शरीरमा घाँटीको अगाडि वा उपल्लो भाग:शिरमा चोट लाग्यो भने मान्छेको ज्यान जान पनि सक्छकाली माताको घाँटीमा मुण्डमाला सुशोभित छन्","the upper part of the human body or the front part of the body in animals; contains the face and brains"
"29848",1,"खप्पर","skull","NO_GLOSS","the bony skeleton of the head of vertebrates"
"29881",1,"गर्दन् | गला | घाँटी | घिछ्रो","cervix | neck","शरीरको त्यो भाग जसले टाउकोलाई जिउसँग जोड्छ:जिराफको घाँटी धेरै लामो हुन्छ","the part of an organism that connects the head to the rest of the body"
"29885",1,"गर्दन | घाँटी | घिच्रो","nape | nucha | scruff","टाउकोलाई जिउसँग जोडने पिठ्युँको बाह्य भाग","the back side of the neck"
"29886",1,"घाँटी","pharynx | throat","NO_GLOSS","the passage to the stomach and lungs; in the front part of the neck below the chin and above the collarbone"
"29897",1,"शरीर","body | torso | trunk","शरीरमा घाँटीका तलदेखि  कमरसम्मको सबै अंश","the body excluding the head and neck and limbs"
"29911",1,"छाती | वक्षस्थल","chest | pectus | thorax","भुँडी र घाँटीका बीचको हड्डीका गाँठाको बनावट:आमाले रोइरहेको नानीलाई आफ्नो छातीमा लगाउनुभयो","the part of the human torso between the neck and the diaphragm or the corresponding part in other vertebrates"
"29927",1,"कमर | कम्मर","waist | waistline","शरीरमा भुँडी र पिठ्युँको तल र कम्मर तथा नितम्ब माथिको भाग:उनको कम्मर धेरै खिरिलो छ","the narrowing of the body between the ribs and hips"
"29929",1,"लुँदो | लोलो","belly | paunch","फुलेको भुडी अघिल्तिर बढेको वा निस्केको भाग","a protruding abdomen"
"29932",1,"कुल्हा | कूल्हा","hip","कमरको तल तथा तिघ्रादेखि माथिका दुवै पार्श्व भाग","either side of the body below the waist and above the thigh"
"29934",1,"नाइटो | नाभि","bellybutton | navel | omphalos | omphalus | umbilicus","जरायु भएको जन्तुको भुँडीको माझको त्यो गहिरो ठाउँ जहाँ गर्भावस्थामा जरायुनाल रहन्छ:यस नानीको नाइटो पाकेको छ","scar where the umbilical cord was attached"
"29935",1,"उदर | पेट | भुँडी","abdomen | belly | stomach | venter","शरीरमा छातीका तलको अंश वा भाग:तीनदिनदेखि खाना नखाएकाले उनको भुँडी पिठ्युमा टाँसिएको थियो","the region of the body of a vertebrate between the thorax and the pelvis"
"29943",1,"डड्याल्नो | ढाड | पिठ्युँ | पीठ","back | dorsum","NO_GLOSS","the posterior part of a human (or animal) body from the neck to the end of the spine"
"29947",1,"चाक | नितम्ब | पुट्ठा","buttock | cheek","कम्मरमनिको पछिल्तिरको अग्लो भाग:उनको चाकमा पिलो निस्किएको छ","either of the two large fleshy masses of muscular tissue that form the human rump"
"29951",1,"खुट्टा | टाँग","leg","NO_GLOSS","a human limb; commonly used to refer to a whole limb but technically only the part of the limb between the knee and ankle"
"29952",1,"फिलो","crus","जाँघभन्दा तलको भाग","the leg from the knee to foot"
"29958",1,"जाँघ | तिघ्रा | तिघ्रिा","thigh","NO_GLOSS","the part of the leg between the hip and the knee"
"29959",1,"काख","lap","त्यो शारीरिक अवस्था जुन तब बन्छ जब कुनै बच्चा आदिलाई उठाएर तिघ्रामाथि दुवै हातले घेरेर या यसरी नै अझ आफ्नो पेट, छातीमा टाँसिएको हुन्छ","the upper side of the thighs of a seated person"
"29963",1,"खुट्टा | गोडा | चरण | पाउ","foot | human foot | pes","व्यक्‍तिका खुट्टाको सबैभन्दा तल्लो भाग जसमा ऊ उभिन्छ वा जसले हिँडछ:कर्मचारी अधिकारीका चरणमा परेर गनगनाउन थाल्यो","the part of the leg of a human being below the ankle joint"
"29967",1,"हात","hand | manus | mitt | paw","NO_GLOSS","the (prehensile) extremity of the superior limb"
"29971",1,"देब्रे हात | बायाँ हात","left | left hand","मान्छे आदिका शरीरको दाहिनेतिरको हात","the hand that is on the left side of the body"
"29972",1,"पञ्जा | हत्केला | हत्केलो","palm | thenar","NO_GLOSS","the inner surface of the hand from the wrist to the base of the fingers"
"29974",1,"अङ्गुली | औंला","dactyl | digit","हात वा खुट्टाका अघि निस्किएका अवयव जुन विशेषगरी पाँचवटा हुन्छन्:उनका दाहिने हातमा छवटा औंला छन्","a finger or toe in human beings or corresponding body part in other vertebrates"
"29979",1,"औँलो | बुढीऔँलो","pollex | thumb","हात वा खुट्टाका छेउको सबैभन्दा मोटो औँलो:एकलव्यले गुरु दक्षिणामा द्रोणाचार्यलाई आफ्नो हातको बुढी औँलो काटेर दिए","the thick short innermost digit of the forelimb"
"29980",1,"चोरीऔंलो","forefinger | index | index finger","बुढीऔंलोभन्दा पछिल्लो औंलो:उनको दाहिने हातको चोरी औंलोमा घाउ भएको छ","the finger next to the thumb"
"29981",1,"अनामिका | साहिँलीऔंलो","annualry | ring finger","कान्छी र माझी औंलीका बीचको औंलो:मेरो दाहिने हातको अनामिका औंलो दुख्दै छ","the third finger (especially of the left hand)"
"29982",1,"कर्णिका | माझीऔँलो","middle finger","हातका माझको औँलो:माझको औँलो सबैभन्दा लामो हुन्छ","the second finger; between the index finger and the ring finger"
"29983",1,"कान्छीऔंलो","little finger | pinkie | pinky","पाँच औंलाहरूमा सबैभन्दा सानो औंलो:उनका हातको कान्छी औंलोमा मोतीको औंठी सजिएको छ","the finger farthest from the thumb"
"30015",1,"घुँडा | घुँडो","articulatio genus | genu | human knee | knee | knee joint","NO_GLOSS","hinge joint in the human leg connecting the tibia and fibula with the femur and protected in front by the patella"
"30018",1,"पिँडुलो","calf | sura","घुँडो र कुर्कच्चो  बीचको पछिल्लो मासुभएको भाग","the muscular back part of the shank"
"30035",1,"पादतल | पैताला","sole","खुट्टाको तल्तिरको त्यो अंश जुन हिँड्दा पृथ्वीमा पर्छ:उनका पैताला सुन्निए","the underside of the foot"
"30037",1,"खुट्टाको औँला","toe","NO_GLOSS","one of the digits of the foot"
"30042",1,"कुरकुच्चो","heel","खुट्टाको सबैभन्दा तलको पछिल्लो भाग:जाडाको दिनमा उनका कुर्कुच्चा फुट्छन् र उनी दुखेर कराउन थाल्छन्","the back part of the human foot"
"30044",1,"गोलीगाँठो","ankle | ankle joint | articulatio talocruralis | mortise joint","कुर्कुच्चोभन्दा माथि र पिँडौलाभन्दा तलको निक्लिएको हड्डीको गाँठो:हिँड्दा-हिँड्दै अकस्मात् मेरो दाहिने गोलीगाँठो दुख्‍न थाल्यो","a gliding joint between the distal ends of the tibia and fibula and the proximal end of the talus"
"30052",1,"कुहिनो | कुहुनो","articulatio cubiti | cubital joint | cubitus | elbow | elbow joint | human elbow","NO_GLOSS","hinge joint between the forearm and upper arm and the corresponding joint in the forelimb of a quadruped"
"30060",1,"नख | नङ | नङ्ग्रा","nail","औँलाको टुप्पामा हुने हड्डी जस्तो सारो वस्तु:सधैँ नङ सफा गर्नुपर्छ","horny plate covering and protecting part of the dorsal surface of the digits"
"30079",1,"नारी | पौठा","articulatio radiocarpea | carpus | radiocarpal joint | wrist | wrist joint","हातको त्यो भाग जहाँ हत्केलोले जोड पाउँछ:रामले मेरो नारी समात्यो","a joint between the distal end of the radius and the proximal row of carpal bones"
"30093",1,"डँडाल्नु | ढाड | मेरुदण्ड","back | backbone | rachis | spinal column | spine | vertebral column","पिठ्यूँका माझको लामो ठाडो हड्डी:मेरुदण्ड सोझो राख्‍न सोझो भएर बस्नुपर्छ","the series of vertebrae forming the axis of the skeleton and protecting the spinal cord"
"30126",1,"नलीहाड","shin | shinbone | tibia","खट्टाको त्यो हड्डी जुन पिँडुलाको माथि हुन्छ","the inner and thicker of the two bones of the human leg between the knee and ankle"
"30142",1,"नसिका | नाक","nose | olfactory organ","ओठ माथिको सुँघ्ने र सास फेर्ने इन्द्रिय:उनका नाकमा पिलो निस्कियो","the organ of smell and entrance to the respiratory tract; the prominent part of the face of man or other mammals"
"30147",1,"नाकेडाँडी | नासास्थि","bridge","नाकको हड्डी जुन दुवै नाकको प्वालको माझमा हुन्छ","the hard ridge that forms the upper part of the nose"
"30150",1,"चिँउडो | च्यूँडो","chin | mentum","ओठका तलको गोलाकार अलिक अग्लो भाग:उसको चिउँडोमा काटेको दाग छ","the protruding part of the lower jaw"
"30152",1,"खोपिल्टो","dimple","गालामा पर्ने खाल्डो(विशेषगरी हाँस्ता वा केही बोल्दा)","a small natural hollow in the cheek or chin"
"30154",1,"नाकको प्वाल | नाके टोड्को | नासिका विवर | पोरा","anterior naris | nostril","NO_GLOSS","either one of the two external openings to the nasal cavity in the nose"
"30157",1,"अनुहार | चेहरा | मुख | मोहडा | रूप","face | human face","NO_GLOSS","the front of the human head from the forehead to the chin and ear to ear"
"30164",1,"खप्पर | चाँदो | निदार | निधार | पुर्पुरो | ललाट","brow | forehead","टाउकाको माथिल्लो र अघिल्तिरको भाग:रामको निधारमा निपुणता झल्किरहेको छ","the part of the face above the eyes"
"30166",1,"कपोल | गाला","cheek","मुखका दुवै तिरका हड्डी र कानपट्टिका बीचको कमलो भाग:घामले उसका गाला राता भए","either side of the face below the eyes"
"30168",1,"थुतुनो | मुख","jaw","मुखभित्र माथि र तलका ती हड्डीहरू जसमा दाँत उम्रिएका हुन्छन्","the bones of the skull that frame the mouth and serve to open it; the bones that hold the teeth"
"30210",1,"अंतःकरण | अंतर | अन्तःकरण | अन्तर | चित | चित्त | दिल | पेट | मन | मानस","brain | head | mind | nous | psyche","प्राणीमा अनुभव,सङ्कल्प-विकल्प,इच्छा,विचार आदि गर्ने शक्ति","that which is responsible for one's thoughts and feelings; the seat of the faculty of reason"
"30228",1,"सद्बुद्धि | सुबुद्धि | सुमति","common sense | good sense | gumption | horse sense | mother wit | sense","राम्रो बुद्धि","sound practical judgment"
"30235",1,"सावधानता | सावधानी","care | caution | forethought | precaution","सावधान वा सतर्क रहने अवस्था वा भाव","judiciousness in avoiding harm or danger"
"30245",1,"व्यापकता","breadth | comprehensiveness | largeness","व्यापक हुने अवस्था या भाव","the capacity to understand a broad range of topics"
"30247",1,"ज्ञान | बुद्धि | मति","intellect | mind","सोच्ने बुझ्ने र ठहर गर्ने वृत्ति वा मानसिक शक्ति:अर्काको बुद्धिले राजा बन्नु भन्दा आफ्नो बुद्धिले जोगी बन्नु धेरै राम्रो हो","knowledge and intellectual ability"
"30257",1,"तीक्ष्णता | प्रखरता","acuity | acuteness | keenness | sharpness","प्रखर भएको अवस्था वा भाव","a quick and penetrating intelligence"
"30268",1,"सहज प्रवृत्ति | सहज स्वभाव | सहजवृत्ति","inherent aptitude | instinct","स्वाभाविक प्रवृत्ति","inborn pattern of behavior often responsive to specific stimuli"
"30275",1,"प्रज्ञा | प्रतिभा | मेधा","endowment | gift | natural endowment | talent","त्यो विशिष्ट र असाधारण मानसिक शक्ति वा गुण जसले गर्दा मान्छेले कुनै काममा धेरै योग्यताको कार्य गरेर देखाउँछन्","natural abilities or qualities"
"30300",1,"देवलोक | स्वर्ग","paradise","हिन्दूहरूका अनुसार सात लोकमध्ये त्यो जसमा पुण्य र सत्कर्म गर्नेहरूको आत्मा गएर वास गर्छ:मान्छेको राम्रो कर्मले उसलाई स्वर्ग लान्छ","(Christianity) the abode of righteous souls after death"
"30348",1,"कार्य कुशलता | कार्यदक्षता","science | skill","कुनै कार्य गर्ने योग्यता","ability to produce solutions in some problem domain"
"30356",1,"साक्षरता","literacy","साक्षर वा पढे लेखेको भएको अवस्था वा भाव","the ability to read and write"
"30357",1,"निसानबाजी","marksmanship","निसान लगाउने क्रिया","skill in shooting"
"30361",1,"कला | कारिगरी | विद्या | शिल्प","art | artistry | prowess","कुनै कार्य राम्रोसँगले गर्ने कौशल, विशेषगरी यस्तो कार्य जसको सम्पादनका लागि ज्ञानका अतिरिक्त कौशल र अभ्यासको आवश्यकता हुन्छ","a superior skill that you can learn by study and practice and observation"
"30371",1,"अनुभवपूर्णता | अनुभवयुक्तता","expertise | expertness","अनुभवबाट पूर्ण हुने अवस्था या भाव","skillfulness by virtue of possessing special knowledge"
"30375",1,"सामन्जस्यता","coordination","सामन्जस्य भएको अवस्था वा भाव","the skillful and effective interaction of movements"
"30378",1,"पकड | पहुँच","command | control | mastery","कुनै कुरो आदि राम्ररीले बुझ्ने शक्‍ति वा त्यसको राम्रो ज्ञान","great skillfulness and knowledge of some subject or activity"
"30410",1,"अप्रतिभा","talentlessness","प्रतिभाको अभाव","a lack of talent"
"30417",1,"अक्षमता | अयोग्यता | असमर्थता | क्षमताहीनता | सामर्थ्यहीनता","inefficiency","क्षमताहीन या अक्षम हुने अवस्था या भाव","unskillfulness resulting from a lack of efficiency"
"30431",1,"स्मरण-शक्‍ति | स्मरण शक्‍ति | स्मृति-शक्‍ति | स्मृतिशक्‍ति","memory | retention | retentiveness | retentivity","स्मरण राख्‍ने शक्‍ति","the power of retaining and recalling past experience"
"30433",1,"ज्ञानेंद्रिय | ज्ञानेन्द्रिय","sensation | sense | sensory faculty | sentience | sentiency","त्यो इन्द्रिय जसद्वारा बाह्य विषयको ज्ञान हुन्छ","the faculty through which the external world is apprehended"
"30448",1,"स्पर्शेन्द्रिय","cutaneous senses | sense of touch | skin senses | touch | touch modality","त्यो इन्द्रिय जसद्वारा स्पर्शभएको थाहा पाइन्छ","the faculty by which external objects or forces are perceived through contact with the body (especially the hands)"
"30460",1,"दृष्टि | दृष्टि क्षमता | हेराइ","night-sight | night vision | scotopic vision | twilight vision","त्यो वृत्ति या शक्ति जसद्वारा मनुष्य या जीव सबै चिज देख्छन्","the ability to see in reduced illumination (as in moonlight)"
"30464",1,"श्रवण इन्द्रिय | श्रवणेन्द्रिय","audition | auditory modality | auditory sense | hearing | sense of hearing","शब्दको ज्ञान गराउने इन्द्रिय","the ability to hear; the auditory faculty"
"30485",1,"सिद्धांतनियम | सिद्धान्त","system | system of rules","व्यवहार या आचरणका विषयमा नीति, विधि, धर्म आदिद्वारा निश्चित ढङ्ग या प्रतिबन्ध","a complex of methods or rules governing behavior"
"30518",1,"अभ्यास","habit | wont","NO_GLOSS","an established custom"
"30520",1,"संस्था","institution","राजनीतिक या सामाजिक जीवनसित सम्बन्ध राख्‍ने कुनै नियम या विधान","a custom that for a long time has been an important feature of some group or society"
"30530",1,"कामकारबाई | मामलो | मामिला","affair | matter | thing","व्यवहार वा विवादको कुरो वा विषय","a vaguely specified concern"
"30537",1,"बिर्सिनु | भुल्नु","amnesia | blackout | memory loss","बिर्सिने अवस्था वा भाव:बिर्सिनुका कारणले सामानहरू खोज्दा पनि भेटिँदैनन्","partial or total loss of memory"
"30545",1,"स्मृतिहीनता","forgetfulness","स्मृतिहीन हुने अवस्था या भाव","unawareness caused by neglectful or heedless failure to remember"
"30550",1,"अङ्गानुभूति | चेतना | चैतन्य | संज्ञा | होश","consciousness","बोध गर्ने वृत्ति या शक्ति","an alert cognitive state in which you are aware of yourself and your situation"
"30554",1,"अभिज्ञता | जानकारी | भिज्ञता","awareness | cognisance | cognizance | consciousness | knowingness","जान्ने या विज्ञ हुने अवस्था या भाव","having knowledge of"
"30561",1,"बुझाइ | सोचाइ","sense","बुद्धिद्वारा प्राप्‍त हुने ज्ञान","a general conscious awareness"
"30572",1,"अज्ञता | अनभिज्ञता","unawareness | unknowingness","अनभिज्ञ हुने अवस्था या भाव","unconsciousness resulting from lack of knowledge or attention"
"30590",1,"उत्कन्ठा | कौतुहल | खोजी | जिज्ञासा","curiosity | wonder","कुनै कुरा जान्ने अत्याधिक इच्छा:नानीहरूका मनमा प्रत्येक चीजका प्रति जिज्ञासा हुन्छ","a state in which you want to learn more about something"
"30592",1,"अभिरुचि | इच्छा | रहर | रुचि","interest | involvement","मनमा राम्रो लाग्ने भाव","a sense of concern with and curiosity about someone or something"
"30604",1,"रहस्य","closed book | enigma | mystery | secret","NO_GLOSS","something that baffles understanding and cannot be explained"
"30658",1,"प्रतिनिधि | प्रतिपुरुष","replacement | substitute","कसैको अधिनमा रहेर अथवा एत्तिकै कसैका स्थानमा उसको भएर काम गर्नेवाला","a person or thing that takes or can take the place of another"
"30663",1,"आत्मविश्‍वास","assurance | authority | confidence | self-assurance | self-confidence | sureness","त्यो विश्‍वास जुनचाहिँ कसैको आफूमै हुन्छ","freedom from doubt; belief in yourself and your abilities"
"30669",1,"अप्रतीति | अप्रत्यय | अविश्वसनीयता | अविश्वास | विश्वासहीनता","disbelief | incredulity | mental rejection | skepticism","विश्वास नहुने अवस्था या भाव","doubt about the truth of something"
"30682",1,"मनः प्रक्रिया | मानसिक प्रक्रिया","cognitive operation | cognitive process | mental process | operation | process","त्यो प्रक्रिया जुन मनसित सम्बन्धित छ","(psychology) the performance of some composite cognitive activity; an operation that affects mental contents"
"30691",1,"अनुसन्धान | अन्वीक्षण | खोज | खोजी","notice | observance | observation","ध्यान दिएर हेर्ने क्रिया","the act of noticing or paying attention"
"30705",1,"ध्यानहीनता","inattention","कुनै कुरा या कार्यमा मन लीन नहुने दशा या भाव","lack of attention"
"30708",1,"उपेक्षा | बेवास्ता","disregard | neglect","ध्यान नदिने क्रिया","lack of attention and due care"
"30709",1,"भूल-चूक | भूलचूक","inadvertence | oversight","अनजानमा बएको भूल","an unintentional omission resulting from failure to notice something"
"30728",1,"अवबोध | ज्ञान | बोध | भान | संज्ञा | संज्ञान","insight | penetration","वस्तु र विषयको त्यो पूर्ण जानकारी जुन मन या विवेकलाई हुन्छ","clear or deep perception of a situation"
"30749",1,"गन्ध | बास्ना | सुगन्ध | सुवास","odor | odour | olfactory perception | olfactory sensation | smell","वायुमा मिसिएको कुनै वस्तुको सानो कणको प्रसार जसको ज्ञान वा अनुभव नाकद्वारा हुन्छ:जङ्गलमा हिँड्दा जङ्गली फुलको गन्ध आइरहेको थियो","the sensation that results when olfactory receptors in the nose are stimulated by particular chemicals in gaseous form"
"30751",1,"कस्तुरी | कस्तुरीमृग","musk","एउटा सुगन्धित पदार्थ जिन एक विशेष प्रकारको भाले मृगको नाभिबाट निस्कन्छ:कस्तुरीमा एक विशेष प्रकारको सुगन्ध हुन्छ","the scent of a greasy glandular secretion from the male musk deer"
"30752",1,"सुगंध | सुगन्ध | सुरभि | सुवास | सौरभ","aroma | fragrance | perfume | scent","राम्रो गन्ध या मगमगाहट","a distinctive odor that is pleasant"
"30757",1,"स्वाद-nepali","flavor | flavour | nip | relish | sapidity | savor | savour | smack | tang","खाने-पिउने चीज मुखामा पर्दा त्यसबाट जिब्रोलाई हुने अनुभव:ज्वरोले गर्दा रामको मुखको स्वाद बिग्रियोत्यो स्वाद लि-लिकन खाँदै छ","the taste experience when a savoury condiment is taken into the mouth"
"30760",1,"मधुरता | मिठास | मिठोपन | सुरिलोपन","sugariness | sweet | sweetness","मिठो भएको अवस्था वा भाव","the taste experience when sugar dissolves in the mouth"
"30785",1,"इन्द्रीय-बोध | इन्द्रीयबोध | साक्षात्कार","feeling","पदार्थहरूको इन्द्रीयहरूद्वारा हुने बोध","a physical sensation that you experience"
"30791",1,"झिनझिनाउनु | निदाउनु","prickling | tingle | tingling","हाथ वा खुट्टामा रगतको संचार रोकिनाले हुने झिनझिन","a somatic sensation as from many tiny prickles"
"30808",1,"चिसो | जाडो | ठन्डा","cold | coldness","तापमान झर्नाले शरीरमा हुने त्यो अनुभूति जसमा लुगा आदि ओढ्ने वा घाम, आगो आदि ताप्न मन लाग्छ:आज बिहानदेखि नै मलाई जाडो लागिरहेको छ","the sensation produced by low temperatures"
"30851",1,"अध्यास | अध्यासन | आरोपण | भ्रान्त धारणा | मिथ्या ज्ञान","ascription | attribution","भ्रमवश एक वस्तुलाई अन्य वस्तु सम्झने क्रिया","assigning some quality or character to a person or thing"
"30880",1,"जाँच | परीक्षण","biopsy","विशेषतः कुनै रोगको कारण जान्नका लागि शारीरिक द्रव्यहरू जाँच्ने क्रिया","examination of tissues or liquids from the living body to determine the existence or cause of a disease"
"30929",1,"फेसन","fashion","बनौट सिंगार, सजधज आदिको नयाँ, राम्रो वा लोकप्रिय ढङ्ग","the latest and most admired style in clothes and cosmetics and behavior"
"30932",1,"झोक | धुन | लहर","craze | cult | fad | furor | furore | rage","पगलाको जस्तो धुन,प्रवृत्ति वा आचरण","an interest followed with exaggerated zeal"
"30967",1,"अनुभव | तजरबा | तजरुबा | तजर्बा | तजुरबा | तजुर्बा","experience","त्यो ज्ञान जो कुनै काम या प्रयोग गर्दा प्राप्त हुन्छ","the accumulation of knowledge or skill that results from direct participation in events or activities"
"30977",1,"थाहा | याद | सम्झना | स्मरण","memory | remembering","कुनै देखेको,सुनेको  वा बितेर गएको कुरालाई मनमा ध्यान रहने वा फेरि सम्झना आउने क्रिया वा भाव","the cognitive processes whereby past experience is remembered"
"31011",1,"कल्पना | कल्पना शक्ति | फन्टासी","imagery | imagination | imaging | mental imagery","त्यो शक्ति या भाव जसले चाहिँ मनमा नयाँ,अनौठो आदि कुराको स्वरूपलाई उपस्थित गराउँछ","the ability to form mental images of things or events"
"31015",1,"सपना | सप्ना | स्वप्ना","dream | dreaming","निदाएको बेला देखिने मानसिक दृश्य अथवा घटना:उनी सधैँ राती सपना देख्छन्","a series of mental images and emotions occurring during sleep"
"31028",1,"अनुशीलन | चिंतन-मनन | चिन्तन | चिन्तन-मनन | मनन | विचारण | सोच-विचार","cerebration | intellection | mentation | thinking | thought | thought process","विचार गर्ने क्रिया या भाव","the process of using your mind to consider something carefully"
"31062",1,"ज्योतिष | ज्योतिष-विद्या | ज्योतिष-शास्त्र | ज्योतिष विद्या","astrology | star divination","त्यो विद्या जसद्वारा ग्रह,नक्षत्र आदिको दुरत्व, गति आदि जानिन्छ","a pseudoscience claiming divination by the positions of the planets and sun and moon"
"31097",1,"मीमांसा | विवेचन | विवेचना","consideration","विचारपूर्वक निर्णय गर्ने क्रिया","the process of giving careful thought to something"
"31105",1,"आत्मदर्शन | आत्मनिरीक्षण","self-analysis | soul-searching","स्वयं आफ्नो निरीक्षण गर्ने क्रिया","a penetrating examination of your own beliefs and motives"
"31132",1,"नहुनु पर्ने","impossible","असम्भव घटना वा कुरा","something that cannot be done"
"31148",1,"आरक्षण | रिजर्वेसन","reservation","कुनै सिट,कक्ष,स्थान आदिलाई कुनै विशिष्ट व्यक्‍ति,संस्था,जाति आदिका लागि निश्‍चित् गर्ने क्रिया","something reserved in advance (as a hotel accommodation or a seat on a plane etc.)"
"31194",1,"दूरदर्शिता | दूरदृष्टि","farsightedness | foresight | prevision | prospicience","परको कुरो सोच्‍ने वा बुझ्ने गुण","seeing ahead; knowing in advance; foreseeing"
"31196",1,"बोध","comprehension","NO_GLOSS","an ability to understand the meaning or importance of something (or the knowledge acquired as a result)"
"31205",1,"परिज्ञान | पूर्ण जानकारी","realisation | realization | recognition","कुनै वस्तु आदिका बारेमा पूरा ज्ञान","coming to understand something clearly and distinctly"
"31211",1,"पाठ | वाचन","reading","किताप वा लेख आदिमा लेखिएको कुरा वा विषय हेर्ने वा पडने क्रिया","the cognitive process of understanding a written linguistic message"
"31214",1,"परम्परा","tradition","NO_GLOSS","an inherited pattern of thought or action"
"31250",1,"तथ्य","fact","कुनै यस्तो कुरो जुनचाहिँ विशेष अवस्थामा वस्तुत: भएको छ","a piece of information about circumstances that exist or events that have occurred"
"31260",1,"असल | यथार्थ | सच | सत्त | सत्य | सही | साँचो","truth","त्यो जे चाहिँ न्यायङ्गत,उचित र धर्मसित सम्बन्धित हो","a fact that has been verified"
"31269",1,"अपवाद | व्यतिक्रम","exception","त्यो कुरा, शब्द, तत्त्व आदि जो कुनै व्यापक या सामान्य नियम आदिको विरुद्ध हुन्छ","an instance that does not conform to a rule or generalization"
"31272",1,"ढाँचा | नमुना | बान्की","sample","कुनै पदार्थ आदिको प्रकार,गुण आदिको परिचय गराउनका लागि त्यसबाट निकालिएको अलिकति अंश","a small part of something intended as representative of the whole"
"31280",1,"प्रमाण | प्रामाणिकता","justification","प्रमाणित भएको अवस्था वा भाव","something (such as a fact or circumstance) that shows an action to be reasonable or necessary"
"31282",1,"पृष्ठ-भूमि | पृष्ठभूमि | भूमिका","background | background knowledge","पहिलेका ती कुरा वा परिस्थितिहरू जसका अघाडि वा छेउमा धेरै नयाँ विशेष कुरा वा घटना हुन्छन् र जोसँग मिलाउँदा त्यो कुरो वा घटनाको रूप स्पष्ट हुन्छ","information that is essential to understanding a situation or problem"
"31287",1,"प्रमाण | प्रमान","cogent evidence | proof","त्यो भनाइ वा तत्त्व जसमा कुनै कुरा सिद्ध  हुन्छ:प्रमाण नभेट्नाले अपराधी मुक्‍त भयो","any factual evidence that helps to establish the truth of something"
"31326",1,"बोझ | बोझा | भार","burden | encumbrance | incumbrance | load | onus","कसैको जिम्मेदारी बनेर रहने तथा त्यसका लागि केही उपयोगी नहुने अवस्था","an onerous or difficult concern"
"31333",1,"ठनाइ | मन्तव्य | विचार | सोचाइ","idea | thought","मनमा उत्पन्न हुने कुरा","the content of cognition; the main thing you are thinking about"
"31348",1,"खाका | नक्सा","layout","घर, भवन आदि बनाउनुभन्दा पहिले त्यो माटामा बनिने पर्खाल, कोठा आदिको रेखा कोरेर बनाइएको चित्र","a plan or design of something that is laid out"
"31356",1,"तह | वर्ग | श्रेणी | समुदाय | समूह","category","सामान्य धर्म अथवा स्वरूप राख्‍ने पदार्थ आदिको समूह","a general concept that marks divisions or coordinations in a conceptual scheme"
"31394",1,"ऐन | नियम | नीति | विधि","regulation | rule","कुनै प्रकारले ठहराइएको रीति वा व्यवस्था","a principle or condition that customarily governs behavior"
"31417",1,"अतुलनीयता | अनुपमता","excellence | excellency","अति उत्कृष्ट हुने अवस्था","an outstanding feature; something in which something or someone excels"
"31419",1,"अद्भुतता | अद्भुतत्व | अनन्यता | अनन्यत्व | अपूर्वता | अपूर्वत्व | विचित्रता | विलक्षणता","distinctive feature | distinguishing characteristic | peculiarity","विलक्षण हुने अवस्था या भाव","an odd or unusual characteristic"
"31422",1,"पक्ष","side","कुनै विषयको दुई वा अधिक परस्पर विरोधी तत्व, सिद्धान्त अथवा दलहरूमा कुनै एक","an aspect of something (as contrasted with some other implied aspect)"
"31432",1,"अध्यापक | गुरु | मास्टर | शिक्षक","teacher","त्यो मानवीकृत वस्तु जसले शिक्षा दिन्छ वा जसबाट शिक्षा मिल्छ","a personified abstraction that teaches"
"31433",1,"अमूर्त वस्तु | आकारहीन वस्तु | निरायाम वस्तु","thing","त्यो वस्तु जुन मूर्त हुँदैन या जसको कुनै ठोस रूप सामुमा हुँदैन","a special abstraction"
"31460",1,"दुईगुणा | दुईगुना | दुना","double","कुनै वस्तु आदिको मात्राभन्दा उतिनै अधिक मात्रा","a quantity that is twice as great as another"
"31461",1,"तीनगुणा | तीनगुना","triple","कुनै वस्तु आदिको मात्राभन्दा दुई गुना अरू मात्रा","a quantity that is three times as great as another"
"31462",1,"चारगुणा | चारगुना","quadruple","कुनै वस्तु आदिको मात्राभन्दा उतिनै तीन गुना अधिक मात्रा","a quantity that is four times as great as another"
"31466",1,"जोड़ | जोड़फल | योग | योग परिणाम | योगफल","amount | sum | total","दुई या अधिक सङ्ख्यालाई जोड़दा पाइने सङ्ख्या","a quantity obtained by the addition of a group of numbers"
"31498",1,"नुक्ता | बिन्दी | बिन्दु","point","(रेखागणितमा अङ्कित गरिएको) त्यो सानो गोलो धब्बा जसले कुनै स्थानको निर्देश त गर्छ तर न त त्यसमा लम्बाइ, चौडाइ हुनुपर्छ भनिन्छ अनि न त जसको विभाग नै हुन्छ","a geometric element that has position but no extension"
"31511",1,"पूर्णकाय | पूर्णाङ्ग | सर्वाङ्ग","whole","कुनै पनि वस्तु,प्राणी आदिका शरीरको सम्पूर्ण अङ्ग या विभाग","all of something including all its component elements or parts"
"31519",1,"देवताको नियम | दैवी नियम | दैवी विधान","divine law","त्यो विधान जुनचाहिँ दैवद्वारा नियत गरिएको मानिन्छ र  अटल हुन्छ","a law that is believed to come directly from God"
"31587",1,"अभिकल्पना | परिकल्पना | प्रकल्पना","hypothesis | possibility | theory","जुन कुराको धेरै थोक सम्भावना छ, त्यसलाई अगिबाटै मान्न या त्यसको कल्पना गर्ने क्रिया","a tentative theory about the natural world; a concept that is not yet verified but that if true would explain certain facts or phenomena"
"31616",1,"अनुचित तर्क | कुतर्क","sophism | sophistication | sophistry","त्यो तर्क जुन चाहिँ ढङ्गको छैन","a deliberately invalid argument displaying ingenuity in reasoning in the hope of deceiving someone"
"31646",1,"पूर्वयोजना | मोटामोटी अनुमान | रूपरेखा","blueprint | design | pattern","कुनै बनाइने रूप वा गरिने कामको त्यो स्थूल अनुमान जुन चाहिँ त्यसको आकार-प्रकार आदिको परिचायक हुन्छ","something intended as a guide for making something else"
"31648",1,"युद्धनीति | रणनीति","battle plan","युद्ध वा रण गर्ने नीति","plan for conducting a battle"
"31676",1,"षडयन्त्र","intrigue | machination","कपटपूर्ण आयोजन","a crafty and involved plot to achieve your (usually sinister) ends"
"31678",1,"इन्दजाल | षडयंत्र | षड्यन्त्र","cabal | conspiracy","कसैको विरुद्ध गुप्‍त रूपले गरिने कारवाई","a plot to carry out some harmful or illegal act (especially a political plot)"
"31687",1,"परियोजना | प्रकल्प | प्रोजेक्ट","project | projection","कुनै योजनाबद्ध काम","a planned undertaking"
"31707",1,"नमाज","salaah | salaat | salah | salat","NO_GLOSS","the second pillar of Islam is prayer; a prescribed liturgy performed five times a day (preferably in a mosque) and oriented toward Mecca"
"31717",1,"अवधारणा | धारणा","belief | feeling | impression | notion | opinion","कुनै विषयमा मनमा हुने केही विचार वा मत","a vague idea in which some confidence is placed"
"31729",1,"अंतःकरण | अंतःपुर | अंतर | अन्तःकरण | अन्तःपुर | अन्तर | अन्तरात्मा | अन्तर्मन | हृदय","bosom | heart","मनको त्यो शक्ति जसद्वारा राम्रो-नराम्रोको सही र स्पष्ट ज्ञान हुन्छ","the locus of feelings and intuitions"
"31732",1,"अध्यावसान | अभिप्राय: | अर्थ | आशय | तात्पर्य | भाव | माने","meaning | substance","त्यो अभिप्राय: या आशय जुन कुनै शब्द,पद या वाक्य आदिबाट निक्लिन्छ र जसको बोध गराउन त्यो शब्द या पद लोकमा प्रचलित हुन्छ","the idea that is intended"
"31734",1,"विषय | विषय-वस्तु","motif | theme","ती कुराहरू जसका कुनै लेख,ग्रन्थ आदिमा विवेचन भयो वा जसको विवेचन गर्नु छ","a unifying idea that is a recurrent element in a literary or artistic work"
"31778",1,"नायक | प्रधानपात्र | मुख्यपात्र","hero","साहित्य आदिमा त्यो पुरुष, जसको चरित्र कुनै काव्य, नाटक आदिमा मुख्यरूपमा आउँछ:यस कहानीको नायकले अन्‍त्यमा वीरगति प्राप्‍त गर्छ","the principal character in a play or movie or novel or poem"
"31796",1,"छवि | दृश्य","aspect | panorama | prospect | scene | view | vista","त्यो पदार्थ, घटना वा ठाउँ आदि जुन आँखाका सामुन्ने हुन्छ:सूर्यास्तको दृश्य धेरै राम्रो थियो झरीले गर्दा बाहिरको दृश्य स्पष्ट थिएन","the visual percept of a region"
"31808",1,"ख्याल | ध्यान | याद | सम्झना | सुध | सुधि | स्मृति","memory","त्यो ज्ञान जो स्मरण शक्तिद्वारा एकत्र या प्राप्त हुन्छ","something that is remembered"
"31823",1,"आदर्श | उदाहरण","epitome | image | paradigm | prototype","त्यो कार्य, व्यक्ति आदि जुन आदर्शको रूप हुन्छ  र जसको अनुकरण गर्नु नैतिक हुन्छ","a standard or typical example"
"31830",1,"आदर्श | उदाहरण | डिजाइन | नमूना | प्रारूप","pattern","त्यो जसलाई देखेर त्यसको अनुसार उस्तै केही गर्‍यो या बनाइयोस्","a model considered worthy of imitation"
"31854",1,"अपेक्षा | आकाङ्क्षा","expectation | outlook | prospect","कसैमाथि भरोसा गर्ने क्रिया कि अमुक कार्य उद्वारा हुन सक्छ या हुन्छ","belief about (or mental picture of) the future"
"31858",1,"मत | राय | विचार | सम्मति","opinion | persuasion | sentiment | thought | view","कुनै बिषय आदिमा प्रकट गरिएको कसैको आफ्नो विचार वा सम्मति","a personal belief or judgment that is not founded on proof or certainty"
"31889",1,"अंध-विश्वास | अंधविश्वास | अन्ध-विश्वास | अन्धविश्वास","superstition | superstitious notion","सोच-विचार नगरी या आँखा चिम्लेर कुनै कुरामा गरिने विश्वास","an irrational belief arising from ignorance or fear"
"31901",1,"मान्यता | मूल्य | विचार","values","कुनै कुरा वा सिद्धान्त मानिने क्रिया वा भाव","beliefs of a person or social group in which they have an emotional investment (either for or against something)"
"31904",1,"आदर्श | मार्ग","principle","केही यस्तो उच्च सिद्धान्त जसलाई मान्छेले आफ्नो जीवनमा अपनाउँछ र त्यसमा नै चल्नु ठिक मान्छ","a rule or standard especially of good behavior"
"31907",1,"आचार संहिता | नीति","ethic | moral principle | value-system | value orientation","जनता वा समाजका लागि निश्‍चित आचार-व्यवहार","the principles of right and wrong that are accepted by an individual or a social group"
"31995",1,"अनात्मवाद | देहात्मवाद | पदार्थवाद | भौतिकतावाद | भौतिकवाद","materialism | physicalism","देह या शरीरलाई नै आत्मा मान्ने सिद्धान्त","(philosophy) the philosophical theory that matter is the only reality"
"31999",1,"यथार्थवाद","naturalism","यो दार्शनिक विश्‍वास वा सिद्धान्त के भने भौतिक जगतको स्वतन्त्र सत्ता वा अस्तित्व हो र हामीलाई सबै ज्ञान भौतिक तत्वहरूबाट हुन्छ","(philosophy) the doctrine that the world can be understood in scientific terms without recourse to spiritual or supernatural explanations"
"32019",1,"परम्परा","traditionalism","यो विश्वास कि समाजका लागि रीति-रिवाज र परम्परा आधुनिक विचारहरूको अपेक्षा अधिक महत्त्वपूर्ण छन्","the doctrine that all knowledge was originally derived by divine revelation and that it is transmitted by traditions"
"32025",1,"जन्तर-मन्तर | जादु-टुना | टुना-मुना","black art | black magic | necromancy | sorcery","कसैको अहित गर्न अथवा दैवी बाधा हटाउन प्रयोग गर्ने अलौकिक शक्ति वा भूत-प्रेतमाथि गरिने विश्वास:आजका वैज्ञानिकहरू टुना-मुनामा विश्वास गर्दैनन्","the belief in magical spells that harness occult forces or evil spirits to produce unnatural effects in the world"
"32033",1,"नास्तिकता","atheism","वेद,ईश्‍वर र परलोक आदिमा अविश्‍वास","a lack of belief in the existence of God or gods"
"32036",1,"अभिप्राय: | आशय | ईप्सा | उद्देश्य | कारण | ध्येय | निमित्त | नियत | प्रयोजन | मतलब | मिसन | लक्ष्य | साध्य | हेतु","end | goal","त्यो विचार जसलाई पूरा गर्न कुनै काम गरिन्छ","the state of affairs that a plan is intended to achieve and that (when achieved) terminates behavior intended to achieve it"
"32057",1,"संस्कति","acculturation | culture","कुनै व्यक्‍ति,जाति,राष्ट्र,आदिका ती सबै कुरा जुन चाहिँ उसको मन,रुचि,आचार-विचार,कला-कौशल र सभ्यताको क्षेत्रमा बौद्धिक विकासका सूचक हुन्छन्","all the knowledge and values shared by a society"
"32061",1,"पाण्डित्य | विद्वता","encyclopaedism | encyclopedism | eruditeness | erudition | learnedness | learning | scholarship","ज्ञान हुने भाव या ज्ञानी हुने अवस्था","profound scholarly knowledge"
"32077",1,"अनुभवहीनता","inexperience | rawness","अनुभवहीन हुने अवस्था या भाव","lack of experience and the knowledge and understanding derived from experience"
"32107",1,"विषय","bailiwick | branch of knowledge | discipline | field | field of study | study | subject | subject area | subject field","ज्ञान वा शिक्षाको एउटा शाखा:म सबै विषयमा उत्तीर्ण भएँ मोहन हिन्दी र गणित विषयमा अनुत्तीर्ण भए","a branch of knowledge"
"32123",1,"बिज्ञान | विज्ञान","science | scientific discipline","NO_GLOSS","a particular branch of scientific knowledge"
"32125",1,"अङ्क | गणित | गणितशात्र","math | mathematics | maths","त्यो शास्त्र जसमा सङ्ख्या, परिणाम आदिको टुङ्गो गर्ने उपायको विचार हुन्छ:रामानुजन गणित शास्त्रका सुप्रसिद्ध ज्ञाता थिए","a science (or group of related sciences) dealing with the logic of quantity and shape and arrangement"
"32127",1,"अङ्कगणित | गणित | हिसाब","arithmetic","त्यो विद्या जसमा सङ्ख्याहरूको जोड्ने-घटाउने गुणा-भाग आदिको विधि भनिन्छ:उनी अङ्कगणितमा निपुण छन्","the branch of pure mathematics dealing with the theory of numerical calculations"
"32129",1,"ज्यामिति | रेखागणित","geometry","गणितशास्त्रको त्यो अङ्ग जसमा पिण्डको नापजोख, रेखा, कोण, तल आदिको विवेचन हुन्छ:यस वर्ष ज्यामितिका प्रश्‍नपत्र धेरै कठिन थिए","the pure mathematics of points and lines and curves and surfaces"
"32164",1,"अक्षर गणित | बीज गणित","algebra","गणितको त्यो प्रकार जसमा अक्षरलाई सङ्ख्याको स्थानमा मानेर अज्ञात मान या संङ्ख्या जानिन्छ","the mathematics of generalized arithmetical operations"
"32270",1,"जीव विज्ञान | जीव शास्त्र | जैविक | बायोलोजी","biological science | biology","त्यो विज्ञान जसमा जीव-जन्तुहरू र वनस्पतिहरू आदिको उत्पत्ति,स्वरूप,विकास र विभाग आदिको विवेचन हुन्छ","the science that studies living organisms"
"32291",1,"दन्त-चिकित्सा विज्ञान | दन्त-चिकित्सा शास्त्र | दन्त चिकित्सा शास्त्र | दन्तचिकित्सा विज्ञान","dental medicine | dentistry | odontology","त्यो विज्ञान जसका अन्तर्गत दाँतहरूको संरचना,विकास तथा रोगसम्बन्धी अध्ययन गरिन्छ","the branch of medicine dealing with the anatomy and development and diseases of the teeth"
"32309",1,"आरोग्य-विज्ञान | आरोग्य-शास्त्र | आरोग्यविज्ञान | आरोग्यशास्त्र | स्वास्थ्य-विज्ञान | स्वास्थ्यविज्ञान","hygiene | hygienics","रोगको रोकथाम र स्वास्थ्य सुरक्षासित सम्बन्धित विज्ञान:मिताली स्वास्थ्यविज्ञानकी प्राध्यापिका हुन्","the science concerned with the prevention of illness and maintenance of health"
"32322",1,"ओन्कोलोजी","oncology","NO_GLOSS","the branch of medicine concerned with the study and treatment of tumors"
"32330",1,"मनोरोग विज्ञान","psychiatry | psychological medicine | psychopathology","NO_GLOSS","the branch of medicine dealing with the diagnosis and treatment of mental disorders"
"32348",1,"पेथोलॉज़ी | रोग-विज्ञान | रोग विज्ञान | विकृति-विज्ञान | विकृति विज्ञान","pathology","रोगको सुरुदेखि अन्त्यसम्मको अध्ययन","the branch of medical science that studies the causes and nature and effects of diseases"
"32359",1,"शल्य-चिकित्सा शास्त्र | शल्य-शास्त्र | शल्य चिकित्सा शास्त्र | शल्यशास्त्र","surgery","शरीरमा भएको घाउ-खटिरा आदि चिर-फारद्वारा गरिने चिकित्सा विधान","the branch of medical science that treats disease or injury by operative procedures"
"32361",1,"उपचार विज्ञान | चिकित्सा विज्ञान | चिकित्सा शास्त्र","therapeutics","चिकित्सासँग सम्बन्धित ज्ञान-विज्ञान","branch of medicine concerned with the treatment of disease"
"32373",1,"वनस्पति | वनस्पतिविज्ञान | वनस्पतिशास्त्र","botany | phytology","त्यो शास्त्र जसमा रूख पातका जातहरू र अङ्ग आदिको अध्ययन हुन्छ:संयोगिता वनस्पति शास्त्रकी प्राध्यापिका हुन्","the branch of biology that studies plants"
"32423",1,"अङ्गविद्या | शरीरविज्ञान | शरीरशास्त्र","physiology","त्यो शास्त्र जसमा शरीरका अङ्गहरूको बनावट र त्यसका कार्यहरूको विवेचना हुन्छ:चिकित्साशास्त्रमा अङ्गविद्या पढ्नु अनिवार्य हुन्छ","the branch of the biological sciences dealing with the functioning of organisms"
"32434",1,"जीवविज्ञान | प्राणीविज्ञान","zoological science | zoology","त्यो विज्ञान जसमा जन्तु वा प्राणीहरूको उत्पत्ति, विकास, स्वरूप र विभागहरूको विवेचन गरिन्छ:सुशान्तका लागि प्राणीविज्ञान धेरै रोचक विषय हो","the branch of biology that studies animals"
"32444",1,"भाैतिक शास्त्र","natural philosophy | physical science | physics","NO_GLOSS","the science of matter and energy and their interactions"
"32521",1,"गति विज्ञान | डाइनामिक्स","dynamics | kinetics","त्यो विज्ञान जसको अन्तर्गत गति गर्दै गरेका वस्तुहरूको एवं त्यसको बलको वैज्ञानिक अध्ययन गरिन्छ","the branch of mechanics concerned with the forces that cause motions of bodies"
"32533",1,"भू-विज्ञान | भूगर्भशास्त्र | भूशास्त्र","geology","त्यो शास्त्र जसद्वारा यस कुराको ज्ञान हुन्छ के भने पृथ्वीको माथिल्लो भाग के-के तत्वहरूले बनेको छ","a science that deals with the history of the earth as recorded in rocks"
"32536",1,"भू-भौतिक | भूभौतिक","geophysical science | geophysics","त्यो भू विज्ञान जसमा भौतिक सिद्धान्तको प्रयोग गरेर पृथ्वीको गुण-धर्महरूको अध्ययन गरिन्छ","geology that uses physical principles to study properties of the earth"
"32554",1,"खनिज विज्ञान | खनिज शास्त्र | खनिजविज्ञान | खनिजशास्त्र","mineralogy","त्यो विज्ञान जसमा खानीहरूको पत्तो लगाउने, त्यसबाट चीजहरू निकाल्ने र खनिज पदार्थको स्वरूप आदिको विवेचन हुन्छ","the branch of geology that studies minerals: their structure and properties and the ways of distinguishing them"
"32560",1,"भूगोल | भूगोलविद्या | भूगोलशास्त्र","geographics | geography","त्यो शास्त्र जसमा पृथ्वीको माथिल्लो स्वरूप र प्राकृतिक विभागहरूको विवेचन वा वर्णन गरेको हुन्छ:उनले भूगोलमा राम्रो अङ्क पाए","study of the earth's surface; includes people's responses to topography and climate and soil and vegetation"
"32594",1,"आइ टी | सूचना प्रौद्योगिकी","information technology | it","अभियान्त्रिकको एउटा शाखा जसमा सूचना सङ्ग्रह गर्ने र पठाउनका लागि कम्प्युटर तथा इलेकट्रनिक उपकरणहरूको उपयोग सम्बन्धी जानकारी दिइन्छ","the branch of engineering that deals with the use of computers and telecommunications to retrieve and store and transmit information"
"32604",1,"मनोविज्ञान | मनोविद्या | साइकोलोजी","psychological science | psychology","त्यो शास्त्र जसमा चित्तका वृत्तिहरू वा मनमा आउने विचारहरूको विवेचन हुन्छ","the science of mental life"
"32630",1,"नागरिक-शास्त्र | नागरिकशास्त्र","civics","नागरिक विषयसित सम्बन्धित सामाजिकविज्ञान:उनी नागरिकशास्त्रका विद्यार्थी हुन्","the social science of municipal affairs"
"32631",1,"मानव-विज्ञान | मानव-शास्त्र | मानव विज्ञान | मानव शास्त्र | मानवविज्ञान | मानवशास्त्र","anthropology","त्यो शास्त्र जसमा मनुष्यको उत्पत्ति, विकास,भेद आदिको विवेचन हुन्छ","the social science that studies the origins and social relationships of human beings"
"32632",1,"पुरातत्त्वशास्त्र","archaeology | archeology","NO_GLOSS","the branch of anthropology that studies prehistoric people and their cultures"
"32662",1,"अर्थविज्ञान | अर्थशास्त्र | शास्त्र","economic science | economics | political economy","त्यो शास्त्र जसमा अर्थ वा धन-सम्पत्तिको उत्पत्ति, उपयोग, विनियोग र वितरणको विवेचना हुन्छ:उनी अर्थशास्त्रका राम्रा ज्ञाता हुन्","the branch of social science that deals with the production and distribution and consumption of goods and services and their management"
"32670",1,"समाजविज्ञान | समाजशास्त्र | सामाजिकविज्ञान","sociology","विज्ञानको त्यो शाखा जसको अन्तर्गत समाज र समाजको व्यक्तिगत सम्बन्धबारे अध्ययन गरिन्छ","the study and classification of human societies"
"32671",1,"अपराध-विज्ञान | अपराध विज्ञान","criminology","त्यो विज्ञान जसमा यस कुराको विवेचन हुन्छ के भने मान्छेले अपराध किन गर्छन् र उनीहरूको अपराध गर्ने प्रवृत्तिलाई कुन् उपायले अन्त गर्न सकिन्छ","the scientific study of crime and criminal behavior and law enforcement"
"32687",1,"इतिहास | इतिहासशास्त्र","history","त्यो शास्त्र जसमा इतिहासको घटना आदिको अध्ययन गर्न सकिन्छ:इतिहास मेरो प्रिय विषय हो","the discipline that records and interprets past events involving human beings"
"32697",1,"दर्शनशास्त्र","philosophy","त्यो शास्त्र जसमा विविध दर्शनहरूको विवेचन हुन्छ","the rational investigation of questions about existence and knowledge and ethics"
"32698",1,"आचारशास्त्र | नीतिविद्या | नीतिशास्त्र","ethics | moral philosophy","त्यो शास्त्र जसमा मनुष्य समाजको हितका लागि देश,काल र पात्रका अनुसार आचार व्यवहार तथा प्रवन्ध एवं शासनको विधान हुन्छ","the philosophical study of moral values and rules"
"32707",1,"सौन्दर्यशास्त्र","aesthetics | esthetics","त्यो शास्त्र जसमा सौन्दर्यसम्बन्धी दार्शनिक परिकल्पनाहरू गरिएको छ","(art) the branch of philosophy dealing with beauty and taste (emphasizing the evaluative criteria that are applied to art)"
"32709",1,"तर्कविद्या | न्याय | न्याय-दर्शन | न्याय-शास्त्र | न्याय दर्शन | न्याय शास्त्र | न्यायदर्शन | न्यायशास्त्र","jurisprudence | law | legal philosophy","छ दर्शनहरूमा एउटा दर्शन वा  शास्त्र जसमा कुनै वस्तुको यथार्थ ज्ञानका लागि  मत वा विचारहरूको  उचित विवेचन हुन्छ","the branch of philosophy concerned with the law and the principles that lead courts to make the decisions they do"
"32719",1,"तर्कशास्त्र | युक्तिशास्त्र","logic","तर्क वा विवेचना गर्ने नियम र सिद्धान्तहरूलाई खण्डन-मण्डनको तरिका बताउने शास्त्र:उनी तर्कशास्त्र अध्ययन गर्छन्","the branch of philosophy that analyzes inference"
"32743",1,"साहित्य","lit | literature","विद्याको त्यो शाखा जसमा साहित्यको अध्ययन गरिन्छ","the humanistic study of a body of literature"
"32759",1,"भाषा-विज्ञान | भाषा विज्ञान","linguistics","त्यो विज्ञान जसको अन्तर्गत कुनै भाषाको अध्ययन गरिन्छ","the scientific study of language"
"32760",1,"व्याकरण","grammar","त्यो शास्त्र जसमा कुनै भाषाको शब्दहरूको प्रकार र प्रयोग गर्ने नियम आदिको निर्धारण गरेको हुन्छ:कुनै पनि भाषाको आधार त्यसको व्याकरण हुन्छ","the branch of linguistics that deals with syntax and morphology (and sometimes also deals with semantics or morphology)"
"32863",1,"झुकाउ | सङ्केत","disposition | inclination | tendency","अर्कैतिर प्रवृत्त हुने क्रिया या भाव","an attitude of mind especially one that favors one alternative over others"
"32885",1,"पक्षपात | भेदभाव","partiality | partisanship","औचित्य वा न्यायको विचार छोडेर कुनै एक पक्षको अनुरूप हुने खालको प्रवृत्ति, सहानुभूति र त्यही पक्षको समर्थन गर्ने क्रिया वा भाव:हामीले पक्षपातभन्दामाथि गएर सबैको कल्याण गर्नुपर्छ","an inclination to favor one group or view or opinion over alternatives"
"32893",1,"तटस्थ | निरपेक्ष","impartiality | nonpartisanship","निरपेक्ष हुने अवस्था वा भाव","an inclination to weigh both views or opinions equally"
"32910",1,"सङ्कीर्णता","pettiness","विचार सङ्कीर्ण भएको अवस्था","narrowness of mind or ideas or views"
"32914",1,"कट्टरपन | हठधर्मिता | हठधर्मी","fanaticism | fanatism | zealotry","आफ्नो मत वा सम्प्रदायको कुरा लिएर टेक गर्ने प्रवृत्ति","excessive intolerance of opposing views"
"32917",1,"आदर | सम्मान","esteem | regard | respect","यस्तो कुरो वा कार्य जसले कसैलाई भन्ने वा गर्नाले त्यसलाई प्रसन्नता मिल्छ वा सम्मानित हुने अवस्था:आमा-बाउलाई सम्मान गर्नुपर्छ","an attitude of admiration or esteem"
"32935",1,"ठनाइ | ठहर्‍याइ | दृष्टि | दृष्टिकोण | नजर | विचार | सोच","point of view | stand | standpoint | viewpoint","कुनै वस्तु हेर्ने या कुनै विषयमा विचार गर्ने वृत्ति या ढङ्ग","a mental position from which things are viewed"
"33005",1,"अनीश्वरवाद | नास्तिकतावाद | निरीश्वरवाद","atheism | godlessness","त्यो अवस्था या सिद्धान्त जसमा मनुष्य ईश्वर,मत-मतान्तर,लोक-परलोक आदिको अस्तित्व मानिँदैन","the doctrine or belief that there is no God"
"33008",1,"अद्वैतवाद | एकात्मवाद | एकेश्वरवाद","monotheism","वेदान्तको त्यो सिद्धान्त जसमा आत्मा र परमात्मालाई एउटै मानिन्छ र ब्रह्मलाई छाडेर अरू सबै वस्तुहरू वा तत्वहरूको सत्ता अवास्तविक वा असत्य मानिन्छ","belief in a single God"
"33018",1,"ईसाई धर्म","christian religion | christianity","ईसामसीहद्वारा चलाइएको एउटा धर्म","a monotheistic system of beliefs and practices based on the Old Testament and the teachings of Jesus as embodied in the New Testament and emphasizing the role of Jesus as savior"
"33041",1,"रूढिवाद","fundamentalism","त्यो वाद वा सिद्धान्त जसमा धेरै दिनदेखि चलेर आएको रीति-नीतिमाथि नै अन्धविश्‍वास छ","the interpretation of every word in the sacred texts as literal truth"
"33050",1,"यहुदी | यहुदी धर्म","judaism","एउटा धर्म जसले एक ईश्वरमा विश्वास गर्छ","the monotheistic religion of the Jews having its spiritual and ethical principles embodied chiefly in the Torah and in the Talmud"
"33056",1,"इसलाम | इस्लाम | इस्लाम धर्म","islam | islamism | mohammedanism | muhammadanism | muslimism","मुसलमान धर्म या मोहम्मद साहबद्वारा चलाइएको हुआ धर्म जसको अनुयायीलाई मुसलमान भनिन्छ","the monotheistic religious system of Muslims founded in Arabia in the 7th century and based on the teachings of Muhammad as laid down in the Koran"
"33073",1,"सिक्ख धर्म | सिख धर्म","sikhism","गुरु नानकद्वारा चलाइएको एउटा धर्म","the doctrines of a monotheistic religion founded in northern India in the 16th century by Guru Nanak and combining elements of Hinduism and Islam"
"33074",1,"बौद्ध | बौद्ध धर्म","buddhism","एउटा गौतम बुद्धको विचारमा आधारित धर्म","the teaching of Buddha that life is permeated with suffering caused by desire, that suffering ceases when desire ceases, and that enlightenment obtained through right conduct and wisdom and meditation releases one from desire and suffering and rebirth"
"33088",1,"जरतुश्ती धर्म | जरतुश्त्री धर्म | जरथुश्त्री धर्म | जरदुश्त धर्म | पारसी धर्म","mazdaism | zoroastrianism","जरतुश्त्रद्वारा चलाइएको एउटा धर्म","system of religion founded in Persia in the 6th century BC by Zoroaster; set forth in the Zend-Avesta; based on concept of struggle between light (good) and dark (evil)"
"33144",1,"ताव","piece of paper | sheet | sheet of paper","चारकुने सादा कागज","used for writing or printing"
"33146",1,"पन्ना | पातो","folio | leaf","कुनै पुस्तक वा कपीमा लागेको त्यो वस्तु जसका दुवैतिर केही लेखिएको हुन्छ वा लेखिन्छ","a sheet of any written or printed material (especially in a manuscript or book)"
"33149",1,"पन्ना | पाता | पृष्ठ","page","किताबका पाताको अर्का पट्टिको तल्लो भाग:यस किताबका प्रत्येक पृष्ठ मैले पढिसकेको छु","one side of one leaf (of a book or magazine or newspaper or letter etc.) or the written or pictorial matter it contains"
"33163",1,"लेखन सामग्री | स्टेशनरी","letter paper | stationery","पत्र लेख्‍नका लागि विशेष रूपले काटिएको वा बनाइएको कागज","paper cut to an appropriate size for writing letters; usually with matching envelopes"
"33190",1,"डाक | हुलाक","mail | mail service | post | postal service","राज्यको तर्फबाट,चिट्ठीहरू,पार्सलहरू आदि आउने-जाने व्यवस्था","the system whereby messages are transmitted via the post office"
"33206",1,"दैनिक पत्र | दैनिक समाचार पत्र","daily","त्यो समाचार पत्र जसले नियमित रूपमा पढछ","a newspaper that is published every day"
"33212",1,"सम्पादकिय","column | editorial | newspaper column","NO_GLOSS","an article giving opinions or perspectives"
"33231",1,"दूरसञ्चार","telecom | telecommunication","तार,बेतार,फोन आदिद्वारा पर-परसम्म सन्देश पठाउने तथा प्राप्‍त गर्ने व्यवस्था","(often plural) systems used in transmitting messages over a distance electronically"
"33232",1,"टेलिफोन | दूरभाष | फोन","telephone | telephony","त्यो प्रणाली जसद्वारा एउटा स्थानबाट भनिएको कुरो अर्को स्थानमा सुनिन्छ","transmitting speech at a distance"
"33289",1,"भाषा","language | linguistic communication","NO_GLOSS","a systematic means of communicating by the use of sounds or conventional symbols"
"33297",1,"परिप्रेक्ष्य | प्रसङ्ग | सन्दर्भ","context | context of use | linguistic context","त्यो परिस्थिति जसमा कुनै घटना घटेको छ","discourse that surrounds a language unit and helps to determine its interpretation"
"33305",1,"पद | लबज | शब्द","word","अक्षरहरू वा वर्ण आदिले बनिएको र मुखबाट उच्चारित अथवा लेखिने त्यो सङ्केत जुनचाहिँ कुनै भाव, कार् वा कुराको बोध हुन्छ","a unit of language that native speakers can identify"
"33344",1,"बहुवचन","plural | plural form","व्याकरणमा त्यो वचन जसले एकभन्दा अधिक बोध हन्छ","the form of a word that is used to denote more than one"
"33345",1,"एकवचन","singular | singular form","व्याकरणमा त्यो वचन जसले एकको बोध हुन्छ","the form of a word that is used to denote a singleton"
"33366",1,"पर्याय | पर्यायवाची | समानार्थी","equivalent word | synonym","एउटा शब्दको विचारले उसका अर्थको सूचक अर्को शब्द","two words that can be interchanged in a context are said to be synonymous relative to that context"
"33396",1,"व्याकरणिक प्रकार | व्याकरणिक भेद","grammatical category | syntactic category","शब्दहरूको त्यो प्रकार जसमा व्याकरणिक विशेषता एक समान हुन्छन्","(grammar) a category of words having the same grammatical properties"
"33447",1,"संज्ञा","noun","व्याकरणमा त्यो विकारी शब्द जुनचाहिँ कुनै  वास्तविक वा कल्पित वस्तुको बोधक हुन्छ","a word that can be used to refer to a person or place or thing"
"33456",1,"क्रिया | क्रियापद","verb","व्याकरणमा त्यो शब्द जसद्वारा कुनै व्यापार हुनु या गरिनु सूचित हुन्छ","a content word that denotes an action or a state"
"33459",1,"विशेषण","adjective","त्यो विकारी शब्द जुनचाहिँ कुनै संज्ञावाची शब्दको विशेषता भन्दछ","a word that expresses an attribute of something"
"33474",1,"सर्वनाम","pronoun","NO_GLOSS","a function word that is used in place of a noun or noun phrase"
"33482",1,"पुरुष","person","व्याकरणमा सर्वनामहरूको त्यो भेद जसद्वारा यो थाहा पाइन्छ के भने सर्वनामको प्रयोग वक्ताका लागि भएको हो वा श्रोता वा सम्बोध्य वा अरू कसैका लागि","a grammatical category of pronouns and verb forms"
"33488",1,"अन्य पुरुष | अन्यपुरुष","third person","व्याकरणमा वक्ता र श्रोतालाई छोडेर त्यो पुरुष जसकाबारेमा केही भनिन्छ","pronouns and verbs that are used to refer to something other than the speaker or addressee of the language in which they occur"
"33491",1,"लिङ्ग","gender | grammatical gender","व्याकरणमा प्रयुक्त त्यो तत्व जसले पुरुष र स्त्रीको भेद पत्तो लाग्छ","a grammatical category in inflected languages governing the agreement between nouns and pronouns and adjectives; in some languages it is quite arbitrary but in Indo-European languages it is usually based on sex or animateness"
"33505",1,"सकर्मक क्रिया","transitive | transitive verb | transitive verb form","व्याकरणको  त्यो क्रिया जोसँग कुनै  कर्म हुँन्छ","a verb (or verb construction) that requires an object in order to be grammatical"
"33507",1,"अकर्मक क्रिया","intransitive | intransitive verb | intransitive verb form","व्याकरणको  त्यो क्रिया जोसँग कुनै  कर्म हुँदैन","a verb (or verb construction) that does not take an object"
"33534",1,"उपनाम | छद्मनाम","byname | cognomen | moniker | nickname | sobriquet | soubriquet","कुनै व्यक्ति,वस्तु आदिको वास्तविक नामभन्दा भिन्न कुनै अर्को नाम जसद्वारा ऊ प्रसिद्ध हुन्छ या पुकारिन्छ","a familiar name for a person (often a shortened version of a person's given name)"
"33536",1,"अथवा | उर्फ","alias | assumed name | false name","कुनै व्यक्‍ति आदिको वैकल्पिक नाम","a name that has been assumed temporarily"
"33542",1,"अभिधान","appellation | appellative | denomination | designation","कुनै पदको विशेष नाम वा संज्ञा","identifying word or words by which someone or something is called and classified or distinguished from others"
"33555",1,"श्रीमती","mrs | mrs.","श्रीमानको स्त्रीलिङ्गी रूप जसको प्रयोग विवाहित महिलाहरूको नामको अघि हुन्छ:श्रीमती इन्दिरा गान्धी हाम्रो देशकी प्रथम प्रधान मन्त्री थिइन्","a form of address for a married woman"
"33572",1,"रचना शीर्षक | शीर्षक | सिरनामा","head | header | heading","त्यो सम्बन्ध या पद जुन विषयलाई परिचय गराउन लेखका माथि त्यसको नामका रूपमा रहन्छ","a line of text serving to indicate what the passage below it is about"
"33589",1,"उपशीर्षक","subtitle","शीर्षकका अतिरिक्‍त कुनै विषयतिर धेरै स्पष्ट गर्ने दोस्रो शीर्षक","secondary or explanatory title"
"33612",1,"अक्षर-विन्यास | अक्षरन्यास | अक्षरविन्यास | मात्रा | वर्ण-विन्यास | वर्णविन्यास | हिज्जे","orthography | writing system","शब्द निर्माणमा प्रयुक्त अक्षरहरूको उचित क्रम","a method of representing the sounds of a language by written or printed symbols"
"33615",1,"अरमेनियन | अरमेनियाइ | अरमेनियाइ-लिपि | अरमेनियाई लिपि | अर्मेनियन | अर्मेनियाइ | अर्मेनियाइ-लिपि | अर्मेनियाइ लिपि","armenian | armenian alphabet","अरमेनियाइ भाषाको लिपि","a writing system having an alphabet of 38 letters in which the Armenian language is written"
"33618",1,"ब्राह्मी | ब्राह्मी लिपि","brahmi","भारतको त्यो प्राचीन लिपि जसबाट नागरी आदि आधुनिक लिपिहरू निस्केका छन्","a script (probably adapted from the Aramaic about the 7th century BC) from which later Indian scripts developed"
"33619",1,"देव-नागरी | देवनागरी | देवनागरी-लिपि | देवनागरी लिपि | नागरी","devanagari | devanagari script | nagari | nagari script","भारतको राष्ट्रलिपि जिसमा संस्कृत, हिन्दी, मराठी आदि अनेक भाषाहरू लेखिन्छन्","a syllabic script used in writing Sanskrit and Hindi"
"33663",1,"अक्षरौटी | लिपि शैली","syllabary | syllabic script","लेखावटको शैली","a writing system whose characters represent syllables"
"33666",1,"चित्रलिपि | चीनी लिपि","hieroglyph | hieroglyphic","लिपिको त्यो प्रकार जसमा कुनै  वस्तु वा भावको सूचक चित्र जस्तो बनाइन्छ","a writing system using picture symbols; used in ancient Egypt"
"33669",1,"अनुच्छेद | लेख | लेखन","piece of writing | writing | written material","कुनै विषयमा लेखेर प्रकट गरिएको विचार","the work of a writer; anything expressed in letters of the alphabet (especially when considered from the point of view of style and effect)"
"33674",1,"रचना | साहित्यिक कृति | साहित्यिक रचना","literature","साहित्यसित सम्बन्धित कृति","creative writing of recognized artistic value"
"33675",1,"साहित्य","literature","कुनै भाषा अथवा देशको सबै ग्रन्थ,लेख आदिको समूह","published writings in a particular style on a particular subject"
"33685",1,"आख्यायिका | कल्पत कथा | काल्पनिक कथा","fiction","यस्तो कथा जसको केवल कल्पना गरिएको छ","a literary work based on the imagination and not necessarily on fact"
"33710",1,"किम्बदन्ती | दन्तेकथा | लोककथा","fable | legend","यस्तो कुरो जुनचाहिँ मान्छेले परम्परादेखि सुन्दै आएका छन्,तर जसको ठिक हुने कुनै पुष्ट प्रमाण छैन","a story about mythical or supernatural beings or events"
"33726",1,"आलोचना | समालोचना","criticism | literary criticism","राम्ररीले हेरचाह गरेर कुनै साहित्यिक कृतिको गुण र दोषको विवेचना गर्ने","a written evaluation of a work of literature"
"33735",1,"गद्य","prose","त्यो लेख जसमा पद्यका नियमअनुसार मात्रा र वर्णको सङ्ख्या, तथा स्थानको कुनै नियम हुँदैन:साहित्यमा गद्य र पद्य दुवैको अध्ययन आवश्यक छ","ordinary writing as distinguished from verse"
"33753",1,"महाकाव्य","epic | epic poem | epos | heroic poem","साहित्य-शास्त्रका अनुसार त्यो सर्गवद्ध काव्यग्रन्थ जसमा प्राय","a long narrative poem telling of a hero's deeds"
"33783",1,"चरण | पद","verse | verse line","कुनै कविता वा गीतको कुनै चरण वा पद","a line of metrical text"
"33809",1,"उपान्त | मार्जिन","margin","लेख्दा कागज आदिको किनारमा खाली छोडिएको ठाउँ","the blank space that surrounds the text on a page"
"33810",1,"खाली ठाउँ | खाली स्थान | ख़ाली स्थान | रिक्त स्थान","blank space | place | space","जसमा केही लेखिएको छैन","a blank area"
"33828",1,"दफा | धारा | नियम","article | clause","कुनै विधान वा कानुनको पुस्तकको त्यो अंश जसमा कुनै एउटा अपराध, विषय वा कार्यको सम्बन्धमा कुनै कुरा भनिएको वा कुनै विधान बनाइएको छ","a separate section of a legal document (as a statute or contract or will)"
"33838",1,"अध्यय | परिच्छेद | पाठ","chapter","ग्रन्थ, पुस्तक आदिको खण्ड वा भाग जसमा कुनै विषयवा त्यसका विशेष अङ्गको व्याख्या हुन्छ:आज प्रवचनका समयमा महात्माजीले गीताको पाँचौं अध्यायकोव्याख्या गर्नुभयो","a subdivision of a written work; usually numbered and titled"
"33849",1,"अवतरणिका | अवतरणी | आमुख | उपोद्घात | प्रस्तावना | प्राक्कथन | भूमिका | मुख बंधन | मुखबंध","foreword | preface | prolusion","कुनै पुस्तक आदिको आरम्भको त्यो वक्तव्य जसद्वारा त्यसको ज्ञातव्य कुराको थाहा हुन्छ","a short introductory essay preceding the text of a book"
"33853",1,"उपसंहार | सारांश","epilog | epilogue","कुनै पुस्तकको अन्तिम प्रकरण जसमा उसको उद्देश्य संक्षेपमा भनिएको हुन्छ","a short passage added at the end of a literary work"
"33873",1,"टङ्कन | टाइप","typewriting | typing","टङ्कन यन्त्रमा उसको सहायताले केही लेख्‍ने वा मुद्रित गर्ने काम","writing done with a typewriter"
"33886",1,"दस्तखत | सही | हस्ताक्षर","signature","आफ्ना हातले लेखेको आफ्नो नाम जुनचाहिँ कुनै केख आदिलाई प्रमाणित गर्ने वा त्यसको उत्तरदायित्वको स्वीकृतिको सूचक हुन्छ","your name written in your own handwriting"
"33896",1,"शिलालेख | स्मारिका","epigraph","ढुङ्गामा लेखेको वा कुँदेको कुनै प्राचीन लेख","an engraved inscription"
"33899",1,"पाण्डुलिपि | पाण्डुलेख","manuscript | ms","किताब,लेख आदिका हातले लेखिएका प्रतिलिपि जुन चाहिं छापिने छन्","the form of a literary work submitted for publication"
"33913",1,"निबन्ध | लेख","essay","कुनै विषयको त्यो सविस्तार विवेचन जसमा त्योसँग सम्बन्ध राख्‍ने धेरै  मत, विचार वा मन्तव्यहरूको तुलनात्मक र पाण्डित्यपूर्ण विवेचन होस्:निबन्धकारले यस निबन्धका माध्यमबाट जातिवादमाथि कटाक्ष गरेका छन्","an analytic or interpretive literary composition"
"33922",1,"किताप | किताब | ग्रन्थ | पुस्तक","book","हातले लेखेको अथवा छपाएको धैरै पन्ना भएको चीज जसमा पढ्नका लागि ज्ञानवर्धक कुराहरू हुन्छन्:राम्रो पुस्तक पढ्नाले ज्ञान बढ्छ","a written work or composition that has been published (printed on pages bound together)"
"33937",1,"पुस्तिका | लघु पुस्तक","booklet | brochure | folder | leaflet | pamphlet","थोरै पाना भएको सानो किताब","a small book usually having a paper cover"
"33940",1,"पाठ्य-पुस्तक | पाठ्यपुस्तक","school text | schoolbook | text | text edition | textbook","विद्यालय तथा महाविद्यालयमा पढाउनका लागि तयार गरिएको किताब:यो वर्ष विद्यालयका पाठ्यपुस्तकमा धेरै रदलबदल भएको छ","a book prepared for use in schools or colleges"
"33968",1,"शब्दकोश | शब्दकोष","dictionary | lexicon","त्यो कोष जसमा धेरै शब्दहरू कुनै क्रमअनुसार र अर्थसहित दिइएको हुन्छ:आज पनि हिन्दीको राम्रो शब्दकोशको कमी छ","a reference book containing an alphabetical list of words with information about them"
"33991",1,"गाइड","guide | guidebook","परीक्षाको दृष्टिले तयार गरिएको त्यो किताब जुन चाहिँ कुनै अर्को किताबमा दिइएको पढने सामग्री, प्रश्‍न आदिको अर्थ बताउँछ","something that offers basic information or instruction"
"34009",1,"अब्दकोश | अब्दकोष","annual | yearbook | yearly","प्रतिवर्ष प्रकाशित हुने एक प्रकारको कोश","a reference book that is published regularly once every year"
"34014",1,"विश्‍वकोष","cyclopaedia | cyclopedia | encyclopaedia | encyclopedia","त्यो ग्रन्थ जसमा सन्सारका सबै विषयहरूको विस्तृत विवरण रहन्छ","a reference work (often in several volumes) containing articles on various topics (often arranged in alphabetical order) dealing with the entire range of human knowledge or with some particular specialty"
"34016",1,"सम्पादन","editing | redaction","कुनै पुस्तक वा सम्वाद पत्र आदिको क्रम,पाठ आदिको रूपमा एकोहोरो प्रकाशित गर्ने क्रिया","putting something (as a literary work or a legislative bill) into acceptable form"
"34041",1,"प्रार्थना | वन्दना | स्तुति","prayer","त्यो रचना जसमा कसैको स्तुति, प्रशंसा आदि गरिएको हुन्छ अनि जुन चाहिं प्रार्थना गर्दा पढिन्छ:यस पुस्तकको पहिलो अध्यायमा नै प्रार्थना छ यस पुस्तकको पहिला अध्याय नै प्रार्थना हो","a fixed text used in praying"
"34055",1,"वेद | श्रुति","veda | vedic literature","भारतीय आर्योंहरूको सर्वप्रधान र सर्वमान्य धर्मग्रन्थ","(from the Sanskrit word for `knowledge') any of the most ancient sacred writings of Hinduism written in early Sanskrit; traditionally believed to comprise the Samhitas, the Brahmanas, the Aranyakas, and the Upanishads"
"34078",1,"बैलेट पेपर | मत-पत्र","ballot","त्यो पत्र जसमा निर्वाचित भएका व्यक्‍तिहरूको नाम, चूनाउ चिह्न आदि रहन्छन् तथा जसमा आफ्‍नो तर्फबाट कुनै चिह्न लगाएर मतदाताले कुनै व्यक्‍तिको पक्षमा आफ्‍नो मत दिन्छ","a document listing the alternatives that is used in voting"
"34089",1,"अनुलग्नक | संलग्न-पत्र | संलग्नक","enclosure | inclosure","त्यो पत्र वा कागज जो कुनै अन्य पत्रका साथ लागेको वा जोडिएको हुन्छ","something (usually a supporting document) that is enclosed in an envelope with a covering letter"
"34114",1,"रासन-कार्ड | रासनकार्ड","ration card","प्रत्येक व्यक्‍तिलाई दिइएको त्यो कार्ड जसलाई देखाएर त्यो निर्धारित परिमाणमा सामग्री प्राप्‍त गर्न सकिन्छ","a card certifying the bearer's right to purchase rationed goods"
"34116",1,"डिप्लोमा | प्रमाण-पत्र | प्रमाणपत्र","diploma | sheepskin","डिप्लोमा पूरा गरेपछि प्राप्‍त हुने प्रमाणपत्र","a document certifying the successful completion of a course of study"
"34127",1,"अनुक्रमणिका | तालिका | निर्देश सूची | निर्देशिका | लिस्ट | सूचिका | सूची","list | listing","कुनै विषयका मुख्य-मुख्य कुरालाई क्रमका रूपमा दिइएको सूचना","a database containing an ordered array of items (names or topics)"
"34142",1,"कार्य-सूची | कार्य सूची","agenda | agendum | order of business","हुने अथवा गरिने कार्यको सूची","a list of matters to be taken up (as at a meeting)"
"34151",1,"प्राप्यक | बिल","bill","त्यो पत्र जसमा कसैका जिम्मा वा नाममा रहेको रकम वा कसैलाई दिइएको मालको विवरण र मूल्य लेखिएको हुन्छ","a list of particulars (as a playbill or bill of fare)"
"34204",1,"कार्यक्रम | प्रोग्राम","schedule","हुने अथवा गरिने कार्यको क्रम","an ordered list of times at which things are planned to occur"
"34220",1,"अक्षर माला | अक्षरमाला | अक्षरौती | वर्णमाला","alphabet","वर्णको क्रमबद्ध सारणी","a character set that includes letters and is used to write a language"
"34230",1,"पारपत्र | पासपोर्ट","passport","आफ्‍नो देशका निवासीलाई विदेश जानका लागि दिइने अनुमतिको  दस्तावेज़","a document issued by a country to a citizen allowing that person to travel abroad and re-enter the home country"
"34255",1,"अनुलिपि | कपी | नकल | प्रति | प्रतिलिपि","copy | transcript","लेख आदिको अक्षरश: स्वरूप","a reproduction of a written record (e.g. of a legal or school record)"
"34289",1,"इस्तिफा | छोडपत्र | त्यागपत्र","resignation","त्यो पत्र जो आफ्नो कार्य या पदबाट अलग हुँदा या त्यसलाई त्याग गरेको प्रमाणस्वरूप लेखेर दिइन्छ","a formal document giving notice of your intention to resign"
"34293",1,"आवेदनपत्र | निवेदनपत्र | प्रार्थनापत्र | बिन्तीपत्र","application","त्यो पत्र जसमा कसैले आफ्नो दशा वा प्रार्थना लेखेर कसैलाई सूचित गर्छ:मैले छुट्टीका लागि आवेदन पत्र भरेको छु","a verbal or written request for assistance or employment or admission to a school"
"34299",1,"अनुरोध पत्र | आवेदन | दरख्वास्त | याचना-पत्र | याचिका","petition | postulation | request","त्यो पत्र जहाँ कसैबाट केही याचना गरिएको हुन्छ","a formal message requesting something that is submitted to an authority"
"34300",1,"संस्मरण","memorial","कुनै व्यक्‍तिको सम्बन्धमा स्मरणीय घटनाहरू वा त्यसको उल्लेख","a written statement of facts submitted in conjunction with a petition to an authority"
"34312",1,"जीवनी","biography | life | life history | life story","NO_GLOSS","an account of the series of events making up a person's life"
"34327",1,"कुपन","coupon | voucher","मुद्रित कागजको सानो टुक्रो जसमा अमुक वस्तु यति मात्रामा पाउने अधिकार लेखिएको हुन्छ","a negotiable certificate that can be detached and redeemed as needed"
"34331",1,"टिकट | टिकस | टिकिट","ticket","एउटा व्यापारिक दस्तावेज जुन के साबित गर्छ भने यसलाई राख्‍ने सार्वजनिक यातायातमा सफर गर्छ या सार्वजनिक मनोरञ्जन स्थलमा जान सक्छ","a commercial document showing that the holder is entitled to something (as to ride on public transportation or to enter a public entertainment)"
"34342",1,"प्रतिपत्रक","stub | ticket stub","रसिदको त्यो टुकुरो जसलाई लिखित प्रमाणका रूपमा धारकलाई दिइन्छ","a torn part of a ticket returned to the holder as a receipt"
"34411",1,"संविधान","constitution | fundamental law | organic law","त्य विधान वा कानुन जसका अनुसार कुनै  राज्य,राष्ट्र वा संस्थाको सङ्घटन,सञ्चालन र व्यवस्था हुन्छ","law determining the fundamental political principles of a government"
"34438",1,"क्रिमिनल ल | दण्डविधान | पेनल","criminal law","त्यो नियम वा विधान जसमा अपराधका लागि दण्डको विवेचन वा विधान हुन्छ","the body of law dealing with crimes and their punishment"
"34439",1,"न्यायाज्ञा | न्यायादेश","court order","न्यायालयद्वारा जारी गरिएको आदेश","a writ issued by a court of law requiring a person to do something or to refrain from doing something"
"34450",1,"नशाबन्दी","prohibition","नशा खाने वा नशालु वस्तुहरूको क्रय-विक्रयमा हुने कानुनी रोक","a law forbidding the sale of alcoholic beverages"
"34451",1,"अपसर्ग | निषेध | पाबन्दी | प्रतिबन्ध | प्रतिषेध | बन्धेज | मनाही | रोक | वर्जन","ban | prohibition | proscription","कुनै काम या कुरा गर्न बाधा","a decree that prohibits something"
"34476",1,"अधिकरण्य | अधिपत्र | अनुज्ञा-पत्र | अनुज्ञापत्र | वारन्ट","warrant","त्यो आज्ञापत्र जसमा कसैलाई कुनै कार्य गरिन आज्ञा वा स्वत्व दिइएको छ","a writ from a court commanding police to perform specified acts"
"34490",1,"अनुज्ञप्‍ति | अनुमतिपत्र | लाईसेन्स","licence | license | permit","कुनै विशेष काम गर्ने वा आफूसँग कुनै विशेष वस्तु राख्‍नलाई शासनद्वारा प्रदान गरिएको अधिकार-पत्र","a legal document giving official permission to do something"
"34501",1,"एकस्वत्व | पेटेन्ट","letters patent | patent","कुनै वस्तुको आविस्कारकलाई त्यस वस्तुमा पूर्ण अधिकार दिने दस्तावेज","an official document granting a right or privilege"
"34526",1,"समन","process | summons","न्यायालयको त्यो आज्ञापत्र जसमा कसैलाई न्यायालयमा उपस्थित हुने आज्ञा दिइन्छ","a writ issued by authority of law; usually compels the defendant's attendance in a civil suit; failure to appear results in a default judgment against the defendant"
"34567",1,"सफ्टवेर","computer software | package | software | software package | software program | software system","लिखित कार्यक्रम, प्रक्रिया वा नियम र त्यससँग सम्बन्धित प्रलेखन जसले कम्प्युटरलाई चलाउँछ तथा त्यसको पढने, लेख्‍ने स्मरण शक्‍ति सन्चित रहन्छ","(computer science) written programs or procedures or rules and associated documentation pertaining to the operation of a computer system and that are stored in read/write memory"
"34579",1,"कम्प्यूटर प्रोग्राम | प्रोग्राम","computer program | computer programme | program | programme","अनुदेशको त्यो अनुक्रम जसले कम्प्युटरलाई व्याख्‍या गरेर कार्यान्वित गर्न सक्छ","(computer science) a sequence of instructions that a computer can interpret and execute"
"34686",1,"प्रकाशन","publication","त्यो पुस्तिका,पत्रिका आदि जुनचाहिँ प्रकाशित गरिन्छ","a copy of a printed work offered for distribution"
"34689",1,"आवृत्ति | मुद्रण | संस्करण","edition","पुस्तकहरूको एकपल्टको छपाइ","the form in which a text (especially a printed book) is published"
"34696",1,"सङ्कलन | सङ्ग्रह","collection | compendium","त्यो किताब जसमा साहित्य आदिको एउटा नै बिधासँग सम्बन्धित अनेक विषय एकत्रित गरिएको छ","a publication containing a variety of works"
"34720",1,"पत्रिका | मेगजिन","mag | magazine","विशेषगरी निर्दिष्ट समयमा प्रकाशित हुने एउटा विशेष प्रकारको त्यो पुस्तक जसमा कुनै सूचना, जानकारी, कसैको विचार वा कुनै वर्णन हुन्छ","a periodic publication containing pictures and stories and articles of interest to those who purchase it or subscribe to it"
"34728",1,"अंक | अङ्क | नम्बर","issue | number","पत्र,पत्रिका आदिको कुनै प्रकाशन जुन आफ्नो नियत समयमा एकपल्टमा हुने गर्छ","one of a series published periodically"
"34741",1,"प्रकरण | प्रसङ्ग | विषय | सन्दर्भ","subject | theme | topic","विवेच्य विषयको स्वरूप र परम्परा","the subject matter of a conversation or discussion"
"34749",1,"अन्तर्निहित अर्थ | अन्तर्निहित भाव | अन्तर्भाव | अव्यक्त भाव | आन्तरिक अर्थ","import | meaning | significance | signification","भित्र लुकेको अर्थ","the message that is intended or expressed or signified"
"34763",1,"अनुगम | अनुगमन | उन्नयन | निचोड | निष्कर्ष | सार","burden | core | effect | essence | gist","विचार या विवेचनको अन्त्यमा निक्लिने सिद्धान्त","the central meaning or theme of a speech or literary work"
"34809",1,"चिया-चिया | चिया चिया | चियाचिया","gabble | jabber | jabbering","बिना कामको कुरो","rapid and indistinct speech"
"34814",1,"अकबक | जथाभावी | प्रलाप | बकबक | बकवाद | बकवास","applesauce | codswallop | folderol | rubbish | trash | tripe | trumpery | wish-wash","बौलाहा झैं भनिएको व्यर्थका कुरा","nonsensical talk or writing"
"34825",1,"चलचित्र | फिल्म | सिनेमा","film | flick | motion-picture show | motion picture | movie | moving-picture show | moving picture | pic | picture | picture show","मनोरञ्जनको एउटा यस्तो साधन जसमा कुनै कहानी घटित हुन्छ र चलने-फिर्ने छविहरूका कारणले जसमा निरन्तरताको आभाष हुन्छ","a form of entertainment that enacts a story by a sequence of images giving the illusion of continuous movement"
"34842",1,"वृत्त-चित्र | वृत्त चित्र | वृत्तचित्र","docudrama | documentary | documentary film | infotainment","व्यक्ति,घटना आदिमा आधारित तथ्यात्मक फिल्म","a film or TV program presenting the facts about a person or event"
"34869",1,"धारावाहिक | सीरियल","serial | series","टीवी,रेडियो आदिमा चलिरहने त्यो घटना-क्रम प्रधान नाटक आदि जुन केही विशेष चरित्रले दैनिक जिन्दगी दर्शाउँछ","a serialized set of programs"
"34878",1,"टेलिग्राम | तार","telegram | wire","धातुका तारद्वारा बिजुलीको सहायतामा पठाइने समाचार:गाउँबाट मेरा लागि तार आएको छ","a message transmitted by telegraph"
"34885",1,"पत्रव्यवहार","correspondence","त्यो व्यवहार जसमा कसैलाई पत्र लेखिन्छ तथा त्यसको उत्तर आउँछ","communication by the exchange of letters"
"34913",1,"पोस्टकार्ड","mailing-card | post card | postal card | postcard","त्यो पर्चा जुन कुनै खामभित्र नराखी डाकद्वारा सन्देश, समाचार आदि पठाउने काममा व्यवहार गरिन्छ र जसमा छुट्टै डाकटिकट पनि लगाउनुपर्दैन:पोस्टकार्डको मूल्य अब एक रुपियाँ भएको छ","a card for sending messages by post without an envelope"
"34925",1,"शुभ चिन्तन | शुभकामना","compliments | regard | wish","कसैका लागि गरिने राम्रो कामना","(usually plural) a polite expression of desire for someone's welfare"
"34930",1,"अतिथि-सत्कार | अतिथि-सेवा | अतिथि सत्कार | अतिथि सेवा | आतिथ्य | शिष्टाचार | सत्कार","cordial reception | hospitality","आउने व्यक्तिको आदर या सम्मान","kindness in welcoming guests or strangers"
"34948",1,"खबर | जानकारी | ज्ञापन | नोटिस | सुचना | सूचना","info | information","NO_GLOSS","a message received and understood"
"34979",1,"समाचार","intelligence | news | tidings | word","NO_GLOSS","new information about specific and timely events"
"34988",1,"खबर | थाहा | पत्तो | सुइँको | सुत्र","clew | clue | cue","त्यो कुरा जसको सहारामा कुनै अर्को ठुलो कुरो, घटना, रहस्य आदिको पत्तो लाग्छ","evidence that helps to solve a problem"
"34995",1,"चरण चिन्ह | पदचिन्ह | पाइला","footmark | footprint | step","खुट्टाको छाप","a mark of a foot or shoe on a surface"
"35005",1,"अभिलेख | आलेख | रेकर्ड","record","कुनै विषयको सम्बन्धमा लेखिएका सबै कुरा","anything (such as a document or a phonograph record or a photograph) providing permanent evidence of or information about past events"
"35009",1,"प्रतिपादन | व्याख्‍या","demonstration | monstrance","राम्ररी बुझेर कुरा गर्ने क्रिया","proof by a process of argument or a series of proposition proving an asserted conclusion"
"35013",1,"छलफल | तर्क | बहस | युक्ति","argument | statement","कुनै वस्तुको विषयमा अज्ञात तत्वलाई कारण या उत्पत्तिको विचारले निश्चित गर्ने क्रिया","a fact or assertion offered as evidence that something is true"
"35025",1,"उपबन्ध | काउन्सिलिङ","counsel | counseling | counselling | direction | guidance","परामर्श दिने क्रिया","something that provides direction or advice as to a decision or course of action"
"35084",1,"अनाक्रमण","nonaggression","आक्रमण नगर्ने क्रिया वा भाव","a policy of not initiating hostilities"
"35139",1,"परामर्श | सल्लाह | सल्लाह​","advice","NO_GLOSS","a proposal for an appropriate course of action"
"35146",1,"गोप्य तत्व | भेद | रहस्य","secret","ती कुराहरू जुनचाहिँ लुकेका छन्","something that should remain hidden from others (especially information that is not to be passed on)"
"35153",1,"अधिप्रचार | प्रोपोगन्डा","propaganda","त्यो सङ्गठित प्रयत्‍न वा प्रसार जुन कुनै सिद्धान्त, मत, विचार आदिको पोषण वा प्रसारका निमित्त गरिन्छ","information that is spread for the purpose of promoting some cause"
"35156",1,"उपाय | जुक्‍ति | सूत्र | स्रोत","source","कुनै जानकारीको उद्‍गम वा जसद्वारा कुनै सूचना पाइन्छ","a document (or organization) from which information is obtained"
"35161",1,"ढुकुटी | भँडार | भण्डार | समुद्र | सागर","fountainhead | well | wellspring","कुनै विषयको ज्ञान वा गुण आदिको धेरै ठुलो ढुकुटी","an abundant source"
"35168",1,"छपाइ | मुद्रण","printing | printing process","छाप्‍ने काम","reproduction by applying ink to paper as for publication"
"35195",1,"जनाउ | विज्ञप्ति | विज्ञापन | सूचना","communique | despatch | dispatch","बताउने वा सूचित गर्ने क्रिया","an official report (usually sent in haste)"
"35221",1,"प्रवेशाज्ञा | भिसा","visa","कुनै देशद्वारा पासपोर्टमा गरिएको  त्यो पृष्ठाङ्कन जुनचाहिँ पासपोर्ट धारकलाई त्यस देशमा प्रवेशगर्ने अनुमति दिन्छ","an endorsement made in a passport that allows the bearer to enter the country issuing it"
"35223",1,"श्रेय","credit | recognition","कुनै कामका लागि पाइने यस","approval"
"35228",1,"‍अनुज्ञप्ति | मञ्जुरी | स्वीकृति","permission","स्वीकार गर्ने क्रिया या भाव","approval to do something"
"35235",1,"अभय-पत्र | अभयपत्र | पास","laissez passer | pass","त्यो पत्र जसलाई देखाएर कुनै व्यक्ति कनै सङ्कटपूर्ण स्थितिबाट निरापद हुनसक्छ","a document indicating permission to do something without restrictions"
"35239",1,"पास | प्रवेशिका | प्रवेशिका-पत्र","pass | passport","त्यो टिकट जेद्वारा कसैलाई बेरोक-टोक कहीं आउन-जान या कुनै वस्तु उपयोग गर्ने अधिकार हुन्छ","any authorization to pass or go somewhere"
"35247",1,"जय-जयकार | जयकार | जयजयकार","cheer","कसैको जय मनाउने क्रिया","a cry or shout of approval"
"35259",1,"अनुरोध | सिफारिस","good word | recommendation | testimonial","कसैका पक्षमा कुनै अनुकूल अनुरोध","something that recommends (or expresses commendation) of a person or thing as worthy or desirable"
"35273",1,"विद्या उपाधि | शिक्षा उपाधि","academic degree | degree","शिक्षाको क्षेत्रमा पाइने उपाधि","an award conferred by a college or university signifying that the recipient has satisfactorily completed a course of study"
"35309",1,"डक्टरेट | डाक्टरेट","doctor's degree | doctorate","डाक्टरको उपाधि","one of the highest earned academic degrees conferred by a university"
"35364",1,"चियो | जासुसी","carping | faultfinding","बिनासित्ति दोष वा कसर निकाल्ने क्रिया","persistent petty and unjustified criticism"
"35377",1,"डटाइँ | डाँट | हप्की","bawling out | castigation | chewing out | dressing down | earful | going-over | upbraiding","हप्काउने या झपार्ने क्रिया या भाव","a severe scolding"
"35408",1,"अपयश | अपवाद | आक्षेप | कलङ्क | कालिमा | दाग | लांछना | लाञ्छना","calumniation | calumny | defamation | hatchet job | obloquy | traducement","कसैमाथि  लगाइने दोष","a false accusation of an offense or a malicious misrepresentation of someone's words or actions"
"35415",1,"अपवचन | अपशब्द | गाली","epithet | name","निन्दा या कलङ्कको कुरा","a defamatory or abusive word or phrase"
"35452",1,"अभियोग | आरोप | दोषारोप","accusation | charge","कसैलाई कुनै दोष लगाउने क्रिया वा यो भन्ने क्रिया यसले अमुक दोष वा अपराध गर्‍यो","an assertion that someone is guilty of a fault or offence"
"35473",1,"प्रमाण | साक्ष्य","witness","कुनै घटना आदिका बारेमा कसैका अगाडि यस्तो भन्ने क्रिया-हो,यस्तै भयो वा भएको छैन वा यस्तो हो वा होइन","testimony by word or deed to your religious faith"
"35483",1,"एफिडेफिट | शपथ पत्र | शपथपत्र","affidavit","कुनै कुराको सत्यता प्रख्यापित गर्ने बेलामा शपथपूर्वक लेखेर न्यायालयमा उपस्थित गराइने पत्र","written declaration made under oath; a written statement sworn to be true before someone legally authorized to administer an oath"
"35502",1,"हेतु","cause | grounds | reason","प्रमाणित गर्ने कुरा","a justification for something existing or happening"
"35506",1,"ढर्रा | ढाँचा | नकल | स्वाङ","alibi | exculpation | excuse | self-justification","आफ्नो बचाउ गर्नका लागि वा कुनै उद्देश्य सिद्ध गर्नका लागि भनिएको झुटो कुरो","a defense of some offensive behavior or some failure to keep a promise etc."
"35520",1,"परिभाषा | व्याख्या","definition","कुनै शब्द वा पदको अर्थ वा भाव प्रकट गर्ने खालको स्पष्ट कथन","a concise explanation of the meaning of a word or phrase or symbol"
"35528",1,"उत्तर | जवाब","answer | reply | response","कुनै प्रश्न या कुरा सुनेर त्यसको समाधानका लागि भनिएको कुरा","a statement (either spoken or written) that is made in reply to a question or request or criticism or accusation"
"35541",1,"भविष्यवाणी","forecasting | foretelling | prediction | prognostication","अघि गएर हुने त्यो कुरा जुनचाहिँ पहिले नै कसैले भनेको हुन्छ","a statement made about the future"
"35546",1,"अडकल | अन्दाज | पूर्वानुमान","forecast | prognosis","पहिलेदेखि नै लगाइने अनुमान","a prediction about how something (as the weather) will develop"
"35562",1,"अभिधारणा","posit | postulate","त्यो कथन जसलाई सत्य मानिएको छ र जुन कुनै परिकल्पनाको आधार बन्न सक्छ","(logic) a proposition that is accepted as true in order to provide a basis for logical reasoning"
"35591",1,"अतिरञ्जना | अतिशयोक्ति | अत्युक्ति","exaggeration | magnification | overstatement","धेरै बढाइचढाई या आफ्नो कुरामा तुना बाँधेर भनिएको कुरा","making to seem more important than it really is"
"35601",1,"छल | झुक्याइ","hanky panky | hocus-pocus | jiggery-pokery | skulduggery | skullduggery | slickness | trickery","कसैको झुटो व्यवहारबाट उत्पन्न भ्रम","verbal misrepresentation intended to take advantage of you in some way"
"35615",1,"अवतरण | उद्धरण | प्रोक्ति","acknowledgment | citation | cite | credit | mention | quotation | reference","प्रमाण,साक्षीका रूपमा लइएको कुनै लेख आदिको कुनै अंश","a short note recognizing a source of information or of a quoted passage"
"35648",1,"प्रतिबन्ध | सर्त","condition | term","कुनै निश्‍चय,विधि आदिमा आउने अप्ठ्यारो बाट बाँच्नका लागि निकालिएको मार्ग वा निश्‍चित गरिएको विधान","(usually plural) a statement of what is required as part of an agreement"
"35675",1,"हाजिरीजवाफ","repartee","हाजिरजवाफ भएको अवस्था वा भाव","adroitness and cleverness in reply"
"35690",1,"अनुकरण | नकल","caricature | imitation | impersonation","कसैको हाउ-भाउ अथवा कुराकानीको राम्रोसँग गरिने अनुकरण","a representation of a person that is exaggerated for comic effect"
"35692",1,"कार्टून | व्यङ्ग्य-चित्र | व्यङ्ग्य चित्र | व्यङ्ग्यचित्र","cartoon | sketch","हास्यास्पद वा व्यङ्ग्यात्मक चित्र","a humorous or satirical drawing published in a newspaper or magazine"
"35702",1,"अटकल | अनुमान | अनुमिति | अन्दाज","conjecture | guess | hypothesis | speculation | supposition | surmisal | surmise","आफ्नो मनसित बुझ्ने क्रिया या भाव कि यस्तो हुन सक्छ या हुन्छ","a message expressing an opinion based on incomplete evidence"
"35704",1,"पक्ष","position | side","त्यो कुरा जसलाई कसैले सिद्ध गर्न चाहन्छ तथा जुन कसैतिरबाट विरोध हुन्छ वा हुन सक्छ","an opinion that is held in opposition to another in an argument or dispute"
"35711",1,"गाउँखाने कथा | पहेली","mystifier | puzzle | puzzler | teaser","कुनै वस्तु वा विषयको यस्तो गूढ वर्णन जसको आधारमा उत्तर दिन वा त्यस वस्तुको नाम भन्नुमा धेरै सोच विचार गर्नु परोस्","a particularly baffling problem that is said to have a correct solution"
"35722",1,"अनुदेश | अर्डार | अह्रोट | आज्ञा | निर्देश","direction | instruction","(ठुलाले सानालाई) के भन्ने क्रिया हो भने फलानो कार्य यस प्रकारले हुनुपर्छ","a message describing how something is to be done"
"35737",1,"अहिंसा","ahimsa","हिंसा नगर्ने क्रिया","a Buddhist and Hindu and especially Jainist doctrine holding that all forms of life are sacred and urging the avoidance of violence"
"35749",1,"नोट","tickler | tickler file","ध्यान राख्नको लागि लेखेर वा टाँगेर राखिएको वस्तु","a file of memoranda or notices that remind of things to be done"
"35753",1,"इस्तिहार | पोस्टर | विज्ञापन","bill | card | notice | placard | poster | posting","पर्खालहरूमा लगाइने त्यो सूचना पत्र जसकोद्वारा कुनै कुरा मान्छेहरूलाई भनिन्छ","a sign posted in a public place as an advertisement"
"35769",1,"डाक-टिकट | डाकटिकट","postage | postage stamp | stamp","डाकद्वारा पत्र आदि पठाउन त्यसमा लगाइने  टिकट:महगाइँको तुलनामां डाकटिकट अहिले पनि निक्कै सस्तो छ","a token that postal fees have been paid"
"35832",1,"अंक | अङ्क | आँकडा | सङ्ख्या","number | numeral","सङ्ख्याको चिन्ह:०,१,२,३,४,५,६,७,८,९ यी अङ्क हुन्","a symbol used to represent a number"
"35839",1,"शिवलिङ्ग","lingam","शिव वा महादेवको पिंडी(लिङ्ग) जसको पूजा गरिन्छ","the Hindu phallic symbol of Siva"
"35861",1,"घात | घाताङ्क","exponent | index | power","एउटा संख्यालाई त्यही संख्याले जतिपल्ट गुणा गरिन्छ त्यस आवृत्तिलाई दर्शाउने संख्या, जसलाई हामी त्यो संख्‍यामाथि लेखेर देखाउँछौँ","a mathematical notation indicating the number of times a quantity is multiplied by itself"
"35889",1,"लिखित चिन्ह | लिखित चिह्न | लिखित प्रतीक | लिखित सङ्केत","printed symbol | written symbol","त्यो चिह्न जुन लेख या लेख्य रूपमा छ","a written or printed symbol"
"35923",1,"सङ्युकाक्षर | सङ्युक्त अक्षर","ligature","त्यो अक्षर जुनचाहिँ आपस्तमा सङ्युक्त हुन्छन्","character consisting of two or more letters combined into one"
"35939",1,"रोमन | रोमन लिपि | लेटिन लिपि","roman | roman letters | roman print | roman type","त्यो लिपि जसमा अङ्ग्रेज़ी,लेटिन,फ्रेन्च,जर्मन आदि भाषाहरू लेखिन्छ","a typeface used in ancient Roman inscriptions"
"35951",1,"छोटकरी | सङ्क्षिप्‍त | सानो","initial","कुनै शब्द वा नामको आरम्भको अक्षर जुन चाहिँ नाम वा शब्दको बदलामा त्यही अर्थमा प्रयोग गरिन्छ","the first letter of a word (especially a person's name)"
"36038",1,"विराम | विराम चिन्ह | विराम चिह्न","punctuation | punctuation mark","लेखाइ,छपाइ आदिमा प्रयुक्त हुने ती विशिष्ट चिह्न जुन कैयौं प्रकारका विरामका सूचक हुन्छ","the marks used to clarify meaning by indicating separation of words into sentences and clauses and phrases"
"36041",1,"बीचको कोष्टक चिन्ह | बीचको कोष्टक चिह्न | बीचको कोष्ठक | सर्पिल कोष्ठक | सर्पिल कोष्ठक चिन्ह | सर्पिल कोष्ठक चिह्न | सर्पिला कोष्ठक | सर्पिलो कोष्ठक चिन्ह | सर्पिलो कोष्ठक चिह्न","brace","एक प्रकारको कोष्ठक चिन्ह जसलाई आवश्यकता चाहिँदा सानो कोष्ठकको बाहिर लगाइन्छ","either of two punctuation marks ({ or }) used to enclose textual material"
"36045",1,"अल्प विराम | अल्प विराम चिन्ह","comma","एक प्रकारको विराम चिन्ह जो पूर्ण विराभन्दा केही थोरै विरामको सूचक हुन्छ","a punctuation mark (,) used to indicate the separation of elements within the grammatical structure of a sentence"
"36046",1,"विस्मयादि बोधक चिन्ह | विस्मयादि बोधक चिह्न | संबोधन चिन्ह | संबोधन चिह्न","exclamation mark | exclamation point","एक प्रकारको चिह्न जो विस्मय,खेद,आश्चर्य आदि प्रकट गर्ने शब्दका पछि लगाइन्छ","a punctuation mark (!) used after an exclamation"
"36047",1,"योजक चिन्ह | योजक चिह्न | संयोजक चिन्ह","dash | hyphen","व्याकरणमा त्यो चिह्न जसले शब्द,पद,उपवाक्य आदिलाई जोड्छ","a punctuation mark (-) used between parts of a compound word or between the syllables of a word when the word is divided at the end of a line of text"
"36048",1,"सानो कोष्ठक | सानो कोष्ठक चिन्ह | सानो कोष्ठक चिह्न","parenthesis","कोष्ठक चिह्नको एक प्रकार जुनचाहिँ सानो हुन्छ र जसको प्रयोग अन्य कोष्टकभन्दा अधिक गरिन्छ","either of two punctuation marks (or) used to enclose textual material"
"36049",1,"पाई | पूर्ण विराम चिह्न | पूर्णविराम","full point | full stop | period | point | stop","लेख आदिको त्यो विराम चिन्ह जुनचाहिँ कुनै वाक्य समाप्त भएपछि उसका अन्त्यमा लगाइन्छ","a punctuation mark (.) placed at the end of a declarative sentence to indicate a full stop or after abbreviations"
"36051",1,"प्रश्न चिन्ह | प्रश्न वाचक चिन्ह | प्रश्न वाचक चिह्न | प्रश्नवाचक चिन्ह","interrogation point | question mark","त्यो चिह्न जो प्रश्न वाचक हुन्छ","a punctuation mark (?) placed at the end of a sentence to indicate a question"
"36052",1,"उद्धरण चिह्न","inverted comma | quotation mark | quote","व्याकरणमा त्यो चिह्न जसद्वारा कुनै उक्ति आदिलाई बुझाउँछ","a punctuation mark used to attribute the enclosed text to someone else"
"36056",1,"अर्ध विराम | अर्ध विराम चिन्ह","semicolon","एक प्रकारको विराम चिन्ह जो पूर्ण विरामभन्दा आधाको सूचक हुन्छ","a punctuation mark (`;') used to connect independent clauses; indicates a closer relation than does a period"
"36128",1,"धुन | सङ्गीत | स्वर","musical note | note | tone","सङ्गीतका सातवटा निश्‍चित् शब्द वा ध्वनिहरू जसको स्वरूप, तिब्रता, तान आदि स्थिर हुन्छ:षडज, ऋषभ, गांधार, मध्यम, पंकज, धैवत र निषाद यी सातवटा सङ्गीतका स्वर हुन्","a notation representing the pitch and duration of a musical sound"
"36206",1,"क्रुद्ध दृष्टि | रिसको हेराइ","frown | scowl","क्रोधले भरिएको दृष्टि","a facial expression of dislike or displeasure"
"36208",1,"मुस्कान | मुस्कुराइ | मुस्कुराहट | हँसाइ","grin | grinning | smile | smiling","हाँस्ने कार्य वा भाव:नानीहरूको हँसाइ सबैलाई राम्रो लाग्छ","a facial expression characterized by turning up the corners of the mouth; usually shows pleasure or amusement"
"36229",1,"राष्ट्र ध्वज | राष्ट्रीय झण्डा | राष्ट्रीय ध्वज | राष्ट्रीय ध्वजा | राष्ट्रीय पताका","ensign | national flag","त्यो ध्वज जुन कुनै राष्ट्रको या किसी राष्ट्रको एकता,महत्ता र उन्नति आदिको प्रतीक हो","an emblem flown as a symbol of nationality"
"36258",1,"निदर्शन | प्रदर्शन","display","वस्तु,शक्ति आदि देखाउने क्रिया","exhibiting openly in public view"
"36268",1,"दप्की | हप्की | हप्कीदप्की","bluster | bravado","मनमा डराउँदै माथिबाट प्रकट गरिने बनावटी क्रोध वा यस प्रकारले दिइने हप्की","a swaggering show of courage"
"36364",1,"क्रियोल | क्रेओल | क्रेयोल","creole","एउटा भाषा जुन दुइ भाषाको मेलले बनेको हुन्छ","a mother tongue that originates from contact between two languages"
"36530",1,"तुर्की | तुर्की-भाषा | तुर्की भाषा","turkish","तुर्किस्थानको भाषा","a Turkic language spoken by the Turks"
"36548",1,"कोरियन | कोरियाई | कोरियाई-भाषा | कोरियाई भाषा","korean","कोरिया देशको भाषा","the Altaic language spoken by Koreans"
"36549",1,"जापानी","japanese","जापान देशको भाषा","the language (usually considered to be Altaic) spoken by the Japanese"
"36566",1,"बर्मी | बर्मी भाषा | म्यानमारी | म्यानमारी भाषा","burmese","बर्मा देशको भाषा","the official language of Burma"
"36579",1,"तिब्बती","tibetan","तिब्बतको भाषा","Himalayish language spoken in Tibet"
"36592",1,"लाओ | लाओ-भाषा | लाओ भाषा","lao","थाइल्यान्ड तथा लाओस देशको मेकोङ्ग नदीको तटमा बसेका बौद्धहरूको   भाषा","the Tai language of a Buddhist people living in the area of the Mekong River in Thailand and Laos"
"36602",1,"थाई | थाई-भाषा","saek","थाईलेण्डको राष्ट्रिय भाषा","a branch of the Tai languages"
"36608",1,"खमेर | खमेर भाषा | ख्मेर | ख्मेर भाषा","khmer","कम्पुचिया देशको भाषा","the Mon-Khmer language spoken in Cambodia"
"36622",1,"जावाई | जावाई-भाषा | जावाई भाषा","javanese","जावा द्वीपका मान्छेको भाषा","the Indonesian language spoken on Java"
"36624",1,"बाली","balinese","बाली द्वीपका मान्छेको भाषा","the Indonesian language of the people of Bali"
"36625",1,"फिलिपिन | फिलिपिन-भाषा | फिलिपिन भाषा | फिलिपिनी | फिलिपिनी-भाषा | फिलिपिनी भाषा | फिलिपिनो | फिलिपिनो-भाषा | फिलिपिनो भाषा","filipino | philippine","फिलिपिन्सको भाषा","official language of the Philippines; based on Tagalog; draws its lexicon from other Philippine languages"
"36628",1,"अस्ट्रेलियन | अस्ट्रेलियाइ | अस्ट्रेलियाइ-भाषा | अस्ट्रेलियाइ भाषा","aboriginal australian | australian","अस्ट्रेलियामा बोलिने एउटा भाषा","the Austronesian languages spoken by Australian aborigines"
"36640",1,"अलबानियाई | अलबानियाई भाषा | अलबेनियाई | अलवेनियाई | अल्बानियाई | अल्बानियाई भाषा","albanian","अलबानियाका मान्छेको भाषा","the Indo-European language spoken by the people of Albania"
"36651",1,"रूस भाषा","russian","रूस देशको भाषा","the Slavic language that is the official language of Russia"
"36652",1,"बेलरसी | बेलरसी-भाषा | बेलरसी भाषा","belarusian | byelorussian | white russian","बेलरसका मान्छेको भाषा","the Slavic language spoken in Belarus"
"36653",1,"युक्रेनी | युक्रेनी-भाषा | युक्रेनी भाषा","ukrainian","युक्रेन देशको कार्यालयी भाषा","the Slavic language spoken in the Ukraine"
"36654",1,"पोलिस | पोलिस-भाषा | पोलिस भाषा","polish","पोलेन्डका मान्छेको भाषा","the Slavic language of Poland"
"36655",1,"स्लोवकी-भाषा | स्लोवकी भाषा | स्लोवाकी","slovak","स्लोवाकियामा बोलिने भाषा","the Slavic language spoken in Slovakia"
"36656",1,"चेक | चेक भाषा","czech","चेक मान्छेहरूको भाषा","the Slavic language of Czechs"
"36661",1,"बुलगारियाई | बुलगारियाई भाषा | बुल्गारियाई | बुल्गारियाई भाषा","bulgarian","बुल्गारियाका मान्छेको भाषा","a Slavic language spoken in Bulgaria"
"36665",1,"लातवियाई | लातवियाई-भाषा | लातवियाई भाषा","latvian | lettish","लातवियाका मान्छेको भाषा","the official language of Latvia; belongs to the Baltic branch of Indo-European"
"36668",1,"अङ्ग्रेजी | अङ्ग्रेजी भाषा | इङ्गलिस","english | english language","अङ्ग्रेजहरूको भाषा जुनचाहिँ ब्रिटेनका साथ साथै कतिपय अन्य देशहरूको पनि राजभाषा हो","an Indo-European language belonging to the West Germanic branch; the official language of Britain and the United States and most of the commonwealth countries"
"36688",1,"जर्मन | जर्मन-भाषा | जर्मन भाषा","german | german language | high german","जर्मनी,अस्ट्रिया वा उसको वरिपरिको क्षेत्रमा बोलिने एउटा भाषा","the standard German language; developed historically from West Germanic"
"36696",1,"डच | डच-भाषा | डच भाषा","dutch","निदरलेन्डमा बोलिने भाषा","the West Germanic language of the Netherlands"
"36697",1,"बेल्जियमी | बेल्जियमी-भाषा | बेल्जियमीभाषा","flemish | flemish dialect","बेल्जियमका मान्छेको भाषा","one of two official languages of Belgium; closely related to Dutch"
"36703",1,"नार्डिक | नार्से | नोर्डिक | नोर्से | स्केन्डिनेवियाई | स्केन्डिनेवियाई भाषा","nordic | norse | north germanic | north germanic language | scandinavian | scandinavian language","स्केन्डिनेवियाको मान्छेको भाषा","the northern family of Germanic languages that are spoken in Scandinavia and Iceland"
"36704",1,"डेनमार्की | डेनमार्की-भाषा | डेनमार्की भाषा | डेनिस","danish","डेनमार्कको भाषा","a Scandinavian language that is the official language of Denmark"
"36705",1,"आइसलेन्डी | आइसलेन्डी भाषा","icelandic","आइसलेन्डको भाषा","a Scandinavian language that is the official language of Iceland"
"36706",1,"नर्वेजियन | नर्वेजियन-भाषा | नर्वेजियन भाषा","norwegian","नर्वेका मान्छेको भाषा","a Scandinavian language that is spoken in Norway"
"36709",1,"स्विडिस | स्विडिस-भाषा | स्विडिस भाषा","swedish","स्विडेनका मान्छेको भाषा","a Scandinavian language that is the official language of Sweden and one of two official languages of Finland"
"36730",1,"फिनलेन्डी | फिनलेन्डी-भाषा | फिनलेन्डी भाषा | फिनिस","finnish | suomi","फिनलेन्डका मान्छेको भाषा","the official language of Finland; belongs to the Baltic Finnic family of languages"
"36746",1,"आइरिस | आइरिस भाषा | आयरिस | आयरिस भाषा","irish | irish gaelic","आयरलेन्डको भाषा","the Celtic language of Ireland"
"36760",1,"लेटिन | लेटिन भाषा","latin","एउटा विदेशी भाषा","any dialect of the language of ancient Rome"
"36769",1,"इटली-भाषा | इटालियन","italian","इटली वासीहरूको भाषा","the Romance language spoken in Italy"
"36773",1,"फ्रान्सिसी | फ्रान्सिसी-भाषा | फ्रान्सिसी भाषा | फ्रेन्च","french","फ्रान्सका मान्छेको भाषा","the Romance language spoken in France and in countries colonized by France"
"36782",1,"पोर्तुगली | पोर्तुगली-भाषा | पोर्तुगली भाषा","portuguese","पोर्तुगलका मान्छेको भाषा","the Romance language spoken in Portugal and Brazil"
"36785",1,"स्पेनिश | स्पेनी | स्पेनी-भाषा | स्पेनी भाषा","spanish","स्पेन मानिसको भाषा","the Romance language spoken in most of Spain and the countries colonized by Spain"
"36794",1,"रुमानियाई | रुमानियाई-भाषा | रुमानियाई भाषा | रोमानियाई | रोमानियाई-भाषा | रोमानियाई भाषा","romanian | rumanian","रुमानियाका मान्छेको भाषा","an eastern Romance language spoken in Romania"
"36800",1,"देववाणी | संस्कृत | संस्कृत भाषा","sanskrit | sanskritic language","भारतीय आर्यको प्राचीन साहित्यिक भाषा जसमा वेद आदि लेखिएको छ","(Hinduism) an ancient language of India (the language of the Vedas and of Hinduism); an official language of India although it is now used only for religious purposes"
"36801",1,"सिन्धी | सिन्धी-भाषा | सिन्धी भाषा","sindhi","सिन्ध भाषा","the Indic language of the Sindhi"
"36803",1,"उर्दू | उर्दू भाषा","urdu","फारसी लिपिमा लेखिने एउटा भाषा","the official literary language of Pakistan, closely related to Hindi; widely used in India (mostly by Moslems); written in Arabic script"
"36804",1,"हिन्दी | हिन्दी भाषा","hindi","देवनागरी लिपिमा लेखिने त्यो भाषा जुनचाहिँ मुख्यत: भारतको उत्तर र दक्षिण भागमा बोलिन्छ","the most widely spoken of modern Indic vernaculars; spoken mostly in the north of India; along with English it is the official language of India; usually written in Devanagari script"
"36805",1,"हिन्दुस्तानी | हिन्दोस्तानी","hindoostani | hindostani | hindustani","हिन्दी भाषाको प्रारम्भिक स्वरूप","a form of Hindi spoken around Delhi"
"36806",1,"बिहारी","bihari","बिहारमा बोलिने एउटा बोली","the Indic language spoken in Bihar (and by some people in Pakistan and Bangladesh)"
"36808",1,"असमिया | असमिया भाषा","asamiya | assamese","असम राज्यको भाषा","the Magadhan language spoken by the Assamese people; closely related to Bengali"
"36809",1,"बङगाली भाषा | बङ्गला | बङ्गाली","bengali","बङ्गालको भाषा","a Magadhan language spoken by the Bengali people; the official language of Bangladesh and Bengal"
"36810",1,"उडिया | उडिया भाषा","oriya","उडीसा राज्यको भाषा","a Magadhan language that is spoken by the Oriya and is the official language of the Indian state of Orissa"
"36812",1,"गुजराती | गुजराती भाषा","gujarati | gujerati","गुजरात राज्यको भाषा","the Indic language spoken by the people of India who live in Gujarat in western India"
"36813",1,"पन्जाबी | पन्जाबी-भाषा | पन्जाबी भाषा","panjabi | punjabi","भारतको पन्जाब प्रदेशको भाषा","the Indic language spoken by most people in Punjab in northwestern India"
"36814",1,"सिंहली","singhalese | sinhala | sinhalese","सिंहल द्वीपको भाषा","the Indic language spoken by the people of Sri Lanka"
"36822",1,"नेपाली | नेपाली-भाषा | नेपाली भाषा","nepali","नेपाल देशको भाषा","the official state language of Nepal"
"36823",1,"प्राकृत | प्राकृत भाषा","prakrit","बोलचालको एउटा प्राचीन भाषा","any of the vernacular Indic languages of north and central India (as distinguished from Sanskrit) recorded from the 3rd century BC to the 4th century AD"
"36829",1,"फारसी | फारसी भाषा","farsi | persian","फारस देशको भाषा जुनचाहिं संस्कृत परिवारको हो","the language of Persia (Iran) in any of its ancient forms"
"36835",1,"पश्तो","afghan | afghani | pashto | pashtu | paxto","पाकिस्तानको पश्चिमोत्तर सीमाबाट अफगानिस्तानसम्म बोलिने भाषा","an Iranian language spoken in Afghanistan and Pakistan; the official language of Afghanistan"
"36844",1,"ग्रिक | युनानी | युनानी-भाषा | युनानी भाषा","greek | hellenic | hellenic language","युनानको भाषा","the Hellenic branch of the Indo-European family of languages"
"36870",1,"कन्नड | कन्नड भाषा","kanarese | kannada","त्यो द्रविड़ भाषा जुन दक्षिण भारत विशेष गरेर कर्नाटक प्रदेशमा बोलिन्छ","a Dravidian language spoken in southern India"
"36872",1,"मलयालम | मलयाली","malayalam","एउटा द्रविड भाषा जुन तमिलको नजिक छ र दक्षिण भारतमा बोलिन्छ","a Dravidian language (closely related to Tamil) that is spoken in southwestern India"
"36873",1,"तमिल | तमिल भाषा","tamil","एउटा द्रविण भाषा जुन चाहिँ धेरै प्ाचीन कालदेखि दक्षिण भारत र श्रीलङ्कामा तमिलहरूद्वारा बोलिन्छ","the Dravidian language spoken since prehistoric times by the Tamil in southern India and Sri Lanka"
"36875",1,"तिलङ्गी | तेलगु | तेलगू | तेलुगु","telugu","तेलङ्ग क्षेत्रको भाषा","a Dravidian language spoken by the Telugu in southeastern India"
"36928",1,"अरबी | अरबी भाषा","arabic | arabic language","अरब को भाषा","the Semitic language of the Arabs; spoken in a variety of dialects"
"36969",1,"स्वाजि | स्वाजि भाषा | स्वेजी | स्वेजी भाषा","xhosa","स्वाजिलेन्डको भाषा","a Bantu language closely related to Zulu"
"37004",1,"जाग्रेब","graph | graphical record","एकभन्दा अधिक मात्राहरू आपसमा सम्बन्ध देखाउने चित्र","a visual representation of the relations between certain quantities plotted with reference to a set of axes"
"37044",1,"नाटक","drama | dramatic play | play","त्यो रचना जसलाई रङ्गमञ्चमा अभिनेताहरूको हाउभाउ, कुराकानीहरूद्वारा प्रदर्शित गरिन्छ:उनले लेखेका धेरै नाटकहरू रङ्गमञ्चमा प्रदर्शित भइसकेका छन्","a dramatic work intended for performance by actors on a stage"
"37053",1,"अङ्क | खण्ड","act","नाटकको खण्ड वा भाग जसमा कहिलेकाहिँ धेरै दृश्य पनि हुन्छन्","a subdivision of a play or opera or ballet"
"37054",1,"अङ्क | दृश्य","scene","नाटक आदिको कुनै अङ्कको त्यो भाग जुन एकखेपमा एकै साथ अगाडि आउँछन् र जसमा कुनै एउटा घटनाको अभिनय हुन्छ:नाटकको अन्तिम दृश्यमा घातकको पत्तो लाग्यो","a subdivision of an act of a play"
"37055",1,"पटकथा","book | playscript | script","देख्‍न तथा सुन्नका लागि दोहोरो स्वरूपको कथा","a written version of a play or other dramatic composition; used in preparing for a performance"
"37058",1,"कथोपकथन | कुराकानी | गफगाफ","dialog | dialogue","नाटक आदिमा बोलिने संवाद:जयशङ्कर प्रसादको नाटक कथोपकथनको रोचकताले भरिएको हुन्छ","the lines spoken by characters in drama or fiction"
"37071",1,"पङ्‍क् | हरफ","line","कुनै पृष्ठ वा कुनै वस्तुका पर्दा आदिमा एउटा हरफमा लेखिएको लेखौट","text consisting of a row of words written across a page or computer screen"
"37096",1,"ट्रेजेडी | दुखान्त नाटक","tragedy","त्यो जसको नाटक अन्त दु:खपूर्ण हुन्छ","drama in which the protagonist is overcome by some superior force or circumstance; excites terror or pity"
"37113",1,"काठेपुतलीको खेला","puppet play | puppet show","त्यो खेला जुनचाहिँ काठेपुतलीद्वारा प्रदर्शित गरिन्छ","a show in which the actors are puppets"
"37122",1,"धुन | संगीत | सङ्गीत","music","NO_GLOSS","an artistic form of auditory communication incorporating instrumental or vocal tones in a structured and continuous manner"
"37162",1,"सङ्गत","accompaniment | backup | musical accompaniment | support","बाजा बजाएर गाउने काममा बाजा बजाएर वा गाएर सहायता गर्ने क्रिया","a subordinate musical part; provides background for more important parts"
"37254",1,"गीत","song | vocal","NO_GLOSS","a short musical composition with words"
"37258",1,"राष्ट्रिय गान","national anthem","NO_GLOSS","a song formally adopted as the anthem for a nation"
"37393",1,"वक्तृता | वाक्-पटुता | वाक्पटुता","rhetoric","कुरा गर्नमा चतुर हुने अवस्था वा भाव","using language effectively to please or persuade"
"37453",1,"वाक्जाल | वाक्पटुता | शब्दजाल","verbalism | verbiage","साधारण खालको कुरा गर्नका लागि ठुल्ठुला शब्दहरू र जटिल वाक्यहरूको प्रयोग","overabundance of words"
"37505",1,"अनुलाप | दोहर्‍याइ | पुनरूक्ति","repetition","भनिएको कुरालाई फेरि भनिनु या दोहोर्‍याउने क्रिया","the repeated use of the same word or word pattern as a rhetorical device"
"37549",1,"विडम्बना","irony","अपेक्षित र घटितका बीच हुने असङ्गति","a trope that involves incongruity between what is expected and what occurs"
"37559",1,"मानवीकरण","personification | prosopopoeia","कुनै वस्तुलाई मानवका रूपमा प्रस्तुत गर्ने क्रिया जुन एउटा अलङ्कार हो","representing an abstract quality or idea as a person or creature"
"37569",1,"आवाज | ध्वनि | बोली","phonation | vocalisation | vocalism | vocalization | voice | vox","कमलो, तीव्र, आरोह-अवरोह आदिले युक्त त्यो शब्द जुन प्राणीहरूको घाँटीबाट निस्कन्छ:उसको बोली धेरै मिठो छ","the sound made by the vibration of vocal folds modified by the resonance of the vocal tract"
"37637",1,"आक्रमण नाद | युद्धनाद | सिंहनाद","battle cry | rallying cry | war cry | war whoop","युद्धका बेला हुने आवाज","a yell intended to rally a group of soldiers in battle"
"37640",1,"फुङकार","bird | boo | bronx cheer | hiss | hoot | raspberry | razz | razzing | snort","फुङकारको शब्द","a cry or noise made to express displeasure or contempt"
"37654",1,"हाँस्नु","laugh | laughter","NO_GLOSS","the sound of laughing"
"37660",1,"अट्टहास","belly laugh | guffaw","धेरै ठुलो हाँसो","a burst of deep loud hearty laughter"
"37728",1,"बधाई | शुभ कामना | साधुवाद","congratulation | felicitation","कसैको यहाँ कुनै शुभ कुरा वा काम हुँदामा राम्रो कामना र आनन्द प्रकट गर्ने कुराहरू","(usually plural) an expression of pleasure at the success or good fortune of another"
"37755",1,"अधिवेशन | सत्र","session","निरन्तर केही दिनका लागि चल्‍ने संसद आदिको एकपल्टको बैठक","a meeting for execution of a group's functions"
"37776",1,"मोलाइ","bargaining","मोल-भाव गरिने क्रिया","the negotiation of the terms of a transaction or agreement"
"37789",1,"उद्घोष | नारा","catchword | motto | shibboleth | slogan","कुनै विशेष सिद्धान्त, पक्ष वा दल आदिको त्यो घोषणा जुनचाहिँ मान्छेलाई आफूतिर आकृष्ट गर्नका लागि हुन्छ","a favorite saying of a sect or political group"
"37809",1,"बातचित | बोली | भाषिका","accent | dialect | idiom","NO_GLOSS","the usage or vocabulary that is characteristic of a specific group of people"
"37824",1,"अभिशाप | शाप | श्राप | सराप","curse | hex | jinx | whammy","कसैको अनिष्ठ कामना गरी भनिएको शब्द वा वाक्य:गौतम ऋषिको सरापले अहिल्या ढुङ्गो भइन्","an evil spell"
"37836",1,"परामर्श | सल्लाह | सुझाव","proffer | proposition | suggestion","जुन कुरातिर कसैको ध्यान गएको छैन त्यतातिर उसको ध्यान दिलाउनका लागि भनिएको कुरो","a proposal offered for acceptance or rejection"
"37879",1,"अध्याहार | स्पष्टीकरण","clarification | elucidation | illumination","जुन कुरा स्पष्ट हुन बाँकी रह्यो, त्यसलाई यस प्रकारले स्पष्ट गर्ने क्रिया जसद्वारा अरूको भ्रम हट्यो","an interpretation that removes obstacles to understanding"
"37900",1,"करार | सम्मति | सहमति","acquiescence | assent","सहमत हुने क्रिया या भाव","agreement with a statement or proposal to do something"
"37908",1,"कपट | छल | जालझेल | धोका","collusion | connivance","लुकेको र दूषित सम्बन्ध","agreement on a secret plot"
"37928",1,"असम्मति | असहमति | वैमत्य | सहमतिहीनता","disagreement","कुनै कुरा,कार्य आदिमा सहमत नहुने क्रिया या भाव","the speech act of disagreeing or arguing or disputing"
"37936",1,"कलह | झगडा | विवाद","conflict | difference | difference of opinion | dispute","यस्तो कुरो जसका विषयमा दुई वा धेरै विरोधी पक्ष हुन्छन् र जसको सत्यताको निर्णय हुनेवाला छ","a disagreement or argument about something important"
"37951",1,"बाझाबाझ | भनाभन","bicker | bickering | fuss | pettifoggery | spat | squabble | tiff","व्यर्थको बहस","a quarrel about petty points"
"37953",1,"प्रस्ताव | सुझाउ","offer | offering","कुनै काम गर्नका लागि कसैका समक्ष राखिने विचार","the verbal act of offering"
"37960",1,"अनुनय | अनुरोध | अभियाचन | अभ्यर्थन | अभ्यर्थना | निवेदन | प्रार्थना | याचना | विनती | विनय","appeal | entreaty | prayer","कसैबाट केही गराइमाग्‍न नम्रतापूर्वक गरिएको निवेदन","earnest or urgent request"
"37972",1,"अनुरोध | प्रार्थना | बिन्ती | याचना","orison | petition | prayer","केही पाउनका लागि प्रार्थना गर्ने क्रिया वा भाव","reverent petition to a deity"
"37987",1,"आदेश | निर्देश","demand","यस्तो अनुरोध वा आदेश जसको पालनका लागि बारम्बार भनिएको","an urgent or peremptory request"
"37998",1,"अनुयोजन","inquiring | questioning","सोध्ने वा प्रश्न गर्ने क्रिया","a request for information"
"38006",1,"केरकार | जेरा | सोधपुछ","cross-examination","कसैले भनेका कुराको सत्यताको जाँच गर्नका लागि सोध पुछ वा केरकारमा गरिने प्रश्‍न","(law) close questioning of a hostile witness in a court of law to discredit or throw a new light on the testimony already provided in direct examination"
"38012",1,"भेटवार्ता","interview","रेडियो,दूरदर्शन आदिमा कुनै विशिष्ट व्यक्‍तिद्वारा गराइने भेट तथा वार्ता","the questioning of a person (or a conversation in which information is elicited); often conducted by journalists"
"38015",1,"प्रश्‍न | सवाल","interrogation | interrogative | interrogative sentence | question","त्यो कुरा जुनचाहिँ जान्न वा जाँच्नका लागि सोधिन्छ र जसको कुनै उत्तर हुन्छ","a sentence of inquiry that asks for a reply"
"38016",1,"प्रश्‍नपत्र | प्रश्‍नमाला | प्रश्‍नावली","exam | examination | test","कुनै विषयसँग सम्बन्धित प्रश्‍नहरूको सूची","a set of questions or exercises evaluating skill or knowledge"
"38027",1,"परीक्षा-पत्र | प्रश्‍न-पत्र | प्रश्‍नपत्र","exam paper | examination paper | question sheet | test paper","त्यो पत्र जसमा परीक्षाका लागि परीक्षार्थीहरूलाई गरिने प्रश्‍न लेखेको हुन्छ","a written examination"
"38041",1,"बखान | वर्णन | वृत्तान्त | व्याख्या","characterisation | characterization | delineation | depiction | picture | word-painting | word picture","विस्तारपूर्वक भनिने वा लेखिने खबर:रामचरितमानस तुलसीदासले लेखेको एउटा अनौठो वर्णन हो","a graphic or vivid verbal description"
"38060",1,"ना | नाइँ | हुँदैन","nay","निषेध वा अस्वीकृति सूचित गर्ने शब्द","a negative"
"38063",1,"अस्वीकार | इनकार | इन्कार | नामन्जुरी","refusal","कुनै वस्तु,कुरा आदि स्वीकार नगर्ने क्रिया","the act of refusing"
"38077",1,"जर्काइ | झर्काइ","rebuff | repulse | snub","झर्किएर भनिएको कुरो","an instance of driving away or warding off"
"38079",1,"आपत्ति | गुनासो | विरोध","objection","कुनै कुरालाई ठीक नमानेर त्यसका बारेमा केही भन्ने क्रिया","the speech act of objecting"
"38081",1,"आपत्ति | गुनासो","complaint","कसैको व्यवहार,कार्य आदिले दुखी भएर उसित या उसको सम्बन्धितबाट उत्पन्न दुखलाई भनिने क्रिया","an expression of grievance or resentment"
"38104",1,"रहस्य प्रकटन | रहस्य प्रकाशन | रहस्य प्रगटन | रहस्योद्घाटन","disclosure | revealing | revelation","कुनै रहस्यलाई उद्घाटित गर्ने कार्य","the speech act of making something evident"
"38126",1,"चिनाजानी | जानपहिचान | परिचय","intro | introduction | presentation","कुनै व्यक्‍तिको नाम, धन, गुण, कर्म आदिसँग सम्बन्ध राख्‍ने सबै वा कतिपय कुराहरू जुनचाहिं कसैलाई भनिन्छ","formally making a person known to another or to the public"
"38130",1,"प्रतिवेदन | रिपोर्ट","account | report","कुनै घटनाको सूचना, जुनचाहिँ कसैलाई दिइन्छ","the act of informing by verbal report"
"38132",1,"रिपोर्ट","report | study | written report","सभा-संस्थाहरू वा घटना आदिको त्यो विवरण जुनचाहिँ सूचनाका लागि कसैलाई पठाइन्छ","a written document describing the findings of some individual or group"
"38147",1,"आख्यान | कथा | कहानी | काहानी | किस्सा","narration | narrative | story | tale","मनगढन्ते वा कुनै वास्तविक घटनाको आधारमा प्रस्तुत गरिएको विवरण:मुन्शी प्रेमचन्दका कथाहरूले ग्रामीण परिवेशलाई राम्ररी दर्शाउँछन्","a message that tells the particulars of an act or occurrence or course of events; presented in writing or drama or cinema or as a radio or television program"
"38153",1,"मृत्युशङ्का","nursery rhyme","बच्चका लागि बनाएको सरल गीत","a tale in rhymed verse for children"
"38167",1,"अग्रिम सूचना | पूर्वसूचना","forewarning | premonition","पहिले दिइने सूचना","an early warning about a future event"
"38175",1,"कसम | किरिया | शपथ","oath","दृढतापूर्वक केही भन्ने प्रक्रिया:रामले आफ्नो देशको रक्षा गर्ने शपथ खाएको छ भगवानको कसम मैले उसलाई केही भनेको छ भने","a solemn promise, usually invoking a divine witness, regarding your future acts or behavior"
"38180",1,"आश्‍वासन | पत्यार | भर | भरोसा | विश्‍वास","assurance | pledge","कसैलाई आश्‍वस्त गर्ने वा आशा दिलाउने क्रिया","a binding commitment to do or give or refrain from something"
"38187",1,"धन्यवाद","thanks","उपकार,अनुग्रह आदिको बदलामा कृतज्ञता प्रकट गर्ने शब्द","an acknowledgment of appreciation"
"38192",1,"ढिपी | शेखी","brag | bragging | crow | crowing | gasconade | line-shooting | vaporing","धेरै ठुला कुरा गर्ने क्रिया","an instance of boastful talk"
"38201",1,"चुनौती | दप्की | ललकार | हप्काइ | हाँक","challenge","चुनौती दिने शब्द","a call to engage in a contest or fight"
"38211",1,"अनुवाद | आख्या | भाव विस्तार | व्याख्या","explication","कुनै कठिन वाक्य आदिका अर्थको स्पष्टीकरण","the act of making clear or removing obscurity from the meaning of a word or symbol or expression etc."
"38215",1,"कडा निन्दा | विष-वमन | विषवमन","broadside | philippic | tirade","कडा शब्दमा गरिने निन्दा","a speech of violent denunciation"
"38230",1,"खोट | दोष","allegation","कसैमाथि अपराध, अभियोग, दोष वा आरोप लगाउने क्रिया","(law) a formal accusation against somebody (often in a court of law)"
"38239",1,"अभियोजन","preferment","अभियोग लगाउने क्रिया","the act of making accusations"
"38306",1,"परिपत्र | सर्कुलर","bill | broadsheet | broadside | circular | flier | flyer | handbill | throwaway","विचार,सूचना आदिका लागि धेरैसँग सम्बद्ध मान्छेलाई पठाइने पत्र","an advertisement (usually printed on a page or in a leaflet) intended for wide distribution"
"38325",1,"सत्ता त्याग","resignation","सत्ता छोड़ने या त्याग्ने क्रिया","the act of giving up (a claim or office or possession etc.)"
"38444",1,"इशारा398 | औंलाको सङ्केत","wafture | wave | waving","औंलाद्वारा गरिने सङ्केत","the act of signaling by a movement of the hand"
"38506",1,"शकुन | सगुन","omen | portent | presage | prodigy | prognostic | prognostication","कुनै विशेष कामको थालनीमा देखिने शुभ वा अशुभ  लक्षण:स्वास्नी मान्छेको देब्रे आँखो फरफरायो भने शुभ शकुन मानिन्छ जबकि पुरुषको देब्रे आँखो फरफरायो भने अशुभ लक्षण मानिन्छ","a sign of something about to happen"
"38524",1,"चमत्कार","miracle","NO_GLOSS","any amazing or wonderful occurrence"
"38558",1,"प्रतिफल | बदला","payoff | reward | wages","परिणामका रूपमा प्राप्‍त हुने फल","a recompense for worthy acts or retribution for wrongdoing"
"38563",1,"परिवर्तन","alteration | change | modification","बदल्ने क्रिया या भाव","an event that occurs when something passes from one state or phase to another"
"38583",1,"अघटन | एक्सिडेन्ट | दुर्घटना","accident | chance event | fortuity","यस्तो आकस्मिक कुरा या घटना जसमा कष्ट या शोक हुन्छ","anything that happens by chance without an apparent cause"
"38585",1,"ठक्कर","collision","दुइटा वस्तु आदि जोडले आपस्तमा भिड्ने प्रक्रिया:बस र ट्रकको ठक्करमा दश जना मानिस घाइते भए","an accident resulting from violent impact of a moving object"
"38632",1,"खेप | चोटी | बार","clip | time","समयको कुनै अंश जुन चाहिँ गन्तीमा एक गनिन्छ","an instance or single occasion for some event"
"38638",1,"लचक | लचिलोपन","bend | bending","लच्किने क्रिया वा भाव","movement that causes the formation of a curve"
"38654",1,"छिँड | पंचर | पङ्चर | प्वाल","puncture","टायर आदिमा छिँड हुने क्रिया जसबाट त्यसमा हावा रहँदैन","loss of air pressure in a tire when a hole is made by some sharp object"
"38669",1,"चिप्लाइ","slip | trip","चिप्लने क्रिया","an accidental misstep threatening (or causing) a fall"
"38683",1,"अवतार | जन्म","birth | nascence | nascency | nativity","जीवन धारण गर्ने क्रिया वा भाव:कृष्णको जन्म मथुरामा भएको थियो","the event of being born"
"38689",1,"पुनर्जन्म | पुनर्जीवन | पुनर्भव | पुनर्भाव","rebirth | reincarnation | renascence","मरेपछि फेरि अर्को शरीरका रूपमा जन्मग्रहण गर्ने क्रिया","a second or new birth"
"38704",1,"आदि | आरंभ | आरम्भ | प्रारंभ | प्रारम्भ | शुरुआत","inception | origin | origination","कुनै कार्य, घटना, व्यापार आदिको पहिलो अंश या भाग","an event that is a beginning; a first part or stage of subsequent events"
"38708",1,"अधिजनन | अभ्युत्थान | आविर्भाव | उत्पत्ति | उदय | उद्गम | उद्भव | जन्म | प्रादुर्भाव","emergence | growth | outgrowth","सुरुसुरुमा अस्तित्वमा आउने क्रिया या भाव","the gradual beginning or coming forth"
"38711",1,"अभ्युदय | आरम्भ | प्रारंभ | प्रारम्भ | शुरुआत | शुरुवात | शुरू | श्रीगणेश | सुरुवात","start","कुनै काम, कुरा आदि सुरु हुने वा गर्ने  क्रिया","the beginning of anything"
"38721",1,"आविर्भाव | प्रकटीकरण | प्रादुर्भाव","emanation | procession | rise","सामु आउने या प्रकट हुने क्रिया या भाव","(theology) the origination of the Holy Spirit at Pentecost"
"38723",1,"अर्थ | कारक | कारण | निमित्त | मूल | हेतु","factor","त्यो जसको प्रभावले या फलस्वरूप कुनै काम हुन्छ","anything that contributes causally to a result"
"38734",1,"दुर्घटना | नियति | भवितव्य | हुने","destiny | fate","अवश्य पनि हुने वा भएर छोडने कुरो वा घटना","an event (or a course of events) that will inevitably happen in the future"
"38740",1,"उन्मुलन","eradication | obliteration","यसरी नष्ट गर्ने क्रिया जबकि फेरि उठन वा सर्न नसकोस्","the complete destruction of every trace of something"
"38750",1,"अकाल मृत्यु | अपमृत्यु | असामयिक मृत्यु | कुमृत्यु","fatality | human death","उचित समयभन्दा पहिलै हुने मृत्यु या अकाल मृत्यु","a death resulting from an accident or a disaster"
"38752",1,"आत्मत्याग | आत्मबलि","martyrdom","धर्मको रक्षाका लागि दिइएको आत्मबलि","death that is imposed because of the person's adherence of a religious faith or cause"
"38757",1,"अन्त | अपध्वंस | उच्छेद | उच्छेदन | क्षय | तबाही | ध्वंस | ध्वन्स | नाश | निपात | बरबादी | लोप | विध्वंस | विध्वन्स | विनाश | विलोप | संहार","demolition | destruction | wipeout","कुनै चिजको अस्तित्वको समाप्ति","an event (or the result of an event) that completely destroys something"
"38761",1,"बरबादी | सत्यानाश | सर्वनाश","desolation | devastation","सबै नाश","an event that results in total destruction"
"38804",1,"सनराइजिङ | सूर्योदय","sunrise","सूर्य उदाउने वा झुल्किने क्रिया:सूर्योदयको दृश्य धेरै रमाइलो हुन्छ","the daily event of the sun rising above the horizon"
"38805",1,"सूर्यास्त","sunset","साँझको घाम अस्ताउने वा डुब्ने क्रिया:तालको किनारामा सूर्यास्तको दृश्य साह्रै मनोरमदेखिन्छ","the daily event of the sun sinking below the horizon"
"38851",1,"छाल | तरङ्ग | लहरी","moving ridge | wave","नदी, समुद्र आदिको पानीमा छिन-छिनमा पर्खि-पर्खि उठ्ने र फेरि तल झर्ने जलराशि जुन एकोहोरो अघि बढे जस्तो भान हुन्छ:समुद्रका छालहरू ढुङ्गामा ठोक्किएर माथि उठिरहेका छन्","one of a series of ridges that moves across the surface of a liquid (especially across a large body of water)"
"38853",1,"तरङ्ग | लहर","wave","रोकिई-रोकिई रोग वा पीडा आदिबाट हुने वेग","something that rises rapidly"
"38868",1,"अन्त | अन्त्य | देहान्त | निधन | प्राणान्त | मरण | मृत्यु","death | decease | expiry","शरीरबाट प्राण निस्किने क्रिया:जन्म लिनेको मृत्यु निश्‍चित् छ","the event of dying or departure from life"
"38869",1,"घटाइ | झराइ","decrease | drop-off | lessening","झर्ने वा घट्ने क्रिया वा भाव","a change downward"
"38886",1,"रूपान्तर","shift | transformation | transmutation","कुनै वस्तुको साधारण अथवा कुनै निश्‍चित रूपभन्दा पनि उसको कुनै अर्को बदलिएको रूप","a qualitative change"
"38892",1,"छुत","contagion | infection | transmission","यस्तो निषिद्ध संसर्ग जसले रोग आदिको  सञ्चार हुन्छ","an incident in which an infectious disease is transmitted"
"38932",1,"अडचन | खलल | बाधा | विक्षेप | विक्षेपण | विघ्न | विलोप | व्यतिक्रम | व्यवधान","break | interruption","कुनै कार्य गर्दा आउने बाधा","some abrupt occurrence that interrupts an ongoing activity"
"38936",1,"ग्रहण | ग्रास","eclipse | occultation","सूर्य,चन्द्र वा अर्को ज्योति-पिण्डका प्रकाशको त्यो रोकाइ जुनचाहिँ त्यस पिण्डको छेउमा कुनै अर्को पिण्ड आउँदा हुन्छ","one celestial body obscures another"
"38937",1,"सूर्य ग्रहण","solar eclipse","सूर्य र पृथ्वीका बिचमा चन्द्रमा आउँदा पृथ्वीमा सूर्यको प्रकाश नपुग्ने स्थिति","the moon interrupts light from the sun"
"38938",1,"चन्द्र ग्रहण | चन्द्रग्रहण | सोमग्रहण","lunar eclipse","चन्द्रमा र सूर्यका बिचमा पृथ्वी आउँदा सूर्यको प्रकाश चन्द्रमासम्म नपुग्ने स्थिति","the earth interrupts light shining on the moon"
"38940",1,"खग्रास | पूर्ण ग्रहण | पूर्ण ग्रास","total eclipse","त्यो ग्रहण जसमा सूर्य वा चन्द्रमाको पूर्ण बिम्ब ढाकिन्छ","an eclipse as seen from a place where the eclipsed body is completely obscured"
"38945",1,"आगमन | प्रवेश","entering | entrance","कुनै वस्तु, स्थान आदिको भित्र जाने वा प्रवेश गर्ने क्रिया","a movement into or inward"
"38952",1,"झन्झट | झमेला | टन्टा झ्याउलो","bother | fuss | hassle | trouble","व्यर्थको दुख","an angry disturbance"
"38961",1,"उम्राइ","consolidation","उम्रिएको अवस्था वा भाव","combining into a solid mass"
"38962",1,"मिश्रण | मिश्रित","mix | mixture","त्यो क्रिया जसले दुई वा दुईभन्दा धेर वस्तु आदि एउटामा मिसिन्छ","an event that combines things in a mixture"
"38974",1,"भुकभुक | भुकाइ | भौ भौ","bark","कुकुरको बोली","the sound made by a dog"
"38977",1,"ड्याम | थप्पड","beat","तबला, मृदङ्ग आदिमा सारा पन्जाले गरिने आघात","the sound of stroke or blow"
"38982",1,"भ्या-भ्या | म्याँ-म्याँ","bleat","बाख्रा वा भेडाको बोली वा ती कराउने शब्द","the sound of sheep or goats (or any sound resembling this)"
"38994",1,"कराइ | कलरव","chirrup | twitter","चराहरूको मिठो आवाज","a series of chirps"
"38998",1,"गर्जन","clang | clangor | clangoring | clangour | clank | clash | crash","गर्जिएको शब्द","a loud resonant repeating noise"
"39011",1,"कटकट","crunch","कुनै सारो वस्तु भाँचिएको शब्द","the sound of something crunching"
"39019",1,"पदचाप","footfall | footstep | step","हिँडेको शब्द","the sound of a step of someone walking"
"39035",1,"टक-टक | ठकठक","knock | knocking","ठोक्किने वा सानो झडकारद्वारा उत्पन्न भएको आवाज","the sound of knocking (as on a door or in an engine or bearing)"
"39039",1,"हिनहिनाइ","neigh | nicker | whicker | whinny","घोडाको बोली","the characteristic sounds made by a horse"
"39045",1,"घोष | नाद","peal | pealing | roll | rolling","केही समयसम्म रहिरहने तिखो ध्वनि","a deep prolonged sound (as of thunder or large bells)"
"39056",1,"कोलाहल | खल-बल | खलबल | हङ्गामा | हल्ला | हल्ला-गुल्ला | हल्लागुल्ला","racket","ठुलो स्वरमा बोल्दा या चिच्याउँदा उत्पन्न हुने आवाज:“कक्षाबाट अध्यापकज्यू बाहिर निक्लिने साथ छात्रहरूले कोलाहल सुरु गरे  कोलाहल सुन्ने साथ आमा कोठातिर कुद्‍नुभयो""","a loud and disturbing noise"
"39057",1,"खट-खट | खटखट","rat-a-tat | rat-a-tat-tat | rat-tat","खट-खटको आवाज","a series of short sharp taps (as made by strokes on a drum or knocks on a door)"
"39061",1,"घन्टी","ring | ringing | tintinnabulation","घन्टी बज्नाले उत्पन्न ध्वनि:बाहिरबाट आउने फोनको घन्टी लामो हुन्छ","the sound of a bell ringing"
"39064",1,"गड्याङगुडुङ | गर्जन","grumble | grumbling | rumble | rumbling","गड्याङगुडुङ गर्ने शब्द:बादलको गर्जन सुनेर केटाकेटीहरू घरतिर भागे","a loud low dull continuous noise"
"39068",1,"कट्कट् | कर्‍याक-कुरुक | चरमर","scrunch","कडा वा तनकिएको वस्तु दब्ने वा दोब्रिँदा हुने शब्द","a crunching noise"
"39074",1,"चुटकी","snap","बुढी औंलो र औंलाहरूको अग्रभागलाई एकैचोटि घोटेर बजाउँदा निस्कने आवाज:गीतका बीच-बीचमा गायकले बजाएको चुटकी छर्लङ्ग सुनिँदै थियो","the noise produced by the rapid movement of a finger from the tip to the base of the thumb on the same hand"
"39090",1,"झङझङ","throbbing","कुनै भारी वस्तु हिँडदा पृथ्वीमा हुने कम्प र शब्द","a sound with a strong rhythmic beat"
"39097",1,"टिक-टिक | टिकटिक","ticktock | tictac | tocktact","घडी चल्दा उत्पन्न भएको शब्द","steady recurrent ticking sound as made by a clock"
"39102",1,"किचाइ | चाप | थिचाइ | थिचावट | दवाब | पेलाइ","trample | trampling","त्यो शब्द जुनचाहिँ हिँड्दा खुट्टा तथा अर्को अङ्गबाट हुने गर्छ","the sound of heavy treading or stomping"
"39115",1,"सनसनाहट | सरसराहट","zing","हवामा कुनै वस्तु वेगले निक्लने शब्द","a brief high-pitched buzzing or humming sound"
"39117",1,"ढुकढुक | मुटुको स्पन्दन | हृदय गति","beat | heartbeat | pulsation | pulse","मुटु ढुक ढुक गर्ने क्रिया","the rhythmic contraction and expansion of the arteries with each beat of the heart"
"39121",1,"ढुकढुकी | धुकधुकी","pounding | throb | throbbing","डर,उद्वेग आदिले हृदयको गति तीव्र हुने क्रिया","an instance of rapid strong pulsation (of the heart)"
"39122",1,"ज्वार","high tide | high water | highwater","समुद्रको पानी धेरै छचल्किएर अघिबढ्ने वा माथि उठने क्रिया वा अवस्था:समुद्रमा पटकपटक ज्वार र भाटा आउने जाने गर्छ","the tide when the water is highest"
"39123",1,"भाटा","ebb | reflux","समुद्रको पानी ओर्लिने वा पछि हट्ने क्रिया:ज्वार भाटामा नाउहरू डगमगाउन थाल्छन्","the outward flow of the tide"
"39199",1,"अभिसार | मिलन | मिलान | मिलाप | वस्ल | संयोग | समन्वय","encounter | meeting","मिल्ने क्रिया या भाव","a casual or unexpected convergence"
"39209",1,"चरम बिन्दु | चरम सिमाना | चुडान्त | पराकाष्ठा","climax | flood tide","त्यो अन्तिम सिमाना जहाँसम्म कुनै कुरा आदि हुन्छ वा पुग्न सक्छ","the highest point of anything conceived of as growing or developing or unfolding"
"39211",1,"आपातकाल","emergency | exigency | pinch","NO_GLOSS","a sudden unforeseen crisis (usually involving danger) that requires immediate action"
"39249",1,"हरिक्रान्ति | हरितक्रान्ति","green revolution","त्यो स्थिति जब देशमा धेरै उब्जनी हुन्छ","the introduction of pesticides and high-yield grains and better management during the 1960s and 1970s which greatly increased agricultural productivity"
"39270",1,"भुइँचालो | भूकम्प | भैँचालो","earthquake | quake | seism | temblor","प्राकृतिक कारणले पृथ्वीको भित्री भागमा कुनै उथलपुथल हुँदा माथिल्लो भाग सजिलै हल्लिने क्रिया:२००१ मा गुजरातमा आएको भुइँचालोमा धेरै मान्छे मारिएका थिए","shaking and vibration at the surface of the earth resulting from underground movement along a fault plane of from volcanic activity"
"39292",1,"भँवरी | भुमरी","maelstrom | vortex | whirlpool","पानी बगेका ठाउँको त्यो स्थान जहाँ पानीको लहर एउटा केन्द्रमा घुमिरहन्छ:उनी नदीमा नुहाउँदा भँवरीमा परेर डुबे","a powerful circular current of water (usually the result of conflicting tides)"
"39307",1,"देसान | महामारी | संक्रामक | सरुवा","epidemic","त्यो संक्रामक डरलाग्दो रोग जसमा धेरै मान्छे एकैसँग वा छिटै मर्छन्:उहिलेउहिले महामारीले सारा गाउँ स्वाहा हुन्थ्यो","a widespread outbreak of an infectious disease; many people are infected at the same time"
"39312",1,"ज्वालामुखी उद्‍गार | ज्वालामुखी विस्फोट","eruption | volcanic eruption","धर्ती भित्रको तातो लावा फुटेर माथि निस्कने क्रिया","the sudden occurrence of a violent discharge of steam and volcanic material"
"39329",1,"धारो | लहर","rush | spate | surge | upsurge","द्रूत बग्ने","a sudden forceful flow"
"39352",1,"विस्थापन","displacement | shift","कुनै वस्तुलाई आफ्नो स्थानबाट हटाउने क्रिया","an event in which something is displaced without rotation"
"39358",1,"प्रचार | विस्तार","spread | spreading","कुनै चिज फैलिने क्रिया","process or result of distributing or extending over a wide expanse of space"
"39365",1,"फर्काइ","coming back | return","फर्किने क्रिया वा भाव","the occurrence of a change in direction back in the opposite direction"
"39387",1,"अधिवेशन | जल्सा | समारोह","celebration | jubilation","आनन्द वा उत्साहको समारोह जसमा खान-पिउन वा गाना-बजाउनु आदि हुन्छ","a joyful occasion for special festivities to mark some happy event"
"39391",1,"दफनाइ","burial | entombment | inhumation | interment | sepulture","लाश आदिलाई जमीनभित्र गाड्ने क्रिया","the ritual placing of a corpse in a grave"
"39393",1,"बिहे | विवाह","hymeneals | nuptials | wedding | wedding ceremony","NO_GLOSS","the social event at which the ceremony of marriage is performed"
"39401",1,"अभिषेक | राजतिलक | राज्याभिषेक","coronation | enthronement | enthronisation | enthronization | investiture","राजसिंहासन वा गद्दीमा  बस्ने बेलामा हुने कृत्य","the ceremony of installing a new monarch"
"39407",1,"औपचारिकता","formalities | formality","यस्तो कार्य वा आचरण जुन आवश्यक नहुँदा पनि परिपाटीको पालनार्थ गरिन्छ","a requirement of etiquette or custom"
"39426",1,"कुदाइ | दौड | दौड प्रतियोगिता | रेस","race","त्यो प्रतियोगिता जसमा प्रतियोगिहरूलाई कुदाउने गरिन्छ","a contest of speed"
"39439",1,"मेराथन","marathon","लामो दुरीको दौड","a footrace of 26 miles 385 yards"
"39445",1,"घोडदौड","horse race","घोडाहरूको त्यो दौड जसका लागि हार-जीतको बाजी लाग्द छ","a contest of speed between horses; usually held for the purpose of betting"
"39514",1,"रस्साकशी","tug-of-war","एउटा खेल जसमा दुइटा दलले एउटा रस्सी उल्टा दिशामा आफ्नो-आफ्नोतिर तान्छन् र जसले दोस्रोको सीमामा तान्छन् त्यसको हार हुन्छ","a contest in which teams pull of opposite ends of a rope; the team dragged across a central line loses"
"39522",1,"जित | विजय","triumph | victory","लडाइँमा वा खेलमा शत्रु वा विपक्षीलाई  हराएर प्राप्त गरिने सफलता:आजको खेलमा भारतको जित भयो","a successful ending of a struggle or contest"
"39533",1,"पराजय | हार","defeat | licking","हारेको अवस्था वा भाव:यस चुनाउमा उसको हार निश्‍चत् छचुनाउमा उसलाई पराजय हात लाग्यो","an unsuccessful ending to a struggle or contest"
"39546",1,"धन प्राप्त | धन लाभ","bonanza | boom | bunce | godsend | gold rush | gravy | manna from heaven | windfall","धन प्राप्त हुने क्रिया या भाव","a sudden happening that brings good fortune (as a sudden opportunity to make money)"
"39549",1,"बेहोस | मुर्छा","deliquium | faint | swoon | syncope","रोग,डर,शोक आदिबाट उत्पन्न त्यो अवस्था जसमा प्राणी निश्‍चेष्ट वा संज्ञाहीन हुन्छ","a spontaneous loss of consciousness caused by insufficient blood to the brain"
"39558",1,"भाव | मनोभाव | मनोभावना | मनोविकार | मनोवेग | मानसिक भाव","emotion","मनमा उत्पन्न हुने भाव या कुनै विचार","any strong feeling"
"39563",1,"भावावेश","passion | passionateness","बावको अधिकताका कारणले हुने आवेश","strong feeling or emotion"
"39582",1,"लिप्सा","desire","भेटाउने इच्छा","the feeling that accompanies an unsatisfied state"
"39583",1,"उच्चाकाङ्क्षा | महत्त्वाकङ्क्षा | सपना","ambition | aspiration | dream","यस्तो आकाङ्क्षा जसमा ऊँचो हुने भाव हुन्छ","a cherished desire"
"39605",1,"काम | काम वासना | कामुकता | कामेच्छा","concupiscence | eros | physical attraction | sexual desire","सहवास वा मैथुनको इच्छा","a desire for sexual intimacy"
"39606",1,"प्यार | प्रणय | प्रीति | प्रेम | माया | मोह","erotic love | love | sexual love","स्त्री र पुरुष जातिका  प्राणीहरू बीचको पारस्परिक स्नेह जुन बहुधा रूप, गुण, सान्निध्य वा कामवासनाको कारण हुन्छ","a deep feeling of sexual desire and attraction"
"39609",1,"कामोद्दीपन | कामोद्वेग","passion","मैथुनको इच्छा तीव्र हुने क्रिया","a feeling of strong sexual desire"
"39622",1,"आराम | चैन | ढुक्क | सुख","delectation | delight","त्यो अनुकूल र प्रिय अनुभव जुनचाहिँ सधैं भइरहोस् भन्ने कामना हुन्छ","a feeling of extreme pleasure or satisfaction"
"39635",1,"आराम | सन्चो","alleviation | assuagement | relief","कुनै काम, रोग आदि समाप्ति भएपछि हुने सुखद अनुभव","the feeling that comes when something burdensome is removed or reduced"
"39661",1,"अभिरुचि | घोत्ल्याइँ | झुकाव | प्रवृत्ति | लगन","penchant | predilection | preference | taste","प्राकृतिक रूपले कुनै काम आदिमा हुने रुचि","a strong liking"
"39673",1,"अनुमोदन | मंजूरी | सम्मति | सहमति | स्वीकृति","approval","मन पराउने क्रिया वा भाव","a feeling of liking something or someone good"
"39681",1,"भक्ति | श्रद्धा","adoration | worship","कुनै ठुलाहरूप्रति भएको श्रद्धा वा आदर भाव","a feeling of profound love and admiration"
"39688",1,"अनभिलाष | अनरुचि | अनाकांक्षा | अनिच्छा | अप्रीति | अरुचि","antipathy | aversion | distaste","इच्छाको अभाव या इच्छा नहुने भाव","a feeling of intense dislike"
"39691",1,"छि:छि:छ्या-छ्या","disgust","घृणा, तिरस्कार, अरुचि आदिको सूचक शब्द:ऊ मुख बिगारेर छि:छि: भन्दै छ","strong feelings of dislike"
"39698",1,"आभार | कृतज्ञता","gratitude","कृतज्ञ हुने अवस्था या भाव","a feeling of thankfulness and appreciation"
"39700",1,"अकृतज्ञता | कृतघ्नता","ingratitude | ungratefulness","कृतज्ञ नहुने अवस्था या भाव","a lack of gratitude"
"39728",1,"अचकचाहट","amazement | astonishment","अचकचाहट हुने अवस्था या भाव","the feeling that accompanies something extremely surprising"
"39734",1,"आघात | घात | दुख","daze | shock | stupor","मनलाई आघत पुर्‍याउने","the feeling of distress and disbelief that you have when something bad happens accidentally"
"39741",1,"आशा","hope","NO_GLOSS","a specific instance of feeling hopeful"
"39765",1,"धैर्य | शान्ति","ataraxis | heartsease | peace | peace of mind | peacefulness | repose | serenity","मनको त्यो अवस्था जसमा ऊ क्षोभ,   दु:खहरूबाट मुक्त हुन्छ वा शान्त रहन्छ:योग शान्ति प्रप्‍तगर्ने एउटा साधन हो","the absence of mental stress or anxiety"
"39768",1,"रिस","anger | choler | ire","NO_GLOSS","a strong emotion; a feeling that is oriented toward some real or supposed grievance"
"39779",1,"चिढ","annoyance | chafe | vexation","चिढ़िने अवस्था या भाव","anger produced by some annoying irritation"
"39784",1,"डर | त्रास | भय","fear | fearfulness | fright","विपत्ति वा अनिष्टको आशङ्काले मनमा उत्पन्न हुने विकार वा भाव:गुजरातको साम्प्रदायिक दङ्गाले मान्छेका मनमा डर फैलायो","an emotion experienced in anticipation of some specific pain or danger (usually accompanied by a desire to flee or fight)"
"39790",1,"आतङ्क | डर | त्रास | भय","affright | panic | terror","NO_GLOSS","an overwhelming feeling of fear and anxiety"
"39794",1,"अभिशंका | अभिशङ्का | आशंका | आशङ्का | डर | भय | शंका | शक | शङ्का | संशय","apprehension | apprehensiveness | dread","अनिष्टको सम्भावनाले मनमा हुने कल्पना","fearful expectation or anticipation"
"39818",1,"अपभय | अभीति | निडरता | निर्भयता | निर्भीकता | भयहीनता","bravery | fearlessness","निडर या भयहीन हुने अवस्था या  भाव","feeling no fear"
"39830",1,"अहङ्कार | अहमत्याईँ | घमन्ड | तुजुक | नशा","intoxication","धन,विद्या,प्रभुत्व (अधिकार) आदिको घमण्ड","excitement and elation beyond the bounds of sobriety"
"39833",1,"आनन्द | खुसी | हर्ष","gaiety | merriment","कुनै कुरामा हुने रूचि या त्यसबाट पाइने आनन्द","a gay feeling"
"39844",1,"सन्तुष्टि | सन्तोक | सन्तोष","contentment","कुनै कुराको चिन्ता,अपेक्षा वा आपत्ति नरहने वा कुनै कुराले पूरा प्रसन्न भएको भाव","happiness with one's situation in life"
"39846",1,"अभिमान | गर्व | घमण्ड | सेखी","pride","कुनै वस्तु वा कुराको बारेमा मनमा उठने त्यो भाव जसका कारण महत्त्व प्राप्‍त हुन्छ वा अभिमान गर्न सकिन्छ","satisfaction with your (or another's) achievements"
"39851",1,"अनमनापन | अन्यमनस्कता | अप्रसन्नता | उदासी | उदासीनता | खिन्नता","sadness | unhappiness","उदास हुने या कुनै काममा मन नलाग्ने  अवस्था या भाव","emotions experienced when not in a state of well-being"
"39863",1,"अपसोस | खेदप्रकट | चिन्ता | शोक | सुर्ता","sorrow","प्रिय व्यक्‍तिको मृत्यु वा वियोगका कारण मनमा हुने परम कष्‍ट:रामको वनगमनका समयमा सारा अयोध्या नगरी शोकमा डुब्योउनको मृत्यु भएकोमा सबै गन्यमान्य व्यक्तिले अफसोस गरे","an emotion of great sadness associated with loss or bereavement"
"39866",1,"अन्तर्वेदना | अन्तस्ताप | मनोव्यथा | मानसिक पीडा","brokenheartedness | grief | heartache | heartbreak","मनमा हुने व्यथा","intense sorrow caused by loss of a loved one (especially by death)"
"39889",1,"अतुष्टी | अतृप्ति | अपरितोष | असन्तुष्टि | असन्तोष","dissatisfaction","तृप्ति नहुने अवस्था या भाव","the feeling of being displeased and discontent"
"39890",1,"दिक | दिक्क","boredom | ennui | tedium","दिक्क भएको स्थिति","the feeling of being bored by something tedious"
"39893",1,"अप्रसन्नता | गुनासो | दुखेसो","displeasure","अप्रसन्न हुने अवस्था या भाव","the feeling of being displeased or annoyed or dissatisfied with someone or something"
"39895",1,"कुण्ठा | लाज | संकोच्","defeat | frustration","विफलताको कारणले हुने घोर निराशा","the feeling that accompanies an experience of being thwarted in attaining your goals"
"39896",1,"अपेक्षा | आकांक्षा | आशा | आस","hope","मनको यो भाव जस्तै अमुक काम हुन्छ वा अमुक पदार्थ मलाई प्राप्‍त हुन्छ:मलाई ऊबाट यस्तो व्यवहारको आशा थिएन","the general feeling that some desire will be fulfilled"
"39902",1,"निराशा | वितृष्णा","hopelessness","आशाको अभाव:यदि निराशाले मनमा घर बनायो भने सफलता प्राप्‍त गर्न कठिन हुन्छ","the despair you feel when you have abandoned hope of comfort or success"
"39918",1,"सम्पर्क | सम्बन्ध","attachment | fond regard","दुइटा वस्तुहरूमा कुनै प्रकारको सम्पर्क जनाउने खालको तत्व","a feeling of affection for a person or an institution"
"39925",1,"ममता | माया | वात्सल्य | स्नेह","caring | lovingness","आमा-बाउको सन्तानप्रति भएको प्रेम","a loving feeling"
"39928",1,"अपहेला | घिन | घृणा","hate | hatred","त्यो मनोवृत्ति जसले कसैलाई धेरै नराम्रो सोचेर सधैँ उसबाट टाढा बस्ने प्रेरणा दिन्छ:कसैलाई घृणा नगर, किनभने हामी सबै एकै ईश्‍वरका सन्तान हौं उसले मलाई घृणाक नजरले हेर्‍यो","the emotion of hate; a feeling of dislike so strong that it demands action"
"39938",1,"दुस्मनी | शत्रुता","enmity | hostility | ill will","दुश्‍मन वा शत्रु भएको अवस्था वा भाव:आपस्तको शत्रुता मेटाउनुमा नै भलाइ छ","the feeling of a hostile person"
"39955",1,"कुभाव | तुच्छ विचार | दुर्भाव | दुर्भावना","malice | maliciousness | spite | spitefulness | venom","नराम्रो भावना","feeling a need to see others suffer"
"39959",1,"रुष्टता","sulk | sulkiness","रूष्ट हुने अवस्था या भाव","a mood or display of sullen aloofness or withdrawal"
"39961",1,"फुर्ती | मस्ती","jolliness | jollity | joviality","प्रसन्न र निश्चिन्त रहने अवस्था वा भाव","feeling jolly and jovial and full of good humor"
"39966",1,"कचकच | किचकिच | गनगन","choler | crossness | fretfulness | fussiness | irritability | peevishness | petulance","कचकच हुने अवस्था वा भाव","an irritable petulant feeling"
"39969",1,"सहानुभाव | सहानुभूति","fellow feeling | sympathy","कसैलाई दु:ख परेको देखेर त्यसबाट दुखी हुने अवस्था वा भाव:सन्तहरू सधैँ अरूप्रति सहानुभूतिशील हुन्छन्","sharing the feelings of others (especially feelings of sorrow or anguish)"
"39971",1,"कृपा | दया | माया","compassion | compassionateness","त्यो मनको आवेग जुन अर्काको दु:ख देखेर त्यसलाई दूर गर्ने प्रेरणा दिन्छ:हे ईश्‍वर तपाईँले सबै जीवहरूलाई दया गर्नुहोस्","a deep awareness of and sympathy for another's suffering"
"39976",1,"क्षमा | माफी","forgiveness","चित्तको त्यो वृत्ति जसद्वारा मनुष्यले अरूद्वारा गरेको कष्ट सहन्छ र त्यसको प्रतिकार या दण्डको इच्छा गर्दैन","compassionate feelings that support a willingness to forgive"
"39977",1,"अनुकूलता | अप्रतिकूलता | अविरुद्धता","compatibility","अनुकूल हुने अवस्था या भाव","a feeling of sympathetic understanding"
"39986",1,"खान-पान | खानपान | खानपिन | खाना-पिना | खानापिना","comestible | eatable | edible | pabulum | victual | victuals","भोजन,नाश्ता आदिसित सम्बन्धित सबै वस्तुहरू","any substance that can be used as food"
"39997",1,"पथ्य | पथ्याहार | सुपथ्याहार","diet","संयमित आहार","a prescribed selection of foods"
"40010",1,"पथ्य | हलुकोखाना","light diet","त्यो छिटो हजम हुने खाना जुनचाहिँ रोगीलाई दिइन्छ:हलुको खाना खुवाएर नै रोगीको भोक मर्छ","diet prescribed for bedridden or convalescent people; does not include fried or highly seasoned foods"
"40043",1,"आटो | पिठो","flour","NO_GLOSS","fine powdery foodstuff obtained by grinding and sifting the meal of a cereal grain"
"40048",1,"सुजी","semolina","गहुँको एउटा विशेष प्रकारको कनिका जस्तो धुलो","milled product of durum wheat (or other hard wheat) used in pasta"
"40054",1,"पुष्ट | पोषक आहार | पोषाहार","aliment | alimentation | nourishment | nutriment | nutrition | sustenance | victuals","पुष्टीकारक पदार्थ","a source of materials to nourish the body"
"40061",1,"राशन सामग्री | रासन","commissariat | provender | provisions | viands | victuals","भोजन बनाउने सामग्री जुनचाहिं पकाइएको छैन","a stock or supply of foods"
"40072",1,"खाना | भोजन","meal | repast","NO_GLOSS","the food served and eaten at one time"
"40075",1,"खाजा | चमेना | जलपान","refreshment","बिहान वा बेलुका खाइने थोरै हलुका खाना:मैले आज जलपानमा गाजरको हलुवा खाएँ","snacks and drinks served as a light meal"
"40101",1,"गम्फा | गाँस","bit | bite | morsel","त्यति मात्र भोजन जति एकखेप मुखमा हाल्न सकिन्छ:मैले एकगाँस पनि खान पाएको थिइनँ ऊ आइहाल्यो","a small amount of solid food; a mouthful"
"40130",1,"झोल | सुप","soup","एक खाले तरल खाद्य जुन चाहिं मासु, सब्जी आदिबाट बनिन्छ:आज मैले खानुभन्दा पहिला सुप खाएँ","liquid food especially of meat or fish or vegetable stock often containing pieces of solid food"
"40137",1,"झोल | रस","broth","पाकेको तरकारीमा भएको पानीको अंश:तरकारीमा धेरै रस छ","a thin soup of meat or fish or vegetable stock"
"40337",1,"पुडिङ्ग","pudding","एक प्रकारको मिठो खाद्यवस्तु","any of various soft sweet desserts thickened usually with flour and baked or boiled or steamed"
"40454",1,"केक","cake","आटा, चिनी, डिम्मा आदिलाई मिलाएर बनाइएको एउटा विदेशी खाद्य वस्तु जुन चाहिं अलिकति नरम हुन्छ","made from or based on a mixture of flour and sugar and eggs"
"40558",1,"जेली","jelly","एक प्रकारको मिठाई","a preserve made of the jelled juice of fruit"
"40568",1,"कुखुराकोमासु | चिकन","chicken | poulet | volaille","कुखुरा वा कुखुराको मासु","the flesh of a chicken used for food"
"40698",1,"गाई | गो मांस | गोमांस","beef | boeuf","गाईको मासु","meat from an adult domestic bovine"
"40754",1,"बोक्रा","rind","फल,बीज आदिको आवरण","the natural outer covering of food (usually removed before eating)"
"40814",1,"रोटी","bread | breadstuff | staff of life","NO_GLOSS","food made from dough of flour or meal and usually raised with yeast or baking powder and then baked"
"40863",1,"टोस्ट","toast","सेकिएको ब्रेड","slices of bread that have been toasted"
"40912",1,"बिस्कुट","biscuit","एक प्रकारको बेलायती खाना जुन साना, च्याप्टा गोलीका आकारका हुन्छन्:नानी बिस्कुट खाँदैछ","small round bread leavened with baking-powder or soda"
"41011",1,"साग | साग-पात","green | greens | leafy vegetable","कतिपय विशेष प्रकारका बोटहरूको तरकारी खाने योग्य पात आदि:बजारमा मेथी, पालङ्क, मूला आदिको साग पाइन्छ","any of various leafy plants or their leaves and stems eaten as vegetables"
"41016",1,"आलु","irish potato | murphy | potato | spud | tater | white potato","एक प्रकारको कन्द जुन चाहिँ सब्जीका रूपमा खाइन्छ:आलु बाह्रै महिना बजारमा उपलब्ध हुने सब्जी हो","an edible tuber native to South America; a staple food of Ireland"
"41026",1,"सखरखण्ड | सुठनी","sweet potato","एकखाले मिठो गानो:बर्तमा सुठनी फलाहारका रूपमा खाइने गरिन्छ","the edible tuberous root of the sweet potato vine which is grown widely in warm regions of the United States"
"41033",1,"बैगन | बैगुन | भन्टा | भ्यान्टा","aubergine | eggplant | mad apple","एउटा फल जसको तरकारी बन्छ:आमा तरकारी पकाउनका लागि भन्टा काट्दै हुनुहुन्छ","egg-shaped vegetable having a shiny skin typically dark purple but occasionally white or yellow"
"41037",1,"पातकोपी | बन्दकोपी","cabbage | chou","एक प्रकारको तरकारी जुन चाहिँ पातहरूले गोलो बाँधिएको हुन्छ","any of various types of cabbage"
"41046",1,"काउली | कोपी | फुलकोपी | फुलगोभी","cauliflower","एकखाले धेरै ठुलो फुल जसलाई तरकारीको रूपमा खाइने गरिन्छ:आमा फुलकोपीको तरकारी पकाउँदै हुनुहुन्छ","compact head of white undeveloped flowers"
"41066",1,"काँक्रो","cucumber | cuke","काँक्राको जातको एउटा फल","cylindrical green fruit with thin green rind and white flesh eaten as a vegetable; related to melons"
"41073",1,"अंकुर | अङ्कुर | गाभ","sprout","छरिएको बिउबाट निक्लिएको पहिलो सानो कलिलो टुसो जसमा नयाँ पात निक्लिन्छन्","a newly grown bud (especially from a germinating seed)"
"41088",1,"खुर्सानी | खोर्सानी","chile | chili | chili pepper | chilli | chilly","एकखाले पिरो फल जुन तरकारीमा मसलाको रूपमा उपयोग गरिन्छ:तरकारी पिरो बनाउनका लागि धेरै खोर्सानी हाल","very hot and finely tapering pepper of special pungency"
"41090",1,"खुर्सानी | रातोखुर्सानी","chipotle","एकखाले पिरो रातो फल जुन व्यञ्जनमा मसला जसरी नै हालिन्छ:गोस्तमा रातो खोर्सानीको मात्रा धेरै हुनाले त्यो औधी पिरो भयो","a ripe jalapeno that has been dried for use in cooking"
"41093",1,"पियाज | प्याज","onion","गोलो गाठो आकारको एउटा कन्द जसको गन्ध उग्र हुन्छ:प्याजले शरीरलाई चिसो राख्छ","an aromatic flavorful bulb"
"41112",1,"भटमास","bean | edible bean","एक प्रकारको दाल:के तैंले भटमास खाएको छस् ?","any of various edible seeds of plants of the family Leguminosae used for food"
"41114",1,"मुसुरी | मुसुरो","lentil","एकखाले द्विदल अन्न जसको दाल पकाइने गरिन्छ:मुसुरीलाई वैद्यशास्त्रमा मिठो, शीत्तल,सङ्ग्रह गर्न सकिने, खकार र पित्त नाशक, ज्वरो निको पार्ने भनिन्छ","round flat seed of the lentil plant used for food"
"41121",1,"चणक | चना","chickpea | garbanzo","एकखाले अन्न जसलाई विशेषगरी दालको रूपमा खाइन्छ:चनाको सातु धेरै स्वादिष्ट हुन्छ","large white roundish Asiatic legume; usually dried"
"41177",1,"गोलभेँडा | टमाटर | रामभेँडा","tomato","एकखाले अमिलो, पाकेपछि पहेँलो,गुदी भएको फल जसलाई  तरकारीका रूपमा खाइन्छ:आमा सलाद बनाउन टमाटर काटिरहनुभएको छ","mildly acid red or yellow pulpy fruit eaten as a vegetable"
"41188",1,"काशीफल | कुभिन्डो | कुष्मण्ड","pumpkin","एकखाले फल जसको तरकारी बनाइन्छ:कतिपय मान्छेहरू कुभिन्डाको तरकारी खुब मिठो मानेर खान्छन्","usually large pulpy deep-yellow round fruit of the squash family maturing in late summer or early autumn"
"41197",1,"कर्कलो | पिँडालु","cocoyam | dasheen | edda | taro | taro root","एकखाले जरो जसको तरकारी खाइन्छ:सीता पिँडालुको तरकारी पकाउँदै छिन्","tropical starchy tuberous root"
"41201",1,"बदम | बदाम","earthnut | goober | goober pea | groundnut | monkey nut | peanut","बदम जस्तो एउटा फल जुन माटो मुनि फल्छ:उनी बदम खाँदै छन्","pod of the peanut vine containing usually 2 nuts or seeds; `groundnut' and `monkey nut' are British terms"
"41202",1,"सिङाडा","water chestnut","पानीमा  हुने एकखाले बोटको फल जसका बोक्रामा काँढा हुन्छन्","edible bulbous tuber of a Chinese marsh plant"
"41210",1,"स्याउ","apple","नास्पति जस्तो मिठो खाद्यफल:उनी प्रतिदिन एउटा स्याउ खान्छन्","fruit with red or yellow or green skin and sweet to tart crisp whitish flesh"
"41259",1,"कन्तरा","carambola | star fruit","NO_GLOSS","deeply ridged yellow-brown tropical fruit; used raw as a vegetable or in salad or when fully ripe as a dessert"
"41264",1,"कमला | सुन्तला","orange","निबुवाको जातिको एउटा फल जुन चाहिँ मीठो,सुगन्धित र रसीलो हुन्छ","round yellow to orange fruit of any of several citrus trees"
"41277",1,"निबुआ | निबुवा","lemon","एउटा गोलो अमिलो, रसयुक्त फल:निबुवामा भिटामिन सी-को मात्रा धेरै हुन्छ","yellow oval fruit with juicy acidic flesh"
"41281",1,"भोगटे","pomelo | shaddock","एकखाले ठुलो निबुवा:भोगटे औषधिको रूपमा प्रयोग हुन्छ","large pear-shaped fruit similar to grapefruit but with coarse dry pulp"
"41290",1,"आलुबखडा","plum","एउटा रुखबाट प्राप्त गहिरो रातो रङ्गको गोलो फल","any of numerous varieties of small to medium-sized round or oval fruit having a smooth skin and a single pit"
"41296",1,"फल | मेवा","dried fruit","सुकेका कतिपय विशिष्ट फल वा बिउ","fruit preserved by drying"
"41299",1,"किसमिस | दाख","raisin","सुकाइएको साना दाना नभएको अङ्गुर","dried grape"
"41304",1,"अनानास | अनारस | भुँइकटहर","ananas | pineapple","एकखाले अमिल्चो फल:अनारसमा भिटामिन सी-को मात्रा धेरै हुन्छ","large sweet fleshy tropical fruit with a terminal tuft of stiff leaves; widely cultivated"
"41312",1,"कटहर","jack | jackfruit | jak","एउटा ठुलो वृक्षबाट प्राप्त फल जसका माथि काँडा हुन्छन्:पाकेको कटहरका कोया कतिपय मान्छे मिठो मानेर खान्छन्","immense East Indian fruit resembling breadfruit; it contains an edible pulp and nutritious seeds that are commonly roasted"
"41320",1,"कुभिन्डो | कुष्माण्ड","winter melon","एकखाले सेतो कुभिन्डो:कुभिन्डोबाट एकखाले मिठाई पनि बनाइन्छ","the fruit of the winter melon vine; a green melon with pale green to orange flesh that keeps well"
"41325",1,"खरबुजो","watermelon","ठुलो, मोटो र गोलो फल जसको गुदी रातो वा बीउ कालो हुन्छ:गर्मीका दिनमा खरबुजो धेरै पाइन्छ","large oblong or roundish melon with a hard green rind and sweet watery red or occasionally yellowish pulp"
"41337",1,"अङ्गुर | दाख","grape","एक प्रकारको मिठो रसिलो फल जुन लहरामा फल्छ:अङ्गुरबाट रक्सी पनि बनाइन्छ","any of various juicy fruit of the genus Vitis with green or purple skins; grow in clusters"
"41352",1,"सरिफा | सीताफल","custard apple","मझौला आकारको एउटा वृक्षबाट प्राप्‍त खाद्य फल:उनी प्रतिदिन खाजामा सरिफा खान्छन्","the fruit of any of several tropical American trees of the genus Annona having soft edible pulp"
"41360",1,"मेवा","papaya","एउटा रूखको फल जुनचाहिँ खाइन्छ:आमा  मेवाको तरकारी पकाउँदै हुनुहुन्छ","large oval melon-like tropical fruit with yellowish flesh"
"41368",1,"किवी","chinese gooseberry | kiwi | kiwi fruit","विशेष गरेर चीनमा पाइने एउटा लहराको रुइदार फल","fuzzy brown egg-shaped fruit with slightly tart green flesh"
"41372",1,"चिकू","sapodilla | sapodilla plum | sapota","महोगनी नामको रूखको गुदी भएको मिठो फल जसलाई खान सकिन्छ:मलाई चिकू फल धेरै मनपर्छ","tropical fruit with a rough brownish skin and very sweet brownish pulp"
"41374",1,"अमिली | तित्री","tamarind | tamarindo","एक प्रकारको गुदी भएको फल जुन अमिलाको काममा आउँछ:तित्रीमा विटामिन सी धेरै मात्रामा पाइन्छ","large tropical seed pod with very tangy pulp that is eaten fresh or cooked with rice and fish or preserved for curries and chutneys"
"41378",1,"अम्बक | अम्बा | बेलौती","guava","एउटा फल जसलाई खाइन्छ:अम्बामा भिटामिन सी हुन्छ","tropical fruit having yellow skin and pink pulp; eaten fresh or used for e.g. jellies"
"41383",1,"बयर","chinese date | chinese jujube | jujube","एकखाले  काँडा भएको बोटमा पाइने खाद्यफल:हिन्दू धर्म-ग्रन्थकाअनुसार प्रभु रामले शवरीका जुठा बयर खाएका थिए","dark red plumlike fruit of Old World buckthorn trees"
"41384",1,"लिची | लिच्ची","leechee | lichee | lichi | litchee | litchi | litchi nut | lychee","एउटा रसभएको मीठो फल जुन चाहिँ आकारमा गोलो हुन्छ","Chinese fruit having a thin brittle shell enclosing a sweet jellylike pulp and a single seed; often dried"
"41394",1,"नासपाती | नास्पाती","pear","स्याउ जस्तै एउटा गोलो मिठो फल:मोहन नास्पाती खाँदै छन्","sweet juicy gritty-textured fruit available in many varieties"
"41401",1,"दाडिम | दारिम","pomegranate","एकखाले गोलो फल जसका दाना राता, गुलाफी र सेता हुन्छन्:रमेश दारिम खाँदै छन्","large globular fruit having many seeds with juicy red pulp in a tough brownish-red rind"
"41416",1,"गुवा | तामोल | सुपाडी | सुपारी","areca nut | betel nut","एउटा गोलो फल जुनचाहिँ विशेषगरी काटेर पान आदिका साथ वा यसै खाइन्छ:पूजामा पनि  सुपारीको उपयोग गरिन्छ","seed of betel palm; chewed with leaves of the betel pepper and lime as a digestive stimulant and narcotic in southeastern Asia"
"41418",1,"ओखर","walnut","एउटा फल जसको गन्ती मेवाका रूपमा हुन्छ:ओखरको माथिको बोक्रो दरो हुन्छ","nut of any of various walnut trees having a wrinkled two-lobed seed with a hard shell"
"41429",1,"नरिवल","cocoanut | coconut","एउटा गोलो फल जसमा मिठो गुदी हुन्छ र जसको बाहिरको बोक्रो धेरै सारो हुन्छ:उनी सधैँ नरिवलको पानी खान्छन्","large hard-shelled oval nut with a fibrous husk containing thick white meat surrounding a central cavity filled (when fresh) with fluid or milk"
"41430",1,"खुपी | गुदी | धन | भित्रीसम्पत्ति","coconut | coconut meat","नरिवलको फलको भित्रको नरम गुदी:त्यसले प्रसादका लागि गुदी किन्यो","the edible white meat a coconut; often shredded for use in e.g. cakes and curries"
"41610",1,"पराल","hay","NO_GLOSS","grass mowed and cured for use as fodder"
"41641",1,"सलाद","salad","काँचो खाइने हरियो तरकारीहरू र कन्द आदिलाई मिसाएर बनाइएको एउटा खाद्य वस्तु","food mixtures either arranged on a plate or tossed and served with a moist dressing; usually consisting of or including greens"
"41691",1,"जाइपत्री | जाइफलकोबोक्रा | जावित्री","mace","जाइफलका माथिको सुगन्धी बोक्रो:जाइपत्रीको प्रयोग आहार, मसला, औषधि आदिको रूपमा गरिन्छ","spice made from the dried fleshy covering of the nutmeg seed"
"41692",1,"जाइफल | मालती","nutmeg","एउटा सुगन्धित फल जसले औषधी र मसलाको काम गर्छ","hard aromatic seed of the nutmeg tree used as spice when grated or ground"
"41694",1,"मरिच","black pepper","व्यञ्जनहरूमा मसलाको जस्तो काममा आउने एकखाले पिरो,कालो,सानो,बाटुलो दाना:मेरा हजुरबा मरिच हालेर पकाएको चिया खान मन पराउनुहुन्थ्यो","pepper that is ground from whole peppercorns with husks on"
"41698",1,"तेजपत्ता | तेजपात","bay leaf","दालचिनीका जातको एउटा रूखको पात जुन खाने मसलाको रूपमा उपयोग हुन्छ:तेजपातको उपयोगले भोजन स्वादिष्ट बनिन्छ","dried leaf of the bay laurel"
"41706",1,"धनियाँ","coriander | coriander seed","गोलो एक समान दाना भएका एकखाले  फल जुन मसलाको काममा आउँछ:पानजिरामा धनियाँ पनि हालिन्छ","dried coriander seeds used whole or ground"
"41712",1,"लसुन | लहसुन","ail | garlic","एउटा बोटको गानो जुन मसलाको काममा आउँछ:सीता तरकारी झान्न खुर्सानी,लसुन आदि काट्तै छिन्","aromatic bulb used as seasoning"
"41713",1,"पोटी","clove | garlic clove","लसुनको एउटा पोटी","one of the small bulblets that can be split off of the axis of a larger garlic bulb"
"41772",1,"सुप","anise | aniseed","औषधि र मसलाका रूपमा प्रयोग हुने एउटा बीउ:सुपबाट रक्सी बनाइन्छ","liquorice-flavored seeds or oil used in cookies or cakes or pickles"
"41775",1,"कुङकुम | केशर | केसर | भुवा","saffron","जाडो देशमा हुने एउटा फुलको पराग, जसबाट उत्कृष्ट सुगन्ध निस्किन्छ:मलाई केसर हालेको बरफ धेरै मन पर्छ","dried pungent stigmas of the Old World saffron crocus"
"41776",1,"तिल","benniseed | sesame seed","एउटा रूखको बीउ जसबाट तेल निस्कन्छ","small oval seeds of the sesame plant"
"41781",1,"ज्वानो","celery seed","एकखाले सुगन्धित बीज जुन दवाई र मसलाको रूपमा व्यवहार हुन्छ:ज्वानो धेरैमात्रामा प्रयोग मसलाको रूपमा गरिन्छ","seed of the celery plant used as seasoning"
"41885",1,"क्षीर | दुग्ध | दुध | दूध | पय","milk","त्यो सेतो तरल पदार्थ जुनचाहिँ स्तनपायी जीवका पोथीका स्तनबाट निक्लिन्छ अनि त्यो  उसको नानीहरू पिउँछ","a white nutritious liquid secreted by mammals and used as food by human beings"
"41886",1,"दुग्ध | दुध | दूध","milk","अन्नवालीको हरियो बीउबाट निस्कने रस जुन सेतो हुन्छ:काँचो मकै, गहुँलाई निचोर्दा त्यसबाट दुध निस्किन्छ","any of several nutritive milklike liquids"
"41902",1,"कुराउनी | कुरौनी | खोवा | मावा","condensed milk","दुधलाई बाक्लो पारेर बनाइएको ठोस रूप जसबाट मिठाइ बनिन्छ","sweetened evaporated milk"
"41906",1,"मही | मोइ","buttermilk","मथेर मखान निकालेपछि रहेको दहीको पानी:श्याम प्रतिदिन बिहान एक गिलास मही खान्छ","residue from making butter from sour raw milk; or pasteurized milk curdled by adding a culture"
"41915",1,"नौनी | मक्खन","butter","दही वा दुध मथ्दा निस्किएको त्यसको सार भाग जसलाई तताउँदा घिउ बनिन्छ:बालक श्रीकृष्णलाई मक्खन धेरै प्रिय थियो","an edible emulsion of fat globules made by churning milk or cream; for cooking and table use"
"41918",1,"घिउ | घ्यू","ghee","दुधको त्यो चिप्लो सार जुन मखानलाई तताएर प्राप्‍त गरिन्छ:उनी प्रतिदिन रोटीमा घिउ लगाएर खान्छन्","clarified butter used in Indian cookery"
"41925",1,"दधि | दही","curd","जोडन हालेर जमाएको दुध:शास्त्रअनुसार राती दही खान निषेध छ","coagulated milk; used to made cheese"
"41991",1,"मधु | मह","honey","मौरीद्वारा फुलबाट सङ्ग्रह गरेर चाकोमा राखिएको झोल जस्तो मिठो वस्तु:मह धेरै गुणकारी हुन्छ","a sweet yellow liquid produced by bees"
"41993",1,"चिनी | सखर","refined sugar | sugar","NO_GLOSS","a white crystalline carbohydrate used as a sweetener and preservative"
"41996",1,"उखुसार | खुदो | गुड | पाग","molasses","पकाएर बाक्लो बनाइएको उखुको रस:किसान गुड र रोटी खाँदै छन्","thick dark syrup produced by boiling down juice from sugar cane; especially during sugar refining"
"42093",1,"पुलाउ","pilaf | pilaff | pilau | pilaw","मासु वा तसकारीलाई चामलसँग पकाएर बनाइएको व्यञ्जन","rice cooked in well-seasoned broth with onions or celery and usually poultry or game or shellfish and sometimes tomatoes"
"42142",1,"तरुवा","tempura","NO_GLOSS","vegetables and seafood dipped in batter and deep-fried"
"42213",1,"वाइन","vino | wine","अङ्गरले बनेको एक प्रकारको शराब","fermented juice (of grapes especially)"
"42279",1,"जाँड | मदिरा | रक्सी","booze | hard drink | hard liquor | john barleycorn | liquor | spirits | strong drink","एउटा तरल मात लाग्ने पदार्थ जुन धेरै प्रकारले कतिपय सामानहरू मिसाएर बनाइने गरिन्छ:ऊ सधैँ बेलुका रक्सि खाएर घर आउँछ","an alcoholic beverage that is distilled rather than fermented"
"42345",1,"ककटेल","cocktail","एक प्रकारको मिश्रित शराब","a short mixed drink"
"42475",1,"कफी","coffee | coffee bean | coffee berry","एउटा रुखबाट प्राप्त बीज जसलाई भुटेर-पिसेर पेय बनाउने काममा ल्याइन्छ","a seed of the coffee tree; ground to make coffee"
"42476",1,"कफी","coffee | java","चियाको जस्तो एउटा पेय पदार्थ:उनी कफी खाँदै छन्","a beverage consisting of an infusion of ground coffee beans"
"42499",1,"चिया","tea","चियाको बोटका पात पानीमा हालेर चिनी, दुध आदि मिलाएर बनाइएको पेय पदार्थ:चिनीरोग भएको मान्छेले फिका चिया खाने गर्छन्","a beverage made by steeping tea leaves in water"
"42563",1,"अपौरुष | अमनुष्य | कापुरुष | कायर | कायर पुरुष | नामर्द","cautious | timid","कायर या डरछेरुवा व्यक्ति","people who are fearful and cautious"
"42568",1,"मरेको मान्छे | मुर्दा | मृतक | मृतव्यक्‍ति","dead","मरेको मान्छे","people who are no longer living"
"42570",1,"बहिरो","deaf","जसले सुन्दैन वा कम सुन्छ","people who have severe hearing impairments"
"42572",1,"अङ्गहीन | अपाङ्ग | अपाहिज | विकलाङ्ग","disabled | handicapped","त्यो व्यक्‍ति जसका कुनै अङ्गले ठिकसँगले काम गर्दैनन् वा छैनन्","people collectively who are crippled or otherwise physically handicapped"
"42575",1,"दुश्मन | विरोधी | वैरी | शत्रु","enemy","त्यो जो सँग शत्रुता वा वैर छ","any hostile group of people"
"42598",1,"सङ्कलन | सङ्ग्रह","accumulation | aggregation | assemblage | collection","कुनै वस्तु आदिको जमघट","several things grouped together or considered as a whole"
"42643",1,"झुत्तो | झुप्पो","bunch | clump | cluster | clustering","एउटैमा लागेका वा बाँधिएका साना वस्तुहरूको समूह","a grouping of a number of similar things"
"42664",1,"खलियो | चिता | चितिका","funeral pyre | pyre","छानेर  राखेका दाउराको थुप्रो जसमा मुर्दा जलाइन्छ","wood heaped for burning a dead body as a funeral rite"
"42675",1,"समाज","society","NO_GLOSS","an extended social group having a distinctive cultural and economic organization"
"42690",1,"दाजुभाइ छिमेक | परचक्री","clan | kin | kin group | kindred | kinship group | tribe","जाति वा समाजका मान्छे","group of people related by blood or marriage"
"42698",1,"उच्च कुल | कुलीन परिवार","house","त्यो कुल जो समाजमा प्रतिष्ठित हुन्छ या उच्च मानिन्छ","aristocratic family line"
"42737",1,"जोडा | जोडी","brace | pair","एकै खालको र सँगसँगै काम लाग्ने दुई चीजहरू जुन चाहिँ एउटा एकाइका रूपमा मानिन्छ","a set of two similar things considered as a unit"
"42765",1,"जोइ पोइ | दम्पति","man and wife | marriage | married couple","NO_GLOSS","two people who are married to each other"
"42774",1,"विधानवादी","congregation | faithful | fold","विधानवादलाई मान्ने व्यक्ति","a group of people who adhere to a common faith and habitually attend a given church"
"42851",1,"क्षेत्र | फिल्ड | शाखा","field","गणक विज्ञान(कम्प्युटर विज्ञान)मा एक अथवा एकभन्दा धेरै सङ्केतहरूको समूह जसमा सूचनाको विभाग हुन्छ:गणक (कम्प्युटर) आजको तारिकलाई तीनवटा निश्चित क्षेत्रमा दर्शाउँछ दिन, महिना र वर्ष","(computer science) a set of one or more adjacent characters comprising a unit of information"
"42877",1,"रेडक्रस | रेडक्रस संस्था","red cross","एउटा अन्तर्राष्ट्रीय संस्था जसले रोगी, घायल तथा बेघर मान्छेहरूको सेवा गर्छ (खासगरि युद्धको समयमा)","an international organization that cares for the sick or wounded or homeless in wartime"
"42908",1,"अस्पताल | चिकित्सालय | हस्पिताल","hospital","त्यो स्थान जहाँ रोगीहरूको उपचार गरिन्छ वा औषधि दिइन्छ:गाउँमा एउटा ठुलो अस्पताल बनिँदै छ","a medical institution where sick or injured people are given medical or surgical care"
"42928",1,"कम्पनी","company","NO_GLOSS","an institution created to conduct business"
"42961",1,"अभियुक्ति | अभियोग | अभिहार | अभ्याहार | दोष","prosecution","अपकार निवारण या क्षतिपूर्तिका निमित्त  न्यायालयमा गरिने प्रार्थना","the lawyers acting for the state to put the case against the defendant"
"43039",1,"प्रशासनिक एकाइ","administrative body | administrative unit","त्यो एकाइ जुन प्रशासन या राज्यको प्रबन्धसित सम्बन्ध राख्‍ने गर्छ","a unit with administrative responsibilities"
"43042",1,"कुटुम्ब | जाहान | परिवार","family | home | house | household | menage","एउटै घरका मान्छे:मेरा सबै परिवार एकसाथ बसेर खाना खान्छौँ","a social unit living together"
"43044",1,"फ्लाइङ्ग स्क्वाड","flying squad","प्रशिक्षित मान्छेको त्यो वर्ग जुन चाहिँ गतिशील हुन्छ तथा सङ्कटको स्थितिमा चाँडोभन्दा चाँडो घटनास्थलमा पुग्छ","a mobile group of trained people (police or executives or officials) able to move quickly in the case of emergencies"
"43062",1,"गिर्जाघर | चर्च","christian church | church","NO_GLOSS","one of the groups of Christians who have their own beliefs and forms of worship"
"43155",1,"वंशवृक्ष | वंशावली","family tree | genealogy","कुनै वंशका मान्छेको कालक्रमले बनेको सूची","successive generations of kin"
"43176",1,"किसिम | जाति | प्रजाति","species","जन्तुहरूको धर्म,आकृति आदिको समानताका विचारले गरिएको विभाग","(biology) taxonomic group whose members can interbreed"
"43366",1,"राज कुटुम्ब | राजपरिवार","royal family | royal house | royal line | royalty","राजाको परिवार,जसमा उनका साख वा घरका मान्छे हुन्छन्","royal persons collectively"
"43409",1,"सदन","house","कुनै विषयमा विचार गर्ने वा नियम,विधान आदि बनाउनका लागि हुने सभा वा त्यसमा उपस्थित हुने मान्छेहरूको समूह","an official assembly having legislative powers"
"43410",1,"विधान-मण्डल | विधान-सभा | विधान सभा | विधानमण्डल | विधानसभा | विधायिका | विधायिका-सभा","general assembly | law-makers | legislative | legislative assembly | legislature","लोकतन्त्री शासनमा जनताको प्रतिनिधीहरूको त्यो सभा जसले देशको लागि कानून कायदा आदि बनाउँछ","persons who make or amend or repeal laws"
"43418",1,"कार्य समिति | कार्यकारिणी | प्रबन्ध समिति","executive","कुनै विशिष्ट कार्य अथवा व्यवस्था आदिका निमित्त बनिएको समिति","persons who administer the law"
"43426",1,"देश | मुलुक | राष्ट्र","country | land | nation","चारैतिर फैलिई अनेकौँ गाउँ, सहर, जिल्ला, अञ्चल वा प्रान्त मिलेर बनेको एक विशिष्‍ट भूभाग तथा एकै प्रणालीका शासनअन्तर्गतको निश्‍चित भूभाग:गान्धीजीको मृत्युमा सारा देश नै रोएको थियो","the people who live in a nation or country"
"43431",1,"परदेश | परदेस | विदेश","foreign country","आफ्नो देशभन्दा भिन्न देश","any state of which you are not a citizen"
"43474",1,"प्रदेश | राज्य","state","स्वायत्त राज्यको शासनमा सम्मिलित हुन्छ:राज्यले आयकर बढाएको छ","the group of people comprising the government of a sovereign state"
"43479",1,"जनता | जनसमुदाय | दुनिया | प्रजा | सर्वसाधारण","populace | public | world","संसारमा रहेका मान्छे:महात्मा गान्धीलाई सारा दुनियाले सन्मान गर्छम यस दुनियाको परवाह गर्दिनँआजको दुनिया पैसाको पछि कुद्दै छ","people in general considered as a whole"
"43480",1,"जनता | जनसङ्ख्या","population","कुनै नगर वा देश आदिमा बस्ने मान्छेको मुठ सङ्ख्या","the people who inhabit a territory or state"
"43495",1,"घन्चमन्च | घुइँचो | जमात | भिड | भीडभाड","crowd","NO_GLOSS","a large number of things or people considered together"
"43547",1,"फौज | सेना","army | ground forces | regular army","सेना समूह","a permanent organization of the military land forces of a nation or state"
"43549",1,"जलसेना | नौसेना","naval forces | navy","ती सेना जुन जहाजमा हुन्छन् र नदी वा समुद्रबाट युद्ध गर्दछन्:मोहन नौ सेनामा भर्ती हुन चाहन्छ","an organization of military vessels belonging to a country and available for sea warfare"
"43577",1,"जमात | दल | हुल","force | military force | military group | military unit","वर्दी लगाएका सैनिकहरू, सिपाहीहरूको सानो हुल","a unit that is part of some military service"
"43617",1,"पल्टन | प्लाटुन","brigade","थल सैनिकको एउटा सानो जमात:मैदानमा सेनाको एउटा पल्टनले आफ्नो डेरा बनाएका छन्","army unit smaller than a division"
"43681",1,"शाखा | सम्प्रदाय","community","कुनै विषय वा सिद्धान्तका सम्बन्धमा एउटै विचार वा मत राख्‍ने मान्छेहरूको वर्ग","a group of nations having common interests"
"43698",1,"क्लब","club | gild | guild | lodge | order | social club | society","खेला, मनोरञ्जन आदिका लागि बनिएको कुनै संस्था","a formal association of people with similar interests"
"43758",1,"नाटककार | नाट्यकार","cast | cast of characters | dramatis personae","नाटकहरूमा अभिनय गर्ने व्यक्ति:श्यामदेव एकजना निपुण नाट्यकार हुन्","the actors in a play"
"43807",1,"माफिया","maffia | mafia | sicilian mafia","अपराधिक व्रत्तिभएका मान्छेहरूको सङ्गठन","a secret terrorist group in Sicily; originally opposed tyranny but evolved into a criminal organization in the middle of the 19th century"
"43858",1,"पार्टी | प्रीतिभोज","banquet | feast","कुनै माङ्गलिक वा खुसियालीको समयमा बन्धु-बान्धवहरू र इष्ट मित्रहरूलाई केही खुवाउने पियाउने क्रिया","a ceremonial dinner party for many people"
"43881",1,"दल | पार्टी","party | political party","NO_GLOSS","an organization to gain political power"
"43925",1,"सारिणी","table | tabular array","भिन्ना-भिन्नै स्तम्भहरूका रूपमा दिइएका शब्दहरू,पदहरू,अङ्कहरूको त्यो विन्यास जसले त्यी शब्दहरू,पदहरू,अङ्कहरू आदिको पारस्परिक सम्बन्ध वा केही विशिष्ट सूचित हुन्छ","a set of data arranged in rows and columns"
"43931",1,"आवर्त सारणी","periodic table","NO_GLOSS","a tabular arrangement of the chemical elements according to atomic number as based on the periodic law"
"43959",1,"व्यूह | सैन्य विन्यास","phalanx","युद्धमा सैनिक आदि वा सेनाको स्थापनाको विशेष प्रकार","a body of troops in close array"
"44006",1,"एकाडेमी","academy | honorary society","त्यो संस्‍था जसको उद्देश्‍य कला,साहित्य,विज्ञान आदिको उन्नति तथा प्रचार गर्नु हो","an institution for the advancement of art or science or literature"
"44036",1,"पलिटेक्निक | बहुशिल्प","engineering school | polytechnic | polytechnic institute","कला,विज्ञान तथा तकनीक आदि क्षेत्रहरूमा काम गर्ने सङ्स्था","a technical school offering instruction in many industrial arts and applied sciences"
"44043",1,"युनिवर्सिटी | विश्वविद्यालय","university","त्यो निक्कै ठुलो विद्यालय जसमा अनेक प्रकारका विद्याहरूको उच्च कोटिको शिक्षा दिइन्छ तथा जसमा विशेषगरी अनेक महाविद्यालय पनि हुन्छन्:मानसी मुम्बाई विश्वविद्यालयमा पढ्छिन्","an educational institution of higher education and research which grants academic degrees in a variety of subjects and provides both undergraduate education and postgraduate education"
"44135",1,"वर्ण","varna","हिन्दूहरूको  चार विभाग- ब्राह्मण,क्षत्रिय,वैश्य र शूद्र","(Hinduism) the name for the original social division of Vedic people into four groups (which are subdivided into thousands of jatis)"
"44139",1,"अछुत | शूद्र","shudra | sudra","हिन्दूहरूको चार वर्णमध्ये  चौथो र अन्तिम वर्ण","the lowest of the four varnas: the servants and workers of low status"
"44157",1,"भेट | साक्षात्कार","get together | meeting","दुई वा धेरै व्यक्‍तिहरूको आपस्तमा भेट हुने  क्रिया","a small informal social gathering"
"44199",1,"संसद","parliament","राज्य अथवा शासनसम्बन्धी कार्यहरूमा  सहायता गर्ने तथा देश हितका लागि नयाँ  विधान बनाउनका लागि प्रजाद्वारा छानिएका प्रतिनिधिहरूको सभा","a legislative assembly in certain countries"
"44233",1,"उपसमिति | सब कमिटी","subcommittee","कुनै समितिको अन्तर्गत बनिएको समिति","a subset of committee members organized for a specific purpose"
"44248",1,"बेंच","bench","सरकारी न्यायालयका न्यायकर्ताहरूको त्यो  समूह जसले कुनै मुकदमा सुनाउँछ","the magistrate or judge or judges sitting in court in judicial capacity to compose the court collectively"
"44260",1,"फौजदारी | फौजदारीअदालत | फौजदारीन्यायलय","criminal court","त्यो न्यायालय जहाँ आपराधिक मामिलाको सुनवाइ हुन्छ:यो मकदमा फौजदारीमा चल्दै छ","a court having jurisdiction over criminal cases"
"44283",1,"उच्चतम न्यायालय | सर्वोच्च न्यायालय | सुप्रिम कोर्ट","supreme court | supreme court of the united states | united states supreme court","राष्को सबैभन्दा ठुलो न्यायालय जसले कुनै तल्लो न्यायालयको निर्णयलाई बदलाउने अधिकार राख्छ","the highest federal court in the United States; has final appellate jurisdiction and has jurisdiction over all other courts in the nation"
"44284",1,"उच्च न्यायालय | हाइ कोर्ट","high court | state supreme court | supreme court","सामान्य न्यायालयभन्दा माथिल्लो न्यायालय जसले तल्लो न्यायालयको निर्णय बदलाउन सक्छ","the highest court in most states of the United States"
"44332",1,"केन्द्रीय बैंक","central bank","NO_GLOSS","a government monetary authority that issues currency and regulates the supply of credit and holds the reserves of other banks and sells new issues of securities for the government"
"44378",1,"रेली","mass meeting | rally","विशाल जनसमूहको प्रदर्शन","a large gathering of people intended to arouse enthusiasm"
"44418",1,"समानतावाद | साम्यवाद","communism","त्यो वाद जसले यो प्रतिपादित गर्द छ के भने समाजमा सबैले समान अधिकार पाउन र सबैको रहन-सहनको स्तर एउटै जस्तो होस्","a form of socialism that abolishes private ownership"
"44423",1,"अर्थनीति","economic system | economy","उत्पादन,वितरण तथा उपभोगको नीति वा सिद्धान्त","the system of production and distribution and consumption"
"44433",1,"पीढी | पुस्ता","generation","वंश परम्परामा कसैको बाउ,हजुरबा,जिबा,कुप्राबा आदि वा छोरो,नाति,पनाति आदिका विचारले गणना-क्रममा कुनै स्थान","group of genetically related organisms constituting a single step in the line of descent"
"44485",1,"परदा प्रथा | पर्दा | पर्दा प्रथा","purdah | sex segregation","स्त्रीहरू बाहिर निस्केर मान्छेको सामुन्ने न आउने प्रथा","the traditional Hindu or Muslim system of keeping women secluded"
"44495",1,"मन्त्री-मण्डल | मन्त्रीमण्डल","cabinet","कुनै देश,राज्य,संस्था आदिका मन्त्रीहरूको समूह","persons appointed by a head of state to head executive departments of government and act as official advisers"
"44544",1,"अश्‍वसेना | अश्‍वारोहीसेना | रिसल्ला","horse cavalry","ती सेना जसले सैनिक घोडामा चढेर युद्ध गर्छन्:महारणा प्रतापका अश्‍व सेना नदी नालाहरू तर्दै अविराम गतिमा बढ्दै जाँदै थिए","an army unit mounted on horseback"
"44546",1,"पदसेना | पैदलसेना","foot | infantry","ती सेना जसका सैनिकहरू कुनै वाहनमा चढदैनन् तापनि माटामा रहेर युद्ध गर्छन्:प्राचीन कालमा युद्धमा पद सेनाको धेरै महत्त्व हुन्थ्यो","an army unit consisting of soldiers who fight on foot"
"44603",1,"मिसन","foreign mission | mission | missionary post | missionary station","कुनै धर्म वा पन्थको प्रचार गर्ने संस्था","an organization of missionaries in a foreign land sent to carry on religious work"
"44630",1,"अधिष्ठान | संस्था | संस्थान","institute","साहित्य,विज्ञान,कला आदिको उन्नतिका लागि स्थापित समाज","an association organized to promote art or science or education"
"44632",1,"प्रदर्शनी | मेला","exhibition | expo | exposition","मान्छेलाई देखाउनका लागि किसिम-किसिमका चिजहरू एकै ठाउँमा राख्‍ने क्रिया","a collection of things (goods or works of art etc.) for public display"
"44640",1,"कर्मी दल | श्रमिक दल","working group | working party","एकसँगै काम गर्नेको दल","a group of people working together temporarily until some goal is achieved"
"44676",1,"अभिनिर्णायक | जुरी | न्याय समिति","jury | panel","न्यायाधीशसँग बसेर कोही दोषी वा निर्दोषीहुने सम्बन्धमा निर्णय दिने व्यक्‍ति","a committee appointed to judge a competition"
"44753",1,"कवायद | परेड","parade","सैनिकहरू वा यस खालका कुनै दल आदिको  कवायद","a ceremonial procession including people marching"
"44760",1,"मलामी","cortege","त्यो यात्रा जसमा मृत व्यक्ति या लाशलाई लिएर त्यसको अन्तिम क्रियाका लागि श्मशान, कब्रगाह आदि जान्छन्","a funeral procession"
"44771",1,"ताँती | लहर | लाइन | लाम | श्रेणी","row","यस्तो परम्परा जसमा एउटै प्रकारका वस्तुहरू, व्यक्ति वा जीव एक अर्काको पछि  एउटै लाममा हुन्छन्","an arrangement of objects or people side by side in a line"
"44795",1,"तन्त्र | व्यवस्था","scheme | system","स्वतन्त्र तर एक दोस्रोसित जोडिएको तत्वको त्यो समूह जसले एक एकाइको निर्माण हुन्छ","a group of independent but interrelated elements comprising a unified whole"
"44810",1,"जङ्गल | वन | वनजङ्गल","forest | wood | woods","NO_GLOSS","the trees and other plants in a large densely wooded area"
"44838",1,"नोकरसाही","bureaucracy | bureaucratism","त्यो शासन पद्धति जसमा सबै अधिकार ठुला-ठुला राज्य कर्मचारीका हातमा हुन्छ","nonelective government officials"
"44844",1,"शृंखला","series","क्रममा आउने वा रहेका धेरै कुराहरू, चीजहरू, घटनाहरू आदि जुन एक अर्कासँग सम्बन्धित हुन्छ","similar things placed in order or happening one after another"
"44860",1,"धारा | प्रवाह | श्रोत","current | flow | stream","एकपछि अर्को भइरहेका घटनाहरू वा एकोहोरो विचारहरूको प्रभावशाली क्रम:यस लेखमा लेखकको विचारको प्रवाह छ  काव्य-गोष्ठीमा कविताहरुको प्रवाहले श्रोताहरू बाँधिएका थिए","dominant course (suggestive of running water) of successive events or ideas"
"44870",1,"डाक","mail | post","हुलाक व्यवस्थाद्वारा ल्याउने वा लैजाने चिट्ठीहरू:हुलाके प्रतिदिन चारबजे डाक ल्याउने गर्छ","any particular collection of letters or packages that is delivered"
"45004",1,"ठेगाना | पत्ता","address","ठेगाना वा स्थान सूचित गर्ने त्यो कुरा जसद्वारा कोहीसमक्ष पुगिन्छ वा कसैलाई भेटिन्छ","the place where a person or organization can be found or communicated with"
"45009",1,"तहसिल","administrative district | administrative division | territorial division","कुनै मण्डल वा जिल्लाको एउटा विशेष सानो भाग:तहसिलको सबैभन्दा ठुलो अधिकारी तहसिलदार हुन्छ","a district defined for administrative purposes"
"45035",1,"वातावरण | वायुमण्डल","air | atmosphere","त्यो हावा जसले पृथ्वीलाई चारैतिरबाट घेरेको छ","the mass of air surrounding the Earth"
"45042",1,"अंतरिक्ष | अन्तरिक्ष | अर्णव","outer space","पृथ्वी र अर्को  ग्रह या नक्षत्रका बीचको स्थान","any location outside the Earth's atmosphere"
"45057",1,"बन्जर | बाँझो","barren | waste | wasteland","त्यो माटो जसमा वालुवा धेरै छ र जुन खेती गर्न योग्य हुँदैन:धेरै दिनसम्म खेती नगर्नाले यो माटो बाँझो भयो","an uninhabited wilderness that is worthless for cultivation"
"45062",1,"मरुभूमि | मरुस्थल","desert","त्यो निर्जल स्थान जहाँ बालुवा नै बालुवा हुन्छ:ऊँटलाई मरूभूमिको जहाज भनिन्छ","arid land with little or no vegetation"
"45082",1,"तल | सतह | स्तर","face | side","कुनै वस्तुको माथिल्लो वा बाहिरको फैलावट","a surface forming part of the outside of an object"
"45090",1,"बोर्डर | सीमा | सीमाना | हद","bound | boundary | bounds","कुनै प्रदेश वा वस्तुका चारैतिरका विस्तारको अन्तिम रेखा वा स्थान","the line or plane indicating the limit or extent of something"
"45119",1,"चुङ्गी | नाका","checkpoint","त्यो प्रमुखस्थान जहाँबाट कुनै नगर आदिमा जाने मार्ग आरम्भ हुन्छ","a place (as at a frontier) where travellers are stopped for inspection and clearance"
"45126",1,"घाटी | नदी-घाटी","basin | river basin","नदीद्वारा छोडिएको क्षेत्र","the entire geographical area drained by a river and its tributaries"
"45133",1,"कब्रस्थान | चिहान | चिहानघारी","burial ground | burial site | burying ground | cemetery | graveyard | memorial park | necropolis","NO_GLOSS","a tract of land used for burials"
"45142",1,"केन्द्र | बीच | मध्य भाग | माझ","center | centre | eye | heart | middle","माझको भाग वा स्थान","an area that is approximately central within some larger region"
"45250",1,"अधिराज्य | चक्रवर्तीराज्य | साम्राज्य","empire | imperium","त्यो ठुलो राज्य जसको अधीनमा धेरै देश होस् र जसमा कुनै एउटा सम्राटको शासन होस्:सम्राट अशोकको साम्राज्य धेरै विस्तृत थियो","the domain ruled by an emperor or empress; the region over which imperial dominion is exercised"
"45255",1,"राज्य | रियासत","kingdom | realm","एकजना राजा वा रानीद्वारा शासित क्षेत्र","the domain ruled by a king or queen"
"45264",1,"घर","home | place","NO_GLOSS","where you live at a particular time"
"45276",1,"दक्खिन | दक्षिण","south | southland","दक्षिण दिशातिर पर्ने प्रदेश","any region lying in or toward the south"
"45292",1,"भूमध्यरेखा | विषुवत् रेखा","equator","भूगोलमा पृथ्वी तहको ठिक माझ सूचित गर्ने एउटा कल्पित रेखा जुनचाहिँ दुवै ध्रूवको बराबर टाढामा पर्छ","an imaginary line around the Earth forming the great circle that is equidistant from the north and south poles"
"45341",1,"निवास-स्थल | निवास-स्थान | निवास स्थल | निवास स्थान | बस्ने ठाउँ | वास स्थान","habitation","त्यो स्थान या क्षेत्र जहाँ  कुनै प्राणीको आवास छ","the native habitat or home of an animal or plant"
"45348",1,"नरक | नर्क","hell | hell on earth | hellhole | inferno | snake pit | the pits","धेरै फोहोरी वा कष्टदायक स्थान","any place of pain and turmoil"
"45349",1,"गोलार्द्ध | गोलार्ध","hemisphere","पृथ्वीको आधाभाग जुनचाहिँ त्यसलाई उत्तर र दक्षिण ध्रुवका बिचमा काट्ता बनिन्छ","half of the terrestrial globe"
"45367",1,"क्षितिज | दिगन्त","apparent horizon | horizon | sensible horizon | skyline | visible horizon","दृष्टिको पहुँचको अन्तिम सीमानाको त्यो  गोलाकार स्थान जहाँ अकास र पृथ्वी दुवै टाँसिए जस्तो लाग्छ","the line at which the sky and Earth appear to meet"
"45405",1,"तह | परत | स्तर","layer","सतहमा फैलिएको कुनै अर्को वस्तुको दोस्रो परत","a relatively thin sheetlike expanse or region lying over or under another"
"45424",1,"अक्ष रेखा | अक्षांश | अक्षाङ्श रेखा","latitude | line of latitude | parallel | parallel of latitude","भूगोलमा पृथ्वीमाथि पूर्वबाट पश्चिम गएको समान अन्तर भएको (काल्पनिक) रेखा","an imaginary line around the Earth parallel to the equator"
"45429",1,"देशांश | रेखांश","longitude","पृथ्वीको मानचित्रमा उत्तर-दक्षिण तानिएको एउटा सर्वमान्य मध्यरेखाबाट पूर्व वा पश्‍चिमका देशहरू वा सथानहरूको दूरी","the angular distance between a point on any meridian and the prime meridian at Greenwich"
"45444",1,"अधर | बीच","midair","पृथ्वी र अकाश बीचको स्थान:“जादुगर अधरमा अडकिरह्यो""","some point in the air; above ground level"
"45456",1,"उत्तरी गोलार्ध","northern hemisphere","विषुवत रेखाको मास्तिर, पृथ्वीको उत्तरी भाग","the hemisphere north of the equator"
"45458",1,"कक्ष | घेरा | परिधि","celestial orbit | orbit","नियत वा नियमित र प्राय","the (usually elliptical) path described by one celestial body in its revolution about another"
"45528",1,"पहरी चौकी","post | station","त्यो स्थान जहाँ पहरा दिन सिपाही हुन्छन्","the position where someone (as a guard or sentry) stands or is assigned to stand"
"45553",1,"गौचरण | बगर","range","त्यो भूमि जसलाई पशुहरू चर्नका लागि खाली छोडिएको छ:उसले गाई चराउन गौचरणमा लगेको छ","a large tract of grassy open land on which livestock can graze"
"45554",1,"पछाडि | पछिल्लो भाग | पश्च भाग | पश्चभाग | पृष्ठ भाग","back end | backside | rear","कुनै वस्तु आदिको पछिल्लो भाग","the side of an object that is opposite its front"
"45588",1,"छिमेक | प्रतिवेश","locality | neck of the woods | neighborhood | neighbourhood | vicinity","कुनै स्थानको छेउछाउको स्थान","a surrounding or nearby region"
"45602",1,"आश्रय | छत्रछाया | शरण | साहारा","refuge | safety","रक्षा पाउने स्थान","a safe place"
"45621",1,"भू-दृश्य | सिनेरी","scenery","भूमि वा ठाउँको प्राकृतिक रूप","the appearance of a place"
"45631",1,"भाग | शाखा | सेक्सन","section","कुनै विभाग अन्तर्गतको कुनै सानो विभाग","a distinct region or subdivision of a territorial or political area or community or group of people"
"45636",1,"बाहु | भुज | भुजा","side","ज्यामितिमा कुनै क्षेत्रको किनार वा किनारको रेखा","a line segment forming part of the perimeter of a plane figure"
"45718",1,"टोल | महल्ला | मुहल्ला","ward","सहरको त्यो विभाग जसमा धेरै घर हुन्छन्","a district into which a city or town is divided for the purpose of administration and elections"
"45719",1,"कलनी | गाउँ | ग्राम | बस्ती","settlement","त्यो स्थान जहाँ केही मानिस घर बनाएर बस्छन्","an area where a group of families live together"
"45729",1,"क्यारी","patch | plot | plot of ground","खेत,बगैँचा आदिमा अलि-अलि पर सीमाले बनाइएको त्यो विभाग जसमा बोट रोप्ने वा लगाउने गरिन्छ","a small area of ground covered by specific vegetation"
"45780",1,"जन्म राशि | राशि | रास","house | mansion | planetary house | sign | sign of the zodiac | star sign","क्रान्तिवृत्तमा पर्ने ताराका  वारह समूहबाट प्रत्येक जुन चाहि यी हुन- मेष,वृष,मिथुन,कर्क,सिंह,कन्या,तुला,धनु,मकर,कुम्भ र मीन","(astrology) one of 12 equal areas into which the zodiac is divided"
"45808",1,"अफरिकी-देश | अफरिकी देश | अफ्रिकी-देश | अफ्रिकी देश | अफ्रिकी राष्ट्र","african country | african nation","अफ्रिका महाद्वीपमा स्थित देश","countries occupying the African continent"
"45809",1,"एसियाको देश | एसियाको राष्ट्र","asian country | asian nation","त्यो देश जुनचाहिँ एसिया महादेशका अन्तर्गत स्थित छ","nations occupying the Asian continent"
"45811",1,"उत्तर-अमरिकी राष्ट्र | उत्तर-अमेरिकी देश | उत्तर-अमेरिकी राष्ट्र | उत्तर अमरिकी राष्ट्र | उत्तर अमेरिकी देश | उत्तर अमेरिकी राष्ट्र | उत्तरअमरिकी राष्ट्र | उत्तरअमेरिकी देश | उत्तरअमेरिकी राष्ट्र | उत्तरी-अमेरिकी देश | उत्तरी-अमेरिकी राष्ट्र | उत्तरी अमरिकी देश | उत्तरी अमेरिकी देश | उत्तरी अमेरिकी राष्ट्र | उत्तरीअमरिकी देश | उत्तरीअमेरकी राष्ट्र | उत्तरीअमेरिकी देश | उत्तरीअमेरिकी राष्ट्र","north american country | north american nation","त्यो देश जुन उत्तर अमेरिकामा छ","a country on the North American continent"
"45821",1,"बादशाही | राजगशासन","sultanate","बादशाह वा सुल्तानको अधिकार वा अधिकार क्षेत्र","country or territory ruled by a sultan"
"45924",1,"उपसागर | खाडी","bay | embayment","समुद्रको त्यो सानो भाग जुन तीनतिर स्थलभागले घेरिएको हुन्छ:यो जहाज बङ्गालको खाडी भएर जान्छ","an indentation of a shoreline larger than a cove but smaller than a gulf"
"45926",1,"तिर् | बगर् | रेति | समुद्रतट","beach","NO_GLOSS","an area of sand sloping down to the water of a sea or lake"
"45928",1,"तली | पिँध","bed | bottom","जलाशयका तलको भूमि","a depression forming the ground under a body of water"
"45932",1,"घार | चाको | छत्ता","honeycomb","मौरीहरूको घर","a structure of small hexagonal cells constructed from beeswax by bees and used to store honey and larvae"
"45953",1,"पिण्ड","body","ठोस गोलो वा कुनै गोलो पदार्थ","an individual 3-dimensional object that has mass and that is distinguishable from other objects"
"45967",1,"गटी | ढुङ्गा | रोडा","brickbat","इँटा वा ढुङ्गाको सानो टुकुरो","a fragment of brick used as a weapon"
"45970",1,"फोको | बबल | बुद्बुद","bubble","NO_GLOSS","a hollow globule of gas (e.g., air or carbon dioxide)"
"45974",1,"पथरी | स्टोन","calculus | concretion","एउटा रोग जसमा मूत्राशय आदिमा पत्थरको सासानो टुक्डा बनेर जम्छ","a hard lump produced by the concretion of mineral salts; found in hollow organs or ducts of the body"
"45979",1,"अंतरीप | अन्तरिप | अन्तरीप","cape | ness","पृथ्वीको त्यो भाग जुन टाढासम्म समुद्रमा पुगेको हुन्छ","a strip of land projecting into a body of water"
"45984",1,"ओडार | गुफा | भ्वाङ","cave","मैदान वा पहाडको फेद वा भित्रको विस्तृत र खाली ठाउँ जसमा प्राय:सिंह ओडारमा बस्छ","a geological formation consisting of an underground enclosure with access from the surface of the ground or from the sea"
"45987",1,"आकाश पिंड | आकाशीय पिण्ड | खगोलीय पिण्ड | निशापुत्र","celestial body | heavenly body","अकाशमा देखिने प्राकृतिक पिण्ड","natural objects visible in the sky"
"46006",1,"चट्टान | ठाडोभीर | भीर","cliff | drop | drop-off","NO_GLOSS","a steep high face of rock"
"46009",1,"बादल | मेघ","cloud","पृथ्वीको जलबाट निस्किएको त्यो बाफ जुन घना भएर अक्काशमा फैलिन्छ र जसबाठ पानी पर्छ:अक्काशमा कालो बादल लागेको छ","a visible mass of water or ice particles suspended at a considerable altitude"
"46020",1,"उल्का | धूमकेतु | पुच्छ्रेतारो","comet","धूमकेतु सौरमण्डलीय वस्तु हो जुन ढुङ्गो, धुलो, बरफ र ग्यासद्वारा बनिएका ससाना टुक्रा हुन्छन् यसले ग्रहहरूकै जस्तो सूर्यको परिक्रमा गर्छ:धूमकेतु कहिलेकाँही देखिन्छ","(astronomy) a relatively small extraterrestrial body consisting of a frozen mass that travels around the sun in a highly elliptical orbit"
"46024",1,"महादेश | महाद्वीप","continent","पृथ्वीको स्थल भागका ठुल्ठुला प्राकृतिक भू-भागहरूबीच प्रत्येक:भारत एसिया महाद्वीपमा स्थित छ","one of the large landmasses of the earth"
"46034",1,"कुनु | कोण","corner","विभिन्न दिशाबाट आएर एकै स्थानमा मिसिने रेखाहरू वा धरातलका बीचको स्थान:मिठाईको दोकान बजारको दक्षिण कुना छ","a projecting part where two sides or edges meet"
"46039",1,"चिरा | दरार | धसान | प्वाल","cleft | crack | crevice | fissure | scissure","कुनै चिज फाट्दा बीचमा पर्ने खाली ठाउँ","a long narrow opening"
"46056",1,"चाया","dandruff","टाउकाको छाला मास्तिरको त्यो पातलो तह जुन चाहिँ धेरै साना टुक्रामा फाटेर वा टुक्रिएर निस्किन्छन्","loose scales shed from the scalp"
"46070",1,"रहलपहल","discard","उपयोग गरेको वा कुनै अन्य कारण-वश छोडिएको पदार्थ","anything that is cast aside or discarded"
"46091",1,"भुङ्ग्रो","coal | ember","बल्दैगरेको दाउरो, कोइला आदिको टुकुरो","a hot fragment of wood or coal that is left from a fire and is glowing or smoldering"
"46123",1,"गाज | फिँज | फेन","foam | froth","कुनै तरल पदार्थको साना बुलबुलाहरूको समूह:नुहाउँदा नानीले फिँज हातमा लिएर एकअर्कामाथि फ्याँकिरहेका थिए","a mass of small bubbles formed in or on a liquid"
"46132",1,"जीवावशेष | जीवाश्म","fossil","बहुत प्राचीन कालको जीव-जन्तु,वनस्पति आदिका ती अवशिष्ट रूप जुन जमिन खन्दा त्यसको भित्र स्तरमा दबिएको पाइन्छॐ","the remains (or an impression) of a plant or animal that existed in a past geological age and that has been excavated from the soil"
"46134",1,"धुलो","fragment","कुनै वस्तुको त्यो रूप जुन चाहिँ त्यसलाई धेरै कुल्चिने वा कुट्नाले प्राप्‍त हुन्छ","a piece broken off or cut off of something else"
"46144",1,"ग्लेसियर | हिमनद | हिमनदी | हिमानी","glacier","बरफको नदी","a slowly moving mass of ice"
"46150",1,"गेडा | दाना | बियाँ","grain","कुनै सानो वस्तु विशेषगरि गोल","a small hard particle"
"46152",1,"गुरुत्वाणु","graviton","NO_GLOSS","a gauge boson that mediates the (extremely weak) gravitational interactions between particles"
"46177",1,"छिँड | छिद्र | दुलो | प्वाल","hole","कुनै चिजबीचको खाली ठाउँ","an opening into or through something"
"46215",1,"टापू | द्वीप","island","NO_GLOSS","a land mass (smaller than a continent) that is surrounded by water"
"46216",1,"सङ्योगभूमि | स्थलमध्यडमरु","isthmus","दुई ठुला भूभागलाई जोड्ने साँगुरो भूभाग जसका दुवैतिर पानी हुन्छ:पानामा स्थलडमरुमध्यले उत्तर र दक्षिण अमेरिकालाई जोड्छ","a relatively narrow strip of land (with water on both sides) connecting two larger land areas"
"46230",1,"झील | ताल | पोखरी | सरोवर","lake","लामो-फराकिलो जलाशय विशेषगरी प्राकृतिक:उनी तालमा नुहाउँदै छन्","a body of (usually fresh) water surrounded by land"
"46235",1,"जमीन | थल | भूमि | भूस्थल | सरजमीं | स्थल","dry land | earth | ground | land | solid ground | terra firma","त्यो भूमि जो जलरहित हुन्छ","the solid part of the earth's surface"
"46272",1,"दलदल | भास | हिलो","fen | fenland | marsh | marshland","त्यो माटो जुन धेरै तलसम्म गिलो र नरम हुन्छ तथा जसमा कुनै वस्तु भासिँदै जान्छ:ऊ दलदलमा लड्यो","low-lying wet land with grassy vegetation; usually is a transition zone between land and water"
"46275",1,"गुन्द्री | चटाइ | मान्द्रो | सुकुल","mat","परालको सिन्का आदिले बनाएको बिछ्यौना:त्यो चटाइमा सुतेको छ","a mass that is densely tangled or interwoven"
"46282",1,"मध्याणु","meson | mesotron","NO_GLOSS","an elementary particle responsible for the forces in the atomic nucleus; a hadron with a baryon number of 0"
"46286",1,"उल्का | उल्कापिण्ड | धुमकेतु","meteor | meteoroid","एकखाले चम्किलो पिण्ड जुनचाहिँ कहिलेकाहीँ राती अकासमा यता-उता जाने वा पृथ्वीमा झर्दै गरेको देखिन्छ:श्‍याम खगोल विज्ञानअन्तर्गत उल्काको अध्ययन गर्दै छ","(astronomy) any of the small solid extraterrestrial bodies that hits the earth's atmosphere"
"46292",1,"माझधार","midstream","नदी आदिको मध्यभागको धार","the middle of a stream"
"46294",1,"आकाशगङ्गा | मन्दाकिनी","milky way | milky way galaxy | milky way system","धेरै ताराहरूको एउटा विस्तृत समूह जुनचाहिँ अक्कासमा उत्तर-दक्षिणतिर फैलिएको छ","the galaxy containing the solar system; consists of millions of stars that can be seen as a diffuse band of light stretching across the night sky"
"46311",1,"मुख","mouth","कुनै वस्तुको मथिल्लो वा बाहिर खुलेको भाग जहाँबाट कुनै वस्तु आदि  भित्र जान्छ वा बाहिर निस्कन्छ","an opening that resembles a mouth (as of a cave or a gorge)"
"46337",1,"कालो बादल | घटाटोप | घनघोर घटा","nimbus | nimbus cloud | rain cloud","अकाशमा चारैतिर घेरिएर आएको कालो बादलको समूह","a dark grey cloud bearing rain"
"46351",1,"महासागर | समुद्र | समुन्द्र","ocean","पानीको धेरै ठुलो जलराशि:हिन्द महासागर विश्‍‍वको तेस्रो सबैभन्दा ठुलो महासागर हो","a large body of water constituting a principal part of the hydrosphere"
"46377",1,"प्राय:द्वीप","peninsula","स्थलको त्यो भाग जुन तीनतिरबाट पानीले घेरेको हुन्छ:भारत एउटा प्राय:द्वीप हो","a large mass of land projecting into a body of water"
"46390",1,"ग्रह | पिण्ड","major planet | planet","त्यो खगोलीय पिण्ड जसले सूर्यलाई परिक्रमा गर्छन्:पृथ्वी एउटा ग्रह हो","(astronomy) any of the nine large celestial bodies in the solar system that revolve around the sun and shine by reflected light; Mercury, Venus, Earth, Mars, Jupiter, Saturn, Uranus, Neptune, and Pluto in order of their proximity to the sun; viewed from the constellation Hercules, all the planets rotate around the sun in a counterclockwise direction"
"46421",1,"इन्द्रधनुष | इन्द्रेणी","rainbow","सात रङको त्यो अर्धवृत्त जुन वर्षामा अकाशमा घामको छेउको दिशामा देखिन्छ:वर्षाकालमा इन्द्रेणीले अकाशको सौन्दर्य बढाउँछ","an arc of colored light in the sky caused by refraction of the sun's rays by rain"
"46449",1,"नदी","river","NO_GLOSS","a large natural stream of water (larger than a creek)"
"46468",1,"उपग्रह","satellite","त्यो खगोलीय पिण्ड जसले कुनै ग्रहको परिक्रमा गर्छ:चन्द्र पृथ्वीको एउटा उपग्रह हो","any celestial body orbiting around a planet or star"
"46493",1,"किनार | छेउ | तीर","shore","नदी वा जलाशयको छेउ:नदीका किनारमा उनी नाउलाई पर्खिरहेका थिए","the land along the edge of a body of water"
"46504",1,"अक्कास | आकाश | गगन | नभ","sky","NO_GLOSS","the atmosphere and outer space as viewed from the earth"
"46511",1,"काँचुली","slough","साँप आदिको आफैँ-आफ झर्ने खालको बोक्रो","any outer covering that can be shed or cast off (such as the cast-off skin of a snake)"
"46525",1,"झिल्को | फिलुङ्गो","spark","आगाको सानो कण वा झिल्को:झिल्को पर्नासाथ धोतीमा प्वाल पर्‍यो","a small fragment of a burning substance thrown out by burning material or by friction"
"46536",1,"तारा | तारामण्डल | नक्षत्र","star","अकासमा देखिने स्थिर खगोलीय पिण्ड जुन राती चम्किँदै गरेको देखिन्छ:पृथ्वीबाट धेरै टाढा हुनका कारणले ताराहरू साना देखिन्छन्","any celestial body visible (as a point of light) from the Earth at night"
"46544",1,"जल-डमरु","sound | strait","मसिनो जलधारा जसले दुइटा समुद्रहरू वा खाडीलाई जोड्छ:कोरिया जल-डमरुले पूर्वी चिनी सागर र जापानी समुद्रलाई जोड्छ","a narrow channel of the sea joining two larger bodies of water"
"46559",1,"घाम | रवि | सुर्य | सूर्य","sun","NO_GLOSS","a typical star that is the source of light and heat for the planets in the solar system"
"46566",1,"धरातल | माटो | सतह","earth's surface | surface","पृथ्वीको सबै माथिल्लो तह:सम्पूर्ण धरातल पानी र माटो दुई भागमा विभक्‍त छ","the outermost level of the land or sea"
"46572",1,"पठार","plateau | tableland","त्यो लामो-फराकिलो अग्लो मैदान जुनचाहिं छेउ-छाउका अरू कुनै ठाउँभन्दा अग्लामा हुन्छ","a relatively flat highland"
"46620",1,"घाटी","vale | valley","दुइटा पर्वतका बीचको भूमि:घाटीमा धेरै किसिमका बिरुवा छन्","a long depression in the surface of the land that usually contains a river"
"46641",1,"छहरो | छागो | झरना | झर्ना","falls | waterfall","NO_GLOSS","a steep descent of the water of a river"
"46664",1,"कल्पित जीव | काल्पनिक जीव | काल्पनिक प्राणी","imaginary being | imaginary creature","त्यो प्राणी जसको कल्पना गरिएको हुन्छ तर जो वास्तवमा हुँदैन","a creature of the imagination; a person that exists only in legends or myths or fiction"
"46725",1,"दिव्यपुरुष","spiritual being | supernatural being","त्यो व्यक्‍ति जुनचाहिं लौकिक हैन तर जसको स्वर्गीय भएको कल्पना गरिएको छ","an incorporeal being believed to have powers to affect the course of human events"
"46771",1,"देवदुत","angel","NO_GLOSS","spiritual being attendant upon God"
"46811",1,"पिचाश | पिशाच | प्रेत | भूत","ghost","कुनै मरेका व्यक्‍तिको आत्माको त्यो रूप जुनचाहिँ मोक्ष वा मुक्‍तिका अभावमा उसलाई प्राप्‍त हुन्छ र जसमा ऊ प्राय:आधुनिक युगमा भूतको कुनै अस्तित्व छैन","the visible disembodied soul of a dead person"
"46879",1,"बालिक | वयस्क","adult | grownup","बाल्यावस्था पार गरेको  व्यक्ति","a fully developed person from maturity onward"
"46910",1,"उपभोक्‍ता | भोक्‍ता","consumer","त्यो जुन वस्तुहरू,सेवाहरू आदि उपभोग गर्नु वा त्यसलाई काममा लगाउनु","a person who uses goods or services"
"46922",1,"अभियन्ता | इन्जिनियर","applied scientist | engineer | technologist","अभियान्त्रिक विद्याका ज्ञाता","a person who uses scientific knowledge to solve practical problems"
"46942",1,"निरपराधी | निर्दोष","inexperienced person | innocent","त्यो व्यक्तिजुनचाहिँ अपराधी हैन","a person who lacks knowledge of evil"
"46954",1,"जन | जनता | जनसाधारण | परजा | प्रजा | रैती","national | subject","कुनै राजाको अधीन या उनको राज्यमा रहने मानिस","a person who owes allegiance to that nation"
"46961",1,"अग्रदूत | अग्रिम सन्देश वाहक | दूत","forerunner | precursor","त्यो जुन कोहीभन्दा पहिलै आएर ऊ आउने  सूचना दिन्छ","a person who goes before or announces the coming of another"
"46965",1,"पाउने मान्छे | प्रापक | प्राप्‍त कर्ता","receiver | recipient","पाउने मान्छे","a person who gets something"
"46999",1,"गोरा | गौर श्र्वेत","caucasian | white | white person","युरोप वा अमेरिकाको निवासी जसको शरीरको वर्ण अत्याधिक गोरो वा सेतो हुन्छ","a member of the Caucasoid race"
"47016",1,"एसियन | एसिया-वासी | एसिया वासी | एसियाइ | एसियावासी","asian | asiatic","एसियाको निवासी","a native or inhabitant of Asia"
"47208",1,"तमिल","tamil","तमिलनाडूका निवासी","a member of the mixed Dravidian and Caucasian people of southern India and Sri Lanka"
"47209",1,"तेलगु | तेलगू | तेलुगु","telugu","तेलङ्ग क्षेत्रको निवासी","a member of the people in southeastern India (Andhra Pradesh) who speak the Telugu language"
"47212",1,"गुजरात वासी | गुजराती","gujarati | gujerati","त्यो जुन गुजरातको निवासी हो","a member of the people of Gujarat"
"47214",1,"उडिया","oriya","उडिसाको निवासी","a member of a people in India living in Orissa and neighboring areas"
"47215",1,"पन्जाब वासी | पन्जाबवासी | पन्जाबी","panjabi | punjabi","पन्जाबका निवासी","a member of the majority people of Punjab in northwestern India"
"47226",1,"ईसा | ईसाई धर्मावलम्बी | किरिस्तानी | क्रिश्चन | क्रिश्चियन | क्रिस्चन","christian","त्यो जो इसाई धर्मलाई मान्छ","a religious person who believes Jesus is the Christ and who is a member of a Christian denomination"
"47232",1,"प्रोटेस्टेन्ट","protestant","रोमन केथोलिक चर्चका मान्यताहरू नमान्ने ईसाई","an adherent of Protestantism"
"47234",1,"केथोलिक","catholic","केथोलिक मत मान्ने इसाई","a member of a Catholic church"
"47243",1,"जुस | यहुदी | हिबरू | हिब्रु","hebrew | israelite | jew","यहुदी धर्मको अनुयायी","a person belonging to the worldwide group claiming descent from Jacob (or converted to it) and connected by cultural or religious ties"
"47246",1,"मुसलमान | मुसलिम | मुस्लिम","moslem | muslim","मुहम्मद साहबद्वारा चलाइएको सम्प्रदायको अनुयायी","a believer in or follower of Islam"
"47251",1,"सुन्नी | सुन्नी मतावलम्बी","sunni | sunni muslim | sunnite","त्यो जुनचाहिँ सुन्नी सम्प्रदायको अनुयायी हो","a member of the branch of Islam that accepts the first four caliphs as rightful successors to Muhammad"
"47252",1,"बौद्ध | बौद्ध धर्मावलम्बी","buddhist","त्यो व्यक्ति जुन बौद्ध धर्मलाई मान्छ","one who follows the teachings of Buddha"
"47283",1,"अफगानी","afghan | afghanistani","अफगानिस्थानको निवासी","a native or inhabitant of Afghanistan"
"47286",1,"अलबानियाई | अलबानियावासी | अलबेनियाई | अलवेनियाई | अल्बानिया-वासी | अल्बानियाई | अल्बानियावासी","albanian","अलबानियाको निवासी","a native or inhabitant of Albania"
"47289",1,"अरमनी | अरमेनिया-वासी | अरमेनिया वासी | अर्मेनियन | अर्मेनिया-वासी | अर्मेनिया वासी | अर्मेनियाइ","armenian","अरमेनियाको निवासी","a native or inhabitant of Armenia"
"47295",1,"अर्जेन्टाइन | अर्जेन्टिना-वासी | अर्जेन्टिना वासी | अर्जेन्टिनाई | अर्जेन्टिनावासी | अर्जेन्टिनियन","argentinian","अर्जेन्टिनाको निवासी","a native or inhabitant of Argentina"
"47296",1,"असी | अस्ट्रेलियन | अस्ट्रेलिया-वासी | अस्ट्रेलिया वासी | अस्ट्रेलियाई | अस्ट्रेलियावासी","aussie | australian","अस्ट्रेलियाको निवासी","a native or inhabitant of Australia"
"47309",1,"बोत्सवानन | बोत्सवाना-वासी | बोत्सवाना वासी | बोत्सवानाई | बोत्सवानावासी","batswana | bechuana | tswana","बोत्सवानाको निवासी","a member of a Bantu people living chiefly in Botswana and western South Africa"
"47312",1,"बेल्जियम-वासी | बेल्जियमवासी | बेल्जियमी","belgian","बेल्जियमा बस्ने","a native or inhabitant of Belgium"
"47313",1,"बेनिन-वासी | बेनिन वासी | बेनिनवासी | बेनिनी | बेनिनीस","beninese","बेनिनको निवासी","a native or inhabitant of Benin"
"47314",1,"बरमूडा-वासी | बरमूडा वासी | बरमूडाई","bermudan | bermudian","बरमूडाको निवासी","a native or inhabitant of Bermuda"
"47315",1,"भुटानवासी | भुटानी | भुटिया","bhutanese | bhutani","भुटानको निवासी","a native or inhabitant of Bhutan"
"47318",1,"ब्राजिल-वासी | ब्राजिल वासी | ब्राजिलवासी | ब्राजिलियन","brazilian","ब्राजिलको निवासी","a native or inhabitant of Brazil"
"47324",1,"बुलगारियाई | बुल्गारियाई","bulgarian","बुल्गारियाको निवासी","a native or inhabitant of Bulgaria"
"47325",1,"बर्मा-वासी | बर्मा वासी | बर्मावासी | बर्मी | बर्मेली | म्यानमारी","burmese","बर्मा देशको मूल निवासी","a native or inhabitant of Myanmar"
"47326",1,"बरुन्डी-वासी | बरुन्डी वासी | बरुन्डीवासी | बुरुन्डियन | बुरुन्डी | बुरुन्डी-वासी | बुरुन्डी वासी | बुरुन्डीवासी","burundian","बुरुन्डीको निवासी","a native or inhabitant of Burundi"
"47327",1,"बेलरस -वासी | बेलरसवासी | बेलरसी","belorussian | byelorussian | white russian","बेलरसमा बस्ने","a native or inhabitant of Byelorussia"
"47331",1,"कनाडा-वासी | कनाडा वासी | कनाडाई | कनाडावासी | कनेडियन | क्यानेडियन","canadian","क्यानाडाको निवासी","a native or inhabitant of Canada"
"47337",1,"चाड-वासी | चाड वासी | चाडवासी | चाडियन | चाडी","chadian","चाडको निवासी","a native or inhabitant of Chad"
"47339",1,"चिलियन | चिली-वासी | चिली वासी | चिलीवासी","chilean","चिलीको निवासी","a native or inhabitant of Chile"
"47342",1,"कोलम्बियन | कोलम्बिया वासी कोलम्बिया-वासी | कोलम्बियाई | कोलम्बियावासी","colombian","कोलम्बियाको निवासी","a native or inhabitant of Colombia"
"47345",1,"क्युबन | क्युबा-वासी | क्युबाई | क्युबावासी","cuban","क्युबाको निवासी","a native or inhabitant of Cuba"
"47348",1,"चेक | चेकवासी","czech","चेक देशको निवासी","a native of inhabitant of the Czech Republic"
"47349",1,"स्लोवाकिया-वासी | स्लोवाकिया वासी | स्लोवाकी","slovak","स्लोवाकियाको निवासी","a native or inhabitant of Slovakia"
"47350",1,"डेनमार्क-वासी | डेनमार्कवासी | डेनमार्की | डेनिस","dane","डेनमार्कको निवासी","a native or inhabitant of Denmark"
"47351",1,"डच | निदरलेन्ड-वासी | निदरलेन्डवासी | हलेन्ड-वासी निदरलेन्ड | हलेन्डवासी","dutch | dutch people","निदरलेन्डको निवासी","the people of the Netherlands"
"47386",1,"अबाइस्सिनियाई | इथियोपियन | इथियोपियाइ | याल्टोप्याई","ethiopian","इथियोपियाको निवासी","a native or inhabitant of Ethiopia"
"47390",1,"एरिट्रिआइ | एरिट्रियन | एरिट्रियाइ","eritrean","एरिट्रियाको निवासी","a native or inhabitant of Eritrea"
"47392",1,"फिनलेन्ड-वासी | फिनलेन्डवासी | फिनलेन्डी | फिनी","finn","फिनलेन्डको निवासी","a native or inhabitant of Finland"
"47400",1,"लातविया-वासी | लातवियाई | लातवियावासी","latvian","लातवियाको निवासी","a native or inhabitant of Latvia"
"47419",1,"क्रिओल | क्रियोल","creole","त्यो युरोपिय वंशज जुन वेस्टइन्डिजमा वा लेटिन अमेरिकामा जन्मेको हो","a person of European descent born in the West Indies or Latin America"
"47422",1,"गबाँ-वासी | गबाँ वासी | गबुन-वासी | गबुन वासी | गबुनवासी | गबुनी | गबुनीस | गबोन-वासी | गबोन वासी | गबोनवासी | गबोनी | गबोनीस | गाबा-वासी | गाबा वासी | गाबाँ-वासी | गाबाँ वासी | गाबाइ","gabonese","गाबाको निवासी","a native or inhabitant of Gabon"
"47446",1,"हिन्दु","hindoo | hindu | hindustani","भारतीय आर्यहरूका वर्तमान भारतीय वंशज जसले वेद,स्मृति,पूरानहरू आदिलाई आफ्‍नो धर्मग्रन्थ मान्दछन्","a native or inhabitant of Hindustan or India"
"47449",1,"आइसलेन्डवासी | आइसलेन्डी","icelander","आइसलेन्डको निवासी","a native or inhabitant of Iceland"
"47450",1,"इन्डोनेसियन | इन्डोनेसिया-वासी | इन्डोनेसिया वासी | इन्डोनेसियाइ","indonesian","इन्डोनेसियाको निवासी","a native or inhabitant of Indonesia"
"47451",1,"इरान-वासी | इरान वासी | इरानवासी | इरानी | पर्शियन","irani | iranian | persian","इरानको निवासी","a native or inhabitant of Iran"
"47452",1,"इराक-वासी | इराकवासी | इराकी","iraki | iraqi","त्यो व्यक्ति जुन इराक देशको निवासी हुन्","a native or inhabitant of Iraq"
"47461",1,"इटली-वासी | इटली वासी | इटलीवासी | इटालियन","italian","इटलीको निवासी","a native or inhabitant of Italy"
"47473",1,"जमैकन | जमैका-वासी | जमैका वासी | जमैकाई | जमैकावासी","jamaican","जमैकाका को निवासी","a native or inhabitant of Jamaica"
"47474",1,"जापानवासी | जापानी","japanese | nipponese","जापानको निवासी","a native or inhabitant of Japan"
"47478",1,"कोरियन | कोरिया-वासी | कोरिया वासी | कोरियाई | कोरियावासी","korean","कोरिया देशको निवासी","a native or inhabitant of Korea who speaks the Korean language"
"47481",1,"केन्यन | केन्या-वासी | केन्या वासी | केन्याइ | केन्यावासी","kenyan","केन्याको निवासी","a native or inhabitant of Kenya"
"47490",1,"लिबेरिआ-वासी | लिबेरिआ वासी | लिबेरिआइ | लिबेरिआवासी | लिबेरियन | लिबेरिया-वासी | लिबेरिया वासी | लिबेरियाइ | लिबेरियावासी","liberian","लिबेरियाको निवासी","a native or inhabitant of Liberia"
"47491",1,"लिबियन | लिबिया-वासी | लिबिया वासी | लिबियाइ | लिबियावासी","libyan","लिबियाको निवासी","a native or inhabitant of Libya"
"47495",1,"मेडगास्कन | मेडगास्कर | मेडगास्कर-वासी | मेडगास्कर वासी | मेडगेस्कन | मेडगेस्कर-वासी | मेडगेस्कर वासी","madagascan","मडगास्करको निवासी","a native or inhabitant of Madagascar"
"47502",1,"मरिशीयन | मरिससवासी | मरीशस-वासी | मारिसस वासी","mauritian","मरिससको निवासी","a native or inhabitant of Mauritius"
"47503",1,"मेक्सिकन | मेक्सिको-वासी | मेक्सिको वासी | मेक्सिकोवासी | मैक्सिकन | मैक्सिको-वासी | मैक्सिको वासी | मैक्सिकोवासी","mexican","मेक्सिकाको निवासी","a native or inhabitant of Mexico"
"47509",1,"मोरक्कन | मोरक्को-वासी | मोरक्को वासी | मोरक्कोवासी","moroccan","मोरक्कोको निवासी","a native or inhabitant of Morocco"
"47511",1,"नामेबियन | नामेबिया-वासी | नामेबिया वासी | नामेबियाइ | नामेबियावासी","namibian","नामेबियाको निवासी","a native or inhabitant of Namibia"
"47513",1,"नेपालवासी | नेपाली","nepalese | nepali","नेपालको निवासी","a native or inhabitant of Nepal"
"47516",1,"किवी | न्युजिलेन्डर | न्युजिलेन्डी","kiwi | new zealander","न्युजिलन्डको निवासी","a native or inhabitant of New Zealand"
"47518",1,"नाइजिरियन | नाइजिरिया-वासी | नाइजिरिया वासी | नाइजिरियावासी | नाइजेरियन | नाइजेरिया वासी | नाइजेरियाइ | नाइजेरियावासी","nigerian","नाइजेरियाको निवासी","a native or inhabitant of Nigeria"
"47522",1,"नर्वे-वासी | नर्वेजियन | नर्वेवासी","norse | norseman | norwegian","नर्वेको निवासी","a native or inhabitant of Norway"
"47525",1,"पाकिस्तान-वासी | पाकिस्तान वासी | पाकिस्तानी","pakistani","पाकिस्तान निवासी","a native or inhabitant of Pakistan"
"47528",1,"पेरागोयन","paraguayan","पेरागोवेको निवासी","a native or inhabitant of Paraguay"
"47536",1,"फिलिपिनी | फिलिपिनो | फिलिपिन्स-वासी | फिलिपिन्स वासी","filipino","फिलिपिन्सको निवासी","a native or inhabitant of the Philippines"
"47537",1,"पोलेन्ड | पोलेन्ड-वासी | पोलेन्डवासी","pole","पोलेन्ड देशको निवासी","a native or inhabitant of Poland"
"47540",1,"पोर्तुगल-वासी | पोर्तुगलवासी | पोर्तुगली","portuguese","पोर्तुगलको निवासी","a native or inhabitant of Portugal"
"47542",1,"रुमानिया-वासी | रुमानियाई | रुमानियावासी | रोमानिया-वासी | रोमानियाई | रोमानियावासी","romanian | rumanian","रुमानियाको निवासी","a native or inhabitant of Romania"
"47543",1,"रशियन | रूस वासी | रूसवासी | रूसी","russian","रूस देशको निवासी","a native or inhabitant of Russia"
"47549",1,"अरब | अरबवासी | अरबी","arab | arabian","अरब देशको निवासी","a member of a Semitic people originally from the Arabian peninsula and surrounding territories who speaks Arabic and who inhabits much of the Middle East and northern Africa"
"47552",1,"स्केन्डिनेवियाई","norse | northman | scandinavian","स्केन्डिनेवियाको निवासी","an inhabitant of Scandinavia"
"47556",1,"सिनेगल-वासी | सिनेगल वासी | सिनेगलवासी | सिनेगली | सिनेगलीस","senegalese","सिनेगलको निवासी","a native or inhabitant of Senegal"
"47561",1,"दक्षिण अफ्रिका-वासी | दक्षिण अफ्रिका वासी | दक्षिण अफ्रिकावासी | दक्षिण अफ्रिकी","south african","दक्षिण अफ्रिकाको निवासी","a native or inhabitant of South Africa"
"47565",1,"सुडान-वासी | सुडान वासी | सुडानवासी | सुडानी | सुडानीस","sudanese","सुडानको निवासी","a native or inhabitant of Sudan"
"47566",1,"स्वाजिलेन्ड-वासी | स्वाजिलेन्ड वासी | स्वाजी | स्वेजी","swazi","स्वाजिलेन्डको निवासी","a member of a southeast African people living in Swaziland and adjacent areas"
"47567",1,"स्विडिस | स्विडेन-वासी | स्विडेन वासी","swede","स्विडेनको निवासी","a native or inhabitant of Sweden"
"47568",1,"अङ्ग्रेज | ब्रिटिस","british | british people | brits","ब्रिटेनको निवासी","the people of Great Britain"
"47569",1,"अङ्ग्रेज","english | english people","इङ्गलेन्डको निवासी","the people of England"
"47570",1,"आयरलेन्ड-वासी | आयरलेन्ड वासी | आयरलेन्डी","irish | irish people","आयरलेन्डको निवासी","people of Ireland or of Irish extraction"
"47571",1,"फ्रान्स-वासी | फ्रान्सवासी | फ्रान्सिसी | फ्रेन्च","french | french people","फ्रान्स देशको निवासी","the people of France"
"47573",1,"स्पेन-वासी | स्पेनवासी | स्पेनिश | स्पेनी","spanish | spanish people","स्पेनको निवासी","the people of Spain"
"47574",1,"स्विजरलेन्ड-वासी | स्विजरलेन्डवासी | स्विजरलेन्डी | स्विट्जरलेन्डवासी | स्सिट्जरलेन्ड-वासी | स्स्विट्जरलेन्डी","swiss | swiss people","स्विट्जरलेन्डको निवासी","the natives or inhabitants of Switzerland"
"47577",1,"कम्पुचियाइ | कम्बोडियाइ","khmer","कम्बोडिया वा कम्पुचिया देशको निवासी","a native or inhabitant of Cambodia"
"47579",1,"ताइवान-वासी | ताइवान वासी | ताइवानी","taiwanese","ताइवान देशको निवासी","a native or inhabitant of Taiwan"
"47581",1,"तान्जानिया-वासी | तान्जानिया वासी | तान्जानियाइ","tanzanian","तान्जानियाको निवासी","a native or inhabitant of Tanzania"
"47582",1,"थाइल्यान्ड वासी | थाई | थाईलेण्डी","siamese | tai | thai","थाइल्यान्डको निवासी","a native or inhabitant of Thailand"
"47583",1,"तिब्बती","tibetan","तिब्बतको निवासी","a native or inhabitant of Tibet"
"47587",1,"तुर्क | तुर्की | तुर्कीस्थान","turk","तुर्किस्थानको निवासी","a native or inhabitant of Turkey"
"47590",1,"अजरबेजान-वासी | अजरबेजान वासी | अजरबेजानी","azerbaijani","अजरबेजानको निवासी","a native or inhabitant of Azerbaijan"
"47597",1,"तुर्कमेन | तुर्कमेन-वासी | तुर्कमेन वासी | तुर्कमेनिया-वासी | तुर्कमेनिया वासी | तुर्कमेनियाई | तुर्कमेनिस्तान-वासी | तुर्कमेनिस्तान वासी | तुर्कमेनिस्तानी | तुर्कमेनी | तुर्कोमेन | तुर्कोमेन-वासी | तुर्कोमेन वासी | तुर्कोमेनी","turcoman | turkmen | turkoman","तुर्कमेनिस्तानको मूल निवासी","a member of a Turkic people living in Turkmenistan and neighboring areas"
"47600",1,"युगान्डन | युगान्डा-वासी | युगान्डा वासी | युगान्डाइ | युगान्डावासी","ugandan","युगान्डाको निवासी","a native or inhabitant of Uganda"
"47601",1,"युक्रेन-वासी | युक्रेनवासी | युक्रेनी","ukranian","युक्रेन देशको निवासी","a native or inhabitant of the Ukraine"
"47610",1,"अमेरिकान | अमेरिकी","american","अमेरिकाको निवासी","a native or inhabitant of a North American or Central American or South American country"
"47673",1,"उरुग्वे-वासी | उरुग्वे वासी | उरुग्वेयन | उरुग्वेवासी | उरूग्वे-वासी | उरूग्वे वासी | उरूग्वेयन | उरूग्वेवासी","uruguayan","उरुग्वेको निवासी","a native or inhabitant of Uruguay"
"47674",1,"वेनिजुएलन | वेनिजुएला वासी | वेनिजुएलाई | वेनिजुएलावासी","venezuelan","वेनिजुएलाको निवासी","a native or inhabitant of Venezuela"
"47677",1,"गाम्बियन | गाम्बिया-वासी | गाम्बिया वासी | गाम्बियाइ | गाम्बियावासी","gambian","गाम्बियाको निवासी","a native or inhabitant of Gambia"
"47678",1,"जर्मन | जर्मन-वासी | जर्मनवासी","german","जर्मनीको निवासी","a person of German nationality"
"47686",1,"घाना-वासी | घाना वासी | घानाइ","ghanian","घानाको निवासी","a native or inhabitant of Ghana"
"47691",1,"रवान्डाई | रवान्डान | रुवान्डा वासी | रुवान्डावासी | रूवान्डा वासी","rwandan","रुवान्डाको निवासी","a native or inhabitant of Rwanda"
"47695",1,"श्री लङ्काइ | श्रीलङ्कन | श्रीलङ्का-वासी | श्रीलङ्का वासी | श्रीलङ्काइ | श्रीलङ्कावासी | सिंहल | सिंहली","sri lankan","सिंहल द्वीपका निवासी","a native or inhabitant of Sri Lanka"
"47701",1,"युगोस्लाविया-वासी | युगोस्लावियाई | युगोस्लावियावासी","jugoslav | jugoslavian | yugoslav | yugoslavian","युगोस्लावियाको निवासी","a native or inhabitant of Yugoslavia"
"47703",1,"क्रोएसिया-वासी | क्रोएसियाई | क्रोएसियावासी | हर्वत्स्का-वासी | हर्वत्स्काई | हर्वत्स्कावासी","croat | croatian","क्रोएसियाको निवासी","a member of the Slavic people living in Croatia"
"47706",1,"जाम्बियन | जाम्बिया-वासी | जाम्बिया वासी | जाम्बियाई | जाम्बियावासी","zambian","जाम्बियाको निवासी","a native or inhabitant of Zambia"
"47707",1,"जिम्बाब्वे-वासी | जिम्बाब्वे वासी | जिम्बाब्वेयन | जिम्बाब्वेवासी","zimbabwean","जिम्बाब्वेको निवासी","a native or inhabitant of Zimbabwe"
"47768",1,"एकाउन्टेन्ट | लेखापाल","accountant | comptroller | controller","त्यो कर्मचारी जुनचाहिँ आय-व्यय आदिको हिसाब लेख्‍ने वा राख्‍ने गर्छ","someone who maintains and audits business accounts"
"47772",1,"अभियोजक","accuser","अभियोग लगाउने व्यक्ति","someone who imputes guilt or blame"
"47778",1,"चिनजान | चिनापर्ची","acquaintance | friend","त्यो जुन जानिएको चिनिएको छ","a person with whom you are acquainted"
"47786",1,"कर्ता | कर्मी","actor | doer | worker","त्यो जसले कुनै काम गर्छ","a person who acts and gets things done"
"47788",1,"अभिनेत्री | नायिका","actress","अभिनय गर्ने स्त्री","a female actor"
"47794",1,"निर्णय कर्ता | निर्णायक","adjudicator","त्यो जसले निर्णय गर्छ","a person who studies and settles conflicts and disputes"
"47799",1,"प्रशासक","administrator | executive","त्यो जसले राज्य,संस्थान आदिको प्रसाशन वा प्रबन्ध गर्दछ","someone who manages a government agency or department"
"47802",1,"जलसेनाप्रधान | नौसेनाध्यक्ष","admiral | full admiral","जहाज वा सामुद्रिक सेनाको त्यो प्रधान अधिकारी जसका आदेशमा सेनाका सबै कामहरू हुन्छन्:राजीवका बाबु नौसेनाध्यक्ष छानिए","the supreme commander of a fleet; ranks above a vice admiral and below a fleet admiral"
"47810",1,"अत्याचारी | दुश्चरित्र व्यक्ति | व्यभिचारी | व्यभिचारी व्यक्ति","adulterer | fornicator","व्यभिचार गर्ने व्यक्ति","someone who commits adultery or fornication"
"47814",1,"प्रतिपक्षी | विपक्षी | विरोधी","adversary | antagonist | opponent | opposer | resister","त्यो जो विपक्षमा छ","someone who offers opposition"
"47820",1,"महाधिवक्‍ता","advocate | counsel | counsellor | counselor | counselor-at-law | pleader","त्यो ठुलो सरकारी वकिल जुन चाहिँ राजकीय मुकदमाको पैरवीका लागि नियुक्‍त हुन्छ","a lawyer who pleads cases in court"
"47844",1,"खेतिवाला मजदुर","agricultural laborer | agricultural labourer","त्यो मजदुर जुनचाहिँ खेतीको काम गर्छ","a person who tills the soil for a living"
"47846",1,"कृषि विज्ञानी | कृषि शास्त्री | कृषिविज्ञानी | कृषिविद् | कृषिशास्त्री","agronomist","कृषि-विज्ञानको ज्ञाता","an expert in soil management and field-crop production"
"47880",1,"दानी","almsgiver","NO_GLOSS","a person who gives alms"
"47894",1,"दूत | राजदूत | राजप्रतिनिधि","ambassador | embassador","त्यो दूत जुनचाहिँ कुनै राज्य वा देशका तर्फबाट कुनै अर्को देशमा पठाइन्छ वा नियुक्‍त गरिन्छ","a diplomat of the highest rank; accredited as representative from one country to another"
"47950",1,"मानवविज्ञानी | मानवशास्त्री","anthropologist","त्यो जुनचाहिँ मानवको उत्पत्ति तथा उसका सामाजिक सम्बन्धहरूको राम्रो ज्ञाता हो","a social scientist who specializes in anthropology"
"47978",1,"अङ्कक | मूल्याङ्कन कर्ता","appraiser | valuator","मूल्याङ्कन गर्ने","one who estimates officially the worth or value or quality of things"
"47986",1,"पञ्च","arbiter | arbitrator","कुनै झगडा वा मामिला मेटाउनका लागि ठिक गरिएको दलको कुनै सदस्य","someone chosen to judge and decide a disputed issue"
"47995",1,"धनुर्धर | धनुषधारी","archer | bowman","त्यो जसले धनुष धारण गर्छ:ऋषिले देखे कि साधुको भेषमा दुईजना धनुषधारी वनमा डुल्दै छन्","a person who is expert in the use of a bow and arrow"
"48029",1,"अभिनेता | कलाकार | नृत्यकार | मूर्तिकार | शिल्पकार | सङ्गीतकार","artist | creative person","जो कलापूर्ण कार्य गर्छ:सङ्गीत सन्ध्याको अवसरमा उपस्थित सबै कलाकारहरूलाई पुष्पगुच्छले स्वागत गरियो","a person whose creative work shows sensitivity and imagination"
"48047",1,"अभिसर | सहकारी | सहयोग कर्ता | सहयोगी | सहयोगी व्यक्ति | सहायक","assistant | help | helper | supporter","त्यो व्यक्ति जो कुनै काम आदिमा सहयोग गर्ने गर्छ","a person who contributes to the fulfillment of a need or furtherance of an effort or purpose"
"48053",1,"गणक | ज्योतिषी","astrologer | astrologist","ज्योतिषशास्त्रमा विशेषत: फलित ज्योतिषको ज्ञाता:उनी एकजना कुशल ज्योतिषी हुन्","someone who predicts the future by the positions of the planets and sun and moon"
"48074",1,"लेखिका","authoress","त्यो स्त्री जसले कथा,लेख आदि लेख्छ","a woman author"
"48076",1,"अधिकारी","authority","जसलाई कुनै विशेष योग्यता या क्षमता प्राप्त भएको छ","an expert whose views are taken as definitive"
"48131",1,"आपाक","baker","रोटी पकाएर बेच्ने मान्छे:आपाकबाट म सधैँ दसवटा रोटी ल्याउँछु","someone who bakes commercially"
"48133",1,"खल्वाट | तालुखुइले","baldhead | baldpate | baldy","त्यो जसको शिरको कपाल झरेको छ","a person whose head is bald"
"48168",1,"नापित | हजाम","barber","त्यो जसले रौँ काट्ने काम गर्छ:राम नापितकहाँ कपाल काट्न गएको छ","a hairdresser who cuts hair and shaves beards as a trade"
"48184",1,"बेरिस्टर","barrister","एक प्रकारको विधिज्ञ या कानुनको जानकार जसको मर्यादा वकिलभन्दा बढी हुन्छ","a British lawyer who speaks in the higher courts of law"
"48205",1,"बेटमेन","batsman | batter | hitter | slugger","क्रिकेट खेल्दा बेट समाउने व्यक्‍ति","(baseball) a ballplayer who is batting"
"48216",1,"क्रूर व्यक्ति | निर्दय व्यक्ति | निर्दयी व्यक्ति | निष्ठुर व्यक्ति","beast | brute | savage | wildcat | wolf","त्यो व्यक्ति जसको मनमा दया हुँदैन","a cruelly rapacious person"
"48227",1,"भिखमङ्गा | भिखारी","beggar | mendicant","त्यो जो भिक्षा माग्छ:भिखारी गाउँदै भिक्षा माग्दै थियो","a pauper who lives by begging"
"48234",1,"आस्तिक | भक्त","theist","ईश्‍वरमा विश्‍वास राख्‍ने व्यक्ति:महाशिवरात्रिको शुभ अवसरमा शिव मन्दिरका छेउमा भक्तहरूको घुइँचो लागेको थियो","one who believes in the existence of a god or gods"
"48255",1,"टपर","best | topper","त्यो जसले टप गरेको छ","the person who is most outstanding or excellent; someone who tops all others"
"48272",1,"अग्रज | अग्रजन्मा | दाजु","big brother","त्यो भाइ जसले पहिले नै जन्मिएको हुन्छ","an older brother"
"48276",1,"अग्रजा | दिदी","big sister","ती चेलीबेटी जो उमेरमा ठुली छिन्","an older sister"
"48277",1,"द्विभाषी","bilingual | bilingualist","जसले दुईभाषा जान्दछ","a person who speaks two languages fluently"
"48284",1,"जीव विज्ञानी | जीव शास्त्री | जीवविज्ञानी | जीवशास्त्रज्ञ | जीवशास्त्री | जैव वैज्ञानिक | जैववैज्ञानिक","biologist | life scientist","जीवविज्ञानको ज्ञाता","(biology) a scientist who studies living organisms"
"48299",1,"कामी | लोहारे","blacksmith","कामीका जातको सदस्य:लोहारे फलामका सामान बनाउँदै छ","a smith who forges and shapes iron with a hammer and anvil"
"48327",1,"अङ्गरक्षक | बडिगार्ड","bodyguard | escort","कसैको शरीर रक्षा गरिने नियुक्त व्यक्ति","someone who escorts and protects a prominent person"
"48347",1,"जिल्दसाज","bookbinder","किताब आदिलाई गाता लाउने कालिगड:मोहन आफ्नो किताब ल्याउन जिल्दसाजकहाँ गएका छन्","a worker whose trade is binding books"
"48350",1,"मुनिम","bookkeeper","त्यो जसले आय-व्ययको हिसाब राख्छ","someone who records the transactions of a business"
"48366",1,"वनस्पति शास्त्री | वनस्पतिविद् | वनस्पतिशास्त्रज्ञ | वनस्पतिशास्त्री","botanist | phytologist | plant scientist","वनस्पतिशास्त्रको ज्ञाता","a biologist specializing in the study of plants"
"48406",1,"डकर्मी | राजमिस्त्री","bricklayer","घर बनाउने कारिगर:यस भवनको निर्माण कुशल डकर्मीद्वारा बनाइएको हो","a craftsman skilled in building with bricks"
"48407",1,"दुलही | बेहुली | वधू","bride","NO_GLOSS","a woman who has recently been married"
"48420",1,"दाजु","blood brother | brother","NO_GLOSS","a male with the same parents as someone else"
"48430",1,"अन्तरङ्ग | अभिन्न मित्र | असल साथी | घनिष्ठ मित्र | लँगौटे साथी","brother | buddy | chum | crony | pal | sidekick","त्यो मित्र जोसित धेरै नै घनिष्ठता छ या जोसित अत्यधिक न्यानो साइनो छ","a close friend who accompanies his buddies in their activities"
"48455",1,"बेपारी | व्यवसायी | व्यापारी","businessman | man of affairs","व्यापार गर्ने व्यक्‍ति:मोहन एकजना सिपालु व्यापारी हुन् उनी हीराको व्यापारी हुन्","a person engaged in commercial or industrial business (especially an owner or executive)"
"48466",1,"कसाई | खङ्गी","butcher | slaughterer","मासु बेच्नका लागि पशुहरूको हत्या गर्ने मान्छे:खङ्गीले धारिलो हतियारले खसीको घाँटी छुट्यायो","a person who slaughters or dresses meat for market"
"48510",1,"उम्मीदवार | उम्मेदवार | प्रत्याशी | प्रार्थी","candidate | prospect","कुनै पदमा चुनिनका लागि खडा हुने व्यक्‍ति","someone who is considered for something (for an office or prize or honor etc.)"
"48528",1,"अधिनाथ | अधिनायक | गण नायक | दल नायक | दलपति","captain | chieftain","त्यो जुन कुनै दल या समुदायको प्रधान या नायक हो","the leader of a group of people"
"48549",1,"कारिगर | कालिगड | मिस्त्री","carpenter","काठ काटेर दैलो, टेबल, कुर्सीहरू बनाउने कारीगर:एकजना सिपालु मिस्त्रीले यो ढोका बनाएको हो","a woodworker who makes or repairs wooden objects"
"48556",1,"गाडीवान | ड्राइभर","carter","त्यो जसले गाडी चलाउँछ","someone whose work is driving carts"
"48595",1,"नियन्त्रण समिति | सेन्सर | सेन्सर बोर्ड","censor","त्यो व्यक्‍ति वा यस्तो व्यक्‍तिहरूको समूह जसले सिनेमा हेरेर अथवा पत्र-पत्रिकाहरू पढेर त्यसको अश्‍लील वा राजनैतिक रूपले अस्वीकृत भागहरूमा रोक लगाउँछ","a person who is authorized to read publications or correspondence or to watch theatrical performances and suppress in whole or in part anything considered obscene or politically unacceptable"
"48615",3,"कुट्नु","chancellor","कुनै चीज फोर्न वा पिँध्नका लागि त्यसमा बारम्बार कुनै ठुलो र भारी सामानले आघात गर्नु:महिलाहरू धान कुट्दै छन्","the honorary or titular head of a university"
"48616",1,"प्रधान मन्त्री | प्रधानमन्त्री","chancellor | premier | prime minister","कुनै सभा,संस्था आदिको त्यो मन्त्री जुनचाहिँ अरू मन्त्रीहरूमा प्रधान हुन्छ","the person who is head of state (in several countries)"
"48617",1,"प्रधान-मन्त्री | प्रधानमन्त्री","pm | premier | prime minister","कुनै देश वा राज्यको त्यो मन्त्री जुन अरू सबै मन्त्रीहरूमा प्रधान र उनीहरूको नेता:हाम्रा देशको प्रथम प्रधानमन्त्री पण्डित जवाहरलाल नेहरू थिए","the person who holds the position of head of the government in England"
"48637",1,"रथवान | सारथी | सूत","charioteer","रथ चलउने व्यक्ति","the driver of a chariot"
"48661",1,"रसायन शास्त्री | रसायनज्ञ | रसायनविद् | रसायनशास्त्री","chemist","रसायनशास्त्रको ज्ञाता","a scientist who specializes in chemistry"
"48665",1,"चेस | बुद्धिचाल | सतरन्ज","chess player","बुद्धिचालको खेलाडी","someone who plays the game of chess"
"48671",1,"मुख्यन्यायाधीश","chief justice","कुनै जिला, मण्डल आदिका न्यायालयको प्रधान निर्णायक:उच्चतम न्यायालयको पैंतीसौं मुख्य न्यायाधीश रमेशचन्द्र लाहोती न्यायका मूर्ति हुन्","the judge who presides over a supreme court"
"48705",1,"देशवासी | नागरिक","citizen","कुनै देशको निवासी","a native or naturalized member of a state or other political community"
"48748",1,"कोच | खेल प्रशिक्षक","coach | handler | manager","कुनै खेलको प्रशिक्षण दिनेवाला व्यक्ति","(sports) someone in charge of training an athlete or a team"
"48752",1,"कोचवान | जोतवान | टाँगावाला","coachman","त्यो जसले घोडागाडी चलाउँछ","a man who drives a coach (or carriage)"
"48760",1,"मोची","cobbler | shoemaker","त्यो मान्छे जो चमडाको काम गर्छ:मैले आफ्ना जुता एकजना कुशल मोचीद्वारा बनाएँ","a person who makes or repairs shoes"
"48831",1,"कम्युनिस्ट | समानतावाद | साम्यवाद","commie | communist","त्यो जसले साम्यवाद  मान्छ","a socialist who advocates communism"
"48835",1,"सहगामी | सहयात्री","companion | fellow traveler | fellow traveller","सँगै यात्रा गर्ने व्यक्‍ति","a traveler who accompanies you"
"48858",1,"कन्डाक्टर | परिचालक","conductor","त्यो व्यक्ति जसले बसमा टिकट दिएर किराया लिने काम गर्छ","the person who collects fares on a public conveyance"
"48880",1,"पारख | पारखी","cognoscenti | connoisseur","पारख वा चिन्न सक्‍ने","an expert able to appreciate a field; especially in the fine arts"
"48894",1,"हबलदार | हवलदार","constable | police constable","पुलिसको कर्मी","a police officer of the lowest rank"
"48904",1,"ठेक्कादार","contractor","त्यो जसले कुनै काम गर्ने ठेक्का लिएको छ","someone (a person or firm) who contracts to build things"
"48911",1,"संयोजक | संयोजन कर्ता | संयोजन कर्त्ता | संयोजनकर्ता | संयोजनकर्त्ता","convener","सभा-समिति आदिको त्यो सदस्य जसले त्यसको बैठक डाक्छन्","the member of a group whose duty it is to convene meetings"
"48919",1,"भान्से | रसोइया","cook","अर्काको घरमा खाना बनाउने मान्छे:हाम्रो भान्सेले बनाएको खाना धेरै चखिलो हुन्छ","someone who cooks food"
"48923",1,"समन्वयक","coordinator","समन्वय गर्ने व्यक्ति","someone whose task is to see that work goes harmoniously"
"48938",1,"जमादार","corporal","पहरावस्ने सिपाहीहरूको प्रधान","a noncommissioned officer in the army or airforce or marines"
"48982",1,"कुरूपा स्त्री | दानवी | नराम्री स्त्री | भद्दी | विरूपिका","cow","त्यो स्त्री जो कुरूप छे","a large unpleasant woman"
"48998",1,"कलाकार | कालिगढ | शिल्पी","craftsman","शिल्पको कार्य गर्ने व्यक्‍ति:ताजमहल कुशल शिल्पकारहरूको एउटा अनुपम कृति हो","a professional whose work is consistently of high quality"
"49010",1,"क्रिकेट खेलाडी | क्रिकेटर","cricketer","क्रिकेट खेलाडी","an athlete who plays cricket"
"49019",1,"विवेचक | समीक्षक","critic","त्यो जुन समीक्षा गर्ने गर्छ","a person who is professionally engaged in the analysis and interpretation of works of art"
"49051",1,"क्रेता | खरीददार | ग्राहक","client | customer","त्यो जुन कुनै वस्तु आदि किन्छ या कुनै साधन आदिको उपयोगका सट्टामा धन दिन्छ","someone who pays for goods or services"
"49072",1,"पिता | पिताजी | बाउ | बाबा | बुवा","dad | dada | daddy | pa | papa | pappa | pop","बाबा(पिता) का लागि सम्बोधन:हामी हाम्रो बाबा(पिता)लाई बाबुजी भन्छौँ","an informal term for a father; probably derived from baby talk"
"49076",1,"दलाई लामा | दलाईलामा","dalai lama | grand lama","प्रमुख लामा","chief lama and once ruler of Tibet"
"49100",1,"छोरी","daughter | girl","NO_GLOSS","a female human offspring"
"49101",1,"दुलही | बधु | बुहारी","daughter-in-law","छोराकी श्रीमती:मेरी बुहारी धेरै सुशील छिन्","the wife of your son"
"49134",1,"कपटी | चालबाज | धूर्त | धोकेबाज","beguiler | cheat | cheater | deceiver | slicker | trickster","धोखा दिने व्यक्ति","someone who leads you to believe something that is not true"
"49171",1,"दन्त-चिकित्सक | दाँतकोडाक्टर","dental practitioner | dentist | tooth doctor","दाँतको डाक्टर:दन्त-चिकित्सकले मेरा दाँत सफा गरिदिए","a person qualified to practice dentistry"
"49204",1,"चियो | जासुसी","devil's advocate","कसर वा दोष निकाल्ने मान्छे","someone who takes the worse side just for the sake of argument"
"49221",1,"खनक | बेलदार","digger","माटो खन्ने मजदुर","a laborer who digs"
"49236",1,"चेला | विद्यार्थी | शिष्य","adherent | disciple","त्यो जसलाई कसैले केही पढाएको या सिकाइएको हुन्छ","someone who believes and helps to spread the doctrine of another"
"49244",1,"जनाउ | विज्ञप्ति | विज्ञापन | सूचना","contestant | dissenter | dissident | objector | protester","विरोध गर्ने व्यक्ति","a person who dissents from some established policy"
"49249",1,"वितरक","distributer | distributor","त्यो जसले अभिकर्ताको रूपमा उसले तयार गरेका चिजहरू ग्राहकहरूलाई वा थोक व्यापारीलाई दिन्छ","someone who markets merchandise"
"49253",1,"गोताखोर | डुबुल्की मार्ने","diver | plunger","पानीमा डुबेर चीजहरू खोज्ने व्यक्‍ति","someone who dives (into water)"
"49262",1,"उपचार विज्ञानी | उपचारक | उपचारविज्ञानी | चिकित्सक | चिकित्सा विज्ञानी | चिकित्सा शास्त्री | चिकित्साविज्ञानी | चिकित्साशास्त्री | डाक्टर | वैद्य","doc | doctor | dr. | md | medico | physician","त्यो व्यक्ति जसले रोगको चिकित्सा गर्ने गर्छ","a licensed medical practitioner"
"49289",1,"चौकीदार | ढोके | पहरेदार | पाले","door guard | doorkeeper | doorman | gatekeeper | hall porter | ostiary | porter","ढोका वा द्वारमा रक्षाका लागि नियुक्त गरिएको व्यक्ति:पाहुनाका लागि पालेले ढोका खोल्यो","someone who guards an entrance"
"49326",1,"जँड्याहा | रक्स्याहा","drinker | imbiber | juicer | toper","त्यो जसले प्राय: धेरै रक्सी खान्छ","a person who drinks alcoholic beverages (especially to excess)"
"49329",1,"चालक | ड्राइवर","driver","त्यो जो गाडी आदि चलाउँछ","the operator of a motor vehicle"
"49333",1,"अर्दली | चप्रासी","drudge | galley slave | navvy | peon","ठुला अधिकारीहरूको सेवामा रहने चप्रासी","a laborer who is obliged to do menial work"
"49342",1,"जँड्याहा | रक्स्याहा","drunk","रक्सी खाएको व्यक्‍ति","someone who is intoxicated"
"49344",1,"नशा खाने | नशाबाज","drunk | drunkard | inebriate | rummy | sot | wino","त्यो जुन प्रायः कुनै नशाको सेवन गर्छ","a chronic drinker"
"49384",1,"अर्थशास्त्रज्ञ | अर्थशास्त्री","economic expert | economist","त्यो जुनचाहिँ अर्थशास्त्रको ज्ञाता हो","an expert in the science of economics"
"49388",1,"एडीटर | सम्पादक","editor | editor in chief","त्यो जुनचाहिँ कुनै समाचार-पत्र अथवा किताबलाई क्रम आदि लगाएर र त्यसलाई सबै प्रकारले ठिक गरेर प्रकाशित गर्दछ","a person responsible for the editorial aspects of publication; the person who determines the final content of a text (especially of a newspaper or magazine)"
"49395",1,"समानतावादी","egalitarian | equalitarian","समानतावादको समर्थक","a person who believes in the equality of all people"
"49438",1,"कर्मचारी | कामगार | कामदार | जागिरे","employee","कुनै कार्यालय या संस्था आदिमा तलबमा काम गर्ने व्यक्ति","a worker who is hired to perform a job"
"49521",1,"इन्स्पेक्टर | निरीक्षक | निरीक्षणकर्ता","examiner | inspector","निरीक्षण वा रेख-देख गर्ने व्यक्ति","an investigator who observes carefully"
"49522",1,"जाँचकी | निर्णायक | परीक्षक","examiner | quizzer | tester","परीक्षा वा जाँच लिने व्यक्ति:परीक्षकले परीक्षार्थीलाई कतिपय सुझाउ दिनुभयो","someone who administers a test to determine your qualifications"
"49531",1,"अधिष्ठाता | एक्जिक्युटिव | कार्यकारी","executive | executive director","विशेष रूपले कुनै कार्य गर्ने व्यक्‍ति","a person responsible for the administration of a business"
"49538",1,"निर्देशक | प्रदर्शक","exhibitioner | exhibitor | shower","वस्तु आदिको प्रदर्शन गर्नेवाला","someone who organizes an exhibit for others to see"
"49550",1,"निर्यात-कर्ता | निर्यात कर्ता | निर्यातक","exporter","देश बाहिर बेच्नका लागि माल पठाउने काम गर्न व्यक्‍ति","a businessperson who transports goods abroad (for sale)"
"49576",1,"गृहस्थ | गृही | दुनियाँदार | दुनियादार","family man","घर-वार या केटाकेटी भएको व्यक्ति","a man whose family is of major importance in his life"
"49586",1,"किसान | कृषक | खेतीवाल","farmer | granger | husbandman | sodbuster","त्यो व्यक्ति जसले कृषि वा खेती गर्छ:कृषक रात-दिन मिहिनेत गरेर अन्न उमार्छन्","a person who operates a farm"
"49598",1,"जनक | जन्मदाता | पिता | पिताजी | बा | बाउ | बाबा | बाबु | बुबा | बुवा","begetter | father | male parent","NO_GLOSS","a male parent (also used as a term of address to your father)"
"49603",1,"ससुरा","father-in-law","पुरुषका विचारले उनकी पत्‍नीका बाउ:राजा जनक भगवान रामका ससुरा थिए","the father of your spouse"
"49641",1,"डाइरेक्टर | निर्देशक","director | film director","फिल्महरू, नाटकहरू आदिको त्यो अधिकारी जसले पात्रहरूको वेशभुषा, भूमिका वा आचरण र दृश्यहरूको स्वरूप आदि निश्‍चित् गर्द छ","the person who directs the making of a film"
"49670",1,"जलाहारी | मछुआ | मछुवा","fisher | fisherman","त्यो जसले माछा मारेर बेच्छ:समुन्द्रमा हुरी चल्नाले जलाहारी माछा मार्न जान सकेनन्","someone whose occupation is catching fish"
"49713",1,"अनुयायी | अनुयायी व्यक्ति | अनुवर्ती | अयातपूर्व","follower","कसैको सिद्धान्त मान्ने र उनकाअनुसार चल्ने व्यक्ति","a person who accepts the leadership of another"
"49723",1,"फुटबल खेलाड़ी | फुटबलर","football player | footballer","फुटबल खेलाडी","an athlete who plays American football"
"49727",1,"पुरखा | पुर्खा | पूर्व पुरुष | पूर्वज","forbear | forebear","जिजु बराजु आदि जुन अघिबाटै छन्","a person from whom you are descended"
"49736",1,"परचक्री | पराई","foreigner | outsider","त्यो जसलाई हामी आफ्नो ठान्दौन","someone who is excluded from or is not a member of a group"
"49738",1,"मुख्य अधिकारी | मुख्याधिकारी","boss | chief | foreman | gaffer | honcho","अधिकारीमा जुन प्रधान छ","a person who exercises control over workers"
"49794",1,"मित्र | साथी","friend","NO_GLOSS","a person you know well and regard with affection and trust"
"49837",1,"जुवाडी","gambler","जुवा खेल्ने व्यक्‍ति","a person who wagers money on the outcome of games or sporting events"
"49847",1,"बगैँचे | बागवान | माली","gardener | nurseryman","बगैँचाका बोट-बिरुवाहरू गोडमेल गर्ने र त्यसको रक्षा गर्ने व्यक्ति:माली बगैँचामा नयाँ-नयाँ बिरुवा रोप्‍दै छन्","someone who takes care of a garden"
"49887",1,"भू-विज्ञानी | भू-वैज्ञानिक | भूगर्भशास्त्री | भूविज्ञानी | भूशास्त्री","geologist","भूविज्ञानको ज्ञाता","a specialist in geology"
"49901",1,"केटी | तरुनी | नव-युवती | नवयुवती | नवयौवना","fille | girl | miss | missy | young lady | young woman","त्यो युवती जसले अहिले युवावस्थामा पाइला राखेकी छे","a young woman"
"49921",1,"खन्चुवा | घिचासे | घिचुवा | पेटु | पेटुवा","glutton | gourmand | gourmandizer | trencherman","धेरै खाने मान्छे","a person who is devoted to eating and drinking to excess"
"49932",1,"धर्म पिता | धर्मपिता","godfather","त्यो जसको वास्तविक पिता होइन,तर धार्मिक भावले बनाइएको हो","someone having a relation analogous to that of a male sponsor to his godchild"
"49934",1,"धर्म माता | धर्ममाता","godmother","कसैको वास्तविक आमा नभएर धार्मिक भावले मानिलिएको","any woman who serves as a sponsor for a child at baptism"
"49946",1,"सुनार | सुनारी | स्वर्णकार","gold-worker | goldsmith | goldworker","सुन-चाँदीको गहना बनाउने व्यक्ति:आमाले सुनारद्वारा पचास हजारको गहना बनाउनुभयो","an artisan who makes jewelry and other objects out of gold"
"49967",1,"गवर्नर | राज्यपाल","governor","भारतको कुनै राज्यको प्रधान शासक जसलाई केन्द्र सरकारद्वारा नियुक्त गरिन्छ:भारतमा राज्यपालको चुनाउ आम चुनाउद्वारा गरिँदैन","the head of a state government"
"49973",1,"अनाज विक्रेता | अन्न  विक्रेता | गल्ला विक्रेता","grain merchant","त्यो व्यापारी जसले अन्न बेच्तछ","a merchant who deals in food grains"
"49984",1,"हजुरआमा","gran | grandma | grandmother | grannie | granny","NO_GLOSS","the mother of your father or mother"
"50012",1,"ग्रिक | युनान-वासी | युनानवासी | युनानी","grecian","युनानको वासी","a native or resident of Greece"
"50026",1,"दुलाहा | बेहुलो | वर","bridegroom | groom","जसको बिहे भर्खर हुन आँटेको छ वा भइसकेको छ:आफ्नो छोरालाई बेहुलाको रूपमा देखेर आमा धेरै प्रसन्न थिइन्","a man participant in his own marriage ceremony"
"50036",1,"जमानी","guarantor | surety | warranter | warrantor","जमानत गराउने व्यक्‍ति","one who provides a warrant or guarantee to another"
"50077",1,"हाजी","hadji | haji | hajji","त्यो जसले हज गरेर आएको छ (सम्मानसूचक)","an Arabic term of respect for someone who has made the pilgrimage to Mecca"
"50130",1,"प्रधानअध्यापक | प्रधानाध्यापक | प्राचार्य","headmaster | master | schoolmaster","विद्यालयका अध्यापकहरूमा श्रेष्ठ वा मुख्य:मेरो विद्यालयमा गणतन्त्र दिवसको अवसरमा प्रधान अध्यापकले ध्वजारोहण गर्नुभयो","presiding officer of a school"
"50136",1,"श्रोता","attender | auditor | hearer | listener","त्यो जसले कथा,उपदेश,व्याख्यान आदि सुनाउँछ","someone who listens attentively"
"50157",1,"उत्तराधिकारी | हकदार","heir | heritor | inheritor","त्यो कोही मरेपछि नियमले उसको सम्पत्ति आदिको अधिकारी हुन्छ","a person who is entitled by law or by the terms of a will to inherit the estate of another"
"50165",1,"नाविक","helmsman | steerer | steersman","जहाज चलाउने व्यक्ति:उनी नौ सेनाको नाविक हुन्","the person who steers a ship"
"50175",1,"गोठालो","drover | herder | herdsman","गाई, भैसीहरू चराउने व्यक्ति:गोठालो कुदी-कुदी गाई खेदाउँदै थियो","someone who drives a herd"
"50184",1,"बहादुर महिला | वीर स्त्री | वीराङ्गना | सबला","heroine","त्यो स्त्री जसले वीरतापूर्वक कार्य गर्छन्","a woman possessing heroic qualities or a woman who has performed heroic deeds"
"50213",1,"जमाखोर","hoarder","त्यो व्यक्ति जो उपयोगी वस्तुलाई भविष्यका लागि अवैध रूपमा राख्‍छ","a person who accumulates things and hides them away for future use"
"50236",1,"गृहपति | गृहस्वामी | घरवाला | परिवार प्रमुख","homeowner | householder","घरको मालिक","someone who owns a home"
"50257",1,"अश्‍वारोही | घोडसवार","equestrian | horseback rider | horseman","त्यो जो घोडामा चढछ","a man skilled in equitation"
"50267",1,"गृहस्थी | घरपट्टी","host","आतिथ्य गर्ने वा जसकोमा पाहुना आउँछन्","a person who invites guests to a social event (such as a party in his or her own home) and who is responsible for them while they are there"
"50306",1,"अखेटक | व्याधा | शिकारी | सिकारी","hunter | huntsman","NO_GLOSS","someone who hunts game"
"50312",1,"खसम | दुलाहा | पति | पोइ | लोग्ने | श्रीमान | श्रीमान् | स्वामी","hubby | husband | married man","NO_GLOSS","a married man; a woman's partner in marriage"
"50337",1,"ज्यादै मूर्ख | पटमूर्ख | महामूर्ख","changeling | cretin | half-wit | idiot | imbecile | moron | retard","त्यो जुनचाहिँ धेरै ठुलो मूर्ख हो","a person of subnormal intelligence"
"50339",1,"अकर्मण्य | अल्छी | निकम्मा","bum | do-nothing | idler | layabout | loafer","त्यो जसले कुनै काम गर्दैन","person who does no work"
"50341",1,"मूर्तिपूजक","idol worshiper | idolater | idoliser | idolizer","त्यो जसले मूर्तिलाई पूजा गर्छ:मूर्तिपूजकको मन शान्त हुनुपर्छ यो आवश्यक छैन","a person who worships idols"
"50345",1,"अनपढ | अपढ | अशिक्षित | निरक्षर","illiterate | illiterate person | nonreader","शिक्षित नभएको व्यक्ति","a person unable to read"
"50347",1,"आप्रवासी | प्रवासी","immigrant","त्यो जुनचाहिँ विदेशमा गएर बसेका छन्","a person who comes to a country where they were not born in order to settle there"
"50353",1,"अनुरूपी | बहुरूपी","imitator | impersonator","त्यो जसले किसिम-किसिमको रूप धारण गरेर मान्छेलाई चकित पार्छ","someone who (fraudulently) assumes the appearance of another"
"50356",1,"आयात-कर्ता | आयात कर्ता | आयातकर्ता","importer","विदेशबाट बिक्रीका लागि माल मगाउने व्यक्‍ति","someone whose business involves importing goods from outside (especially from a foreign country)"
"50361",1,"नालायक","incompetent | incompetent person","जो लायक छैन","someone who is not competent to take effective action"
"50374",1,"पदाति | पैदल सैनिक","foot soldier | footslogger | infantryman | marcher","त्यो सिपाही जोसँग घोडा वा अरू कुनै वाहन छैनन्","fights on foot with small arms"
"50396",1,"गुप्‍तचर | भेदिया","insider","भेद वा भित्री रहस्य जान्ने मान्छे","an officer of a corporation or others who have access to private information about the corporation's operations"
"50400",1,"प्रवर्तक","initiator | instigator","त्यो जसले कुनै काम प्रचलित या आरम्भ गरेको हुन्छ","a person who initiates a course of action"
"50402",1,"आचार्या | गुरूआमा | शिक्षिका","instructress","त्यो महिला जो विद्या या कला सिकाउँछे","a woman instructor"
"50429",1,"अवधि | बेला | म्याद | समय","artificer | discoverer | inventor","त्यो नियत या निश्चित समय जसको पहिले कुनै काम हुनु आवश्यक छ","someone who is the first to think of or make something"
"50435",1,"लौह-पुरुष | लौहपुरुष","iron man | ironman","यस्तो मान्छे जसको विचार वा सङ्कल्प फलाम बराबर बलियो होस्","a strong man of exceptional physical endurance"
"50459",1,"जवा-वासी | जावावासी","javan | javanese","जावा द्वीपको निवासी","a native or inhabitant of Java"
"50475",1,"थोक व्यापारी | थोकदार | होलसेलर","jobber | middleman | wholesaler","त्यो व्यापारी जो धेरै या एकट्ठा माल किन्ने या बेच्ने कार्य गर्छ","someone who buys large quantities of goods and resells to merchants rather than to the ultimate customers"
"50487",1,"जोकर | विदूषक","joker | jokester","हास्यपूर्ण अभिनयद्वारा सबैलाई हँसाउने व्यक्‍ति","a person who enjoys telling or playing jokes"
"50530",1,"अधिप | अधिपति | अधीश | अवनि | अवनी | नरपति | नराधिप | नरेश | नृप | नृपति | प्रजापति | भूप | भूपति | महिपति | महीप | महीपाल | राजा","king | male monarch | rex","कुनै देशको प्रधान शासक र स्वामी","a male sovereign; ruler of a kingdom"
"50540",1,"सजाति | समजाति","blood relation | blood relative | cognate | sib","एकै जाति या वर्गका मानिस या पदार्थ","one related by blood or origin; especially on sharing an ancestor with another"
"50571",1,"क्षेत्री","kshatriya","NO_GLOSS","a member of the royal or warrior Hindu caste"
"50599",1,"घरपेदि","landlord","NO_GLOSS","a landowner who leases to others"
"50654",1,"कुष्‍ठरोगी | कोढ","lazar | leper","कुष्ठरोगले पीडित व्यक्‍ति","a person afflicted with leprosy"
"50717",1,"समाज शास्त्री | समाजविद् | समाजशास्त्रज्ञ | समाजशास्त्री","linguist | linguistic scientist","भाषाविज्ञानको ज्ञाता","a specialist in linguistics"
"50724",1,"तोते","lisper","अस्पष्ट बोल्ने व्यक्‍ति","a speaker who lisps"
"50732",1,"अनुज | अनुभ्राता | भाइ | सानो भाइ","little brother","त्यो भाइ जुनचाहिँ उमेरमा सानो छ","a younger brother"
"50734",1,"अनुजन्मा | अनुजा | अनुजात | सानी बहिनी","little sister","त्यो बहिनी जुन उमेरमा सानी छे","a younger sister"
"50770",1,"अभाग्य | खोटो कर्म | दुर्भाग्य","underdog","भाग्य नभएको व्यक्ति","one at a disadvantage and expected to lose"
"50778",1,"पत्यारिलो | विश्वासपात्र | विश्वासभाजन | विश्वासिलो","loyalist | stalwart","त्यो व्यक्ति जसमाथि विश्वास गर्न सकियोस् या जुनचाहिँ विश्वासको पात्र हो","a person who is loyal to their allegiance (especially in times of revolt)"
"50783",1,"दाउरे","faller | feller | logger | lumberjack | lumberman","दाउरा काटेर बेच्ने व्यक्‍ति","a person who fells trees"
"50803",1,"कारीगर | मिस्त्री | मेकानिक","machinist | mechanic | shop mechanic","त्यो जसले यन्त्र आदिको मर्मत गर्छ","a craftsman skilled in operating machine tools"
"50811",1,"पग्ली | पागल्नी","madwoman","पागल महिला","a woman lunatic"
"50817",1,"चटके | जादुगर","conjurer | conjuror | illusionist | magician | prestidigitator","त्यो जसले जादुको खेला गर्छ:जादुगरले रूमाललाई फुल बनाइदियो","someone who performs magic tricks to amuse an audience"
"50826",1,"माहुते","mahout","जसले हात्ती चलाउने वा हाँक्ने गर्छ:मेलामा एउटा ठुलो हात्ती माहुतेको नियन्त्रबाट बाहिर भयो र दोकानहरू भत्काउन थाल्यो","the driver and keeper of an elephant"
"50843",1,"केटा | केटो | नानी | बालक","boy | male child","NO_GLOSS","a youthful male person"
"50854",1,"मानव | मान्छे","adult male | man","NO_GLOSS","an adult person who is male (as opposed to a woman)"
"50883",1,"उत्पादन | उब्जनीi | उब्जा | पैदावार","manufacturer | producer","जसले उत्पादन गर्छ","someone who manufactures something"
"50888",1,"अपहर्ता | लुटाहा","marauder | piranha | predator | vulture","जसको पेशा नै लुट्ने हो वा मान्छेलाई लुट्छ","someone who attacks in search of booty"
"50907",1,"अनुशासक","disciplinarian | martinet | moralist","त्यो जसले अनुशासन गर्छ","someone who demands exact conformity to rules and forms"
"50908",1,"शहीद","martyr | sufferer","कुनै शुभ प्रयत्‍नमा आफ्‍नो प्राण दिने व्यक्‍ति","one who suffers for the sake of principle"
"50979",1,"मरम्मत कर्मी","fixer | mender | repairer","त्यो जुन मरम्मतको काम गर्छ","a skilled worker who mends or repairs things"
"50999",1,"धातु विज्ञान | धातु वैज्ञानिक | धातु शास्त्री | धातुविज्ञानी | धातुशास्त्री","metallurgical engineer | metallurgist","धातुविज्ञानको ज्ञाता","an engineer trained in the extraction and refining and alloying and fabrication of metals"
"51048",1,"खनक | खानी मजदुर","miner | mineworker","खानीमा काम गर्ने मजदुर","laborer who works in a mine"
"51070",1,"मिसन","missionary","ईसाइ धर्मको प्रचार गर्ने संस्था","someone who attempts to convert others to a particular doctrine or program"
"51073",1,"मालिक्नी | स्वामिनी","mistress","त्यो स्त्री जुनचाहिँ कुनै वस्तु,स्थान आदिको अधिकारिणी हुन्छे","a woman master who directs the work of others"
"51080",1,"नर व्याघ्र | नरवीर | बलवान | बहादुर | बीर | वीर | वीर पुरुष | शूर | शूरवीर | सिंह","hero","NO_GLOSS","a man distinguished by exceptional courage and nobility and strength"
"51125",1,"बन्दकी राख्‍ने","mortgage holder | mortgagee","त्यो जोसित कुनै वस्तु बन्दकी राखिन्छ","the person who accepts a mortgage"
"51131",1,"आमा","female parent | mother","NO_GLOSS","a woman who has given birth to a child (also used as a term of address to your mother)"
"51136",1,"सासू","mother-in-law","स्त्रीका विचारमा उसका पतिकी आमा:कौशल्या सीताकी सासू थिइन्","the mother of your spouse"
"51168",1,"मुल्ला | मौलवी","mollah | mulla | mullah","मुसलमान धर्मशास्त्रका आचार्य","a Muslim trained in the doctrine and law of Islam; the head of a mosque"
"51188",1,"मूक | लाटो","deaf-and-dumb person | deaf-mute | mute","त्यो व्यक्ति जो बोल्न सक्तैन","a deaf person who is unable to speak"
"51208",1,"धाई","nanny | nurse | nursemaid","नानीहरूको रेखदेख गर्ने वा खेलाउने दासी","a woman who is the custodian of children"
"51216",1,"पात्र | योग्य व्यक्‍ति","natural","केही पाउने वा लिने योग्य व्यक्‍ति","someone regarded as certain to succeed"
"51222",1,"जलसेना नायक","naval commander","त्यो जुनचाहिँ जलसेनाका कुनै जहाजको बेडाको प्रमुख हो","naval officer in command of a fleet of warships"
"51231",1,"बाधा गर्ने","obstructer | obstructionist | obstructor | resister | thwarter","बाधा वा अडचन उत्पन्न गर्ने व्यक्‍ति","someone who systematically obstructs some action that others want to take"
"51236",1,"नाजी | नात्सी","german nazi | nazi","जर्मन देशको नाजी दलको सदस्य","a German member of Adolf Hitler's political party"
"51248",1,"छिमेकी | प्रतिवेशी","neighbor | neighbour","त्यो जो छिमेकमा बस्छ","a person who lives (or is located) near another"
"51284",1,"कन्जुस | कृपण","churl | niggard | scrooge | skinflint","कन्जुस गर्ने व्यक्ति","a selfish person who is unwilling to give or spend"
"51297",1,"घुमन्ते | बन्जारा","nomad","ती मान्छे जसको कुनै स्थायी निवास हुँदैन र जसका कारण ती सधैँ एउटा स्थानबाट अर्को स्थानमा घुमी रहन्छन्","a member of a people who have no permanent home but move about according to the seasons"
"51322",1,"उपन्यास-लेखक | उपन्यास लेखक | उपन्यासकार","novelist","त्यो जो उपन्यास लेख्छ","one who writes novels"
"51339",1,"नर्स | परिचारिका | सिस्टर","nurse","रोगीहरूको सेवाका लागि प्रशिक्षित महिला","one skilled in caring for young children or the sick (usually under the supervision of a physician)"
"51347",1,"पगला | पागल व्यक्ति | बौलाहा","nutter | wacko | whacko","त्यो व्यक्‍ति जसको दिमागले काम गर्न छाड्यो","a person who is regarded as eccentric or mad"
"51394",1,"बुढो | वृद्ध","golden ager | old person | oldster | senior citizen","त्यो व्यक्‍ति जसको अवस्था साठीभन्दा माथि छ","an elderly person"
"51396",1,"बुढी | बूढी | वृद्ध स्त्री | वृद्धा | वृद्धा महिला","old woman","त्यो स्त्री जो बृद्धावस्थामा पुगेकी छे या जसको अवस्था साठी वर्षभन्दा अधिक भइसकेको छ","a woman who is old"
"51435",1,"आयोजक | आयोजन-कर्ता","arranger | organiser | organizer","त्यो जो आयोजन गर्ने गर्छ","a person who brings order and organization to an enterprise"
"51442",1,"अनाथ | टुहुरो","orphan","त्यो व्यक्‍ति जसको कोही उत्तराधिकारी वा पालन-पोषण गर्ने छैनन्","someone or something who lacks support or care or supervision"
"51454",1,"त्यागिएको | परित्यक्‍त","castaway | ishmael | outcast | pariah","त्यो व्यक्‍ति जसलाई त्याग गरिएको छ","a person who is rejected (from society or home)"
"51473",1,"अधिपति | मालिक","owner | proprietor","तलब वा मजदुरी दिएर कुनैलाई आफ्नो कार्यालय वा कारखानामा काम दिने व्यक्ति","(law) someone who owns (is legal possessor of) a business"
"51489",1,"चित्रकार | चित्रलेखक | चित्रशिल्पी","painter","चित्र बनाउने व्यक्ति:चित्रकारले हनुमानजीको चित्र बनाउँदै छन्","an artist who paints"
"51524",1,"आमा-पिताजी | आमा-बाउ | आमा-बाबा | आमा-बुबा | माता-पिता | माताजी-पिताजी","parent","कसैको साइनाको विचारले ती पुरुष र स्त्री जसको संसर्गले उसको उत्पत्ति भएको छ","a father or mother; one who begets or one who gives birth to or nurtures and raises a child; a relative who plays the role of guardian"
"51541",1,"अंशक | अंशी | पट्टीदार | भागीदार | सहभागी | साझी | साझीदार | साझेदार | हिस्सेदार","partner","कुनै काम या रोजगारमा साझा राख्‍ने व्यक्ति","a person who is a member of a partnership"
"51550",1,"यात्री","passenger | rider","त्यो व्यक्‍ति जुनचाहिँ चढेको छ","a traveler riding in a vehicle (a boat or bus or car or plane or train etc) who is not operating it"
"51562",1,"बिमारी | बिरामी | रोगी","patient","त्यो जसलाई कुनै रोग लागेको छ:उपचारको अभावमा धेरैजसो गाउँका रोगीहरू मर्छन्","a person who requires medical care"
"51569",1,"पतृहन्ता | पितृघाती","patricide","पिताको हत्या गर्ने व्यक्ति","a person who murders their father"
"51570",1,"देशभक्‍त | राष्ट्रभक्‍त","nationalist | patriot","त्यो जसले आफ्नो देशलाई साँचो हृदयले उन्नति र कल्याण चाहन्छ र त्यसको सिद्धिका लागि प्रयत्‍न गर्छ","one who loves and defends his or her country"
"51573",1,"प्रायोजक | प्रायोजन","patron | sponsor | supporter","त्यो जुनचाहिँ कसैका तर्फबाट कुनै प्रकारको प्रवन्ध वा आयोजन गर्ने दायित्व लिन्छ","someone who supports or champions something"
"51609",1,"पत्र मित्र","pen-friend | pen pal","त्यो मित्र जो पत्रद्वारा मित्रता बनाउँछ","a person you come to know by frequent friendly correspondence"
"51611",1,"अनुत्तिधारी | पेन्सनर","pensionary | pensioner","अनुवृत्ति वा पेन्सन पाउने व्यक्ति","the beneficiary of a pension fund"
"51652",1,"औषधिबेच्ने | औषधिविक्रेता","apothecary | chemist | druggist | pharmacist | pill pusher | pill roller","औषधि बेच्ने व्यक्ति:औषध विक्रेतासित यो औषधि थिएन","a health professional trained in the art of preparing and dispensing drugs"
"51654",1,"परमार्थी | परहितैषी | परोपकारी","altruist | philanthropist","अर्काको उपकार गर्ने व्यक्ति","someone who makes charitable donations intended to increase human well-being"
"51682",1,"निर्वाचक","chooser | picker | selector","त्यो जसले निर्वाचन गर्छ वा छान्दछ","a person who chooses or selects out"
"51684",1,"पाकेटमारा | बगलीमारा","cutpurse | dip | pickpocket","जेप काट्ने मान्छे:मान्छेले एउटा बगलीमारालाई समातेर धेरै कुटे","a thief who steals from the pockets or purses of others in public places"
"51692",1,"खम्बा | खामो | स्तम्भ","mainstay | pillar","त्यो व्यक्‍ति,तत्व वा तथ्य जुनचाहिँ कुनै संस्था, कार्य,सिद्धान्त आदिको आधारका रूपमा हुन्छ","a prominent supporter"
"51694",1,"पाइलट | वायुयान-चालक | विमान चालक","airplane pilot | pilot","जसले विमान वा हवाईजहाज चलाउँछ","someone who is licensed to operate an aircraft in flight"
"51707",1,"जलदस्यु | समुद्री डाँका","buccaneer | pirate | sea robber | sea rover","समुद्रमा बसेर जहाजहरू र समुद्रीयात्रीहरूलाई लुट्ने डाँका","someone who robs at sea or plunders the land from the sea without having a commission from any sovereign nation"
"51719",1,"अभियोगकर्ता | वादी","complainant | plaintiff","त्यो जसले न्यायालयमा कुनै तर्क वा पक्ष प्रस्तुत गर्छ:वादीले आफ्नो पक्ष दरो पार्नका लागि धेरै प्रमाण भेला पार्‍यो","a person who brings an action in a court of law"
"51752",1,"नलकार | प्लम्बर | सीसकार","pipe fitter | plumber","त्यो जसले नल लगाउँछ र त्यको मर्मत गर्छ","a craftsman who installs and repairs pipes and fixtures and appliances"
"51759",1,"कवि","poet","NO_GLOSS","a writer of poems (the term is usually reserved for writers of good poetry)"
"51760",1,"कवयित्री | महिला कवि | स्त्री कवि","poetess","त्यो महिला जसले कविता लेख्छ","a woman poet"
"51777",1,"राजनीति शास्त्री | राजनीतिज्ञ | राजनीतिशास्त्रज्ञ | राजनीतिशास्त्रविद् | राजनीतिशास्त्री","political scientist","त्यो जो राजनीतिशास्त्रको ज्ञाता छ","a social scientist specializing in the study of government"
"51793",1,"गरिब | दरिद्र | दुखी | निर्धन","have-not | poor person","निर्धन व्यक्‍ति","a person with few or no possessions"
"51794",1,"पोप","bishop of rome | catholic pope | holy father | pontiff | pope | roman catholic pope | vicar of christ","इसाई धर्मका सबैभन्दा ठुला वा प्रधान धर्माचार्य","the head of the Roman Catholic Church"
"51837",1,"कुमाले | कुम्भकार | कुम्हाल","ceramicist | ceramist | potter | thrower","त्यो जसले माटाका भाँडा बनाउँछ:कुमाले माटालाई धेरै आकार दिन सिद्धहस्त हुन्छ","a craftsman who shapes pottery on a potter's wheel and bakes them it a kiln"
"51870",1,"प्रस्तुत-कर्ता | प्रस्तुतकर्ता | प्रस्तोता","presenter","प्रस्तुत गर्ने वाला व्यक्ति","someone who presents a message of some sort (as a petition or an address or a check or a memorial etc.)"
"51873",1,"अभिरक्षक | आरक्षक | परिरक्षक | रक्षक | रक्षा कर्ता | रक्षी | वार्डन | सुरक्षाकर्मी","preserver","त्यो व्यक्ति जसले रक्षा गर्छ","someone who keeps safe from harm or danger"
"51875",1,"राष्ट्रपति","president","कुनै आधुनिक प्रजातान्त्रिक राष्ट्रद्वारा चुनिएको उनीहरूको सर्वप्रधान शासक","the chief executive of a republic"
"51877",1,"अधिष्ठाता | अध्यक्ष | प्रधान","president","त्यो जुनचाहिँ कुनै सभा वा संस्था आदिको प्रधान हो","an executive officer of a firm or corporation"
"51879",1,"सभाध्यक्ष | सभापति","chair | chairman | chairperson | chairwoman | president","सभाको प्रधान","the officer who presides at the meetings of an organization"
"51889",1,"पादरी | फादर","priest","ईसाइको पुरोहित:ईसाइ समाजमा पाहरीको ठुलो महत्त्व छ","a clergyman in Christian churches who has the authority to perform or administer various religious rites; one of the Holy Orders"
"51910",1,"प्रधान आचार्य | प्रधानाचार्य | प्रिन्सिपल","head | head teacher | principal | school principal","कुनै विद्यालयको आचार्यमा प्रधान","the educator who has executive authority for a school"
"51912",1,"छाप्ने | मुद्रक | मुद्रणगर्ने","pressman | printer","समाचार-पत्रहरूको त्यो अधिकारी जसमा उसले छाप्ने दायित्य रहन्छ र जुन वैधानिक दृष्टिले ती छापिएका वस्तुका सबै कुराका लागि उत्तरदायी हुन्छन्:मुद्रकले यो समाचार छाप्नुभन्दा पहिले त्यसमा अलिकति संशोधन गर्‍यो","someone whose occupation is printing"
"51917",1,"कैदी | थुनुवा | बन्दी","captive | prisoner","त्यो जुन कैदमा बन्द छ वा जसलाई कैदको सजाय दिइएको छ:एउटा कैदी जेलबाट भाग्यो","a person who is confined; especially a prisoner of war"
"51942",1,"अध्यापक | प्राध्यापक | प्रोफेसर","prof | professor","विशेषगरी ती अध्यापक जसले कुनै महाविद्यालयमा पढाउँछन्:प्राध्यपाकले देशका युवा पींढीलाई असल दिशा देखाउँछन्","someone who is a member of the faculty at a college or university"
"51966",1,"रण्डी | वेश्या","bawd | cocotte | cyprian | fancy woman | harlot | lady of pleasure | prostitute | sporting lady | tart | whore | woman of the street | working girl","पैसा लिएर संभोग कार्य गराउने स्त्री:कतिपय ससाना केटीहरूलाई जबरजस्ती वेश्या बनाइदिन्छन्","a woman who engages in sexual intercourse for money"
"51985",1,"मनोविज्ञानी | मनोवैज्ञानिक | मनोशास्त्री","psychologist","मनोविज्ञानको ज्ञाता","a scientist trained in psychology"
"51997",1,"प्रकाशक","publisher","यो त्यो किताब, समाचार पत्र आदि छापेर बाँड्ने वा बेच्ने गर्छ:यो किताबको प्रकाशक को हो ?","a person engaged in publishing periodicals or books or music"
"52052",1,"राज्ञी | रानी | स्वामिनी","female monarch | queen | queen regnant","कुनै देश वा क्षेत्र आदिको मुख्य शासिका वा स्वामिनी","a female sovereign ruler"
"52074",1,"छली | ठग | प्रवञ्चक","racketeer","त्यो जसले छल र धुर्तताले अर्काको माल लाने गर्छ","someone who commits crimes for profit (especially one who obtains money by fraud or extortion)"
"52090",1,"राजा","raja | rajah","NO_GLOSS","a prince or king in India"
"52132",1,"रङगरूट","military recruit | recruit","सेना वा पुलिस आदिमा नयाँ भर्ती हुने सिपाही","a recently enlisted soldier"
"52145",1,"खेल निर्णायक | रेफरी","ref | referee","त्यो व्यक्‍ति जुनचाहिँ प्रतियोगिताहरूमा निष्पक्ष निर्णय दिनका लागि नियुक्‍त हुन्छ","(sports) the chief official (as in boxing or American football) who is expected to ensure fair play"
"52151",1,"शरणार्थी","refugee","NO_GLOSS","an exile who flees for safety"
"52168",1,"धर्मानुयायी | धर्मावलम्बी | मतानुयायी","religious","त्यो जुन कुनै धर्मलाई मान्छ","a member of a religious order who is bound by vows of poverty and chastity and obedience"
"52193",1,"अनुसन्धान कर्ता | शोध कर्ता","investigator | research worker | researcher","त्यो जससले शोध गर्छ","a scientist who devotes himself to doing research"
"52202",1,"नियन्त्रक","controller | restrainer","त्यो जो कुनै कार्य,वस्तु,अवस्था आदि नियन्त्रित गर्छ","a person who directs and restrains"
"52203",1,"खुदरा व्यापारी | खुद्रा व्यापारी","retail merchant | retailer","त्यो व्यापारी जो अलिअलि गरेर सामान किन्ने या बेच्ने गर्छ","a merchant who sells goods at retail"
"52252",1,"प्रतिद्वन्द्वी | प्रतियोगी","challenger | competition | competitor | contender | rival","त्यो जसले प्रतियोगिता गर्दछ","the contestant you hope to defeat"
"52260",1,"डकैत | डाँका | डाँकु","robber","त्यो जसले डाँका गर्छ","a thief who steals from someone by threatening violence"
"52335",1,"महात्मा","angel | holy man | holy person | saint","धेरै श्रेष्ठ,उच्च विचार भएको र सदाचारी पुरुष","person of exceptional holiness"
"52340",1,"बेच्ने | विक्रयक | विक्रयी | विक्रेता","sales rep | sales representative | salesperson","त्यो जसले कुनै वस्तु आदि विक्रय गर्छ","a person employed to represent a business and to sell its merchandise (as to customers in a store or to customers who are visited)"
"52371",1,"आराकश | कराँती","sawyer","आरा चलाउने काम गर्ने व्यक्ति","one who is employed to saw wood"
"52405",1,"अध्यापिका | आचार्या | शिक्षिका","mistress | schoolma'am | schoolmarm | schoolmistress","महिला अध्यापक या ती महिला जो विद्यालयमा विद्यार्थीलाई पढाउँछिन्","a woman schoolteacher (especially one regarded as strict)"
"52407",1,"सहपाठी | सहाध्यायी","class fellow | classmate | schoolfellow | schoolmate","त्यो जसले सँगै पढेको हो","an acquaintance that you go to school with"
"52411",1,"विज्ञानवेत्ता | विज्ञानी | वैज्ञानिक","man of science | scientist","विज्ञान-सम्बन्धी खोजी गर्ने या विज्ञानको क्षेत्रमा काम गर्ने व्यक्ति","a person with advanced knowledge of one or more sciences"
"52444",1,"मूर्तिकार","carver | sculptor | sculpturer | statue maker","जसले मूर्ति बनाउँ","an artist who creates sculptures"
"52466",1,"सचिव","secretary","कुनै विभाग, सङ्गठनहरूको त्यो अधिकारी जसको परामर्शले सबै काम हुन्छ:उनका बाबु मन्त्रालयमा सचिव हुनुहुन्छ","a person who is head of an administrative department of government"
"52481",1,"प्रधानसचिव | महामन्त्री | महासचिव | मूलसचिव","secretary general","सबैभन्दा ठुलो सचिव","a person who is a chief administrator (as of the United Nations)"
"52496",1,"गुप्‍तचर","quester | searcher | seeker","त्यो जसले कुनै कुरो अथवा वस्तुको थाहा लिनु अथवा पत्ता लगाउँदछ","someone making a search or inquiry"
"52505",1,"सब्जी विक्रेता | सब्जीवाला","marketer | seller | trafficker | vender | vendor","त्यो जो सब्जी बेच्दछ","someone who promotes or exchanges goods or services for money"
"52513",1,"पठाउने | प्रेषक","sender | transmitter","त्यो जसले कसैसँग कुनै चिज पठाउँछ","someone who transmits a message"
"52531",1,"कमारो | चाकर | नोकर | सेवक","retainer | servant","त्यो जसले सेवा गर्छ:एउटा खबरका अनुसार नोकरले मालिकको हत्या गर्‍यो मेरो सेवक एक हप्‍ताका लागि घर गएको छ","a person working in the service of another (especially in the household)"
"52536",1,"अधिवासी","colonist | settler","कुनै अन्य देशमा गएर बस्ने व्यक्ति","a person who settles in a new colony or moves into new country"
"52600",1,"दोकानदार | पसले","market keeper | shopkeeper | storekeeper | tradesman","पसलमा बसेर सामानहरू बेच्ने मान्छे:यो पसले मेरो परिचित हो","a merchant who owns or manages a shop"
"52605",1,"निशानेबाज","shooter | shot","जसले निशाना लगाउँछ","a person who shoots (usually with respect to their ability to shoot)"
"52606",1,"बन्दुके","gun | gunman","बन्दुक चलाउने व्यक्‍ति","a person who shoots a gun (as regards their ability)"
"52612",1,"अछुत | शूद्र","shudra | sudra","हिन्दूहरूको चार वर्णमध्ये चौथो र अन्तिम वर्णको व्यक्ति","a member of the lowest or worker Hindu caste"
"52657",1,"दिदी | बहिनी","sis | sister","NO_GLOSS","a female person who has the same parents as another person"
"52658",1,"सौतेनीबहिनी","half-sister | half sister | stepsister","सौतेनी आमा वा झड्केलो बाउकी छोरी:तपाईँकी सौतेनी बहिनी किन रुँदै छे","a sister who has only one parent in common with you"
"52692",1,"दास","slave","NO_GLOSS","a person who is owned by someone"
"52731",1,"तस्कर | स्मगलर","contrabandist | moon-curser | moon curser | runner | smuggler","चोरेको सामान लुकाएर बेच्ने मान्छे","someone who imports or exports without paying duties"
"52734",1,"व्याधा | शिकारी","snarer","पशु-पक्षीहरूलाई फसाउने वा मार्ने काम गर्ने व्यक्ति:व्याधाले रूखमनि चारो हालेर लुक्यो","someone who sets snares for birds or small animals"
"52755",1,"चम्चागिरी | चाकरी | चाप्लुसी","climber | social climber","त्यो जसले चम्चागिरी गर्छ","someone seeking social prominence by obsequious behavior"
"52756",1,"समाजवादी | सोसलिस्ट","socialist","त्यो जसले समाजवादको सिद्धान्त मान्दछ","a political advocate of socialism"
"52766",1,"समाज शास्त्री | समाजविद् | समाजशास्त्रज्ञ | समाजशास्त्री","sociologist","समाजशास्त्रको ज्ञाता","a social scientist who studies the institutions and development of human society"
"52774",1,"सैनिक","soldier","NO_GLOSS","an enlisted man or woman who serves in an army"
"52781",1,"छोरा","boy | son","NO_GLOSS","a male human offspring"
"52783",1,"गायिका | गिदाङ्गे","songstress","गीत गाउने स्त्री:लता मङ्गेशकार एक जना प्रख्यात गायिका हुन्","a woman songster (especially of popular songs)"
"52785",1,"जुवाइँ | ज्वाइँ","son-in-law","छोरीका श्रीमान्:रामका ज्वाइँ सेनामा अधिकारी छन्","the husband of your daughter"
"52799",1,"आत्मा | चित्त | चैतन्य तत्त्‍व। | मन | विभु | हृदय","psyche | soul","मन वा हृदयको कुराहरूको ज्ञान दिने सत्ता","the immaterial part of a person; the actuating cause of an individual life"
"52809",1,"रोपार | रोपाहार","sower","बिउ रोप्ने व्यक्ति","someone who sows"
"52818",1,"वक्‍ता | वाचक","speaker | talker | utterer | verbaliser | verbalizer","भाषण वा व्याख्यान आदि दिने मान्छे","someone who expresses in language; someone who talks (especially someone who delivers a public speech or someone especially garrulous)"
"52827",1,"दर्शक | द्रष्टा","looker | spectator | viewer | watcher | witness","जसले कतै उपस्थित भएर कुनै काम, वस्तुआदि हेर्दछ:नाटक शुरू हुनुभन्दा अघि नै नाट्य-गृह दर्शकहरूले ट्याम्म भरिएको थियो","a close observer; someone who looks at something (such as an exhibition of some kind)"
"52834",1,"सुवक्ता","spellbinder","राम्रो वक्ता","an orator who can hold his listeners spellbound"
"52845",1,"जीवन | ज्यान | प्राण","spirit","प्राणीहरूको त्यो चेतन शक्‍ति जसले उनीहरू जीवित रहन्छन्:शरीरबाट प्राणको बहिर्गमन नै मृत्यु हो","the vital principle or animating force within living things"
"52885",1,"अन्धविश्वास | रूढिवादी","square | square toes","रूढिवाद मान्ने व्यक्ति","a formal and conservative person with old-fashioned views"
"52886",1,"अज्ञानी | उल्लु | गाँडु | गोरु | निर्बुद्धि | बुद्धू | बेबकुफ | मूढ | मूर्ख | स्वाठ","lame | square","त्यो व्यक्ति जसमा बुद्धि छैन या थोरै छ","someone who doesn't understand what is going on"
"52897",1,"चिरुवादार | सइस","groom | hostler | ostler | stableboy | stableman","त्यो जसले घोडाको रेखदेख गर्छ:सइसले घोडालाई तबेलामा बाँध्दै छ","someone employed in a stable to take care of the horses"
"52938",1,"आँकडा शास्त्री | तथ्याङ्कविद | साङ्ख्यिकीविद्","mathematical statistician | statistician","त्यो गणितज्ञ जुनचाहिँ साङ्ख्‍यिकीमा निपुण छ","a mathematician who specializes in statistics"
"52946",1,"भाइ | सौतेलोभाइ","half-brother | half brother | stepbrother","सौतेनी आमा वा सौतेलो बाउको छोरो:मोहन सोहनको सौतेलो भाइ हो","a son of your stepparent by a former marriage"
"52950",1,"सानी-आमा | सौतेनीआमा","stepmother","आमाकी सौता:रामकी सौतेनी आमा एउटी धर्मपरायण महिला हुन्","the wife of your father by a subsequent marriage"
"52979",1,"अधीन | वशीकरण","cutter | stonecutter","कसैलाई अधीन गर्ने क्रिया या कसैलाई अधीनमा ल्याउने क्रिया","someone who cuts or carves stone"
"53048",1,"अतिरिक्‍त खेलाडी","reserve | second-stringer | substitute","त्यो खेलाडी जुन चाहिँ त्यतिखेर खेल्छ जब कुनै खेल्दै गरेको खेलाडी कुनै कारणले (जस्तै चोट,मर्का आदि) खेलबाट बाहिर हुन्छ","an athlete who plays only when a starter on the team is replaced"
"53053",1,"उत्तराधिकारी","replacement | successor","त्यो जुनचाहिँ कोही हटेपछि वा नहुँदा उसको पद वा स्थानको अधिकारी हुन्छ","a person who follows next in order"
"53080",1,"बाउ | बाबु","higher-up | superior | superordinate","कला,गुण आदिमा कुनैभन्दा बढेर","one of greater rank or station or quality"
"53089",1,"अनुमोदक | पक्षधर | समर्थक","admirer | booster | champion | friend | protagonist | supporter","त्यो जसले कुनै पक्ष या कुनै सिद्धान्त आदिको समर्थन या पोषण गर्छ","a person who backs a politician or a team etc."
"53119",1,"तैरण","bather | natator | swimmer","त्यो जसले पौरिन्छ","a person who travels through the water by swimming"
"53138",1,"शुभचिन्तक | शुभाकाङ्क्षी | शुभेच्छुक | हितैषी","sympathiser | sympathizer | well-wisher","कसैको हित वा भलो चाहने व्यक्ति","someone who shares your feelings or opinions and hopes that you will be successful"
"53162",1,"दमाईँ | दर्जी","sartor | seamster | tailor","त्यो जसले कपडा सिउने काम गर्छ:उनले कपडा सिउनका लागि एउटा राम्रो दर्जीलाई दिए","a person whose occupation is making and altering garments"
"53183",1,"चुक्ली | छुल्याहा","blabbermouth | talebearer | taleteller | tattler | tattletale | telltale","चुक्ली गर्ने व्यक्‍ति","someone who gossips indiscreetly"
"53192",1,"अध्यापक | आचार्य | गुरु | मास्टर | शिक्षक","instructor | teacher","त्यो व्यक्ति जसले विद्यार्थीलाई पढाउँछ","a person whose occupation is teaching"
"53226",1,"उद्यम | कर्मठ | कर्मशील | परिश्रम | पुरुषार्थ | मेहनत","toiler","परिश्रम गर्ने व्यक्ति","one who works strenuously"
"53247",1,"परीक्षार्थी","examinee | testee","परीक्षा दिने व्यक्ति:कैयौं परीक्षार्थी नकल गर्दागर्दै पकडाउ परे","someone who is tested (as by an intelligence test or an academic examination)"
"53264",1,"चोर | ठग | तस्कर | लुटेरा","stealer | thief","त्यो जो चोर्ने गर्छ:गाउँका मान्छेले चोरलाई कुटेरै मारे","a criminal who takes property belonging to someone else with the intention of keeping it or selling it"
"53266",1,"चिन्तक | मनीषी | विचारक","thinker","त्यो जुन कुनै मुद्दा, कुरा आदिमा विचार गर्ने गर्छ","someone who exercises the mind (usually in an effort to reach a decision)"
"53306",1,"तमखेरो | तम्बाकुव्यापारी","tobacconist","तमाखुको व्यापारी","a retail dealer in tobacco and tobacco-related articles"
"53334",1,"गाइड | यात्रा मार्गदर्शक","tour guide","कुनै पर्यटन स्थलमा त्यस स्थलसित सम्बन्धित जानकारी दिने व्यक्ति","a guide who leads others on a tour"
"53343",1,"नगर-निवासी | नगर-वासी | नगर निवासी | नगर वासी | नगरनिवासी | नगरवासी","towner | townsman","त्यो जो सहरमा निवास गर्छ वा सहरमा बस्ने व्यक्ति","a resident of a town or city"
"53348",1,"खोज्ने","tracer","त्यो जसले खोज्ने काम गर्छ","an investigator who is employed to find missing persons or missing goods"
"53354",1,"परम्परा-वादी | परम्परा वादी | परम्परावादी","diehard | traditionalist","परम्परावादलाई मान्ने व्यक्ति","one who adheres to traditional views"
"53364",1,"चेक | चेक गणराज्य","trainee","मध्य युरोपको एउटा देश","someone who is being trained"
"53382",1,"अनुवाद कर्ता | अनुवादक | अनुवादी | उल्थाकार | भाषान्तरकार","transcriber | translator","त्यो जो अनुवाद गर्छ","a person who translates written messages from one language to another"
"53395",1,"कोशाध्यक्ष | खजान्ची | भँडारे","financial officer | treasurer","कोषको रेक-देक गर्ने अधिकारी व्यक्‍ति","an officer charged with receiving and disbursing funds"
"53407",1,"उद्यम | परिश्रम | मेहनत","attempter | essayer | trier","प्रयत्न वा उद्यम गर्ने व्यक्ति","one who tries"
"53428",1,"ट्रस्टी | न्यासी","legal guardian | trustee","त्यो व्यक्‍ति जसको अधिकारमा कुनै व्यक्‍ति वा संस्थाको सम्पत्ति हुन्छ र उसले त्यसलाई सुरक्षित राख्दछ","a person (or institution) to whom legal title to property is entrusted to use for another's benefit"
"53450",1,"टङ्कन कर्ता | टाइपिस्ट","typist","त्यो जसले टङ्कन-यन्त्रमा टङ्कनको काम गर्छ","someone paid to operate a typewriter"
"53452",1,"तानाशाह","tyrant","त्यो जुन आफ्नो अधिकारको धेरै बहुत मनमानीका रूपमा उपयोग गर्छ","any person who exercises power in a cruel way"
"53460",1,"उपसचिव","undersecretary","त्यो सचिव जुनचाहिँ कसैका अधीनमा छ","a secretary immediately subordinate to the head of a department of government"
"53488",1,"अभिमान | अहंकार | घमण्ड | घमन्ड | मपाईँ | सेखी","upstart","अभिमान गर्ने व्यक्ति","an arrogant or presumptuous person"
"53518",1,"अतिचारी | अत्याचारी | अनाचारी | आततायी | उत्पीडक | उत्पीडन कर्ता | क्रूर | बर्बर","vandal","अत्याचार गर्ने व्यक्ति","someone who willfully destroys or defaces property"
"53551",1,"उपकुलपति | भाइस चान्सलर","vice chancellor","त्यो व्यक्‍ति जुन चाहिँ कुनै विश्‍वविद्यालयको उप प्रधान सर्वोच्च अधिकारी हो","a deputy or assistant to someone bearing the title of chancellor"
"53565",1,"गाउँबासी | गाउँले | ग्रामवासी | ग्रामीण","villager","गाउँ वा ग्रामीण क्षेत्रमा निवास गर्ने वा गाउँमा बस्ने व्यक्ति","one who has lived in a village most of their life"
"53566",1,"खल | दुरात्मा | दुर्जन | दुष्टचेता | दुष्टात्मा | पाजी | फटाहा | शठ","scoundrel | villain","दुष्ट या फटाहा व्यक्ति","a wicked or evil person; someone who does evil deliberately"
"53567",1,"खलनायक | दुष्ट पात्र","baddie | villain","फिल्म,कहानी आदिको नायक का प्रमुख प्रतिद्वन्द्वी","the principle bad character in a film or work of fiction"
"53568",1,"कुलटा | खलनायिका","villainess","कहानी,फिल्म आदिमा खलनायककी सङ्गिनी या नायक,नायिकाको प्रमुख महिला प्रतिद्वन्दी","a woman villain"
"53578",1,"मुना","virgin","योनी अक्षत भएकी केटी वा यस्ती केटी जसको कुनै पुरुषसँग समागम भएको छैन","a person who has never had sex"
"53592",1,"भेटघाट","visitant | visitor","भेट गर्ने","someone who visits"
"53612",1,"उपासक | पूजारी | भक्‍त | भगत | साधक | सेवक","votary","त्यो जसले ईश्‍वर वा देवता आदको भक्‍ति गर्दछ","one bound by vows to a religion or life of worship or service"
"53613",1,"निर्वाचक | भोटर | मतदाता","elector | voter","त्यो जसको निर्वाचनमा आफ्नो मत दिने अधिकार छ","a citizen who has a legal right to vote"
"53632",1,"पर्खाल | बेयरा | बेरा","server | waiter","त्यो व्यक्ति जुन होटलहरू आदिमा भोजनको आदेश लिन्छ एवं मेजमा भोजन पस्किन्छ","a person whose occupation is to serve at table (as in a restaurant)"
"53634",1,"प्रतीक्षक","waiter","त्यो जसले कसैको प्रतीक्षा गर्छ","a person who waits or awaits"
"53669",1,"योद्धा | सिपाही | सैनिक","warrior","त्यो जसले युद्ध गर्छ:साँच्चो योद्धाले समरभूमिमा आफ्नो ज्यान दिन्छ तर फर्किएर भाग्दैन","someone engaged in or experienced in warfare"
"53689",1,"कमजोर | दुर्बल | निर्बल","doormat | weakling | wuss","जसमा बल वा शक्ति छैन","a person who is physically weak and ineffectual"
"53692",1,"जुलाहा | तन्तुकार","weaver","त्यो जसले कपडा बुन्ने काम गर्छ:जुलाहा कपडा बुन्दै छ","a craftsman who weaves cloth"
"53709",1,"रन्डीबाज | वेश्यागामी","wencher","वेश्यासँग सम्भोग गर्ने व्यक्‍ति","someone who patronizes prostitutes"
"53713",1,"धाई | धाईआमा | सुसारे","amah | wet-nurse | wet nurse | wetnurse","अर्काको नानीलाई आफ्नो दुध खुवाउने वा उसलाई देख-रेख गर्ने स्त्री:आमाको मृत्युपछि श्याम एउटी धाईको काखमा हुर्कियो","a woman hired to suckle a child of someone else"
"53749",1,"राँडी | विधवा","widow | widow woman","त्यो स्त्री जसको श्रीमान् मरेको छ:मेजर रणवीरलाई मरणोपरान्त परमवीर चक्रले सन्मानित गरियो जुन उनकी विधवाले ग्रहण गरिन्","a woman whose husband is dead especially one who has not remarried"
"53750",1,"राँडो | विधुर","widower | widowman","त्यो मान्छे जसकी श्रीमती मरेकी छे:मोहन बिहे गरेको चार महिनापछि नै राँडो भयो","a man whose wife is dead especially one who has not remarried"
"53751",1,"पत्नी","married woman | wife","NO_GLOSS","a married woman; a man's partner in marriage"
"53764",1,"विजयी | विजेता","victor | winner","जसले विजय पाएको छ","the contestant who wins the contest"
"53788",1,"प्रत्यक्षदर्शी | साक्षी","informant | witness | witnesser","त्यो जसले कुनै घटना आफ्ना आँखाले देखेको छ:पुलिस यस हत्याका बारेमा प्रत्यक्षदर्शीसँग सोध-पुछ गर्दै छ","someone who sees an event and reports what happened"
"53789",1,"प्रमाणकर्ता","attestant | attestator | attestor | witness","त्यो जसले कुनै कुरा , कार्य आदिको प्रमाणित गर्दछ","(law) a person who attests to the genuineness of a document or signature by adding their own signature"
"53790",1,"गवाह | साक्षी","witness","त्यो जसले कुनै विवादका विषयमा आफ्नो जानकारी भन्छ","(law) a person who testifies under oath in a court of law"
"53796",1,"आइमाई | स्त्री","adult female | woman","NO_GLOSS","an adult female person (as opposed to a man)"
"53814",1,"कुल्ली | ज्यामी | मजदुर","working man | working person | workingman | workman","त्यो जसले अर्काको शारीरिक श्रमको काम गरेर आफ्नो पेट पाल्छ:ज्यामीहरू नालो खन्दै छन्","an employee who performs manual or industrial labor"
"53815",1,"सहकर्मी","workmate","त्यो जसले कसैसँग मिलेर काम गर्दछ","a fellow worker"
"53824",1,"कुस्तीबाज | पहलमान | मल्लयोद्धा","grappler | matman | wrestler","त्यो जसले कुस्तीबाजी गर्छ:आज अखडामा नामी पहलमानहरूको प्रतियोगिता छ","combatant who tries to throw opponent to the ground"
"53849",1,"केटो | ठिटो | नव-युवक | नवयुवक | नवयुवा | नौजवान","young buck | young man","त्यो जुन युवावस्थामा पाइला राखेको छ","a teenager or a young adult male"
"53850",1,"जवान | ठिटो | युवक | युवा","spring chicken | young person | younker | youth","सोह्र देखि पैतीस वर्षसम्मका अवस्थाको पुरुष","a young person (especially a young man or boy)"
"53861",1,"जन्तु विज्ञानी | जन्तु शास्त्री | जन्तुविज्ञानी | जन्तुशास्त्रज्ञ | जन्तुशास्त्री | प्राणी विज्ञानी | प्राणी शास्त्री | प्राणीविज्ञानी | प्राणीशास्त्री","animal scientist | zoologist","जन्तुविज्ञानको ज्ञाता","a specialist in the branch of biology dealing with animals"
"53868",1,"प्राकृतिक घटना","natural phenomenon","त्यो घटना जो प्रकृतिसित सम्बन्धित हुन्छ","all phenomena that are not artificial"
"53895",1,"अन्योन्यवृत्ति","influence","एकको अर्कोमाथि प्रभाव","the effect of one thing (or person) on another"
"53912",1,"किस्मत | तकदीर | दैव | नियति | प्रारब्ध | भाग्य | मुकद्दर","chance | fortune | hazard | luck","त्यो निश्चित र अटल दैवी विधान जसको अनुसार मनुष्यका सबै कार्य अघिबाटै नियत गरिएको मानिन्छ अनि जसको स्थान निधार मानिन्छ","an unknown and unpredictable phenomenon that causes an event to result one way rather than another"
"53948",1,"आकर्षण","attraction | attractive force","त्यो शक्‍ति जसका कारण कुनै वस्तुतिर  अर्को वस्तु तानिन्छ","the force by which one object attracts another"
"53957",1,"कान्ति | किरण | ज्योति | प्रभा | रश्मी","beam | beam of light | irradiation | light beam | ray | ray of light | shaft | shaft of light","ज्योतिका ती अति सूक्ष्म रेखाहरू जुन प्रवाहका रूपमा सूर्य, चन्द्र, बत्ती आदि प्रज्वलित पदार्थहरूबाट निस्किएर फैलिरहेको देखिन्छ:सूर्यको पहिलो किरणबाट दिनको प्रारम्भ हुन्छ","a column of light (as from a beacon)"
"53976",1,"तडिया","sea breeze","समुद्र किनारको हावा","a cooling breeze from the sea (during the daytime)"
"53990",1,"प्रलय | विध्वंश | संहार | सर्वनाश","cataclysm | catastrophe","संसारको प्रकृतिमा लीन भएर मेटिने क्रिया जुन धेरै दिनमा हुन्छ र जसको फेरि नयाँ सृष्टि हुन्छ:सबै धर्ममा कस्तो मानिन्छ भने प्रलय भएको दिन यस सृष्टिको अन्त्य हुन्छ","a sudden violent change in the earth's surface"
"54046",1,"आँधीबेहरी | चक्रवात | हुरी","cyclone","चक्काको जस्तो घुम्ने हावा","a violent rotating windstorm"
"54069",1,"आँधी | आँधीबेहरी | हुरी","dust devil","धेरै वेगले चलेको हावाले  कति सारो धुलो उडायो भने चारैतिर अँध्यारो भयो:हुरीले मेरो छानो उडायो","a miniature whirlwind strong enough to whip dust and leaves and litter into the air"
"54077",1,"बिजुली शक्‍ति | विद्युत् शक्‍ति","electric power | electrical power | wattage","विद्युत् वा बिजुलीको शक्‍ति","the product of voltage and current"
"54083",1,"बिजुली | विद्युत","electrical energy | electricity","कतिपय विशिष्ट क्रियाहरूद्वारा उत्पन्न गरिने एउटा शक्‍ति जसद्वारा वस्तुहरूमा आकर्षण र अपकर्षण तथा ताप र प्रकाश उत्पन्न हुन्छ","energy made available by the flow of electric charge through a conductor"
"54098",1,"बाढ | बाढी","alluvion | deluge | flood | inundation","धेरै पानी पर्नाले नदी वा पोखरी आदिको पानी आफ्नो साधारण सीमाबाट बढेर यता-उता फैलिने क्रिया:अत्याधिक पानी पर्नाले धेरैजसो नदीहरूमा बाढी आयो","the rising of a body of water and its overflowing onto normally dry land"
"54118",1,"कुइरो | कुहिरो | तुषारो | हुस्सु","fog","NO_GLOSS","droplets of water vapor suspended in the air near the ground"
"54150",1,"गुरुत्वाकर्षण | गुरुत्वाकर्षण शक्‍ति","gravitation | gravitational attraction | gravitational force | gravity","पृथ्वीको त्यो शक्‍ति जसद्वारा सबै वस्तुहरू उतैतिर तानिन्छन्","(physics) the force of attraction between all masses in the universe; especially the attraction of the earth's mass for bodies near its surface"
"54153",1,"सिरेटो","blast | blow | gust","वायुको प्रवाह","a strong current of air"
"54159",1,"धुलो","haze","हावामा उड्ने धुलो","atmospheric moisture or dust or smoke that causes reduced visibility"
"54165",1,"उखुम","sultriness","त्यो गर्मी जुनचाहिं हावा नलाग्नाले हुन्छ","oppressively hot and humid weather"
"54205",1,"जीवन यात्रा | जीवनचक्र","life cycle","जन्मेदेखि मृत्युसम्मका विभिन्न अवस्थाहरूको श्रृङ्खला वा क्रम","a series of stages through which an organism passes between recurrences of a primary stage"
"54206",1,"उज्यालो | ज्योति | प्रकाश","light | visible light | visible radiation","त्यो शक्‍ति वा तत्व जसलाई योगद्वारा वस्तु आदिको रूप आँखाले देखिन्छ:सूर्य उदय हुनासाथ चारैतिर प्रकाश फैलियो","(physics) electromagnetic radiation that can produce a visual sensation"
"54210",1,"चट्याङ","lightning","NO_GLOSS","abrupt electric discharge from cloud to cloud or from cloud to earth accompanied by the emission of light"
"54258",1,"मरीचिका | मृगतृष्णा","mirage","पानीको बहावको त्यो मिथ्याप्रतीत जुनचाहिँ कहिलेकाहीँ मरुभूमिमा कडा घाम लाग्दा हुन्छ","an optical illusion in which atmospheric refraction by a layer of hot air distorts or inverts reflections of distant objects"
"54259",1,"मनसुनी हावा | मानसुन","monsoon","भारतीय महासागरबाट बग्ने एउटा वायु जुनचाहिँ चल्दा भारतमा झरी पर्छ","a seasonal wind in southern Asia; blows from the southwest (bringing rain) in summer and from the northeast in winter"
"54262",1,"चन्द्रप्रभा | जुनकोप्रकाश | ज्योत्स्ना","moon | moonlight | moonshine","चन्द्रमाको प्रकाश:जब म घरबाट निस्किएँ, आकाश सफा थियो र पृथ्वीमा जुनको प्रकाश फैलिएको थियो","the light of the moon"
"54265",1,"घाम | राप","sun | sunlight | sunshine","सूर्यको किरणको विस्तार:जाडो मौसममा घाम राम्रो लाग्छ","the rays of the sun"
"54329",1,"चाप | दवाब","push | thrust","थिच्ने क्रियाको फलस्वरुप उत्पन्न बल वा जोर","the force used in pushing"
"54330",1,"प्रतिक्रिया","reaction","कुनै क्रियाको समान तर विपरीत अथवा विरुद्ध दिशामा हुने क्रिया","(mechanics) the equal and opposite force that is produced when any force is applied to a body"
"54345",1,"झरी | वर्षा","rain | rainfall","NO_GLOSS","water falling in drops from vapor condensed in the atmosphere"
"54354",1,"परावर्तन | प्रत्यावर्तन | सट्टापट्टा | साटफेर","reflection | reflexion","कुनै सतहबाट प्रकाश,ध्वनि आदि ठोक्किएर फर्कने क्रिया","the phenomenon of a propagating wave (light or sound) being thrown back from a surface"
"54368",1,"काया-कल्प | कायाकल्प","greening | rejuvenation","त्यो प्रक्रिया जसमा आफ्नो हराइसकेको शक्ति,ऊर्जा आदि पुनः प्राप्त गर्नु","the phenomenon of vitality and freshness being restored"
"54382",1,"धुँवा | धूवाँ","fume | smoke","NO_GLOSS","a cloud of fine particles suspended in a gas"
"54384",1,"हिउँ | हिमपात | हिमवर्षा","snow | snowfall","NO_GLOSS","precipitation falling from clouds in the form of ice crystals"
"54387",1,"तुषारो | हिउँ | हिमकण","flake | snowflake","तुषारो वा हिउँका धेरै ससाना कण","a crystal of snow"
"54436",1,"सूर्योदय","sunrise","घाम झुल्किने समय","atmospheric phenomena accompanying the daily appearance of the sun"
"54446",1,"चट्याङ | चड्को | वज्र","bolt | bolt of lightning | thunderbolt","अकासमा बिजुली चम्किने र बादल गर्जे पछि बिजुली पृथ्वीमा झर्ने क्रिया","a discharge of lightning accompanied by thunder"
"54479",1,"जलस्तम्भ","waterspout","एउटा प्राकृतिक घटना जसमा जलाशय वा समुद्रको पानी केही समयका लागि माथि उठेर स्तम्भको रूप धारण गर्छ","a tornado passing over water and picking up a column of water and mist"
"54481",1,"मौसम","atmospheric condition | weather | weather condition","वर्षा, हावको सुक्खापन र चिसोपन तथा प्रवाह आदिका विचारले कुनै ठाउँको वातावरणको त्यो अवस्था जसमा समय-समयमा परिवर्तन भइरहन्छ:आजको मौसम धेरै रमाइलो छ","the meteorological conditions: temperature and wind and clouds and precipitation"
"54486",1,"हावा","air current | current of air | wind","NO_GLOSS","air moving (sometimes with considerable force) from an area of high pressure to an area of low pressure"
"54489",1,"एक्स-रे | ऐक्स-किरण | क्ष-किरण","roentgen ray | x-radiation | x-ray | x ray","कुनै कडक वस्तुमाथि वेगवान इलेक्ट्रन ठोक्किनाले उत्पन्न हुनेवाला कम तरङ्ग-दैर्ध्य विद्युत चुम्बकीय किरण","electromagnetic radiation of short wavelength produced when high-speed electrons strike a solid target"
"54612",1,"बहुवर्षी पादप | बहुवर्षी वनस्पति | बहुवर्षीय पादप | बहुवर्षीय वनस्पति","perennial","त्यो वनस्पति जुन तीन वर्ष या त्योभन्दा धेरै वर्षसम्म जीवित रहन्छ","a plant lasting for three seasons or more"
"54769",1,"देवदार","cedrus deodara | deodar | deodar cedar | himalayan cedar","एउटा धेरै ठुलो रूख जसबाट अलकतरा र तारपिन जस्तै तेल निस्किन्छ:देवदारको दाउरो धेरै दरो हुन्छ","tall East Indian cedar having spreading branches with nodding tips; highly valued for its appearance as well as its timber"
"54978",1,"एकदलीय वनस्पति","endogen | liliopsid | monocot | monocotyledon","NO_GLOSS","a monocotyledonous flowering plant; the stem grows by deposits on its inside"
"54992",1,"कलिका | कोपिला | चिचिला-चिचिली | मुकुल","bud","नफुलेको फूल","a partially opened flower"
"54994",1,"""पुङकेसर | पराग-केसर | परागकेसर","stamen","पुष्पको पुरुष जनन भाग","the male reproductive organ of a flower"
"55054",1,"कोयो | दानु | बियाँ","endocarp | pit | stone","यस्तो फलको बीउ जसमा एउटा ठुलो कोयो हुन्छ जसको आवरण सारो हुन्छ:आँप खाएर कोयो बारीमा रोपियो","the hard inner (usually woody) layer of the pericarp of some fruits (as peaches or plums or cherries or olives) that contains the seed"
"55092",1,"कोपिला | चिचिला","flower petal | petal","फूलको त्यो रङ्गी-चङ्गी पत्र जुन फुल्दा वा फैलिँदा फुलको रूप बनिन्छ:नानीले कमलको कोपिलो चुँड्यो","part of the perianth that is usually brightly colored"
"55098",1,"बाह्य दल","calyx","फुल वा कलीको बाहिरको हरियो भाग","(botany) the whorl of sepals of a flower collectively forming the outer floral envelope or layer of the perianth enclosing and supporting the developing bud; usually green"
"55161",1,"दालचिनी","ceylon cinnamon | ceylon cinnamon tree | cinnamomum zeylanicum | cinnamon","एकखाले वृक्ष जसको सुगन्धित बोक्रो मसलाको रूपमा व्यवहार हुन्छ","tropical Asian tree with aromatic yellowish-brown bark; source of the spice cinnamon"
"55162",1,"दालचिनी | दाल्चिनी","cinnamon | cinnamon bark","एउटा वृक्षको सुगन्धित बोक्रा जुनचाहिँ दवाई र मसालाको काम आउँछ:आमाले आज पुलावमा दालचिनी हाल्न बिर्सिनुभयो","aromatic bark used as a spice"
"55405",1,"लज्जावती | लज्जे | लाजवन्ती","action plant | humble plant | live-and-die | mimosa pudica | sensitive plant | shame plant | touch-me-not","एउटा सानो काँडा भएको बोट","prostrate or semi-erect subshrub of tropical America, and Australia; heavily armed with recurved thorns and having sensitive soft grey-green leaflets that fold and droop at night or when touched or cooled"
"55413",1,"कत्था | खयर","black catechu | catechu","खयरका काठको निस्केको सार:कत्था पानसँग खाइन्छ","extract of the heartwood of Acacia catechu used for dying and tanning and preserving fishnets and sails; formerly used medicinally"
"55507",1,"तैरिणी | मेन्धी | मेहन्दी","myrtle | vinca minor","एउटा बोट जसका पातहरू पिसेर हत्केला आदिमा लगाइन्छ","widely cultivated as a groundcover for its dark green shiny leaves and usually blue-violet flowers"
"55788",1,"पालुङ्गो","prickly-seeded spinach | spinach | spinach plant | spinacia oleracea","एकखाल्को साग:आमाले आज पालुङ्गो र रोटी पकाउनुभएको छ","southwestern Asian plant widely cultivated for its succulent edible dark green leaves"
"55863",1,"नागफनी | सिउँडी","prickly pear | prickly pear cactus","सिँउडी जातिको एउटा काढे बोट:उसको पछ्यौरा सिउँडीको बोटमा अल्झियो","cacti having spiny flat joints and oval fruit that is edible in some species; often used as food for stock"
"55974",1,"काउली | कोपी | फुलकोपी | फुलगोभी","brassica oleracea botrytis | cauliflower","एकखाले धेरै ठुलो फुल जसलाई तरकारीको रूपमा खाइने गरिन्छ:उनी फुलकोपीको रोपाइ गर्दै छन्","a plant having a large edible head of crowded white flower buds"
"55980",1,"गान्टेमूला | सलगम","brassica rapa | turnip | white turnip","एउटा बोट जसको गानो गोलो हुन्छ र खाइन्छ:सिता खेतमा गान्टेमूला उखेल्दै छे","widely cultivated plant having a large fleshy edible white or yellow root"
"56063",1,"मुला","radish | radish plant","एउटा बोट जसको चरपरा, सेतो कन्द खाइन्छ:किसान खेतमा मुलाको रोपाईं गर्दै छ","a cruciferous plant of the genus Raphanus having a pungent edible root"
"56102",1,"अफिम","opium poppy | papaver somniferum","त्यो बोट जसका कोसाबाट अफिम निस्किन्छ:उसले आफ्नो घरको पछिल्तिर अफिम रोपेको छ","southwestern Asian herb with greyish leaves and white or reddish flowers; source of opium"
"56686",1,"पद्मा | सयपत्री","marigold","एउटा बोट जसका सुगन्धित फुल विशेषगरी पहेँलो रङका र गोला हुन्छन्।","any of various tropical American plants of the genus Tagetes widely cultivated for their showy yellow or orange flowers"
"57166",1,"जौ | यव","barley","गहुँ जस्तै एउटा बोट जसको दानाको पीठो बनाइन्छ:श्यामू खेतमा जौ छर्दै छन्","cultivated since prehistoric times; grown for forage and grain"
"57181",1,"धान","rice","एउटा बोट जसको बिउबाट चामल निस्किन्छ:खेतमा धान लह-लह भइरहेको छ","annual or perennial rhizomatous marsh grasses; seed used for food; straw used for paper"
"57198",1,"कोदो | बाजरा","bulrush millet | cattail millet | pearl millet | pennisetum americanum | pennisetum glaucum","खेतमा रोपिने एउटा बोट जसबाट प्राप्‍त भएको अन्न खाने गरिन्छ:किसान खेतमा कोदो काट्दै छ","tall grass having cattail like spikes; grown in Africa and Asia for its grain and in the United States chiefly for forage; sometimes used in making beer"
"57276",1,"मकै","corn","एउटा ठुलो अन्न जुन खाने काममा आउँछ:सोहन मकैका पीठाको रोटी खान मन पराउँछ","the dried grains or kernels or corn used as animal feed or ground for meal"
"57340",1,"अनाज कण | दाना","kernel","अन्नको त्यो खण्ड जो उबाट अलग भइसकेको छ","a single whole grain of a cereal"
"57347",1,"कुभिन्डो | कुष्मान्ड | सीताफल","autumn pumpkin | cucurbita pepo | pumpkin | pumpkin vine","एकखाले लहरे फल जसको तरकारी बनिन्छ:खेतको  कुभिन्डो अब फल्न थालेको छ","a coarse vine widely cultivated for its large pulpy round orange fruit with firm orange skin and numerous seeds; subspecies of Cucurbita pepo include the summer squashes and a few autumn squashes"
"57372",1,"खरबुजो","citrullus vulgaris | watermelon | watermelon vine","एक प्रकारको लहरो जसको गोलो फल खान काम लाग्छ","an African melon"
"57374",1,"खरबुजो","cucumis melo | muskmelon | sweet melon | sweet melon vine","काँक्रोका जातको एउटा लहरो:कृषक बालुवा माटोमा खरबुजाको खेती गर्छ","any of several varieties of vine whose fruit has a netted rind and edible flesh and a musky smell"
"57382",1,"लाउ | लौका | लौकी | लौको","bottle gourd | calabash | lagenaria siceraria","एउटा लहरो जसमा गोलो वा लामो फल फल्छ:लौकीको बोटमा धेरै फल लागेका छन्","Old World climbing plant with hard-shelled bottle-shaped gourds as fruits"
"57385",1,"घिरौंला","loofah | luffa cylindrica | vegetable sponge","एक प्रकारको लहरो:घिरौंलाका फलको तरकारी बन्छ","the loofah climber that has cylindrical fruit"
"57408",1,"भिण्डी | रामतोरिया","abelmoschus esculentus | gumbo | hibiscus esculentus | lady's-finger | okra | okra plant","एकखाले सानो बिरुवा जसका अलिक पातला,लामा फल तरकारी बनाउने काम आउँछ","tall coarse annual of Old World tropics widely cultivated in southern United States and West Indies for its long mucilaginous green pods used as basis for soups and stews; sometimes placed in genus Hibiscus"
"57409",1,"भिन्डी | रामतोरिया","okra","एउटा बोटको फल जसको तरकारी पकाइन्छ:वैद्यका अनुसार भिन्डी तातो, ग्राही र रुचिकारक हुन्छ","long green edible beaked pods of the okra plant"
"57425",1,"कपास | कबास","cotton | cotton plant","एउटा बोट जसका कोसोबाट रुवा निस्किन्छ:कपासको रुवा धेरै उपयोगी हुन्छ","erect bushy mallow plant or small tree bearing bolls containing seeds with many long hairy fibers"
"57891",1,"भोजपत्र | भोजपात","birch | birch tree","हिमालयमा पाइने एउटा रूख जसको बोक्रो लेख्‍ने काममा आउँछ","any betulaceous tree or shrub of the genus Betula having a thin peeling bark"
"58074",1,"ओखर","walnut | walnut tree","एउटा फल भएको अग्लो रूख जसको फल मेवाको अन्तर्गत पर्दछ","any of various trees of the genus Juglans"
"58184",1,"लङ","clove | clove tree | eugenia aromaticum | eugenia caryophyllatum | syzygium aromaticum","एउटा झाङ जसको कलीलाई सुकाउँदा मसाला र औषधिको काममा आउँछ:लङमा पानी हाल्नुपर्छ","moderate sized very symmetrical red-flowered evergreen widely cultivated in the tropics for its flower buds which are source of cloves"
"58213",1,"दाडिम | दारिम","pomegranate | pomegranate tree | punica granatum","एउटा वृक्ष जसको फल खाने गरिन्छ","shrub or small tree native to southwestern Asia having large red many-seeded fruit"
"58250",1,"केरा | कोल","banana | banana tree","एउटा रूख जसको पात एक मिटरसम्म लामो हुन्छ र फल लाम्चो, गुदी भएको र मिठो हुन्छ:उनले घरको पछिल्तिर केराको बोट रोपेका  छन्","any of several tropical and subtropical treelike herbs of the genus Musa having a terminal crown of large entire leaves and usually bearing hanging clusters of elongated fruits"
"58265",1,"अदुवा | आर्द्रक","ginger","एक प्रकारको बोट जसको तीक्ष्ण र चरपरी जड या गाँठो औषध र मसालाको काममा आउँछ","perennial plants having thick branching aromatic rhizomes and leafy reedlike stems"
"58345",1,"मेवा","carica papaya | melon tree | papaia | papaya | papaya tree | pawpaw","एक प्रकारको रूख जसको फल खाइन्छ अनि यसको काठको कुनै खास उपयोग हुँदैन","tropical American shrub or small tree having huge deeply palmately cleft leaves and large oblong yellow fruit"
"58463",1,"भाँग | भाङ","cannabis indica | indian hemp","एउटा बोट जसको पात मानिस पिसेर खान्छन्","source of e.g. bhang and hashish as well as fiber"
"58479",1,"कटहर","artocarpus heterophyllus | jackfruit | jackfruit tree","एउटा रूख जसमा ठुलो र भारी फल फल्छन्:उनले आफ्नो बारीमा कटहर रोपे","East Indian tree cultivated for its immense edible fruit and seeds"
"58483",1,"अञ्जीरवृक्ष | अन्जिर","common fig | common fig tree | ficus carica | fig","गुलेरको जस्तो एउटा रूख जसको फल मिठो हुन्छ र खाइन्छ:मेरा घरको छेउमा अन्जिरको बगैंचा छ","Mediterranean tree widely cultivated for its edible fruit"
"58486",1,"बर | बरगाछी","banian | banian tree | banyan | banyan tree | east indian fig tree | ficus bengalensis | indian banyan","पीपल जस्तै एउटा ठुलो रूख:यात्रीहरू बरका छायाँमा विश्राम गर्दै छन्","East Indian tree that puts out aerial shoots that grow down into the soil forming additional trunks"
"58554",1,"किञ्जल्क | कुङ्कुम | कुमकुम | केशर | केसर","crocus sativus | saffron | saffron crocus","जाडो देशमा पाइने एउटा बोट जसको भुवा उत्कृष्ट सुगन्धका लागि प्रसिद्ध छ","Old World crocus having purple or white flowers with aromatic pungent orange stigmas used in flavoring food"
"58623",1,"पियाज | प्याज","allium cepa | onion | onion plant","एउटा उद्भिद जसको जरा साथै यसको पात  तरकारीको रूपमा खाइन्छ","bulbous plant having hollow leaves cultivated worldwide for its rounded edible bulb"
"58942",1,"तित्री","tamarind | tamarind tree | tamarindo | tamarindus indica","एक प्रकारको ठुलो रूख जसका गुदी भएका लामा फलहरू अमिलो बनाउने काम आउँछ:श्यामका दैलामा एउटा ठुलो तित्रीको रूख छ","long-lived tropical evergreen tree with a spreading crown and feathery evergreen foliage and fragrant flowers yielding hard yellowish wood and long pods with edible chocolate-colored acidic pulp"
"58977",1,"किंशुक | पलाँस | पलाश","butea frondosa | butea monosperma | dak | dhak | palas","एउटा रूख जसमा रातो फुल फुल्छ:यस बगैँचामा पलाँस धेरै छन्","East Indian tree bearing a profusion of intense vermilion velvet-textured blooms and yielding a yellow dye"
"58979",1,"रहर","cajan pea | cajanus cajan | catjang pea | dahl | dhal | pigeon-pea plant | pigeon pea | red gram","एक प्रकारको बोट जसका बिउको दालको रूपमा खाइन्छ:बालुवा माटो रहरका लागि उपयुक्त हुन्छरहर एउटा दालकाने बोट हो","tropical woody herb with showy yellow flowers and flat pods; much cultivated in the tropics"
"59085",1,"जेठीमधु | मरहट्टी | मुलेठी","licorice root","एउटा पोथ्राको जरो जुनचाहिँ दवाईको काम आउँछ:च्यवनप्राश बनाउन जेठी मधुको पनि प्रयोग हुन्छ","root of licorice used in flavoring e.g. candy and liqueurs and medicines"
"59135",1,"मुसुरी | मुसुरो","lens culinaris | lentil | lentil plant","एकखाले बोट जसको बीज दालका रूपमा खाइन्छ:किसानहरू मुसुरी दाल काट्दै छन्","widely cultivated Eurasian annual herb grown for its edible flattened seeds that are cooked like peas and also ground into meal and for its leafy stalks that are used as fodder"
"59139",1,"अङ्ज | अङ्भोज | अम्बुज | अम्भोज | कमल | नीरज | पङ्कज | पङ्कजन्मा | पङ्कजात | पद्म | पुष्कर | प्रफुला | प्रफुल्ला | शृंग | श्रीवास | श्रीवासक","genus lotus | lotus","पानीमा उत्पन्न हुने एउटा बोट जुन आफ्नो सुन्दर फुलका लागि प्रसिद्ध छ","annual or perennial herbs or subshrubs"
"59153",1,"कुलथी","dolichos biflorus | horse grain | horse gram | macrotyloma uniflorum | poor man's pulse","उडदको समान एउटा मोटो अन्न जुन चौपायालाई खुवाइन्छ र यसको दाल पनि बन्छ:कुलथीको दाल पथरीको रोगीका लागि लाभदायक हुन्छ","twining herb of Old World tropics cultivated in India for food and fodder; sometimes placed in genus Dolichos"
"59191",1,"बोडी | सिमी","bean | bean plant","एकखाले लहरो जसको फल तरकारीका रूपमा खाने गरिन्छ:खेतमा सिमीका पात किराले खाए","any of various leguminous plants grown for their edible seeds and pods"
"59210",1,"केराउ | मटर","pea","एकखाले अन्न जसको दाल र तरकारी बन्छ:रामलाई केराउको तरकारी धेरै मन पर्छ","the fruit or seed of a pea plant"
"59293",1,"मिर्गौँलेबोडी","moth bean | phaseolus aconitifolius | vigna aconitifolia","मुगी जस्तो एउटा मोटो अन्न:मिर्गौँले बोडीको दाल बनाइन्छ","East Indian legume having hairy foliage and small yellow flowers followed by cylindrical pods; used especially in India for food and forage and as a soil conditioner; sometimes placed in genus Phaseolus"
"59297",1,"मकैबोडी","black-eyed pea | cowpea | cowpea plant | vigna sinensis | vigna unguiculata","एउटा लहरो जसका फलको बीउलाई अन्नमा गन्ती गरिन्छ:किसान खेतमा मकैबोडी छर्दै छ","sprawling Old World annual cultivated especially in southern United States for food and forage and green manure"
"59298",1,"तनेबोडी | मकैबोडी","black-eyed pea | cowpea","एकखाले लहरे बोटको फलबाट प्राप्‍त दानादार अन्न:मकैबोडिको दाल, तरकारीहरू पकाइन्छ","fruit or seed of the cowpea plant"
"59576",1,"स्याउ | स्याउको वृक्ष","apple | malus pumila | orchard apple tree","एउटा रूख जसको गोलो खाद्य फल मिठो हुन्छ","native Eurasian tree widely cultivated in many varieties for its firm rounded edible fruits"
"59595",1,"आलुबखडा","plum | plum tree","एउटा रुख जसको फल खाइन्छ","any of several trees producing edible oval fruit having a smooth skin and a single hard stone"
"59630",1,"बदम | बदाम","almond | amygdalus communis | prunus amygdalus | prunus dulcis | sweet almond","एउटा वृक्ष जसको फल मेवामा गन्ती गरिन्छ","small bushy deciduous tree native to Asia and North Africa having pretty pink blossoms and highly prized edible nuts enclosed in a hard green hull; cultivated in southern Australia and California"
"59664",1,"नासपाती | नास्पाती","pear | pear tree | pyrus communis","थुम्के बोट जसका पातहरू अम्बकका पातका समान हुन्छन्:बाँदर नास्पातीको बोटमा चढेको छ","Old World tree having sweet gritty-textured juicy fruit; widely cultivated in many varieties"
"59718",1,"कफी | कफी वृक्ष","coffee | coffee tree","एक वृक्ष जसको बीऊलाई भुटेर-पिसेर पेय बनाइन्छ","any of several small trees and shrubs native to the tropical Old World yielding coffee beans"
"59880",1,"नीम | नीमपात","arishth | azadirachta indica | margosa | melia azadirachta | neem | neem tree | nim tree","एउटा प्रसिद्ध रूख जसका सबै अङ्ग तिता हुन्छन्:नीम मान्छेका लागि धेरै उपयोगी हुन्छनीमको मञ्जनले दाँतलाई स्वच्छ र निरोगी बनाउँछ","large semi-evergreen tree of the East Indies; trunk exudes a tenacious gum; bitter bark used as a tonic; seeds yield an aromatic oil; sometimes placed in genus Melia"
"59939",1,"सुन्तला","orange | orange tree","कागतीका जातको एउटा मझौलो आकारको रूख:सुन्तलाको फल मिठो, सुगन्धित र रसिलो हुन्छ","any citrus tree bearing oranges"
"59943",1,"चाक्सी | जुनार | ज्यामीर | बिमिरो","citrus decumana | citrus grandis | citrus maxima | pomelo | pomelo tree | pummelo | shaddock","दक्षिण एसियामा पाइने एउटा रूख जसका फलको आकार ठुलो हुन्छ:ज्यामीरको फल औषघिका रूपमा प्रयोग हुन्छ","southeastern Asian tree producing large fruits resembling grapefruits"
"59955",1,"निबुवा","citrus limon | lemon | lemon tree","एउटा सानो रूख जसका गोला फल अमिला हुन्छन्","a small evergreen tree that originated in Asia but is widely cultivated for its fruit"
"59956",1,"मौसमी","citrus limetta | sweet lemon | sweet lime","निबु जातिको एउटा मध्यम आकारको रूख जसको फल खाइन्छ:मौसमीको फल सुन्तला जस्तो हुन्छ","lemon tree having fruit with a somewhat insipid sweetish pulp"
"60066",1,"चन्दन | श्रीखण्ड","sandalwood tree | santalum album | true sandalwood","एउटा रूख जसको काठ सुगन्धित हुन्छ:दक्षिण भारतमा चन्दनको जङ्गल पाइन्छ","parasitic tree of Indonesia and Malaysia having fragrant close-grained yellowish heartwood with insect repelling properties and used, e.g., for making chests"
"60111",1,"लिची | लिच्ची","lichee | litchi | litchi chinensis | litchi tree | nephelium litchi","एउटा चिरहरित वृक्ष जसका गोला मिठा फल खाइन्छ","Chinese tree cultivated especially in Philippines and India for its edible fruit; sometimes placed in genus Nephelium"
"60187",1,"काजु","anacardium occidentale | cashew | cashew tree","एउटा सहाबहार रूख जसको फलको गणना मेवासित हुने गर्छ:एउटा बाँदर काजुको हाँगा हल्लाउँदै छ","tropical American evergreen tree bearing kidney-shaped nuts that are edible only when roasted"
"60514",1,"सखरखण्ड | सुठनी","ipomoea batatas | sweet potato | sweet potato vine","एकखाले माटामा फैलिने लहरो जसमा मिठा-मिठा गाना फल्छन्:खेतमा किसान सुठनीमाथि कीटनासक औषधि छ्याप्‍दै छ","pantropical vine widely cultivated in several varieties for its large sweet tuberous root with orange flesh"
"60656",1,"पदीना | पुदिना","mentha spicata | spearmint","एउटा सानो बोट जसका सुगन्धित पातहरू  चटनी, मसाला आदि बनाउने काममा आउँछ","common garden herb having clusters of small purplish flowers and yielding an oil used as a flavoring"
"60678",1,"तुलसी","basil","पवित्र मानिने एउटा बोट जसको पातमा वास्ना हुन्छ:तुलसीका पातहरू औषधिको काममा आउँछ","any of several Old World tropical aromatic annual or perennial herbs of the genus Ocimum"
"60843",1,"बैगन | बैगुन | भन्टा | भ्यान्टा","aubergine | brinjal | eggplant | eggplant bush | garden egg | mad apple | solanum melongena","एउटा बोट जसको फलको तरकारी बनाइन्छ:किसान भन्टाको खेतमा खन्ने-गोड्ने गर्दै छन्","hairy upright herb native to southeastern Asia but widely cultivated for its large glossy edible fruit commonly used as a vegetable"
"60849",1,"आलु","potato | solanum tuberosum | white potato | white potato vine","एउटा उद्भिद जसको कन्दको तरकारी बनाइन्छ","annual native to South America having underground stolons bearing edible starchy tubers; widely cultivated as a garden vegetable; vines are poisonous"
"60875",1,"धतुरो","datura | genus datura","एउटा बोट जसका फलको बिउ धेरै विषालु हुन्छ:धतुरो भगवान शिवको प्रिय हो","thorn apple"
"60888",1,"गोलभेडा | टमाटर","love apple | lycopersicon esculentum | tomato | tomato plant","एउटा सानो बोट जसका अलिक अमिलो च्याप्टो, गोलो र गुदी भएको फल तरकारीका रूपमा खाइन्छ","native to South America; widely cultivated in many varieties"
"60897",1,"तमाखु | सुर्ती","tobacco | tobacco plant","एकखाले बोट जसका पात धेरै प्रकारको नशाका  काममा लगाइन्छ:उनी तमाखुको खेती गर्छन्","aromatic annual or perennial herbs and shrubs"
"60944",1,"सगुन | सागवान","teak | tectona grandis","एउटा वृक्ष जसको काठ धेरै दरो हुन्छ:यो कुर्सी सगुनका काठले बनाएको हो","tall East Indian timber tree now planted in western Africa and tropical America for its hard durable wood"
"60981",1,"अँडिर | अँडिल | एरण्ड","castor-oil plant | castor bean plant | palma christ | palma christi | ricinus communis","एउटा बोट जसका गेडाबाट तेल निकालिन्छ","large shrub of tropical Africa and Asia having large palmate leaves and spiny capsules containing seeds that are the source of castor oil and ricin; widely naturalized throughout the tropics"
"60987",1,"रबड | रबर | रबरवृक्ष","caoutchouc tree | hevea brasiliensis | para rubber tree","बरका जातको एउटा वृक्ष","deciduous tree of the Amazon and Orinoco Rivers having leathery leaves and fragrant yellow-white flowers; the rubber tree usually cultivated in plantations; chief source of Para rubber"
"61006",1,"चिया","camellia sinensis | tea","एकखाले बोट जसका पात उम्लिएका पानीमा हालेर बनाएको पेय:असममा चियाका ठुल्ठुला बगानहरू छन्","a tropical evergreen shrub or small tree extensively cultivated in e.g. China and Japan and India; source of tea leaves"
"61045",1,"गाजर","carrot","एक प्रकारको मिठो कन्द(जरो)जसलाई खाइन्छ:गाजरमा कार्बोहाईड्रेटको मात्रा धेरै पाइन्छ","deep orange edible root of the cultivated carrot plant"
"61362",1,"च्याउ | मशरूम","mushroom","एकखाले च्याउ जुन चाहिँ खाइन्छ","common name for an edible agaric (contrasting with the inedible toadstool)"
"61367",1,"मृगे च्याउ","chinese black mushroom | golden oak mushroom | lentinus edodes | oriental black mushroom | shiitake | shiitake mushroom","NO_GLOSS","edible east Asian mushroom having a golden or dark brown to blackish cap and an inedible stipe"
"61775",1,"घाँस | झार-जङ्गल","weed","खेतहरूमा उम्रिने घाँस वा यस खालका अरू कुनै बोट:किसान खेतबाट झार-जङ्गल निकाल्दै छन्","any plant that crowds out cultivated plants"
"61778",1,"नगदे वाली","cash crop","NO_GLOSS","a readily salable crop that is grown and gathered for the market (as vegetables or cotton or tobacco)"
"61783",1,"रूख-पातको भाग | वनस्पतिको भाग","plant part | plant structure","कुनै रूख-पातका कुनै भाग","any part of a plant or fungus"
"61784",1,"वनस्पति अङ्ग | वनस्पति अवयव","plant organ","रूख-पात आदिको एउटा कार्यात्मक अनि रचनात्मक एकाइ","a functional and structural unit of a plant or fungus"
"61798",1,"रुई | रुवो","coma","बिउ माथिको रुवो","a usually terminal tuft of hairs especially on a seed"
"61832",1,"खुपी | गरी | गुदी","flesh | pulp","फल भित्रको कमलो अंश","a soft moist part of a fruit"
"61867",1,"रूख","tree","NO_GLOSS","a tall perennial woody plant having a main trunk and branches forming a distinct elevated crown; includes both gymnosperms and angiosperms"
"61872",1,"बिरुवा","sapling","उम्रिँदै गरेका रूखको आरम्भिक रूप","young tree"
"61900",1,"जलीय पादप | जलीय बोट | जलीय वनस्पति | हाइड्रोफाइटा","aquatic plant | hydrophyte | hydrophytic plant | water plant","जलमा उम्रिने बोट जसको जड हिलोमा हुन्छ या त्यो बोट जुन जलमा तैरण भइरहन्छ","a plant that grows partly or wholly in water whether rooted in the mud, as a lotus, or floating without anchorage, as the water hyacinth"
"61963",1,"चमरा | सुत्ला","capitulum | ear | spike","गहुँ आदिका बोटको त्यो टुप्पाको भाग जसमा दाना हुन्छन्","fruiting spike of a cereal plant especially corn"
"61978",1,"खुपी | गरी | गुदी","kernel | meat","बिउका भित्रको गुदी","the inner and usually edible part of a seed or grain or nut or fruit stone"
"62044",1,"गोलमरीच | मरीच","black pepper | common pepper | madagascar pepper | pepper | piper nigrum | white pepper","एउटा लता जसको तिक्त,कालो,सानो तथा गोलो दानो व्यञ्जनमा मसलाका रूपमा उपयोग हुन्छ:किसानले खेतबाट मरीचलाई जरैबाट उखेल्दै छ","climber having dark red berries (peppercorns) when fully ripe; southern India and Sri Lanka; naturalized in northern Burma and Assam"
"62130",1,"छाला | बल्कल | बोक्रो","bark","रूखको बोक्रो, हाँगा आदिको माथिल्लो आवरण:कतिपय रूखको बोक्रो औधषिका रूपमा उपयोग गरिन्छ","tough protective covering of the woody stems and roots of trees and other woody plants"
"62138",1,"डालो | शाखा | हाँगो","limb | tree branch","वृक्ष आदिका हाँगाबाट यता-उता निस्किएका अङ्ग:केटाकेटीहरू आँपका डालामा झुन्डिरहेका छन्","any of the main branches arising from the trunk or a bough of a tree"
"62139",1,"डालो | शाखा | हाँगो","branchlet | sprig | twig","शाखाबाट निस्किएको सानो शाखा:उसले रूखको एउटा हाँगो भाँच्यो","a small branch or division of a branch (especially a terminal division); usually applied to branches of the current or preceding year"
"62151",1,"बेत | लौरो","stick","कुनै रूखका हाँगा जसको उपयोग लौरोको  रूपमा गरिन्छ","a small thin branch of a tree"
"62545",1,"अचल सम्पत्ति | अचल सम्पदा | स्थावर सम्पत्ति","immovable | real estate | real property | realty","त्यो सम्पत्ति जसलाई एक स्थानबाट उठाएर अर्को स्थानमा लान सकिन्छ","property consisting of houses and land"
"62574",1,"भूसम्पत्ति | भूसम्पदा","estate","त्यो सम्पत्ति जुन खेती बारी, जङ्गल, घर आदिका रुपमा हुन्छ","everything you own; all of your assets (whether real property or personal property) and liabilities"
"62585",1,"बगान | बगैँचा | बारी","plantation","त्यो क्षेत्र जहाँ बढी मात्रामा नगदी बाली उमारिन्छ वा लगाइन्छ","an estate where cash crops are grown on a large scale (especially in tropical areas)"
"62637",1,"राजस्व","revenue | tax income | tax revenue | taxation","कर,शुल्क आदिको रूपमा राजा वा सरकारलाई हुने आय","government income due to taxation"
"62647",1,"पुर्ख्यौली सम्‍पत्ति | पैतृक सम्पत्ति","bequest | legacy","बाउ-बाजेबाट पाइएको सम्पत्ति","(law) a gift of personal property by will"
"62660",1,"छात्रवृत्ति | वृत्ति","scholarship","अध्ययनका लागि पाइने अनुदान:रोहण जस्तो गरिब केटाले छात्रवृत्तिको जोडले आफ्नो पढाइ पूरा गर्‍यो","financial aid provided to a student on the basis of academic merit"
"62664",1,"उपचुनाव | उपनिर्वाचन","subsidy","सरकारद्वारा दिइएको त्यो अनुदान जुनचाहिँ सबै जनताको कल्याणका लागि हो","a grant paid by a government to an enterprise that benefits the public"
"62685",1,"दान","offering","त्यो वस्तु जुनचाहिँ दानमा कसैलाई दिइन्छ","money contributed to a religious organization"
"62706",1,"लाभांश","dividend","कुनै व्यापारबाट हुने आर्थिक लाभको त्यो अंश जुनचाहिँ त्यस व्यापारमा रुपियाँ लगाउने सबै भागिदारहरूले उनीहरूको भागको अनुसार पाउँछन्","a bonus; something extra (especially a share of a surplus)"
"62755",1,"क्षतिपूर्ति","compensation","कसैको नोक्सानी वा हानि हुँदा त्यसको बदलामा दिइने धन","something (such as money) given or received as payment or reparation (as for a service or loss or injury)"
"62802",1,"ज्याला | पारिश्रमिक | बनी | मजदुरी","emolument","त्यो धन जुन कसैलाई केही परिश्रम गर्दा त्यसको सट्टा या पारितोषिक आदिका रूपमा दिइन्छ","compensation received by virtue of holding an office or having employment (usually in the form of wages or fees)"
"62823",1,"अनुकम्पा राशि | सहयोग | सहायता","stipend","कसैको भरण-पोषण आदिका लागि दिइने धन","a sum of money allotted on a regular basis; usually for some specific purpose"
"62866",1,"जरिमाना | दण्ड | फाइन","amercement | fine | mulct","त्यो दण्ड जसमा अपराधीबाट केही धन लिइन्छ:सार्वजनीक स्थानमा धूम्रपान गर्नाका कारण उसले दण्डका रूपमा सय रूपियाँ दिनु पर्‍यो","money extracted as a penalty"
"62880",1,"मुल्य","damage | price | terms","NO_GLOSS","the amount of money needed to purchase something"
"62908",1,"किराया | भाडा | यात्रा भाडा","fare | transportation","कुनै वाहनमा चढ्नका लागि दिइने कुनै निश्‍चित धन","the sum charged for riding in a public conveyance"
"62914",1,"असुली","levy","रूपिया,पैसा आदि असुल गर्ने काम","a charge imposed and collected"
"62920",1,"आयकर | इन्कम टेक्स","income tax","आयमा लाग्ने कर","a personal tax levied on annual income"
"62964",1,"कर | चुङगी | नगर-शुल्क | भन्सार","octroi","सहरमा आउने बाहिरको सामानमा लाग्ने कर","a tax on various goods brought into a town"
"62973",1,"ब्याज","interest","कसैलाई रिन दिइएको वा ब्याङ्कहरूमा जमा गरिएका रुपियाँका बद्लामा त्यस समयसम्म पाइने त्यो निश्चित धन, जहिलेसम्म मुलधन फिर्ता हुँदैन:श्याम ब्याजमा पैसा दिन्छन्","a fixed charge for borrowing money; usually a percentage of the amount borrowed"
"62990",1,"प्रवेश शुल्क","admission | admission charge | admission fee | admission price | entrance fee | entrance money | price of admission","त्यो शुल्क जुनचाहिँ कुनै सङस्था आदिमा प्रवेशका लागि दिइन्छ","the fee charged for admission"
"63007",1,"शिक्षा-शुल्क | शिक्षा शुल्क","tuition | tuition fee","शिक्षा प्राप्‍त गर्नका लागि दिइने शुल्क","a fee paid for instruction (especially for higher education)"
"63015",1,"दर | दाम | भाउ | मूल्य | मोल","charge per unit | rate","त्यो निश्‍चित वा स्थिर गरिएको मूल्य जसमा कुनै चिज बिक्ने गर्छ","amount of a charge or payment relative to some basis"
"63017",1,"अधिभार | सरचार्ज","surcharge","त्यो अतिरिक्त वा विशेष अंश जुन कुनै विशिष्ट कार्यका लागि वा कुनै विशेष परिस्थितिमा अलग्गै वा परिमाणभन्दा अधिक कर वा शुल्क","an additional charge (as for items previously omitted or as a penalty for failure to exercise common caution or common skill)"
"63048",1,"धन राशि | धनराशि | रकम","amount | amount of money | sum | sum of money","लेन-देन आदि विशेष कार्यका लागि दिइने या प्राप्य नियत धन","a quantity of money"
"63107",1,"शेयर | सेयर","share","कुनै कम्पनीद्वारा निकालिएको उसको पुँजीको त्यो भाग जुन चाहिँ मान्छेको निवेशका लागि हुन्छ","any of the equal portions into which the capital stock of a corporation is divided and ownership of which is evidenced by a stock certificate"
"63114",1,"दाउ","bet | stake | stakes | wager","त्यो धन,वस्तु आदि जुनचाहिँ पासा,जुवा आदि खेलको समयमा हार-जितका लागि खेलाडीहरू छेउमा राख्‍ने गर्छन्","the money risked on a gamble"
"63121",1,"इन्श्योरेन्स | बीमा","insurance","कुनै प्रकारको सम्भावित हानि हुँदा केही रकम दिने जिम्मेवारी जुनचाहिं केही निश्‍चित धन वा केही कुनै किस्तामा दिएर त्यसको बदलामा लिइन्छ","promise of reimbursement in the case of loss; paid to people or companies so concerned about hazards that they have made prepayments to an insurance company"
"63156",1,"तमसुक | बन्धकी","mortgage","कसैबाट केही रिन लिएर त्यसको बदलामा कुनै चिज उसले राख्‍ने क्रिया","a conditional conveyance of property as security for the repayment of a loan"
"63162",1,"जमानत","guarantee | guaranty","कुनै व्यक्ति वा कार्यको त्यो जिम्मावारी हुन्छ जुन मौखिक, लिखित अथवा कतिपय रुपियाँ जमा गरेर आफूमाथि लिइन्छ:न्यायाधीशले जमानतको धन एक हजार रुपियाँ निश्‍चय गरे","a collateral agreement to answer for the debt of another in case that person defaults"
"63171",1,"असलधन | मूलधन | सम्पत्ति","capital | working capital","त्यो असल धन जुन कसैसँग छ वा लाभ गर्नका लागि व्यापारमा लगाइने:हजार रुपियाँ मूलधनले हामी लाखौं कमाउन सक्छौँ  यस व्यापारमा उनको सबै धन डुब्यो","assets available for use in the production of further assets"
"63194",1,"धन | निधि | फण्ड","fund | monetary fund","कुनै विशेष कार्यका लागि भेला वा जम्मा गरिएको धन","a reserve of money set aside for some purpose"
"63197",1,"जम्मा धन | थाँती","nest egg | savings","भेला पारेको वा जम्मा गरिएको धन","a fund of money put by as a reserve"
"63244",1,"ब्लड ब्याङ्क | रक्‍त ब्‍याङ्क","blood bank","त्यो ठाउँ जहाँ कुनै व्यक्‍तिका शरीरबाट निकालिएको रगत र प्लाजमा सुरक्षित राखिन्छ र आवश्‍यक पर्दा कसैलाई दिइन्छ","a place for storing whole blood or blood plasma"
"63245",1,"आई बेङ्क | नेत्र-बेङ्क | नेत्र बेङ्क","eye bank","त्यो स्थान जहाँ हालैमा मरेका व्यक्तिका आँखा निकालेर सुरक्षित राखिन्छ र आवश्यकता पर्दा कसैलाई दिइन्छ","a place for storing and preserving corneas that are obtained from human corpses immediately after death; used for corneal transplantation to patients with corneal defects"
"63262",1,"गाडधन","treasure trove | trove","गाडिएको धन वा खजाना","treasure of unknown ownership found hidden (usually in the earth)"
"63263",1,"बहुमूल्य धातु","precious metal","त्यो धातु जुनचाहिँ निकै किमती छ","any of the less common and valuable metals often used to make coins or jewelry"
"63265",1,"स्वर्ण मुद्रा | स्वर्ण मुहर | स्वर्ण सिक्का","gold","सुनका सिक्का","coins made of gold"
"63266",1,"चाँदी सिक्का | चाँदीको सिक्का","silver","त्यो सिक्का जुन चाँदीको बनिएको हुन्छ","coins made of silver"
"63272",1,"नीलमणि | पन्ना","emerald","हरियो रङ्गको एउटा रत्‍न:यो नीलमणि जडेको औँठी हो","a transparent piece of emerald that has been cut and polished and is valued as a precious gem"
"63325",1,"चेक | धनादेश","bank check | check | cheque","कागजको त्यो पुर्जा जसमा कुनै बेङ्कको नाममा के लेखिएको हुन्छ भने अमुक व्यक्तिलाई हाम्रो खाताबाट यति धन देऊ","a written order directing a bank to pay money"
"63351",1,"नगद","cash | hard cash | hard currency","त्यो धन जुन चाहिँ रुपियाँ-पैसा,सिक्का आदिका रूपमा हुन्छ","money in the form of bills or coins"
"63353",1,"कागजी मुद्रा | पेपर मनि","folding money | paper currency | paper money","कागजले बनिएको मुद्रा","currency issued by a government or central bank and consisting of printed paper that can circulate as a substitute for specie"
"63354",1,"खुजुरा | खुद्रा | चानचुन | रेजगी","change","अधिक मूल्यको पैसाको बदलामा त्यसको बराबर मूल्यको परिवर्तित सानो मूल्यको  पैसो","money received in return for its equivalent in a larger denomination or a different currency"
"63357",1,"खुजुरा | चानचुन | फुटकर | रेजगी","chickenfeed | chump change | small change","चारानी, आठानी आदिका साना सिक्का","a trifling sum of money"
"63359",1,"सिक्का","coin","NO_GLOSS","a metal piece (usually a disc) used as money"
"63364",1,"रेआल | रेयाल","real","एउटा पुरानो स्पेनी सिक्का","an old small silver Spanish coin"
"63374",1,"पेनी | सेन्ट | सेन्टाइम | सेन्टिम","cent | centime | penny","त्यो सिक्का जसको मूल्य कुनै देशमा चल्ने मुद्राको सयौं भाग हुन्छ","a coin worth one-hundredth of the value of the basic unit"
"63400",1,"नोट","bank bill | bank note | banker's bill | banknote | bill | federal reserve note | government note | greenback | note","सरकारले चलाएको त्यो कागज जसमा केही रुपियाँको सङ्ख्या छापिन्छ अनि जो त्यति रुपियाँ सिक्काका रूपमा चल्छ","a piece of paper money (especially one issued by a central bank)"
"63455",1,"अभिलेख | कागज | कागज-पत्र | कागजात | दस्तावेज | पेपर | लिखित प्रमाण","document","सूचना लेख विशेषकर कार्यालय सम्बन्धित सूचना","a written account of ownership or obligation"
"63502",1,"पञ्जी | रजिष्टर","register","सेतो कागजको त्यो खाता कुनै विशेष प्रकारको विवरण वा लेख लेख्‍नका लागि हुन्छ","a book in which names and transactions are listed"
"63512",1,"पासबुक | लेख पुस्तिका","bankbook | passbook","एक प्रकारको सानो पुस्तिका जसमा कुनै बेङ्कमा जम्मा गरेको र निकालेको  पैसाको हिसाब हुन्छ","a record of deposits and withdrawals and interest held by depositors at certain banks"
"63551",1,"अनुमानपत्र | आयव्ययक | बजट","budget","आउँदो वर्ष वा महिनाका लागि हुने आय-व्ययको लेख जुनचाहिँ पहिलेदेखि तयारगरेर मन्जुर गराएको हुन्छ","a summary of intended expenditures along with proposals for how to meet them"
"63567",1,"अवशोषण | शोषण","absorption | soaking up","कुनै वस्तु आदिलाई अवशोषित गर्ने प्रक्रिया","(chemistry) a process in which one substance permeates another; a fluid permeates or is dissolved by a liquid or solid"
"63583",1,"अनुकूलन","adaptation | adaption | adjustment","अनुकूल गर्ने या बनाउने क्रिया या भाव","the process of adapting to something (such as environmental conditions)"
"63659",1,"शारीरिक क्रिया","activity | bodily function | bodily process | body process","त्यो क्रिया जुन शरीरसित सम्बन्धित छ","an organic process that takes place in the body"
"63663",1,"गुहु | दिसा | विष्ठा","bm | bowel movement | movement","पाइखाना वा टट्टी गर्ने क्रिया","a euphemism for defecation"
"63697",1,"सभ्यता","civilisation | civilization","कुनै जाति या राष्ट्रका ती सबै कुरा जुन उसको सौजन्य तथा शिक्षित र उन्नत हुने सूचक हुन्छ","the social process whereby societies achieve civilization"
"63740",1,"अवतरण | घटाइ","decline | diminution","घटने वा कम हुने क्रिया","change toward something smaller or lower"
"63753",1,"निर्जलीकरण","dehydration | desiccation | drying up | evaporation","जल रहित गर्ने वा हुने क्रिया वा भाव","the process of extracting moisture"
"63766",1,"मरुभूमिकरण","desertification","NO_GLOSS","the gradual transformation of habitable land into desert; is usually caused by climate change or by destructive use of the land"
"63779",1,"पचाइ | पाचन | हजम","digestion","खाएको आहार भुडिमा गएर शरीरको धातुहरूमा परिवर्तन हुनु","the process of decomposing organic matter (as in sewage) by bacteria or by chemical action or heat"
"63789",1,"विघटन","disintegration | dissolution","टूट्नु, खण्डित हुनु, वा विघटित हुने क्रिया","separation into component parts"
"63829",1,"क्षरण | चुवाइ | चुहाइ | तप्केनी","eating away | eroding | erosion | wearing | wearing away","काटिएर,गोटिएर वा चुहेर कुनै वस्तु आदि बिस्तारो-बिस्तारो खिइने क्रिया","(geology) the mechanical process of wearing or grinding something down (as by particles washing over it)"
"63888",1,"अङ्कुरण | प्रस्फुटन | स्फुटन","germination | sprouting","बिउ उम्रिने काम:“खेतमा चनाको बराबर अङ्कुरण भएको छैन""","the process whereby seeds or spores sprout and begin to grow"
"63913",1,"आनुवंशिकता | वंशानुक्रमिकता | वंशानुगतता","heredity","त्यो जैविक प्रक्रिया जसअन्तर्गत कोही माता-पिताको आनुवंशिक गुण उनीहरूको सन्तानमा आउने गर्छ","the biological process whereby genetic factors are transmitted from one generation to the next"
"63928",1,"प्रज्वलन","ignition","बल्ने वा बाल्ने क्रिया","the process of initiating combustion or catching fire"
"63996",1,"क्षति | गाटा | हानि","loss","कुनै व्यापार आदिमा हुने घाटा:यस व्यापारमा मलाई हानि नै हानी भयो","gradual decline in amount or activity"
"64020",1,"पाचन","metabolic process | metabolism | metastasis","जैव कोशिका वा जीवका भित्र हुने रासायनिक प्रक्रियाहरू जुनचाहिँ जीवनका लागि आवश्यक छ","the organic processes (in a cell or organism) that are necessary for life"
"64029",1,"मूत्र त्याग | लघुशङ्का","micturition | urination","मूत्र त्याग","the discharge of urine"
"64045",1,"नैसर्गिक प्रक्रिया | प्राकृतिक कार्य | प्राकृतिक क्रिया | प्राकृतिक प्रक्रिया","action | activity | natural action | natural process","त्यो प्रक्रिया जे प्रकृतिसित सम्बन्धित छ","a process existing in or produced by nature (rather than by the intent of human beings)"
"64184",1,"शीतकरण | शीतलकरण","infrigidation | refrigeration","कुनै वस्तुलाई सुरक्षित राख्‍नका लागि त्यसलाई चिसो पार्ने क्रिया","the process of cooling or freezing (e.g., food) for preservative purposes"
"64212",1,"चुहाइ | बगाइ | स्राव","secernment | secretion","बग्ने वा निस्किने क्रिया","the organic process of synthesizing and releasing some substance"
"64228",1,"धुँवा | धुम्र","smoke | smoking","कुनै वस्तु डढ्दा निक्लिने कालो भाप:भिजेको मुढो डढाउँदा धेरै धुँवा निस्किन्छ","a hot vapor containing fine particles of carbon being produced by combustion"
"64272",1,"दन्तोत्पत्ति","dentition | odontiasis | teething","दाँत उम्रने क्रिया","the eruption through the gums of baby teeth"
"64305",1,"नगरीकरण | सहरीकरण","urbanisation | urbanization","सहरको रूप लिनु वा सहरमा बदलिने क्रिया","the social process whereby cities grow and societies become more urban"
"64309",1,"वाष्पीकरण","evaporation | vapor | vaporisation | vaporization | vapour","कुनै वस्तु कुनै विशेष प्रकृयाले बाफको रूपमा बद्लिने क्रिया","the process of becoming a vapor"
"64348",1,"बहुमत","absolute majority | majority","कुनै वर्ग वा समूहको आधाभन्दा धेरै मान्छेहरूको मत","(elections) more than half of the votes"
"64435",1,"परमाणु-सङ्ख्या | परमाणु सङ्ख्या","atomic number","रासायनिक तत्व सारिणीमा दिएको कुनै तत्वको क्रम जुन तत्व कुनै परमाणुको केन्द्रमा पाइने प्रोटोन वा तटस्थ पाइने इलेक्र्टनको सङ्ख्याको बराबर हुन्छ","the order of an element in Mendeleyev's table of the elements; equal to the number of protons in the nucleus or electrons in the neutral state of an atom of an element"
"64438",1,"कोटा | निर्धारित अंश","quota","सम्पूर्णको त्यो निश्‍चित भाग वा अंश जुनचाहिँ कसैलाई दिइन्छ वा कसैबाट लिइन्छ","a prescribed number"
"64481",1,"अंश","arcdegree | degree","वृत्तको परिधिको तीनसय साठीऔँ भाग","a measure for arcs and angles"
"64500",1,"एकड","acre","क्षेत्रफल नाप्‍ने एउटा एकाइ","a unit of area (4840 square yards) used in English-speaking countries"
"64502",1,"हेक्टर","hectare","क्षेत्रफल नाप्‍ने एउटा एकाइ","(abbreviated `ha') a unit of surface area equal to 100 ares (or 10,000 square meters)"
"64564",1,"लिटर","cubic decimeter | cubic decimetre | l | liter | litre","आयतन जोख्‍ने मेट्रिक प्रणालीको एउटा एकाइ","a metric unit of capacity equal to the volume of 1 kilogram of pure water at 4 degrees centigrade and 760 mm of mercury (or approximately 1.76 pints)"
"64658",1,"अश्‍वशक्‍ति | हर्स पावर","h.p. | horsepower | hp","शक्‍ति नाप्ने एउटा एकाइ","a unit of power equal to 746 watts"
"64684",1,"इञ्च | इन्च","in | inch","एउटा जोख जुन चाहिँ एक फुटको बाह्रौँ भागको बराबर हुन्छ","a unit of length equal to one twelfth of a foot"
"64685",1,"फुट","foot | ft","लमाइ आदि नाप्‍ने बाह्र इन्चीको एउटा नाप","a linear unit of length equal to 12 inches or a third of a yard"
"64691",1,"माइल | मिल","land mile | mi | mile | stat mi | statute mile","टाडाको एउटा नापी:एक माइल बराबर एक दशमलव छ किलोमिटर हुन्छ","a unit of length equal to 1760 yards"
"64725",1,"बित्ता","span","हातका सबै औंला फैलाउँदा बुढीऔँलाको टुप्पादेखि कान्छी औँलाको टुप्पासम्मको लम्बाइ:हाम्रा बाजे बित्ता, हात आदिले कुनै वस्तु नाप्ने गर्थे","a unit of length based on the width of the expanded human hand (usually taken as 9 inches)"
"64738",1,"सेन्टिमिटर","centimeter | centimetre | cm","लमाइ नाप्‍ने एउटा मापक जुन चाहिँ मिटरको सयौँ भागको बराबर हुन्छ","a metric unit of length equal to one hundredth of a meter"
"64740",1,"मिटर","m | meter | metre","लमाइ नाप्‍ने एउटा मापक","the basic unit of length adopted under the Systeme International d'Unites (approximately 1.094 yards)"
"64743",1,"किमी | किलोमिटर","kilometer | kilometre | klick | km","टाढाको नाप्‍ने एकाइ","a metric unit of length equal to 1000 meters (or 0.621371 miles)"
"64753",1,"युरो","euro","युरोपका केही देशहरूमा चल्ने मुद्रा","the basic monetary unit of most members of the European Union (introduced in 1999); in 2002 twelve European nations (Germany, France, Belgium, Luxembourg, the Netherlands, Italy, Spain, Portugal, Ireland, Greece, Austria, Finland) adopted the euro as their basic unit of money and abandoned their traditional currencies"
"64757",1,"अफगानी","afghani","अफगानिस्तानमा चल्ने मुद्रा","the basic unit of money in Afghanistan"
"64767",1,"बिर्र","birr","इथियोपियामा चल्ने मुद्रा","the basic unit of money in Ethiopia; equal to 100 cents"
"64776",1,"सेडी","cedi","घानामा चल्ने मुद्रा","the basic unit of money in Ghana"
"64785",1,"डलसी | डालसी","dalasi","गाम्बियामा चल्ने मुद्रा","the basic unit of money in Gambia"
"64843",1,"ड्रेकमा | ड्रेक्मा","drachma | greek drachma","युनानमा चल्ने मुद्रा","formerly the basic unit of money in Greece"
"64855",1,"फेव्रिन्ट | फोरिन्ट","forint","हङ्गरीमा चल्ने मुद्रा","the basic unit of money in Hungary"
"64886",1,"गल्डेन | गिल्डर | फ्लोरिन","florin | guilder | gulden","निदरलेन्ड,सुरीनाम आदि देशमा चल्ने मुद्रा","the basic unit of money in Suriname; equal to 100 cents"
"64896",1,"कोरुना","koruna","चेक,स्लोवाकिया आदि देशमा चल्ने मुद्रा","the basic unit of money in Czech Republic"
"64910",1,"क्रोने","krone | norwegian krone","नर्वे तथा डेनमार्कमा चल्ने मुद्रा","the basic unit of money in Norway"
"64915",1,"क्वाचा","kwacha | zambian kwacha","मलावी तथा जाम्बियामा चल्ने मुद्रा","the basic unit of money in Zambia"
"64918",1,"क्वान्जा","kwanza","अङगोलामा चल्ने मुद्रा","the basic unit of money in Angola"
"64924",1,"लेक","lek","अल्बानियामा चल्ने मुद्रा","the basic unit of money in Albania"
"64934",1,"लेव","lev","बुल्गारियामा चल्ने मुद्रा","the basic unit of money in Bulgaria"
"64939",1,"इटालियन लीरा | लीरा","italian lira | lira","इटालीमा चल्ने मुद्रा","formerly the basic unit of money in Italy; equal to 100 centesimi"
"64951",1,"मार्क","deutsche mark | deutschmark | german mark | mark","जर्मनीमा चल्ने मुद्रा","formerly the basic unit of money in Germany"
"64954",1,"मार्कका | मार्क्का","finnish mark | markka","फिनलेन्डमा चल्ने मुद्रा","formerly the basic unit of money in Finland"
"64959",1,"नेरा","naira","नाइजेरियामा चल्ने मुद्रा","the basic unit of money in Nigeria"
"64974",1,"पेसेटा","peseta | spanish peseta","स्पेन,एन्डोरा आदिमा चल्ने मुद्रा","formerly the basic unit of money in Spain; equal to 100 centimos"
"65003",1,"आयरिस पन्ट | आयरिस पाउण्ड | आयरिस पाउन्ड | पाउन्ड","irish pound | irish punt | pound | punt","आयरलेन्डमा चल्ने मुद्रा","formerly the basic unit of money in Ireland; equal to 100 pence"
"65039",1,"रशियन रुबल | रुबल | रूसी रुबल","rouble | ruble","रूसमा चल्ने मुद्रा","the basic unit of money in Russia"
"65045",1,"अजरबेजानी मनट | अजरबेजानी मनत | मनट | मनत","manat","अजरबेजानमा चल्ने मुद्रा","the basic unit of money in Azerbaijan"
"65051",1,"क्रुन","kroon","स्टोनियामा चल्ने मुद्रा","the basic unit of money in Estonia"
"65060",1,"लेट्स","lats","लातवियामा चल्ने मुद्रा","the basic unit of money in Latvia"
"65100",1,"सिलिङ | सिलिङ्ग","austrian schilling | schilling","अस्ट्रिया आदि देशहरूमा चल्ने मुद्रा","formerly the basic unit of money in Austria"
"65132",1,"येन","yen","जापानमा चल्ने मुद्रा","the basic unit of money in Japan; equal to 100 sen"
"65223",1,"ग्राम","g | gm | gram | gramme","वजन माप्ने एउटा मापक","a metric unit of weight equal to one thousandth of a kilogram"
"65228",1,"किलो | किलोग्राम","kg | kilo | kilogram","मात्रा माप्‍ने एउटा एकाइ","one thousand grams; the basic unit of mass adopted under the Systeme International d'Unites"
"65233",1,"क्विन्टल","quintal","सय किलोको वजन","a unit of weight equal to 100 kilograms"
"65234",1,"टन","metric ton | mt | t | tonne","एउटा अङग्रेजी तौल जुन चाहिँ अट्ठाइस मनको लगभग हुन्छ","a unit of weight equivalent to 1000 kilograms"
"65255",1,"बाकी | रहल | शेष","difference | remainder","कुनै सङ्ख्यामा कतिपय सङ्ख्या घटाउँदा बचेका सङ्ख्या","the number that remains after subtraction; the number that when added to the subtrahend gives the minuend"
"65272",1,"अलग सङ्ख्या | छुट्टा सङ्ख्या। | पृथक् सङ्ख्या | बेग्लै सङ्ख्या | भिन्न सङ्ख्या","fraction","गणितमा, एकाइभन्दा केही थोर वा त्यसको कुनै भाग सूचित गर्ने कुनै सङ्ख्या","the quotient of two rational numbers"
"65274",1,"अंश | अंश सङ्ख्या","numerator","गणित  अन्तर्गत भिन्न सङ्ख्यामा माथि पटिको सङ्ख्या जुनचाहिँ हरको भागहरूको बोध गराउँछ","the dividend of a fraction"
"65275",1,"भाज्य सङ्ख्या | विभाज्य सङ्ख्या","dividend","त्यो सङ्ख्या वा राशि जसमा भाजक अङ्क वा सङ्ख्याले भाग गरिन्छ","a number to be divided by another number"
"65276",1,"भाग | सङ्ख्या | हर","denominator","गणितअन्तर्गत भिन्न सङ्ख्याबाट  तलका सङ्ख्या जुनचाहिँ आफ्नो आधारमा अंशलाई दर्शाउँछ","the divisor of a fraction"
"65277",1,"भाजक | विभाजक | विभाजक सङ्ख्या","divisor","त्यो अङ्क वा सङ्ख्या जसले कुनै सङ्या वा राशिलाई  भाग गरिन्छ","the number by which a dividend is divided"
"65278",1,"भाग-फल | भागफल","quotient","भाज्यलाई भाजकले भाग गर्दा प्राप्त हुने सङ्ख्या या अङ्क","the number obtained by division"
"65280",1,"भागको अन्तिम अङ्क","remainder","भाग गरेपछि बचेको अन्तिम अङ्क जसमा विभाजक सङ्ख्याद्वारा अरू भाग हुँदैन","the part of the dividend that is left over when the dividend is not evenly divisible by the divisor"
"65281",1,"गुणक | गुणनाङ्क | गुण्याङ्क गुणन अङ्क","multiplier | multiplier factor","त्यो राशि वा सङ्ख्या जसले अर्को राशि वा सङ्ख्यालाई गुणा गर्न सकिन्छ","the number by which a multiplicand is multiplied"
"65304",1,"चौथाङ्श | चौथो भाग","fourth | fourth part | one-fourth | quarter | quartern | twenty-five percent","कुनै वस्तु आदिको चार भागको एकभाग","one of four equal parts"
"65311",1,"दशमाङश | दसाङश","one-tenth | ten percent | tenth | tenth part","दसौँ भाग","a tenth part; one part in ten equal parts"
"65330",1,"अङ्क","digit | figure","शून्यदेखि नौसम्मको सङ्ख्या","one of the elements that collectively form a system of numeration"
"65337",1,"शून्य","0 | cipher | cypher | nought | zero","गणितको त्यो सङ्ख्‍या जसले कुनै सङ्ख्‍यामा जोडदा वा घटाउँदा त्यो सङ्ख्याको मान बदलिँदैन","a mathematical element that when added to another number yields the same number"
"65341",1,"2 | २ | दो","2 | deuce | ii | two","एक र एकको जोडले पाइने सङ्ख्या:दुईको दुई गुणा चार हुन्छ","the cardinal number that is the sum of one and one or a numeral representing this number"
"65345",1,"3 | ३ | अनल | तीन","3 | deuce-ace | iii | leash | tercet | ternary | ternion | terzetto | three | threesome | tierce | trey | triad | trine | trinity | trio | triplet | troika","एक र दुईलाई जोड्दा पाइने सङ्ख्या:पाँचमा दुई घटाउँदा तीन हुन्छ","the cardinal number that is the sum of one and one and one"
"65346",1,"४ | चार","4 | four | foursome | iv | little joe | quadruplet | quartet | quatern | quaternary | quaternion | quaternity | tetrad","तीनमा एक जोडदा प्राप्‍त हुने सङ्ख्या","the cardinal number that is the sum of three and one"
"65347",1,"५ | पाँच","5 | cinque | fin | five | fivesome | little phoebe | pentad | phoebe | quint | quintet | quintuplet | v","चार र एकको जोडबाट प्राप्‍त सङ्ख्या","the cardinal number that is the sum of four and one"
"65348",1,"6 | छ६","6 | captain hicks | half a dozen | hexad | sestet | sextet | sextuplet | sise | six | sixer | vi","पाँच र एकको जोडमा प्राप्त हुने अङ्क:तीन र तीन छ हुन्छ","the cardinal number that is the sum of five and one"
"65349",1,"७ | सात","7 | heptad | septenary | septet | seven | sevener | vii","छ र एकको जोडबाट प्राप्‍त सङ्ख्या","the cardinal number that is the sum of six and one"
"65350",1,"८ | आठ","8 | eight | eighter | eighter from decatur | octad | octet | octonary | ogdoad | viii","सात र एकको योगले प्राप्‍त सङ्ख्या","the cardinal number that is the sum of seven and one"
"65351",1,"९ | नौ","9 | ennead | ix | nina from carolina | nine | niner","आठ र एकको योगले प्राप्‍त सङ्ख्या","the cardinal number that is the sum of eight and one"
"65354",1,"१० | द","10 | decade | ten | tenner | x","नौ र एकको योगबाट प्राप्‍त सङ्ख्या","the cardinal number that is the sum of nine and one; the base of the decimal system"
"65359",1,"१३ | तेर","13 | baker's dozen | long dozen | thirteen | xiii","दस र तीनको योगबाट प्राप्‍त सङ्ख्या","the cardinal number that is the sum of twelve and one"
"65361",1,"१५ | पन्ध्र","15 | fifteen | xv","दस र पाँचको योगबाट  प्राप्‍त सङ्ख्या","the cardinal number that is the sum of fourteen and one"
"65362",1,"सोह्र","16 | sixteen | xvi","दस र छ को योगबाट प्राप्‍त अङ्क","the cardinal number that is the sum of fifteen and one"
"65363",1,"१७ | सत्र","17 | seventeen | xvii","दस र सातको योगबाट प्राप्‍त सङ्ख्या","the cardinal number that is the sum of sixteen and one"
"65364",1,"१८ | अठार | अष्टादश","18 | eighteen | xviii","दस र आठको योगले बनिने सङ्ख्या","the cardinal number that is the sum of seventeen and one"
"65365",1,"उन्नाइस","19 | nineteen | xix","दस र नौ को योगबाट प्राप्‍त सङ्ख्या","the cardinal number that is the sum of eighteen and one"
"65366",1,"२० | बीस","20 | twenty | xx","दस र दसको योगबाट प्राप्‍त सङ्ख्या","the cardinal number that is the sum of nineteen and one"
"65367",1,"२१ | एक्काइस","21 | twenty-one | xxi","बीस र एकको योगबाट प्राप्‍त सङ्ख्या","the cardinal number that is the sum of twenty and one"
"65368",1,"२२ | बाइस","22 | twenty-two | xxii","बीस र दुईको जोडबाट प्राप्‍त सङ्ख्या","the cardinal number that is the sum of twenty-one and one"
"65370",1,"चौबीस","24 | twenty-four | two dozen | xxiv","बीस र चारको योगले बनेको सङ्ख्या","the cardinal number that is the sum of twenty-three and one"
"65371",1,"२५ | पच्चीस","25 | twenty-five | xxv","बीस र पाँचको योगबाट प्राप्‍त सङ्ख्या","the cardinal number that is the sum of twenty-four and one"
"65372",1,"छब्बीस","26 | twenty-six | xxvi","बीस र छ को योगबाट प्राप्‍त अङ्क","the cardinal number that is the sum of twenty-five and one"
"65373",1,"सत्ताइस","27 | twenty-seven | xxvii","बीस र सातको जोडबाट प्राप्‍त सङ्ख्या","the cardinal number that is the sum of twenty-six and one"
"65374",1,"२८ | अट्ठाइस","28 | twenty-eight | xxviii","बीस र आठको योगबाट प्राप्‍त अङ्क","the cardinal number that is the sum of twenty-seven and one"
"65375",1,"उनन्तीस","29 | twenty-nine | xxix","बीस र नौको योगबाट प्राप्‍त सङ्ख्या","the cardinal number that is the sum of twenty-eight and one"
"65376",1,"तीस","30 | thirty | xxx","बीस र दसको योगबाट प्राप्‍त सङ्ख्या","the cardinal number that is the product of ten and three"
"65377",1,"चालीस","40 | forty | xl","तीस र दसको जोडबाट प्राप्‍त सङ्ख्या","the cardinal number that is the product of ten and four"
"65378",1,"५० | पचास","50 | fifty | l","चालीस र दसको योगबाट प्राप्‍त अङ्क","the cardinal number that is the product of ten and five"
"65379",1,"साठी","60 | lx | sixty","पचास र दसको योगबाट प्राप्त सङ्ख्या","the cardinal number that is the product of ten and six"
"65380",1,"सत्तरी","70 | lxx | seventy","साठी र दसको योगबाट प्राप्त सङ्ख्या","the cardinal number that is the product of ten and seven"
"65381",1,"अठत्तर | अठहत्तर","78 | lxxviii | seventy-eight","सत्तरी र आठको योगबाट प्राप्त सङ्ख्या","the cardinal number that is the sum of seventy and eight"
"65382",1,"असी | अस्सी","80 | eighty | fourscore | lxxx","सत्तर र दसको योगबाट प्राप्त अङ्क","the cardinal number that is the product of ten and eight"
"65383",1,"नब्बे","90 | ninety | xc","अस्सी र दसको योगबाट प्राप्त सङ्ख्या","the cardinal number that is the product of ten and nine"
"65388",1,"सहस्र | हजार","1000 | chiliad | g | grand | k | m | one thousand | thou | thousand | yard","दस सयको योगबाट प्राप्त सङ्ख्या","the cardinal number that is the product of 10 and 100"
"65392",1,"लाख","100000 | hundred thousand | lakh","सय हजारको सङ्ख्या","the cardinal number that is the fifth power of ten"
"65394",1,"10000000 | १००००००० | करोड | कोटि","crore","सौ लाखको सङ्ख्या:करोडमा एक पछि सातवटा शून्य हुन्छन्","the number that is represented as a one followed by 7 zeros; ten million"
"65395",1,"अरब","1000000000 | billion | one thousand million","सय करोडको सङ्ख्या","the number that is represented as a one followed by 9 zeros"
"65400",1,"पद्म","quadrillion","सौ नीलको सङ्ख्या","the number that is represented as a one followed by 15 zeros"
"65436",1,"छिटा | छींट","dab | splash | splatter","कुनै द्रव पदार्थको छिटिएको बुँद","a small quantity of something moist or liquid"
"65446",1,"अल्प अंश | अल्पांश | न्यून अंश | न्यूनांश","little","कुनै वस्तु, स्थान, अवधि आदिको अलिकति या सानो भाग","a small amount or duration"
"65521",1,"थोपा","drib | driblet | drop","NO_GLOSS","a small indefinite quantity (especially of a liquid)"
"65540",1,"राशि","batch | deal | flock | good deal | great deal | hatful | heap | lot | mass | mess | mickle | mint | muckle | peck | pile | plenty | pot | quite a little | raft | sight | slew | spate | stack | tidy sum | wad | whole lot | whole slew","एकै जस्तो धेरै वस्तुको केही अग्लो समूह","(often followed by `of') a large number or amount or extent"
"65551",1,"गण | दल | पल्टन | फौज | बगाल | बथान | वृन्द | समूह","myriad","एक ठाउँमा उपस्थित वा एकभन्दा धेर मान्छे,पशु आदि जसलाई एउटा एकाइका रूपमा मानिन्छ","a large indefinite number"
"65566",1,"आयतन","volume","कुनै पदार्थ ग्रहण गर्ने पात्रता या क्षमताको विचारले कुनै पात्र या खाली ठाउँको भित्री स्थान","the amount of 3-dimensional space occupied by an object"
"65575",1,"नाता | रिश्ता | सम्बन्ध | साइनो","human relationship | relationship","मान्छेको त्यो पारस्परिक सम्बन्ध जुनचाहिँ एउटै कुलमा जन्म लिँदा अथवा बिहे आदि गर्दा हुन्छ","a relation between people; (`relationship' is often used where `relation' would serve, as in `the relationship between inflation and unemployment', but the preferred usage of `relationship' is for human relations or states of relatedness)"
"65625",1,"अधार | अधारी | अधिकरण | अधिष्ठान | आधार | आश्रय | जड | सहारा","foundation","जसमाथि अन्य कुनै अर्को चिज उभिनु या टिकी रहनु","the basis on which something is grounded"
"65724",1,"एकाइ","unit","कुनै पुरा वर्ग वा समूहको कुनै यस्तो अङ्ग वा भाग जुन चाहिँ विश्‍लेषणका कामका लागि कुनै प्रकार भिन्न र स्वतन्त्र मानिन्छ वा सोचिन्छ","an individual or group or structure or other entity regarded as a structural or functional constituent of a whole"
"65734",1,"नातागोता | सम्बन्ध | साइनो","family relationship | kinship | relationship","नातागोता परेको अवस्था","(anthropology) relatedness or connection by blood or marriage or adoption"
"65833",1,"उत्तर | उत्तरदिशा","compass north | magnetic north | north","दक्षिण दिशाको अघिल्तिरको दिशा:भारतको उत्तरमा हिमालय पर्वत विराजमान छ","the direction in which a compass needle points"
"65836",1,"ईशान | उत्तरपूर्व","ne | nor'-east | northeast | northeastward","उत्तर पूर्वतिरको दिशा वा कोण:उत्तर पूर्वतिरबाट हुरी आयो र त्यसपछि पानी पर्न थाल्यो","the compass point midway between north and east; at 45 degrees"
"65844",1,"अग्निकोण | आग्नेयकोण | दक्षिणपूर्व","se | sou'-east | southeast | southeastward","दक्षिण र पूर्वको कोण:उनी दक्षिण पूर्वतिर गएका छन्","the compass point midway between south and east; at 135 degrees"
"65852",1,"दक्षिण-पश्‍चिम | नैरित्य","sou'-west | southwest | southwestward | sw","दक्षिण-पश्‍चिमको दिशा वा कोण:उनी दक्षिण-पश्‍चिमतिर गएका छन्","the compass point midway between south and west; at 225 degrees"
"65860",1,"उत्तर-पश्‍चिम | वायव्यकोण","nor'-west | northwest | northwestward | nw","उत्तर-पश्‍चिमको कुनो वा उपदिशा:उसको घर यहाँबाट ठिक उत्तर-पश्‍चिम दिशामा छ","the compass point midway between north and west; at 315 degrees"
"65868",1,"प्रतियोगिता | प्रतिस्पर्धा | स्पर्धा | होडबाजी","competition","कुनै काममा अरूभन्दा अघि बढने प्रयत्‍न","a business relation in which two parties compete to gain customers"
"65888",1,"राजनीति","political relation | politics","सत्तासित सम्बन्धित सामाजिक सम्बन्ध","social relations involving authority or power"
"65964",1,"उच्चता स्तर | प्रतिमान | मानक | मानदण्ड","norm","वह निश्चित या स्थिर गरिएको सर्वमान्य मान या माप जसको अनुसार कुनै प्रकारको योग्यता,श्रेष्ठता,गुण आदिको अनुमान या कल्पना गरिन्छ","a standard or model or pattern regarded as typical"
"65980",1,"विरोधाभास","contradiction","दुइटा कुरामा देखापर्ने विरोध","opposition between two conflicting forces or ideas"
"66012",1,"डोरो | धर्को | रेखा","line","त्यो जसमा लमाई हुन्छ तर मोटाइ र चौडाइ हुँदैन","a length (straight or curved) without breadth or thickness; the trace of a moving point"
"66047",1,"लम्ब","perpendicular","त्यो सीधा ठाडो रेखा जुनचाहिँ कुनै तेर्छो रेखामा ठडिन्छ र उसका छेवैका दुवै कोण समकोण हुन्छन्","a straight line at right angles to another line"
"66054",1,"डायमिटर | व्यास","diameter","त्यो सीधा रेखा जुनचाहिँ कुनै वृत्तको गोलो क्षेत्रको बिचबाट भएर गएको छ र जसका दुवै सिर वृत्तको परिधिसँग मिलेको छ","a straight line connecting the center of a circle with two points on its perimeter (or the center of a sphere with two points on its surface)"
"66057",1,"खाल्टाखाल्टी | खाल्टो | खाल्डो","fossa | pit","त्यो गड्ढा जुन बर्खाको दिनमा जमीन दबिएर बनेको हुन्छ","a concavity in a surface (especially an anatomical depression)"
"66090",1,"वर्ग","foursquare | square","त्यो आकृति जसको लमाइ,चौडाइ र चारै कुना बराबर हुन्छन्","(geometry) a plane rectangle with four equal sides and four right angles; a four-sided regular polygon"
"66094",1,"त्रिभुज","triangle | trigon | trilateral","तीनवटा भुजाहरू वा रेखाहरूले घेरिएको आकृति","a three-sided polygon"
"66111",1,"छ कुने | षट्कोण","hexagon","छ कोण भएको वा छ भुजा भएको आकृति","a six-sided polygon"
"66121",1,"आयत | समकोण | समभुज","rectangle","जसका छेउछाउका कोण र बाहुहरू बराबर छन्","a parallelogram with four right angles"
"66122",1,"कोठा","box","रेखा आदिले घेरेको स्थान","a rectangular drawing"
"66134",1,"बटाराइ","contortion | crookedness | torsion | tortuosity | tortuousness","डोरी आदिमा भएको घुमाउ","a tortuous and twisted shape or position"
"66192",1,"चिनो | चिन्ह | छाप | निशान","depression | impression | imprint","आफैँआफ  बनिएको वा कुनै चीजको सम्पर्क, सङ्घर्ष वा दबिएर  बनिएको वा बनाइएको चिन्ह","a concavity in a surface produced by pressing"
"66208",1,"मण्डल","sphere","सूर्य वा चन्द्रमाका चारैतिर देखिने घेरा वा परिवेश","a solid figure bounded by a spherical surface (including the space it encloses)"
"66238",1,"कटौरी","cup","चोलीको त्यो भाग जसमा स्तन रहन्छ","any cup-shaped concavity"
"66253",1,"खुम्च्याइ | चाउरी | मुजा","pucker | ruck","त्यो संरचना जुनचाहिँ कुनै वस्तु घुम्दा वा खुम्चिदा बनिन्छ","an irregular fold in an otherwise even surface (as in cloth)"
"66268",1,"अकास | शून्य","emptiness | vacancy | vacuum | void","खाली वा रिक्‍त स्थान","an empty area or space"
"66270",1,"केक","hollow","कुनै वस्तु आदिको त्यो भाग जुन खाली हुन्छ","a cavity or space in something"
"66276",1,"थोप्लो | बिन्दु | बुँद","dot | point","कुनै वस्तुमा बनेको वा परेको सानो गोल चिन्ह","a very small circular shape"
"66293",1,"पिरामिड","pyramid","ईटा वा ढुङ्गाले बनिएको त्यो संरचना जसको फेद  वर्गाकार वा आयताकार हुन्छ  र पर्खालहरू   मास्तिर  साँगुरिएर आपस्तमा जोडिन्छन्","a polyhedron having a polygonal base and triangular sides with a common vertex"
"66334",1,"शरीर | स्वस्थ","health","स्वस्थ वा निरोग हुने अवस्था:नियमित योग गर्नाले स्वस्थ राम्रो रहन्छ","the general condition of body and mind"
"66345",1,"मौनता","silence","NO_GLOSS","the state of being silent (as when no one is speaking)"
"66371",1,"बन्धुत्व | मित्रता","friendly relationship | friendship","साथी वा मित्रहरूमा हुने पारस्परिक सम्बन्ध:मित्रतामा स्वार्थको स्थान हुनुहुँदैनहनुमानले राम र सुग्रीवको मित्रता गराए","the state of being friends"
"66373",1,"प्रेम-प्रसङ्ग | माया-प्रीति | रोमान्स","love affair | romance","दुईजना प्रेमीबीचको सम्बन्ध","a relationship between two lovers"
"66383",1,"चिन्ता | पीर | फिक्री | सुर्ता","complication","सुर्तामा पार्ने कुराहरू","a situation or condition that is complex or confused"
"66385",1,"आपत | आपत्ति | आपदा | विपत्ति | विपदा | विषम | सङ्कट","crisis","कुनै अनिष्ट घटनाबाट उत्पन्न हुने कस्तो स्थिति भने जसमा बढी हानि हुन सक्छ","an unstable situation of extreme danger or difficulty"
"66390",1,"पर्यावरण | वातावरण","environment","छेउछाउको वातावरण","the totality of surrounding conditions"
"66423",1,"दायरा | मर्यादा | सीमा | हद","extent","त्यो अन्तिम स्थान जहाँसम्म कुनै कुरा या काम हुन कस्छ या हुनु उचित छ","the point or degree to which something extends"
"66447",1,"अवस्थिति | स्थिति","position | status","पद,मर्यादा आदिको विचारले समाजमा कुनै व्यक्‍ति,संस्था आदिको त्यो विधिगत स्थिति जसले आफ्नो क्षेत्रमा कतिपय निश्‍चित् सीमामा प्राप्‍त हुन्छ","the relative position or standing of things or especially persons in a society"
"66484",1,"नागरिकता","citizenship","कुनै स्थान, देश वा राज्यका नागरिक भएर प्राप्‍त हुने सामाजिक स्थिति र राजनीतिक अधिकार","the status of a citizen with rights and duties"
"66489",1,"अस्तित्व | भव | विद्यमानता | सत्ता","being | beingness | existence","सत्ताको भाव","the state or fact of existing"
"66497",1,"यथार्थ | वास्तविक | सच्चा | सत्यता | साँचो","the true | trueness | truth | verity","सत्यको भाव","conformity to reality or actuality"
"66498",1,"अक्षयता | अक्षय्यता | अक्षरता | अक्षुणता | अक्षुण्णता | अनश्वरता | अनष्टता | अभङ्गता | अभङ्गुरता | अमरण | अमरता | अमरत्व | अमृतत्व | अविनाशिता | अविनासिता | शाश्वतता","eternity | timeless existence | timelessness","अमर हुने अवस्था वा भाव","a state of eternal existence believed in some religions to characterize the afterlife"
"66503",1,"आगमन | उपस्थिति | हाजिरी","presence","उपस्थित भएको अवस्था वा भाव:यस अनुष्ठानमा तपाईँको उपस्थिति प्रार्थनीय छ","the state of being present; current existence"
"66536",1,"बिहा","marriage | matrimony | spousal relationship | union | wedlock","NO_GLOSS","the state of being a married couple voluntarily joined for life (or until divorce)"
"66571",1,"चैन | ढुक्क | शांति | शान्ति","peace","युद्ध, उपद्रव, अशान्ति आदिबाट मुक्त अवस्था:युद्धपछि देशमा शान्ति छ","the state prevailing during the absence of war"
"66585",1,"उथल-पुथल | उथलपुथल | उल्टा-पाल्टा | रदलबदल","disorder","उल्टपाल्टा हुने क्रिया या भाव","a disturbance of the peace or of public order"
"66611",1,"खलबल | हलचलखलबली | हल्ला","convulsion | turmoil | upheaval","जन साधारणमा हडबडी फैलिएका कारणले हुने कोलाहल र कुदिकुदाइ","a violent disturbance"
"66628",1,"ठुसाठुस","clash | friction","दुईजना व्यक्ति या दलको शत्रुतापूर्ण ढङ्गले आफ्नो-आफ्नो कुरामा एक-अर्कामा बिरुद्ध अडिग रहने भाव","a state of conflict between persons"
"66634",1,"अनैक्य | मत भिन्नता | मतभेद | मतान्तर | वैमत्य","disagreement | dissension | dissonance","त्यो अवस्था जसमा दुई या अधिक व्यकि या पक्षको मत आपसमा मिल्दन","a conflict of people's opinions or actions or characters"
"66641",1,"अँध्यारो | अन्धकार","dark | darkness","प्रकाशको अभाव:सूर्य डुब्ने साथै चारैतिर अँध्यारो हुन्छ","absence of light or illumination"
"66647",1,"छायाँ","shade | shadiness | shadowiness","त्यो स्थान जहाँ घाम,प्रकाश आउन सक्दैन","relative darkness caused by light rays being intercepted by an opaque body"
"66648",1,"छायाँ | प्रतिच्छाया | प्रतिछाया","shadow","उज्यालाका सामुन्ने या पछिल्तिरबाट हुँदा अघि या पछिल्तिर परेको कुनै वस्तुको आकृतिको अनुरूप छायाँ","shade within clear boundaries"
"66654",1,"भावना | मनोभावना | विचार","emotional state | spirit","अनुभव र स्मृतिले मनमा उत्पन्न हुने कुनै भाव","the state of a person's emotions (especially with regard to pleasure or dejection)"
"66657",1,"सन्तुष्टि | सन्तोक | सन्तोष","gratification | satisfaction","मनको त्यो अवस्था जसको कारण हामी सधैँ प्रसन्न रहन्छौँ र कुनै कुराको कामना गर्दैनौँ","state of being gratified; great satisfaction"
"66659",1,"आनन्द | खुसी | प्रसन्नता | हर्ष","felicity | happiness","मनको त्यो भाव वा अवस्था जुन कुनै प्रिय वा आकाङ्क्षित वस्तु प्राप्‍त गर्दा वा कुनै राम्रो र शुभकार्य हुँदा हुन्छ:उनको जीवन आनन्दमा बितिरहेको छ","state of well-being characterized by emotions ranging from contentment to intense joy"
"66662",1,"गद्गदता | भाव विभोरता | भावातिरेक | विह्वलता","ecstasy | rapture","भावमा विभोर हुने अवस्था या भाव","a state of elated bliss"
"66679",1,"अपराधपूर्णता | दोषपूर्णता","criminalism | criminality | criminalness","अपराध पूर्ण हुने अवस्था या भाव","the state of being a criminal"
"66687",1,"सर्वोच्च सत्ता","sovereignty","देश,राज्य आदिको त्यो सबैभन्दा ठुलो सत्ता या अधिकार जसमाथि अरू कुनै ठुलो सत्ता या अधिकार हुँदैन र जसमा आफ्नो सबै कार्यक्षेत्रमा सबै खाले पूर्ण स्वतन्त्र हुन्छ","government free from external control"
"66695",1,"स्वतन्त्रता | स्वाधीनता","independence | independency","कुनै अरूको अधीनमा होइन, तर स्वयं आफ्नै अधीन वा स्वतन्त्र हुने अवस्था वा भाव:उनी स्वतन्त्रताको लडाईँ लडँदै छन्","freedom from control or influence of another or others"
"66696",1,"छुट","liberty","त्यो अनुमति जुन कुनैलाई विशेष अवस्थामा कुनै कार्य गर्ने अथवा कर्तव्य या दायित्व पूरा गर्न पाइने","freedom of choice"
"66723",1,"कारावास | कैद | जेल | झ्यालखाना | बन्दीगृह","custody | detainment | detention | hold","कुनै स्थान वा ठाउँमा थुनिएर रहने काम:पण्डित जवाहरलाल नेहरूले आफू कारावास खटेको बेलामा पनि लेखी नै रहे","a state of being confined (usually for a short time)"
"66728",1,"अभिकरण | अभिकर्तृत्व | अभिकर्त्तृत्व | अभिसाधन | घटक-कार्य","agency | delegacy | representation","कुनै ठूलो संस्थाका तर्फबाट नियत क्षेत्रमा काम गर्ने एजेन्सी वा सानो संस्था","the state of serving as an official and authorized delegate or agent"
"66731",1,"स्वायत्तता","autonomy | self-direction | self-reliance | self-sufficiency","स्वायत्त हुने अवस्था वा भाव","personal independence"
"66736",1,"अधीनता | अधीनत्व | अधीनस्थता | तहत | मातहती","subordination","कसैको अधीन हुने अवस्था या भाव","the state of being subordinate to something"
"66739",1,"सन्तुलन","balance","दुवै पक्षको बल बराबर राख्‍ने अथवा भएको अवस्था","a state of equilibrium"
"66756",1,"धार | धारा | प्रवाह","flow | stream","ठुलो सङ्ख्या वा भारी मात्रामा अचानक वा प्रचण्ड रूपले निक्लने","something that resembles a flowing stream in moving continuously"
"66765",1,"भ्याइनभ्याइ | व्यस्तता","busyness | hum","कुनै कार्य आदिमा व्यस्त हुने या रहने अवस्था या भाव","the state of being or appearing to be actively engaged in an activity"
"66800",1,"उँघ | तन्द्रा","lassitude | lethargy | sluggishness","त्यो अवस्था जब धेरै निन्द्रा लाग्न थाल्दछ","a state of comatose torpor (as found in sleeping sickness)"
"66809",1,"गलाइ | थकाइ","fatigue | tiredness | weariness","थाकेको अवस्था वा भाव","temporary loss of strength and energy resulting from hard physical or mental work"
"66866",1,"सम्मोहन","hypnosis","प्रेरित निन्द्राको त्यो अवस्था जसमा सुतेको व्यक्‍तिले मात्र बाहिरको सङ्केतमा चल्दछ","a state that resembles sleep but that is induced by suggestion"
"66927",1,"क्षुधा | भोक","hunger | hungriness","खाने इच्छा:आमालाई देख्‍ने बित्तिकै नानीको भोक बढ्यो","a physiological need for food; the consequence of food deprivation"
"66933",1,"तिर्खा | तृष्णा | प्यास","thirst | thirstiness","पानी खाने इच्छा:आफ्नो तिर्खा मेट्नका लागि उनी पानी खोज्न लागे","a physiological need to drink"
"66965",1,"गर्भ | गर्भावस्था","gestation | maternity | pregnancy","गर्भधारण गरेको समयदेखि लिएर नानी जन्मिनेसम्मको अवस्था","the state of being pregnant; the period from conception to birth when a woman carries a developing fetus in her uterus"
"66983",1,"आरोग्य | तन्दुरुस्ती | स्वास्थय","good health | healthiness","निरोग हुने अवस्था वा रोगको अभाव","the state of being vigorous and free from bodily or mental disease"
"66996",1,"अचैन | अशान्ति | आकुलता | उद्विग्नता | बेचैनी | व्याकुलता","disorder | upset","उद्विग्न हुने अवस्था या भाव","condition in which there is a disturbance of normal functioning"
"67008",1,"बिमार | रोग | व्याधी","ailment | complaint | ill","शरीर आदिलाई अस्वस्थ राख्‍ने शारीरिक प्रक्रिया:शरीर रोगको घर हो ठुल्ठुला डाक्टरहरूले पनि यस रोगलाई चिन्न सकेका छैनन्","an often persistent bodily disorder or disease; a cause for complaining"
"67048",1,"अम्मल | कुव्यसन | दुर्व्यसन | लत | व्यसन","addiction | dependance | dependence | dependency | habituation","नराम्रो लत","being abnormally tolerant to and dependent on something that is psychologically or physically habit-forming (especially alcohol or narcotic drugs)"
"67092",1,"बिमारी | रोग","disease","NO_GLOSS","an impairment of health or a condition of abnormal functioning"
"67128",1,"औलो | औलोजरो | कामज्वरो | मलेरिया","malaria","NO_GLOSS","an infective disease caused by sporozoan parasites that are transmitted through the bite of an infected Anopheles mosquito; marked by paroxysms of chills and fever"
"67150",1,"अचेत | बेहोस | मुर्छा","ictus | raptus | seizure","थाहा नपाईकन कुनै (गम्भीर) रोगको अकस्मात् उत्पन्न हुने क्रिया:उसलाई छारेरोगले मुर्छा पार्छ","a sudden occurrence (or recurrence) of a disease"
"67168",1,"छारेरोग | मिरगी | मिर्गी","epilepsy","एउटा रोग जसमा रोगी अकस्मात् बेहोस भएर लड्छन्:छारेरोग असाध्य होइन","a disorder of the central nervous system characterized by loss of consciousness and convulsions"
"67342",1,"चिनीरोग | मधुमेह","diabetes","एउटा रोग जसमा वारम्बार र अलि-अलि पिसाब आउँछ र पिसाबका साथै चिनीको पनि केहि अंश निस्कन्छ:मधूमेहले पीडित व्यक्तिले गुलियो वस्तु छाडनुपर्छ","any of several metabolic disorders marked by excessive urination and persistent thirst"
"67357",1,"संक्रामकरोग","contagion | contagious disease","त्यो रोग जुन संसर्ग वा छुवा-छुतबाट फैलिन्छ:हैजा एउटा संक्रामक रोग हो","any disease easily transmitted by contact"
"67367",1,"माई | वसन्तरोग","smallpox | variola | variola major","एउटा यस्तो सङ्क्रामक रोग जसमा शरीरमा फोका उठ्छन्:मार्च, एप्रिल महिनामा माईको प्रकोप धेर हुन्छ","a highly contagious viral disease characterized by fever and weakness and skin eruption with pustules that form scabs that slough off leaving scars"
"67372",1,"दाद","ringworm | roundworm | tinea","NO_GLOSS","infections of the skin or nails caused by fungi and appearing as itching circular patches"
"67380",1,"अन्धोपन | दृष्टिहीनता | नेत्रहीनता","blindness | cecity | sightlessness","अन्धो भएको अवस्था वा भाव","the state of being blind or lacking sight"
"67383",1,"एड्स","acquired immune deficiency syndrome | aids","सङ्क्राम्य तन्त्रको एक भयानक बिमारी जुन सम्भोग आदिद्वारा फैलिन्छ","a serious (often fatal) disease of the immune system transmitted through blood products especially by sexual contact or contaminated needles"
"67391",1,"झाडा-पखाला | महामारी | हैजा","asiatic cholera | cholera | epidemic cholera | indian cholera","एउटा घातक र संक्रामक रोग जसमा वाक आउँछ र छेरौटी लाग्छ:अघिको समयमा हैजा फैलिना साथै मान्छेहरू गाउँ छाडेर भाग्न लाग्थे, किनकि धेरैजसो मान्छे यस महामारीको शिकार हुन्थे","an acute intestinal infection caused by ingestion of contaminated water or food"
"67393",1,"आउँ | रगतमासी","dysentery","त्यो रोग जसले भुँडीमा मासी पर्नाले पेट हुँडल्छ:उनी रगतमासिले हैरान रहन्छिन्","an infection of the intestines marked by severe diarrhea"
"67407",1,"दादुरा | बिफर | माई | शीतला","chickenpox | varicella","एक खाले छुतरोग जसमा छालामा सासाना फोका निक्न्छन्:दादुराका रोगीलाई सधैँ स्वच्छ स्थानमा राख्‍नुपर्छ","an acute contagious disease caused by herpes varicella zoster virus; causes a rash of vesicles on the face and body"
"67432",1,"प्लेग","pest | pestilence | pestis | plague","एउटा खतरनाक ज्यानमारा संक्रामक रोग जुन मुसाद्वारा फैलिन्छ:अघिको समयमा प्लेगले गाउँ गाउँनै सोत्तर हुन्थे","a serious (sometimes fatal) infection of rodents caused by Yersinia pestis and accidentally transmitted to humans by the bite of a flea that has bitten an infected animal"
"67454",1,"क्षयरोग","t.b. | tb | tuberculosis","NO_GLOSS","infection transmitted by inhalation or ingestion of tubercle bacilli and manifested in fever and small lesions (usually in the lungs but in various other parts of the body in acute stages)"
"67457",1,"कन्ठमाला | गलग्रह","king's evil | scrofula | struma","घाँटीको एउटा रोग जसमा पिलो निस्कन्छ:चिकित्सकले कन्ठमाला रोगले सताएको रोगीलाई एक हप्‍ताको औषधि दिए","a form of tuberculosis characterized by swellings of the lymphatic glands"
"67458",1,"आन्तरिकज्वरो | टाइफाइड | म्यादीज्वरो","enteric fever | typhoid | typhoid fever","एकखाले भित्री ज्वरो:मोहन टाइफाइडले पीडित छ","serious infection marked by intestinal inflammation and ulceration; caused by Salmonella typhosa ingested with food or water"
"67463",1,"ठन्डी | रुगा | रुघा | सर्दी","cold | common cold","NO_GLOSS","a mild viral infection involving the nose and respiratory passages (but not the lungs)"
"67465",1,"अस्थामा | दमा","asthma | asthma attack | bronchial asthma","एउटा रोग जसमा सास धेरै कष्टले र अलिक छिटो चल्छ:उनी दमाको रोगले पीडित छन्","respiratory disorder characterized by wheezing; usually of allergic origin"
"67625",1,"चिलाउने | दाद | लुतो","itch | scabies","एकखाले रोग जसमा जिउ सारै चिलाउँछ:ऊ लुताले हैरान भएको छ","a contagious skin infection caused by the itch mite; characterized by persistent itching and skin irritation"
"67655",1,"अन्धो | खटिरो | फोको","eye infection | hordeolum | sty | stye","आँखाको परेलाको छेउमा निस्किने खटिरो","an infection of the sebaceous gland of the eyelid"
"67659",1,"टिटनस | धनुर्वात | धनुषटङ्कार","lockjaw | tetanus","व्रण वा क्षत विषाक्त भएर हुने एउटा भीषण र घातक रोग:धनुषटङ्कार हुँदा रोगीको गर्दन र डडेल्नो बाङ्गिएर धुनको समान बाँङ्गो हुने गर्छ","an acute and serious infection of the central nervous system caused by bacterial infection of open wounds; spasms of the jaw and laryngeal muscles may occur during the late stages"
"67662",1,"विषज रोग | विषाणुज रोग","viral infection | virus infection","त्यो रोग जो विषाणुद्वारा फैलिन्छ","infection by a virus that is pathogenic to humans"
"67663",1,"बाथ","arthritis","NO_GLOSS","inflammation of a joint or joints"
"67697",1,"अण्डवृद्धिअंडवृद्धि | हाइड्रोसिल","hydrocele","पुरुषको अण्डकोशमा हुने एउटा रोग:अण्डवृद्धि हुँदा अण्डकोशमा तरल सञ्चित हुन्छ","disorder in which serous fluid accumulates in a body sac (especially in the scrotum)"
"67705",1,"पहेँलो | रत्तअल्पता | रत्तहोनता","anaemia | anemia","रगतमा राक्त कणिकाहरूको सङ्ख्या वा हिमोग्लोबिनको मात्रा चाहिदोभन्दा थोर हुनाका कारणले हुने एउटा रोग:रक्ताल्पताले गर्दा शरीर पहेंलो र दुर्बल हुन्छ","a deficiency of red blood cells"
"67728",1,"गलगण्ड | गाँड","goiter | goitre | struma | thyromegaly","घाँटी सुनिन्ने एउटा रोग","abnormally enlarged thyroid gland; can result from underproduction or overproduction of hormone or from a deficiency of iodine in the diet"
"67729",1,"कुपोषण","malnutrition","उचित पोषण नभएको क्रिया वा अवस्था","a state of poor nutrition; can result from insufficient or excessive or unbalanced diet or from inability to absorb foods"
"67731",1,"सुकेनास | सुखण्डी रोग","marasmus","एक प्रकारको रोग जो विशेषगरी केटाकेटीहरूलाई हुन्छ अनि जसमा शरीर सुक्न लाग्छ","extreme malnutrition and emaciation (especially in children); can result from inadequate intake of food or from malabsorption or metabolic disorders"
"67756",1,"लु | लुक | लुवार | लुह","insolation | siriasis | sunstroke | thermic fever","प्रायः ग्रीष्म ऋतुमा चल्ने गर्मी र तेज हावा","sudden prostration due to exposure to the sun or excessive heat"
"67848",1,"चर्मरोग | छालाकोरोग","disease of the skin | skin condition | skin disease | skin disorder | skin problem","छाला सम्बन्धी रोग वा छालाको रोग:चिलाउने एउटा छालाको रोग हो","a disease affecting the skin"
"67858",1,"डण्डिफोर","acne","मुख आदिका त दाना जुनचाहिँ विशेषगरी युवावस्थामा निक्लिन्छन्","an inflammatory disease involving the sebaceous glands of the skin; characterized by papules or pustules or comedones"
"67900",1,"दुबी | श्वित्र | श्वैत्य | श्वैत्र | श्वैत्र्य","leukoderma","एक प्रकारको चर्म रोग जसमा शरीरमा सेतो धब्बा देखिन्छ","a congenital skin condition characterized by spots or bands of unpigmented skin"
"67961",1,"कर्कटरोग | केन्सर | केन्सार","cancer | malignant neoplastic disease","एउटा अदमनीय अर्बुद रोग जुन धेरै चाँडो बढ्छ:केन्सरको जीवाणु कोषिका र रक्त प्रवाहका माध्यमबाट शरीरका अरू भागमा फैलिन सक्छ","any malignant growth or tumor caused by abnormal and uncontrolled cell division; it may spread to other parts of the body through the lymphatic system or the blood stream"
"68045",1,"मोतिबिन्दु","cataract","आँखाको एउटा रोग जसमा पुतलीको अगाडि जालो जस्तो लाग्छ:सरकारी अस्पतालमा मोतिबिन्दु रोगको उपचार सित्तैमा गरिन्छ","clouding of the natural lens of the eye"
"68227",1,"तछाइ","abrasion | excoriation | scrape | scratch","ताछिएको चिनो","an abraded area where the skin is torn or worn off"
"68232",1,"टोकाइ | दंश","bite","त्यो घाउ जुन दाँतले टोक्दा हुन्छ","a wound resulting from biting by an animal or a person"
"68240",1,"रक्तस्राव | रुधिरस्राव","bleeding | haemorrhage | hemorrhage","शरीरको कुनै अङ्ग काटिने-फाट्नाका कारण वा अरू कुनै प्रकारले त्यसबाट रगत बग्ने क्रिया","flow of blood from a ruptured blood vessels"
"68247",1,"टुटुल्को | डल्लो | फोको","bump","चोट लाग्दा टाउकामा उठ्ने डल्लो","a lump on the body caused by a blow"
"68250",1,"झोसाइ | पोलाइ","scorch | singe","झोसिएको स्थान","a surface burn"
"68253",1,"ओइलाइ","erythema solare | sunburn","ओइलाउने क्रिया","redness of the skin caused by exposure to the rays of the sun"
"68263",1,"अस्थिभंग | भँचाइ","break | fracture","हड्डी भाँचिने क्रिया","breaking of hard tissue such as bone"
"68292",1,"आँतवृद्धि | हर्निया","inguinal hernia","आँतको एउटा रोग:हर्नियामा आँत बढ्छ","hernia in which a loop of intestine enters the inguinal canal; the most common type of hernia in males"
"68304",1,"घाउ","lesion | wound","शरीरमा काटिएको वा चिरिएको ठाउँ:घाउ निक्कै फैलिएको छ","any break in the skin or an organ caused by violence or surgical incision"
"68371",1,"हाछिउँ","sneeze | sneezing | sternutation","द्रूत गतिमा शब्द गरेर नाकबाट आफैँआफ निस्किने हावा","a symptom consisting of the involuntary expulsion of air from the nose"
"68412",1,"दाग","efflorescence | rash | roseola | skin rash","रक्‍तविकार आदिका कारण शरीरमा निस्किने गोलो दाग वा फुल्नु","any red eruption of the skin"
"68416",1,"पीडा","hurting | pain","NO_GLOSS","a symptom of some physical hurt or disorder"
"68436",1,"टाउकोदुखाइ","cephalalgia | head ache | headache","टाउको दुखाइ:सुत्‍नु मेरा लागि टाउको दुखाइको सबैभन्दा उत्तम उपचार हो","pain in the head caused by dilation of cerebral arteries or muscle contractions or a reaction to drugs"
"68439",1,"अर्शरोग","haemorrhoid | hemorrhoid | piles","एउटा रोग जसमा गुदद्वारमा बेर्नो निस्कन्छ:उनी अर्श रोगको रोगी हुन्","pain caused by venous swelling at or inside the anal sphincter"
"68443",1,"अर्द्धकपाली | आधाटाउकोदुख्‍ने","hemicrania | megrim | migraine | sick headache","आधा टाउको दुख्‍ने:सुषमा आधा टाउको दुखाइले पीडित छिन्","a severe recurring vascular headache; occurs more frequently in women than men"
"68474",1,"चहर्‍याइ","smart | smarting | smartness","चहर्‍याएको अवस्था वा भाव","a kind of pain such as that caused by a wound or a burn or a sore"
"68495",1,"अमलपित्त | अम्लपित्त","heartburn | pyrosis","एक खाले रोग:अम्लपित्तमा जे खाइन्छ त्यो पित्तदोषका कारण अमिलो हुन्छ","a painful burning sensation in the chest caused by gastroesophageal reflux (backflow from the stomach irritating the esophagus); symptomatic of an ulcer or a diaphragmatic hernia or other disorder"
"68502",1,"अजीर्ण | अपच","dyspepsia | indigestion | stomach upset | upset stomach","त्यो रोग जसमा भोजन पच्दैन:अजीर्णले हैरान भएर सोहन डाक्टरकामा जानुपर्‍यो अजीर्णबाट बाँच्नका लागि हामीले सुपाच्य भोजन खानुपर्छ","a disorder of digestive function characterized by discomfort or heartburn or nausea"
"68516",1,"जाडोलाग्नेज्वरो | शीतज्वरो","ague | chills and fever","धेरै जाडोलाग्ने ज्वरो:शीतज्वरो एकखाले विषाणुबाट हुने रोग हो","successive stages of chills and fever that is a symptom of malaria"
"68555",1,"अम्लपित्त","gastritis","NO_GLOSS","inflammation of the lining of the stomach; nausea and loss of appetite and discomfort after eating"
"68637",1,"गलतुण्डिका-शोथ गलतुण्डिका-प्रदाह | गलतुण्डिकाप्रदाह | गलतुण्डिकाशोथ | टन्सिल","tonsillitis","गलतुण्डिका फुलेर हुने एक रोग","inflammation of the tonsils (especially the palatine tonsils)"
"68654",1,"बाडुली | हिक्का","hiccough | hiccup | singultus","एकखाले शरीरिक कार्य जसमा भुँडी वा कलेजाको हावा केहीबेर रोकिएर घाँटीको बाटो हुँदै निस्किने प्रयत्‍न गर्छ:नानीलाई धेरै बाडुली लाग्दै छ","(usually plural) the state of having reflex spasms of the diaphragm accompanied by a rapid closure of the glottis producing an audible sound; sometimes a symptom of indigestion"
"68666",1,"फुर्फुराइ","twitch | twitching | vellication","फुर्फुराउने क्रिया","a sudden muscle spasm; especially one caused by a nervous condition"
"68688",1,"जरो | ज्वरो","febricity | febrility | fever | feverishness | pyrexia","शरीरको अस्वस्थताको सूचक तातो:उनी ज्वरोले ग्रस्त छन्","a rise in the temperature of the body; frequently a symptom of infection"
"68723",1,"कब्जियत | कोष्ठबद्धता","constipation | irregularity","त्यो रोग जसमा भुँडीमा गुहु रोकिरहन्छ र छिटो बाहिर निक्लिँदैन:उनी कब्जियतले हैरान छन्","irregular and infrequent or difficult evacuation of the bowels; can be a symptom of intestinal obstruction or diverticulitis"
"68737",1,"आत्मबल | मनोबल","morale","मनको शक्‍ति","a state of individual psychological well-being based upon a sense of confidence and usefulness and purpose"
"68738",1,"चिन्ता | ध्याउन्ना | परवाह | पीर | फिक्री | सुर्ता","anxiety | anxiousness","दुविधा, अशान्ति, अप्ठ्यारो तथा घबराइले उत्पन्न मनोदशा","a relatively permanent state of anxiety occurring in a variety of mental disorders"
"68747",1,"चिन्ता","stress | tenseness | tension","डर,चिन्ता आदिका कारणले मस्तिष्कको नसाहरू चुँडिने क्रिया वा भाव जसबाट बिकलता बढ्दछ।","(psychology) a state of mental or emotional strain or suspense"
"68818",1,"उन्मत्तता | मस्त","delirium","उन्मत्त हुने अवस्था","a usually brief state of excitement and mental confusion often accompanied by hallucinations"
"68856",1,"पागलपन | बौलाहा","insanity","मस्तिष्कको त्यो रोग जसमा मन र बुद्धिको कार्यक्रम बिग्रिन्छ:अत्याधिक शोकका कारणले उनलाई बौलाहा रोग लाग्यो","relatively permanent disorder of the mind"
"68867",1,"अविवेक","irrationality | unreason","विवेकको अभाव वा सोच्ने सम्झिने शक्तिको अभाव","the state of being irrational; lacking powers of understanding"
"68909",1,"खलबल | हल्लाखल्ला | होहल्ला","panic | scare","मान्छेमा हलचल वा डर फैलाउने खालको हल्लाखल्ला","sudden mass fear and anxiety over anticipated events"
"68919",1,"टुनामोहनी | वशीकरण | सम्मोहन","enchantment | spell | trance","मन्त्र-तन्त्र आदिले कसैलाई वशमा पार्नेक्रिया","a psychological state induced by (or as if induced by) a magical incantation"
"68922",1,"अप्ठ्यारो | असुविधा | कठिनाइ | गाह्रो | दुःसाध्य | दुर्बोध | दुष्कर | मुस्किल | साह्रो","difficulty","त्यो स्थिति जसमा कुनै काम गर्न केही अडचन या बाधा हुन्छ","a condition or state of affairs almost beyond one's ability to deal with and requiring great effort to bear or overcome"
"68940",1,"मान्यता","acknowledgement | acknowledgment | recognition","मान्य भएको अवस्था वा भाव","the state or quality of being recognized or acknowledged"
"68953",1,"छुट्याइ | बिच्छेद | बिछोड","discreteness | distinctness | separateness | severalty","छुट्टिने क्रिया, अवस्था वा भाव","the state of being several and distinct"
"68961",1,"गुप्तता | गुह्यता | गोपनीयता | गोप्यता","concealment | privacy | privateness | secrecy","गोपनीय हुने अवस्था या भाव","the condition of being concealed or hidden"
"68975",1,"मित्रता | मेलमिलाप | सन्धि | सम्झौता","alliance | confederation","राज्य,दल आदिमा हुने के निश्चित हुन्छ भने अब हामी आपस्तमा लडाइ गर्नेछैनौं र मित्रतापूर्वक रहनेछौं अथवा फलानो क्षेत्रमा फलानो प्रकारले व्यवहार गर्नेछौं:दुई राज्यका बीच सन्धि भयो र ती दुवैले एकआपसमा आन्तरिक मामिलामा हस्तक्षेप गर्ने छैनन्","the state of being allied or confederated"
"68996",1,"अनुपयोग","disuse | neglect","उपयोगको अभाव","the state of something that has been unused and neglected"
"69004",1,"जवानी | तन्नेरी | तरुण | युवक","adulthood","बाल्यावस्था र बृद्धावस्थाका बीचको अवस्था वा जवान अवस्था:मनोहरको जवानी खस्न लागेको छ","the state (and responsibilities) of a person who has attained maturity"
"69015",1,"अवयस्क | किशोर | नाबालक","adolescence","कुनै पनि व्यक्‍तिको एघारबाट पन्ध्र वर्षसम्मको अवस्था","in the state that someone is in between puberty and adulthood"
"69016",1,"बाल्यकाल | बाल्यावस्था | शिशुअवस्था","childhood | puerility","शिशु अवस्था:उनको बाल्यावस्था धेरै दु:खमा बित्यो","the state of a child between infancy and adolescence"
"69041",1,"अभिजातता | अभिजात्यता | कुलीनता","nobility | noblesse","कुलीन वा अभिजात हुने अवस्था वा भाव","the state of being of noble birth"
"69062",1,"जोर | बल","focus | stress","कुनै विशेष वस्तु आदिलाई दिइने महत्त्व","special emphasis attached to something"
"69064",1,"उत्कर्ष | प्रकर्ष","distinction | eminence | note | preeminence","भाउ, मूल्य, महत्त्व आदिको सबैभन्दा बढेको अवस्था","high status importance owing to marked superiority"
"69066",1,"आदर | इज्जत | प्रतिष्ठा | मान | सम्मान","prestige | prestigiousness","प्रतिष्ठित भएको अवस्था वा भाव:उनको समाजमा ठुलो प्रतिष्ठा छयस चुनाउमा मैले कुनै हालतमा पनि जित्‍नु छ किनकि मेरो नाकको प्रश्‍न छ","a high standing achieved through success or influence or wealth etc."
"69067",1,"अकीर्ति | अख्याति | अनामत्व | अप्रसिद्धि | ख्यातिहीनता | गुमनामी","obscurity","अख्यात हुने अवस्था या भाव","an obscure and unimportant standing; not well known"
"69074",1,"अभिख्या | अभिख्यान | अभिजन | कीर्ति | ख्याति | जस | नाम | प्रख्याति | प्रतिष्ठा | प्रतीति | प्रसिद्धि | बिरद | यश | विरद | विरुद | सुख्याति | सुयश","celebrity | fame | renown","ख्यात हुने अवस्था या भाव","the state or quality of being widely honored and acclaimed"
"69093",1,"अधोगति | अधोगमन","decadence | decadency | degeneracy | degeneration","अवनतितिर अग्रसर हुने क्रिया या भाव","the state of being degenerate in mental or moral qualities"
"69110",1,"निरङ्कुशता | बेलगामी | स्वेच्छाचारिता","absolutism | despotism | tyranny","निरङ्कुश हुने अवस्था वा भाव","dominance through threat of punishment and violence"
"69111",1,"एकाधिकार | एकाधिपत्य","monopoly","कुनै वस्तु, कार्य वा व्यापार आदिमा कुनै व्यक्ति,दल वा समाजमा हुने पूरा-पूरा अधिकार","exclusive control or possession of something"
"69130",1,"उसाँय्‌","health | wellness","NO_GLOSS","a healthy state of wellbeing free from disease"
"69135",1,"दाह | सन्ताप","suffering | woe","अत्यन्त दुख","misery resulting from affliction"
"69138",1,"अभाव | असुलभता | कमी | खाँचो | दुर्लभता | हर्जा","deficiency | lack | want","दुर्लभ हुने अवस्था या भाव","the state of needing something that is absent or unavailable"
"69143",1,"अभावग्रस्तता | हभाव","stringency | tightness","अभावग्रस्त हुने अवस्था या भाव","a state occasioned by scarcity of money and a shortage of credit"
"69144",1,"अनिवार्यता | आवश्कता","necessity","अनिवार्य हुने अवस्था","the condition of being essential or indispensable"
"69170",1,"खालीपन | रिक्तता | रित्तोपन | शून्यता","emptiness","रिक्‍त वा खाली भएको अवस्था वा भाव","the state of containing nothing"
"69177",1,"छाडापन | नग्नता | नाङ्गोपन | परिधानहीनता","nakedness | nudeness | nudity","नाङ्गो हुने अवस्था या भाव","the state of being without clothing or covering of any kind"
"69201",1,"अखण्डता","integrity | unity | wholeness","अखण्ड भएको अवस्था वा भाव","an undivided or unbroken completeness or totality with nothing wanting"
"69202",1,"पूर्णता | समाप्‍ति | सम्पूर्णता","completeness","सम्पूर्ण भएको अवस्था वा भाव जसमा कुनै कमी आदि हुँदैन","the state of being complete and entire; having everything that is needed"
"69216",1,"खराब | गडबड | दोष","defect | fault | flaw","बिग्रिएको अवस्था वा भाव","an imperfection in a device or machine"
"69253",1,"लँगडा | लङ्गडा","lameness","लङ्गडो हुने अवस्था वा भाव","an imperfection or defectiveness"
"69258",1,"आराम | कुशल | कुशल-मङ्गल | सन्चो","prosperity | successfulness","सुखी र स्वस्थ्य रहने अवस्था","the condition of prospering; having good fortune"
"69263",1,"सफलता | साफल्य | सिद्धि","success","सफल भएको अवस्था वा भाव:गणेशले जुन काममा हात लगाउँछ, त्यसमा उसलाई सफलता प्राप्त हुन्छ","a state of prosperity or fame"
"69266",1,"अभाग्य | दुर्भाग्य | भाग्यहीनता","bad luck | ill luck | misfortune | tough luck","मन्द या नराम्रो भाग्य","an unfortunate state resulting from unfavorable outcomes"
"69279",1,"असफलता | विफलता","failure","असफल भएको अवस्था वा भाव:जीवनका असफलताहरूबाट हामीले शिक्षा लिनुपर्छ","lack of success"
"69293",1,"ग्याँस","gas | gaseous state","द्रव्यको त्यो आकारहीन अवस्था जसको घनत्व सबैभन्दा थोर हुन्छ","the state of matter distinguished from the solid and liquid states by: relatively low density and viscosity; relatively great expansion and contraction with changes in pressure and temperature; the ability to diffuse readily; and the spontaneous tendency to become distributed uniformly throughout any container"
"69295",1,"शक्यता | संभावना | संभाविता | सम्भवता | सम्भावना | सम्भाविता","possibility | possibleness","त्यो जे हुन सक्छ","capability of existing or happening or being true"
"69308",1,"दिन | सुदिन","day","राम्रो समय","a period of opportunity"
"69310",1,"पेसी | सुनवाई","audience | hearing","न्यायालय अथवा अधिकारीका सामुन्ने कुनै अभियोग वा मुद्दा चल्नु र सुनाउने कार्वाही:आज (दिवानी) न्यायालयमा मेरो मुद्दाको पेसी छ","an opportunity to state your case and be heard"
"69314",1,"गुञ्जाइस","room","अटने या छेउको ठाउँ","opportunity for"
"69323",1,"विशुद्धता | विशुद्धि | शुद्धता","pureness | purity","विशुद्ध हुने अवस्था या भाव","being undiluted or unmixed with extraneous material"
"69325",1,"अविशुद्धता | अशुद्धता","impureness | impurity","विशुद्ध नहुने अवस्था या भाव","the condition of being impure"
"69338",1,"धनधान्यपूर्णता | समृद्धता | समृद्धिपूर्णता | सम्पन्नता","prosperity","समृद्ध या सम्पन्न हुने अवस्था या भाव","an economic state of growth with rising profits and full employment"
"69371",1,"अघोरीपन | अघोरीपना | गनाउनेपन","filth | filthiness | foulness | nastiness","गनाउने अवस्था या भाव","a state characterized by foul or disgusting dirt and refuse"
"69374",1,"शुद्ध | सफा-सुग्घर | स्वच्छ","cleanness","सफा भएको अवस्था वा भाव:सफा-सुग्घर पार्दा बिमारी फेलिँदैनरसायन प्रक्रियाद्वारा पानी शुद्ध पार्न सकिन्छ","the state of being clean; without dirt or other impurities"
"69392",1,"अनुक्रमहीनता | क्रमहीनता | शृङ्खलाहीनता","disorder | disorderliness","क्रममा नहुने अवस्था या भाव","a condition in which things are not in their expected places"
"69434",1,"अढकाइ | अढक्याइ","blockage | obstruction","अढकिने क्रिया,अवस्था या भाव","the state or condition of being obstructed"
"69462",1,"परिवेश | परिस्थिति | माहौल | वातावरण | स्थिति | हाल | हालत","background | scope | setting","कुनै घटना,कार्य,जीव आदिका छेउछाउ या चारैतिर वास्तविक या तर्कसङ्गत स्थिति या अवस्था","the state of the environment in which a situation exists"
"69492",1,"भू-क्षरण | भूक्षरण","erosion","भुँइको माटाको क्षरण","condition in which the earth's surface is worn away by the action of water and wind"
"69495",1,"जलवायु | परिवेश | हावापानी","climate | clime","कुनै ठाउँको त्यो प्राकृतिक स्थिति जसद्वारा प्राणीहरूको विकास र स्वास्थ्यमा प्रभाव पर्छ।","the weather in some location averaged over some long period of time"
"69578",1,"ओस","moisture | wet","भूमि, छानो, पर्खाल आदिको आद्रता","wetness caused by water"
"69579",1,"आर्द् | चिसो","humidity | humidness","हावामा भएको बाफको मात्रा","wetness in the atmosphere"
"69587",1,"अनावर्षण | अनावृष्‍टि | अवर्षा | खडेरी | वर्षप्रतिबंध | वर्षप्रतिबन्ध | वर्षाहीनता | सुक्खा","drought | drouth","वर्षाको अभाव या वर्षाहीन हुने अवस्था या भाव","a shortage of rainfall"
"69611",1,"आतङ्कपूर्णता | भयपूर्णता","hazardousness | perilousness","भयले पूर्ण हुने अवस्था या भाव","the state of being dangerous"
"69612",1,"असुरक्षा","insecurity","सुरक्षाको अभाव","the state of being subject to danger or injury"
"69646",1,"विकलाङ्ग","disability | disablement | handicap | impairment","विकलाङ्ग हुने अवस्था वा भाव","the condition of being unable to perform as a consequence of physical or mental unfitness"
"69661",1,"बधिरता | बहिरो","deafness | hearing loss","बहिरो भएको अवस्था वा भाव","partial or complete loss of hearing"
"69681",1,"रतन्धो | रातीको अन्धो","moon blindness | night blindness | nyctalopia","एउटा रोग जसमा राती देखिँदैन","inability to see clearly in dim light; due to a deficiency of vitamin A or to a retinal disorder"
"69702",1,"स्ट्रोक","palsy | paralysis","एकखालको वात रोग जसमा अर्धाङ्ग, अङ्ग विशेष वा सम्पूर्ण अङ्ग विकल हुन्छ","loss of the ability to move a body part"
"69721",1,"कुहाइ | सडाइ","corruption | putrescence | putridness | rottenness","कुहिने क्रिया वा भाव","in a state of progressive putrefaction"
"69860",1,"गोलाबारी | बमबारी","ammunition","एक प्रकारको रासायनिक पदार्थ जुन अस्रका रूपमा प्रयोग गर्न सकिन्छ","any nuclear or chemical or biological material that can be used as a weapon of mass destruction"
"69864",1,"मिश्र धातु | मिश्रधातु","alloy | metal","त्यो धातु जसमा एक या केयौं धातुको मिश्रण हुन्छ या एक या बढी धातुको मिश्रणले बनिएको धातु","a mixture containing two or more metallic elements or metallic and nonmetallic elements usually fused together or dissolving into each other when molten"
"69892",1,"प्लास्टिक","plastic","कृत्रिम वा अर्द्ध कृत्रिम रीतिले बनाएको एक पदार्थ","generic name for certain synthetic or semisynthetic materials that can be molded or extruded into objects or films or filaments or used for making e.g. coatings and adhesives"
"69914",1,"उपादान | कच्चामाल","raw material | staple","व्यवहारमा आउने वस्तुहरू बनाउने सामग्री","material suitable for manufacture or use or finishing"
"69975",1,"अम्ल | एसिड","acid","त्यो पानीमा घोलिने यौगिक जसको स्वाद अमिलो हुन्छ अनि जसले चाहिँ लिटमस कागजलाई रातो बनाइदिन्छ अनि क्षारकले क्रिया गरेर नुनको निर्माण गर्छ","any of various water-soluble compounds having a sour taste and capable of turning litmus red and reacting with a base to form a salt"
"70037",1,"क्षार | खार","alkali | base","पामा घोलिने यौगिक पदार्थ जसले रातो लिटमसलाई निलो बनाइदिन्छ र अम्लका साथ क्रिया गरी नुन र पानी बनाउँछ","any of various water-soluble compounds capable of turning litmus blue and reacting with an acid to form a salt and water"
"70041",1,"अणु","atom","NO_GLOSS","(physics and chemistry) the smallest component of an element having the chemical properties of the element"
"70059",1,"तत्त्व | तत्व | रसायनिक तत्त्व | रसायनिक तत्व | रासायनिक तत्त्व | रासायनिक तत्व","chemical element | element","एउटा पिण्ड जसमा अन्तर-संरचना हुन्छ, द्रव्यमान सीमित हुन्छ अनि झसलाई अझ सरल रूपमा विघटित गर्न सकिँदैन","any of the more than 100 known substances (of which 92 occur naturally) that cannot be separated into simpler substances and that singly or in combination constitute all matter"
"70068",1,"धातु","metal | metallic element","त्योअपारदर्सक चम्किलो खनिज द्रव्यज जसबाट भाँडा, तार, गहना, शस्त्र आदि बनिन्छ:सुन एउटा बहुमूल्य धातु हो","any of several chemical elements that are usually shiny solids that conduct heat or electricity and can be formed into sheets etc."
"70104",1,"क्लोरीन","atomic number 17 | chlorine | cl","हैलोजन समूहको एउटा तत्व","a common nonmetallic element belonging to the halogens; best known as a heavy yellow irritating toxic gas; used to purify water and as a bleaching agent and disinfectant; occurs naturally only as a salt (as in sea water)"
"70126",1,"कुंदन | कुन्दन | खारिएको सुन | शुद्ध सुन | शुद्ध स्वर्ण","24-karat gold | pure gold","त्यो स्वर्ण जुन खारिएको या परिशुद्ध छ","100 per cent gold"
"70139",1,"घनातु","atomic number 77 | ir | iridium","NO_GLOSS","a heavy brittle metallic element of the platinum group; used in alloys; occurs in natural alloys with platinum or osmium"
"70144",1,"काँच | सिसा","atomic number 82 | lead | pb","हलका कालो रङ्गको एउटा मूल धातु जसको परमाणु सङ्ख्या बयासी हुन्छ:नानी सिसाबाट बनाइएको खेलौनासँग खेल्दै छ","a soft heavy toxic malleable metallic element; bluish white when freshly cut but tarnishes readily to dull grey"
"70151",1,"पारा","atomic number 80 | hg | hydrargyrum | mercury | quicksilver","एउटा सेतो, धेरै वजन भएको र चम्किलो धातु जुन साधारणत: द्रव्यका रूपमा रहन्छ:पारा नै एउटा यस्तो धातु हो जुन द्रव अवस्थामा पाइन्छ","a heavy silvery toxic univalent and bivalent metallic element; the only metal that is liquid at ordinary temperatures"
"70168",1,"प्लेटिनम","atomic number 78 | platinum | pt","एउटा दामी धात्विक तत्त्व","a heavy precious metallic element; grey-white and resistant to corroding; occurs in some nickel and copper ores and is also found native in some deposits"
"70190",1,"चाँदी | रजत | रौप्य","ag | atomic number 47 | silver","एउटा सेतो, चमकिलो धातु जसको, सिक्का,गहना, भाँडाहरू बनाइन्छ:उनले चाँदीका गहना लगाएकी थिइन्","a soft white precious univalent metallic element having the highest electrical and thermal conductivity of any metal; occurs in argentite and in free form; used in coins and jewelry and tableware and photography"
"70194",1,"गन्धक | सल्फर","atomic number 16 | s | sulfur | sulphur","एकखाले बल्ने खालको पहेँलो खनिज पदार्थ:प्रयोगशालामा वैज्ञानिकहरू गन्धकसँग सम्बन्धित प्रयोग गर्दै छन्","an abundant tasteless odorless multivalent nonmetallic element; best known in yellow crystals; occurs in many sulphide and sulphate minerals and even in native form (especially in volcanic regions)"
"70219",1,"दस्ता","atomic number 30 | zinc | zn","नीलो-चहक रङ्गको एउटा धातु:दस्ताको प्रयोग पित्तल बनाउन गरिन्छ","a bluish-white lustrous metallic element; brittle at ordinary temperatures but malleable when heated; used in a wide variety of alloys and in galvanizing iron; it occurs as zinc sulphide in zinc blende"
"70244",1,"धातुबल्लभ | सोहाग","borax","एक प्रकारको खनीज सार जुन तातो गन्धको स्रोतबाट निक्लिन्छ:सोहागबाट धेरै रसायनिक द्रव्य बनाइन्छ","an ore of boron consisting of hydrated sodium borate; used as a flux or cleansing agent"
"70254",1,"चीनी माटो | चीनीमाटो","china clay | china stone | kaolin | kaoline | porcelain clay | terra alba","एकखाले सेतो माटो जसद्वारा भाँडाकुँडा,केलौना आदि बनाइन्छ","a fine usually white clay formed by the weathering of aluminous minerals (as feldspar); used in ceramics and as an absorbent and as a filler (e.g., in paper)"
"70318",1,"अभ्रक | अभ्रख","isinglass | mica","खानीबाट निस्किने एकखाले काँचको समान छ्याङ्ङ देखिने पत्रदार धातु:भारतको राजस्थानमा अभ्रक धेरै मात्रामा निस्किन्छ","any of various minerals consisting of hydrous silicates of aluminum or potassium etc. that crystallize in forms that allow perfect cleavage into very thin leaves; used as dielectrics because of their resistance to electricity"
"70320",1,"सरीसृप | सरीसृप जन्तु | सरीसृप जीव","molecule","घिस्रेर हिँडने असमतापी मेरूदण्डी","(physics and chemistry) the simplest structural unit of an element or compound"
"70336",1,"इन्धन","biomass","जलाउने दाउरा वा मुढो आदि:ग्रामीण क्षेत्रमा सुकेका दाउरा आगोबाल्ने सबैभन्दा ठुलो इन्धन हो","plant materials and animal waste used as fuel"
"70340",1,"काँचो कोयला | दाउराको कोयला","charcoal | wood coal","त्यो कोयला जुन चाहिं दाउराको हो","a carbonaceous material obtained by heating wood or other organic matter in the absence of air"
"70352",1,"मट्टितेल","coal oil | kerosene | kerosine | lamp oil","एउटा ज्वलनशील हाइड्रोकार्वन तेल जुन बत्तीहरूमा इन्धनको जस्तो व्यवहार हुन्छ:गीता लालटिनमा मट्टितेल हाल्दै छिन्","a flammable hydrocarbon oil used as fuel in lamps and heaters"
"70400",1,"कालो माटो | चिप्लो माटो","regur | regur soil","लिसैलो कालो माटो","a rich black loam of India"
"70415",1,"पत्रे चट्टान","sedimentary rock","NO_GLOSS","rock formed from consolidated clay sediments"
"70419",1,"परिवर्तित चट्टान","metamorphic rock","NO_GLOSS","rock altered by pressure and heat"
"70432",1,"जन्तु उत्पाद","animal product","त्यो वस्तु जुन कुनै जन्तुबाट प्राप्त या उत्पन्न हुन्छ","a product made from animal material"
"70459",1,"पेस्ट | लेप","paste","कुनै वस्तुको बाक्लो लिसैलो रूप","any mixture of a soft and malleable consistency"
"70468",1,"ग्रन्थ्यूतिनी","a | adenine","NO_GLOSS","(biochemistry) purine base found in DNA and RNA; pairs with thymine in DNA and with uracil in RNA"
"70520",1,"पित्तल | पीतल","brass","तामा र जस्ता मिसाएर बनाइएको एउटा प्रसिद्ध धातु:इस्पात आउनाले अचेल पित्तलका भाँडाहरूको प्रचलन थोरै भयो","an alloy of copper and zinc"
"70521",1,"काँसो | काँस्य","bronze","तामा र जस्ता वा तामा र टिनको योगबाट बनिएको एउटा मिश्र धातु:काँसोको उपयोग भाँडा आदि बनाउनमा गरिन्छ","an alloy of copper and tin and sometimes other elements; also any copper-base alloy containing other elements in place of tin"
"70561",1,"उत्प्रेरक","accelerator | catalyst","त्यो रसायन जसले रासायनिक क्रियालाई गति दिन्छ वा बढाउँछ","(chemistry) a substance that initiates or accelerates a chemical reaction without itself being affected"
"70710",1,"नीर","anil | indigo | indigotin","नील नामको बोटबाट निस्किने नीलो रङ","a blue dye obtained from plants or made synthetically"
"70723",1,"हात्तीकादाँत | हात्तीकादाह्रा","ivory | tusk","हात्तीको मुखका दुवैतिरबाट बाहिर निस्केका दाँतको आकारका ती सेता अवयव जसबाट धेरै बस्तु बनाइन्छ:हात्तीका दाह्राको तस्करी गर्ने मान्छे समातियो","a hard smooth ivory colored dentine that makes up most of the tusks of elephants and walruses"
"70739",1,"छाला","leather","NO_GLOSS","an animal skin made smooth and flexible by removing the hair and then tanning"
"70768",1,"झुस् | भुत्ला | भुवा | रौँ","fur | pelt","NO_GLOSS","the dressed hairy coat of a mammal"
"70805",1,"हिङ","asafetida | asafoetida","NO_GLOSS","the brownish gum resin of various plants; has strong taste and odor; formerly used as an antispasmodic"
"70882",1,"शोषणी | सोख्ता | सोस्ता","blotter | blotting paper","मसी सोस्ने एकखाले खस्रो बाक्लो कागत:सोस्ता राखिसक्दा कागतमाथिको मसी सुकिहाल्यो","absorbent paper used to dry ink"
"70943",1,"कपुर | कर्पुर","camphor","सेता रङको एउटा सुगन्धित पदार्थ जुन दालचिनी का जातको रूखबाट निस्किन्छ:उसले आरती गर्नका लागि कपूर जलायो","a resin obtained from the camphor tree; used in making celluloid and liniment"
"70960",1,"कोशाधु","cellulose","NO_GLOSS","a polysaccharide that is the chief constituent of all plant tissues and fibers"
"70990",1,"कुट","cardboard | composition board","कागजका धेरै पाता टाँसेर बनाइएको पत्ता","a stiff moderately thick paper"
"71009",1,"इस्पात","steel","एकखाले असल फलाम:हाम्रो सहरमा इस्पातको एउटा कारखाना छ","an alloy of iron with small amounts of carbon; widely used in construction; mechanical properties can be varied over a wide range"
"71018",1,"सिमन्टी | सिमेन्ट","cement","रासायनिक विधिले तैयार गरिएको माटोजस्तो रङको एउटा पदार्थ जुनचाहिं भवन-निर्माणमा काम लाग्छ","a building material that is a powder made of a mixture of calcined limestone and clay; used with water and sand or gravel to make concrete and mortar"
"71101",1,"यौगिक | यौगिक पदार्थ","chemical compound | compound","त्यो पदार्थ जुन दुई या दुईभन्दा बढी तत्त्व या पदार्थले मिलेर बनिएको छ","(chemistry) a substance formed by chemical union of two or more elements or ingredients in definite proportion by weight"
"71104",1,"मसला","concrete","माटोमा चुना सुर्खी आदि मिसाएर तयार गरिएको त्यो वस्तु जसले ईटाको जोडाइ आदि हुन्छ:राजमिस्त्रीले मसलाले बेरा जोड्दै छ","a strong hard building material composed of sand and gravel and cement and water"
"71109",1,"चालक","conductor","त्यो वस्तु जुन आफूबाट भएर विद्युत, ताप आदिलाई प्रवाहित हुन दिन्छ","a substance that readily conducts e.g. electricity and heat"
"71181",1,"ओस | शीत","dew","हावामा मिसिएको बाफ जुन रातको चिसोमा जमेर कणका रूपमा झर्छ:गएको रातिदेखि अत्याधिक शीत झर्दै छ","water that has condensed on a cool surface overnight from water vapor in the air"
"71183",1,"आँठा","dextrin","एउटा बाक्लो टाँस्ने तरल पदार्थ","any of various polysaccharides obtained by hydrolysis of starch; a tasteless and odorless gummy substance that is used as a thickening agent and in adhesives and in dietary supplements"
"71219",1,"धुलो","dust","NO_GLOSS","fine powdery material such as dry earth or pollen that can be blown about in the air"
"71225",1,"पवन | बतास | वायु | समीर | हावा","air","प्राय:हावाको अभावमा जीवनको कल्पना गर्न सकिँदैन","a mixture of gases (especially oxygen) required for breathing; the stuff that the wind consists of"
"71229",1,"निःश्वास | निश्वास | प्रश्वास","exhalation | halitus","प्राणीहरूको नाक वा मुखबाट बाहिर निक्लने हावा","exhaled breath"
"71252",1,"पुष्पसार | फुलको रस | मकरन्द","nectar","फुलको रस","a sweet liquid secretion that is attractive to pollinators"
"71298",1,"गो विष्ठा | गोबर","cow pie | cowpie","गाईको मल या विष्ठा","fecal matter of a cow"
"71307",1,"कचर | कचरा | फोहर | फोहोर","waste | waste material | waste matter | waste product","NO_GLOSS","any materials unused and rejected as worthless or unwanted"
"71334",1,"शोडा | सोरा","niter | nitre | potassium nitrate | saltpeter | saltpetre","माटोबाट निस्किने एउटा सार:गन्धक, कोइला र शोडाको मिश्रण विस्फोटक हुन्छ","(KNO3) used especially as a fertilizer and explosive"
"71370",1,"तन्तु","fiber | fibre","कुनै पनि लामो र धेरै पातलो चिज","a slender and greatly elongated solid substance"
"71390",1,"चकमक | दर्शनढुङ्गो","firestone","एक प्रकारको टान ढुङ्गो,जसमा चोट लाग्नाले तुरुन्त आगो निस्किन थाल्छ","a piece of flint that is struck to light a fire"
"71413",1,"फलधु","fructose | fruit sugar | laevulose | levulose","NO_GLOSS","a simple sugar found in honey and in many ripe fruits"
"71414",1,"इन्धन | ऊर्जा","fuel","त्यो पदार्थ जसलाई जलाउँदा ऊर्जा प्राप्‍त हुन्छ:कतिपय खनिज पदार्थको प्रयोग इन्धनका रूपमा गरिन्छ","a substance that can be consumed to produce energy"
"71558",1,"शैवालिनाम्ल","algin | alginic acid","NO_GLOSS","a gum used especially as a thickener or emulsifier"
"71563",1,"गम अरबी","gum acacia | gum arabic","NO_GLOSS","gum from an acacia tree; used as a thickener (especially in candies and pharmaceuticals)"
"71650",1,"बरफ","ice | water ice","NO_GLOSS","water frozen in the solid state"
"71652",1,"तुषारो | बरफ | हिउँ","frost | hoar | hoarfrost | rime","हावामा मिसिएका बाफका अत्यन्त सुक्ष्म अणु जुन चिसोको कारणले पृथ्वीमा सेतो स्तरको   रूपमा जम्छ:अत्याधिक हिउँ पर्नाले आलुको फसल नष्ट भयो","ice crystals forming a white deposit (especially on objects outside)"
"71653",1,"पीस","hailstone","अकाशबाट झर्ने बरफको टुक्रो:पानीका साथै असिना पनि पर्दै छन्","small pellet of ice that falls during a hailstorm"
"71665",1,"मसी","ink","त्यो रङ्गीन तरल अथवा अलिक बाक्लो पदार्थ जुन लेख्‍ने वा कपडा, कागज आदि छाप्ने काममा आउँछ:मेरा कलममा रातो मसी छ","a liquid used for printing or writing or drawing"
"71718",1,"जुट | पटुवा | पाट | सन | सनपाट","jute","सनपाटको रेसा जसबाट दाम्ला र टाट आदि बनाइन्छ","a plant fiber used in making rope or sacks"
"71741",1,"दुग्धधु","lactose | milk sugar","NO_GLOSS","a sugar comprising one glucose molecule linked to a galactose molecule; occurs only in milk"
"71751",1,"लावा","lava","खरानी, ढुङ्गो र धातु आदि मिसिएको त्यो  द्रव पदार्थ जुनचाहिँ प्राय: ज्वालामुखीका पर्वतहरूको मुखबाट विस्फोट हुँदा निस्किन्छ","rock that in its molten form (as magma) issues from volcanos; lava is what magma is called when it reaches the surface"
"71784",1,"चुन | चुना","calcium hydrate | calcium hydroxide | caustic lime | hydrated lime | lime | lime hydrate | slaked lime","ढुङ्गा, रोडा, शङ्ख, मोती आदि पदार्थलाई जलाएर बनाइने एक प्रकारको सेतो सार:चुना धेरै मात्रामा बेरा लिप्नमा प्रयोग गरिन्छ","a caustic substance produced by heating limestone"
"71884",1,"खनिज तेल","mineral oil","त्यो तेल जुनचाहिँ खानीबाट निकालिन्छ","a distillate of petroleum (especially one used medicinally as a laxative or stool softener)"
"71906",1,"दलदल | भास | हिलो","clay | mud","पानीमा मिसिएको धुलो माटो आदि:झरीको बेला कच्चा बाटो हिलोले भरिन्छ","water soaked soil; soft wet earth"
"72069",1,"कलप | खिजाब","dye | dyestuff","केश रङ्गाउने औषधि","a usually soluble substance for staining or coloring e.g. fabrics or hair"
"72102",1,"वनस्पति उत्पादन","plant product","वनस्पतिहरूबाट प्राप्‍त उत्पादन","a product made from plant material"
"72184",1,"दुग्ध | दुध","latex","रूख-पातो र डाँक्‍लाको त्यो सेतो रस जुनचाहिँ त्यसलाई भाँच्दा निस्कने गर्दछ","a milky exudate from certain plants that coagulates on exposure to air"
"72185",1,"रबड | रबर","caoutchouc | gum elastic | india rubber | natural rubber | rubber","रबरका वृक्षको दुधलाई सुकाएर बनाइएको एउटा लचिलो पदार्थ","an elastic material obtained from the latex sap of trees (especially trees of the genera Hevea and Ficus) that can be vulcanized and finished into a variety of products"
"72196",1,"माणिक | मानिक | रत्‍न","ruby","एउटा रत्‍न जसको गन्ती नौ रत्‍नमा हुन्छ:राजा दशरथको भण्डार माणिक आदि रत्‍नले भरिएको थियो","a transparent deep red variety of corundum; used as a gemstone and in lasers"
"72252",1,"बालुवा | रेत","sand","ढुङ्गाको त्यो मसिनो धुलो जुन बर्खाको पानीमा आएर नदीको किनारमा जम्छ वा बन्जर माटोमा र मरुभूमिमा पाइन्छ:मरुभूमिमा ठुल्ठुला बालुवाका थुम्का पाइन्छ","a loose material consisting of grains of rock or coral"
"72255",1,"नील-मणि | नीलमणि","sapphire","निलो रङको एउटा रत्‍न जसको गन्ती नौ रत्‍नमा हुन्छ:तिनले नीलमणि जडिएको औँठी लगाएकी थिइन्","a precious transparent stone of rich blue corundum valued as a gemstone"
"72351",1,"रूखोपन","snake venom","रूखा हुने अवस्था वा भाव","venom secreted by certain snakes"
"72414",1,"ठोस | ठोस पदार्थ","solid","ग्यास,तरल आदि नभई निश्चित तथा आकारमा हुने","a substance that is solid at room temperature and pressure"
"72458",1,"साबुदाना","pearl sago","साबु रूखको गुभाको गुदीबाट बनाइएको छिटै पच्ने दाना:व्रत लिँदा साबुदानाको खिचडी, खीर, बडा, फुलौरा आदि खाइन्छ","sago ground into small round grains"
"72461",1,"बाफ | वाफ | वाष्प","steam","NO_GLOSS","water at boiling temperature diffused in the atmosphere"
"72534",1,"अश्रु गेस | आँसु गेस","lachrymator | lacrimator | tear gas | teargas","त्यो गेस जसद्वारा आँखामा आँसु आउँछ र आँखामा दर्द हुन लाग्छ","a gas that makes the eyes fill with tears but does not damage them; used in dispersing crowds"
"72575",1,"खपडा","roofing tile | tile","माटाको(पाकेको) चारपाटे वा अर्धगोलाकार आकृति जुन चाहिँ घरका छानामा राख्‍ने गरिन्छ:धेरैजसो माटाका घरहरू खपडाले छाउने गरिन्छ","a thin flat slab of fired clay used for roofing"
"72586",1,"पुष्पराज | पोखराज","topaz","एक प्रकारको बहुमूल्य पहेँलो रत्न","a mineral (fluosilicate of aluminum) that occurs in crystals of various colors and is used as a gemstone"
"72648",1,"अतसी | आलस | तिसी","flaxseed | linseed","खैरो वा कालो रङ्गको बीउ जसबाट तेल निस्कन्छ:आलसको लड्डु फाइदाकारी हुन्छ","the seed of flax used as a source of oil"
"72667",1,"खाद्योज | पोषिलो खानेकुरा | भिटामिन | विटामिन","vitamin","प्रायः खाद्य पदार्थमा पाइने एक प्रकारको पोषक तत्व","any of a group of organic substances essential in small quantities to normal metabolism"
"72698",1,"कानको फोहोर | कानको मैला | काने गुजी","cerumen | earwax","NO_GLOSS","a soft yellow wax secreted by glands in the ear canal"
"72730",1,"अगुल्टो","brand | firebrand","बल्दै गरेको वा सल्किएको दाउरो","a piece of wood that has been burned or is burning"
"72749",1,"ऊन","wool","भेडा आदिको रौँले बनाएको धागो जसले कम्बल र अरू तातो लुगा आदि बनिन्छ:सीताले स्वेटर बनाउनका लागि दुइटा ऊनका डल्ला किनिन्","fiber sheared from animals (such as sheep) and twisted into yarn for weaving"
"72826",1,"अतीत | अतीत काल | अतीतकाल | भूत काल | भूतकाल","past | past times | yesteryear | yore","बितेको समय या काल","the time that has elapsed"
"72829",1,"इतिहास","history","NO_GLOSS","the aggregate of past events"
"72830",1,"अगत | अप्राप्तकाल | आगामी समय | उत्तर काल | कल | भविष्य | भविष्य काल | भावी समय","future | futurity | hereafter | time to come","आउने काल या समय","the time yet to come"
"72834",1,"दिन | दिवस","day","निश्चित वा उचित समय","some point or period in time"
"72836",1,"खराब दिन | दुर्दिन | नराम्रो दिन","hard times","त्यो दिन जसमा कष्ट दिने खालका घटना हुन्छन्","a time of difficulty"
"72874",1,"सप्‍ताह | साता | हप्‍ता","calendar week | week","सोमवारबाट आइतवारसम्मका सात दिन:उनी आउँदो हप्‍ता दिल्ली जान्छन्","a period of seven consecutive days starting on Sunday"
"72876",1,"दिन","day","चौबीस घन्टामध्ये त्यो समय जुनचाहिँ सुते पछि काम गर्दा बित्दछ","the recurring hours when you are not sleeping (especially those when you are working)"
"72884",1,"अवकाश | कार्यावकाश | फुरसत | फुर्सत | विराम काल | विश्राम काल","leisure | leisure time","आरामको समय","time available for ease and relaxation"
"72885",1,"अवकाश | छुट्टी | बिदा","holiday | vacation","काम बन्द रहने त्यो दिन जसमा नियमित रूपले मानिस काममा उपस्थित हुँदैनन्","leisure time away from work devoted to rest or pleasure"
"72890",1,"पिकनिक | वनभोज","field day | outing | picnic","त्यो डुलाइ जुनचाहिँ नगर बाहिर कुनै बगैँचा वा उपवन आदिमा हुन्छ र जसमा खाने-पिउनेको पनि प्रबन्ध हुन्छ","a day devoted to an outdoor social gathering"
"72904",1,"आयुष | उमेर","life","जन्मदेखि अहिलेसम्मको जीवन काल या बितेको जीवन काल","the period between birth and the present time"
"72913",1,"जन्म काल | जन्म समय","birth","जन्म हुने समय या त्यो समय जब कसैको जन्म हुन्छ","the time when something begins (especially life)"
"72918",1,"अन्त काल | अन्तकाल | अन्तिम समय | काल | मरणघडी | मृत्यु | मृत्यु काल","death | last","अन्तिम साँस लिने या मर्ने समय","the time at which life ends; continuing until dead"
"72926",1,"आयु | उमेर | जिन्दगी | जीवनकाल","age | eld","जन्मदेखि मृत्युसम्मको समय जसको गन्ती दिन, महिना, वर्ष आदिमा हुन्छ:मान्छेको औसतन आयु साठीदेखि सत्तरी वर्षका बीचको हुन्छउनको जीवन अर्काको राम्रो गर्नमा नै बित्यो","a time in life (usually defined in years) at which some particular qualification or power arises"
"72938",1,"जवान | जवानी | तरुणकाल | युवाकाल | यौवन | यौवन-काल | यौवनकाल","youth","जवानीको समय","the time of life between childhood and maturity"
"72987",1,"बुढउती | बुढेउली | बुढेस काल | वृद्धावस्था","age | eld | geezerhood | old age | years","बुढो भएको समय","a late time of life"
"72995",1,"भोलि","tomorrow","आज पछि आउने पहिलो दिन:यो लेख भोलिको समाचार पत्रमा निस्किन्छ","the day after today"
"72996",1,"अहिले | आज | आजै","today","त्यो दिन जसले वर्तमानलाई दर्साउँछ:म आजै दिल्ली जान्छु","the day that includes the present moment (as opposed to yesterday or tomorrow)"
"72997",1,"हिजो","yesterday","आजभन्दा एकदिन अगाडिको दिन:यो लेख हिजोको समाचार पत्रमा छापिएको थियो","the day immediately before today"
"73028",1,"दिन | दिवस | वार","day of the week","हिन्दू पञ्चाङ्गमा आधारित हप्‍ताका कुनै दिन","any one of the seven days in a week"
"73031",1,"आइतबार | रविबार","dominicus | lord's day | sun | sunday","शनिबार पछि र सोमबारको अघिल्लो दिन:हाम्रो यहाँ प्रत्येक विद्यालय, कार्यालय आदि आइतबार बन्द हुन्छन्","first day of the week; observed as a day of rest and worship by most Christians"
"73032",1,"सोमवार | सौंवार","mon | monday","हप्‍ताको पहिलो वार वा मङ्गलवारको अघिल्लो दिन:उनी आउँदो सोमवार वाराणसी जान्छन्","the second day of the week; the first working day"
"73033",1,"मङ्गलवार","tues | tuesday","हप्‍ताको दोस्रो दिन वा सोमवारको भोलिपल्ट:यस मङ्गलवार रामको जन्मदिन हो","the third day of the week; the second working day"
"73034",1,"बुधवार","midweek | wed | wednesday","सात वारमध्ये एउटा जुन मङ्गलवारभन्दा पछि र बिहिवारभन्दा अघि आउँछ:उनी बुधवार आउँछन्","the fourth day of the week; the third working day"
"73035",1,"गुरुवार | बिहिवार","th | thursday","बुधवार पछि तथा शुक्रवारको अघिल्लो दिन:सीता बिहिवारको व्रत राख्छिन्","the fifth day of the week; the fourth working day"
"73037",1,"शनिवार","sabbatum | sat | saturday","शुक्रवारको भोलिपल्ट र आइतवारको अघिल्लो वार वा दिन:उनी आउँदो शनिवार आउँछन्प्रत्येक शनिवार मेरो छुट्टी हुन्छ","the seventh and last day of the week; observed as the Sabbath by Jews and some Christians"
"73039",1,"दिन | दिवस","day | daylight | daytime","सूर्य उदय भएदेखि अस्ताउञ्जेलसम्मको समय:आजको दिन मेरा लागि धेरै राम्रो थियोगर्मीमा दिन लामा हुन्छन्","the time after sunrise and before sunset while it is light outside"
"73041",1,"अपराह्न | दिउँसो","high noon | midday | noon | noonday | noontide | twelve noon","त्यो समय जब सूर्य मध्य अकासमा पुग्छन्:उनी दिउँसो घरबाट बाहिर डुल्दै थिए","the middle of the day"
"73048",1,"बेलुका | सन्ध्याकाल | साँझ","eve | even | evening | eventide","त्यो समय जब दिन अन्त्य र राती सुरु हुन्छ:साँझ पर्ने बित्तिकै ऊ घरबाट निस्कियो","the latter part of the day (the period of decreasing daylight from late afternoon until nightfall)"
"73051",1,"रात","dark | night | nighttime","NO_GLOSS","the time after sunset and before sunrise while it is dark outside"
"73059",1,"आधारात | मध्यराती","midnight","राती बीचको समय वा रातीको वार बजेको समय:उनी मध्ये राती घुमिरहेका थिए","12 o'clock at night; the middle of the night"
"73066",1,"सूर्यास्त","sundown | sunset","त्यो समय जब घाम डुब्छ","the time in the evening at which the sun begins to fall below the horizon"
"73067",1,"गोधुलिबेला | साँझ","crepuscle | crepuscule | dusk | evenfall | fall | gloam | gloaming | nightfall | twilight","साँझको त्यो समय जब चरेर फर्किन लागेका गाई-गोरुका खुरबाट धुलो उड्ने गर्छ:उनी गोधुलि बेलामा घरबाट निस्किए","the time of day immediately following sunset"
"73069",1,"सप्ताह | हप्ता | हप्‍ता | हफ्ता","hebdomad | week","NO_GLOSS","any period of seven consecutive days"
"73109",1,"चन्द्रमासिक सम्वत्","lunar calendar","NO_GLOSS","a calendar based on lunar cycles"
"73211",1,"क्रिसमस | बडादिन","christmas | christmas day | dec 25 | xmas","२५डिसेम्बर जुन चाहिँ ईसाको जन्मदिन तथा इसाईहरूको चाड हो","a Christian holiday celebrating the birth of Christ; a quarter day in England, Wales, and Ireland"
"73239",1,"अधिवर्ष | पुरुषोत्तम मास | लिप ईयर | लिपईयर","366 days | bissextile year | intercalary year | leap year","ग्रेगोरीय कैलेंडरका अनुसार त्यो वर्ष जसको संख्या चारद्वारा  विभाजित हुन सक्छ","in the Gregorian calendar: any year divisible by 4 except centenary years not divisible by 400"
"73255",1,"दशक","decade | decennary | decennium","दस वस्तुहरू वा वर्षहरूको समूह","a period of 10 years"
"73256",1,"शताब्दी | सयौंवर्ष","century","सय वर्षको समय:शताब्दीदेखि चलेर आएको रूढीवादी परम्परालाई अपर्झट पन्साउन सकिँदैन","a period of 100 years"
"73262",1,"द्विपक्ष | महिना | मास | माह","month","कहींबाट आरम्भ गरेर तीस दिनको समय","a time unit of approximately 30 days"
"73271",1,"चन्द्रमास","lunar month | lunation | moon | synodic month","हिन्दू पञ्चाङ्गको महिना जुनचाहिँ चन्द्रमाको गतिमा आधारित हुन्छ र त्यति दिनको हुन्छ, जति  चन्द्रमाले पृथ्वीलाई एकचोटि परिक्रमा गर्न लाग्दछ","the period between successive new moons (29.531 days)"
"73281",1,"महिना | मास","calendar month | month","वर्षको बाह्रौं भागको काल विभाग, जुन प्राय:उनी आउँदो महिनाको बाह्र तारिखमा आउँछन्","one of the twelve divisions of the calendar year"
"73283",1,"जनवरी","jan | january","अङ्ग्रेजी वर्षको पहिलो महिना","the first month of the year; begins 10 days after the winter solstice"
"73285",1,"फेब्रुवारी","feb | february","अङ्ग्रेजी सालको दोस्रो महिना","the month following January and preceding March"
"73287",1,"मार्च","mar | march","ईस्वी सनको तेस्रो महिना","the month following February and preceding April"
"73289",1,"अप्रिल","apr | april","अङ्ग्रेजी महिनाको चौथो महिना","the month following March and preceding May"
"73291",1,"मई | मे","may","अङ्ग्रेजी सालको पाँचौं महिना","the month following April and preceding June"
"73293",1,"जुन","june","अङ्ग्रेजी वर्षको छैठौं महिना जुन तीस दिनको हुन्छ","the month following May and preceding July"
"73295",1,"जुलाई","july","ईस्वी सनको सातौँ महिना","the month following June and preceding August"
"73297",1,"अगस्ट | अगस्त","aug | august","इस्वी सनको आठौँ महिना","the month following July and preceding September"
"73299",1,"सेप्टेम्बर","sep | sept | september","अङ्ग्रेजी महिनाको नवौँ महिना","the month following August and preceding October"
"73301",1,"अक्टुबर | अक्टोबर","oct | october","अङ्ग्रेजी सालको दसौं महिना","the month following September and preceding November"
"73303",1,"नभेम्बर","nov | november","अङ्ग्रेजी वर्षको एघारौँ महिना","the month following October and preceding December"
"73331",1,"इद | इद-उल-फितर","id al-fitr","मुसलमानको एउटा चाढ जसलाई चाँद हेरेर मनाइन्छ","a Muslim day of feasting at the end of Ramadan"
"73337",1,"चैत | चैत्र","caitra | chait","हिन्दी वर्षको पहिलो महिना:मेरी आमा प्रत्येक चैतको रामनवमीको व्रत राख्‍नुहुन्छ","the first Hindu calendar month (corresponding to March in the Gregorian calendar)"
"73339",1,"बैसाक | वैशाख","baisakh | vaisakha","चैत पछि र जेठ अघिको हिन्दी महिना:वैशाखमा बैसाखीको उत्सव मनाइन्छ","the second month of the Hindu calendar"
"73340",1,"जेठ | जेष्ठमहिना","jeth | jyaistha","वैशाख र असारका बीचको महिना:उनी जेठको कृष्णपक्ष दशमीमा जन्मिएका थिए","the third month of the Hindu calendar"
"73341",1,"असार | आषाढ","asadha | asarh","भारतीय महिनामा जेठ पछिको र साउन अघिको महिना:असारमा अत्याधिक झरी परे पनि कृषकहरू खेतीमा लागिरहन्छन्","the fourth month of the Hindu calendar"
"73342",1,"श्रावणमहिना | साउन","sawan | sravana","असार पछि र भदौ अघिको महिना:साउनमा महिलाहरूले पिङको विशेष आनन्द लिन्छन्","the fifth month of the Hindu calendar"
"73343",1,"भदौ | भाद्रमहिना","bhadon | bhadrapada","साउन र असोजका बीचको महिना:श्रीकृष्णको जन्म भदौको कृष्ण पक्ष अष्टमीमा भएको थियो","the sixth month of the Hindu calendar"
"73344",1,"असोज | आश्विन","asin | asvina","भारतीय महिनाहरूमा भदौपछि र कार्तिकभन्दा अघिको महिना:दशैं असोज महिनामा पर्छ","the seventh month of the Hindu calendar"
"73345",1,"कात्तिक | कार्तिक","kartik | karttika","त्यो चन्द्रमास जुन असोज र मङ्सिर  महिनाको बीचमा पर्छ:कार्तिकमा दिपावली धुमधामसित मनाइन्छ","the eighth month of the Hindu calendar"
"73346",1,"मङ्सिर | मार्गशीर्ष","aghan | margasivsa","कात्तिकपछि र पुसको अघिल्लो महिना:गीताका साना भाइको जन्म मङ्सिर महिनामा भएको थियो","the ninth month of the Hindu calendar"
"73347",1,"पुस | पुसमहिना | पौष","pansa | pus","मङसिर पछि र माघको अघिल्लो महिना:पुसमा धेरै जाडो हुन्छ","the tenth month of the Hindu calendar"
"73348",1,"माघ | माघमहिना","magh | magha","पुस पछि र फागुन अघिको महिना:माघ महिनाबाट जाडो पलाउन कम हुँदै जान्छ","the eleventh month of the Hindu calendar; corresponds to January in the Gregorian calendar"
"73350",1,"फागुन | फाल्गुन","phagun | phalguna","माघपछि र चैतको पहिलो हिन्दी महिना:फागुनमा फागु उत्सव रमाइलोसित  मनाइन्छ","the twelfth month of the Hindu calendar"
"73361",1,"मधुरात्रि | सुहागरात | सौभाग्यरात्रि","wedding night","बिहे पछिको त्यो पहिलो रात जसमा वर र बधुको पहिलो सम्भोग हुन्छ","the night after the wedding when bride and groom sleep together"
"73363",1,"विषुव","equinox","त्यो समय जब सूर्य विषुवत् रेखामा पुग्दा दिन र रात समान हुन्छ","either of two times of the year when the sun crosses the plane of the earth's equator and day and night are of equal length"
"73367",1,"काल सीमा | समय सीमा","time limit","समयको सीमा","a time period within which something must be done or completed"
"73388",1,"घण्टा","60 minutes | hour | hr","दिन-रातको चौबीसौं भाग, साठी मिनिटको समय:गाडी एकघण्टा ढिलो चल्दै छ","a period of time equal to 1/24th of a day"
"73418",1,"मिनट | मिनेट","min | minute","एक घण्टाको साठीऔं भाग वा साठी सेकेण्डको समय","a unit of time equal to 60 seconds or 1/60th of an hour"
"73420",1,"सेकेन्ड","s | sec | second","एक मिनेटको साठीऔं भाग","1/60 of a minute; the basic unit of time adopted under the Systeme International d'Unites"
"73429",1,"शिशिर | शिशिर ऋतु","autumn | fall","त्यो ऋतु जसमा रूखका पातहरू झर्छन्","the season when the leaves fall from the trees"
"73430",1,"ऋतुराज | वसन्त","spring | springtime","सर्व प्रधान मानिने त्यो ऋतु जुन माघको दोस्रो पक्षबाट आरम्भ भएर चैतको पहिलो पक्षसम्म मानिने गरिन्छ:वसन्तको आगमनले प्रकृति रमाइलो भएको छवसन्त ऋतुलाई कविहरूले ऋतुराजको संज्ञा दिएका छन्","the season of growth"
"73431",1,"गमीर","summer | summertime","NO_GLOSS","the warmest season of the year; in the northern hemisphere it extends from the summer solstice to the autumnal equinox"
"73433",1,"चिसो | जाडो | ठन्डा","winter | wintertime","जाडोको समय:जाडामा पानी पर्‍यो भने चिसो अझ बढ्छ","the coldest season of the year; in the northern hemisphere it extends from the winter solstice to the vernal equinox"
"73442",1,"बर्खा | वर्षा | वर्षायाम","monsoon","त्यो ऋतु वा महिना जहिले पानी पर्छ:कहिलेकाहीं बर्खामा यति धेरै पानी पर्छ त्यसैले कतिपय ठाउँमा बाढी आउँछ","rainy season in southern Asia when the southwestern monsoon blows, bringing heavy rains"
"73482",1,"अवसर | घडी | बेला | मुहूर्त | मौका | समय","time","यस्तो समय या परिस्थिति जसमा कुनै कार्य या उद्देश्य सजिलै, जल्दी या सुविधाले हुन सक्छ","a suitable moment"
"73497",1,"अवधि | काल | युग | समय","epoch | era","संस्कृतिको इतिहासमा त्यो काल मान जुन समय र अवस्था आदिका दृष्टिले निजी एक परिभाष्य वा महत्त्वपूर्ण स्थान लिएको हुन्छ:म तपाईंलाई भारतेन्दु युगको एउटा रचना सुनाउँछु","a period marked by distinctive character or reckoned from a fixed point or event"
"73519",1,"जन्मदिन | जन्मदिवस","birthday | natal day","त्यो दिन जुनदिन कोही जन्मिएको थियो","the date on which a person was born"
"73559",1,"अद्य काल | आज | आधुनिक काल | वर्तमान | वर्तमान काल","today","विद्यमान समय","the present time or age"
"73584",1,"गम्भीर गहन | गहिराइ","deep","गहिरो गुण वा भाव","the central and most intense or profound part"
"73586",1,"अभ्युदय | उदय","dawn","कुनै नयाँ चिज,कुरा,शक्ति,आदि उत्पन्न भएर सामुन्ने आउने क्रिया","an opening time period"
"73596",1,"अंतराल | अन्तराल","interval | time interval","दुई बिन्दुका बीचको स्थान या समय","a definite length of time marked off by two instants"
"73598",1,"नियत अवधि | नियत काल | निर्धारित समय","slot | time slot","कुनै एउटा नियत समयदेखि अर्को नियत समयसम्मको काल","a time assigned on a schedule or agenda"
"73607",1,"अबेर | ढिलो | बेर | विलम्ब","delay | hold | postponement | time lag | wait","साधारण या नियतले अधिक समय","time during which some action is awaited"
"73609",1,"मध्यान्तर | मध्यान्तराल","halftime","कुनै खेल आदिका बीचमा हुने केही समयको अवकाश","an intermission between the first and second half of a game"
"73634",1,"जन्म-दर | जन्मदर","birth rate | birthrate | fertility | fertility rate | natality","कुनै क्षेत्रको जनसङ्ख्याको तुलनामा त्यो क्षेत्रमा जन्मिने (जीवित) दर जुनचाहिँ प्रति हजार प्रति वर्षमा दर्शाइन्छ","the ratio of live births in an area to the population of that area; expressed per 1000 population per year"
"73638",1,"मृत्यु-दर | मृत्युदर","death rate | deathrate | fatality rate | mortality | mortality rate","कुनै क्षेत्रका मान्छेको जनसङ्ख्याको तुलनामा त्यहाँका मान्छेको मृत्यु दर जुनचाहिँप्रति हजार प्रति वर्षमा दर्शाइन्छ","the ratio of deaths in an area to the population of that area; expressed per 1000 per year"
"73644",1,"पटकैपिच्छे | लगातार | वारवार","frequence | frequency | oftenness","वारम्बार भइरहने क्रिया","the number of occurrences within a given time period"
"73669",1,"गति | वेग | सराइ | हिँडाइ","speed | velocity","प्रति एकाइ समयमा तय गरिएको दूरी","distance travelled per unit time"
"73715",1,"पाली | पालो","duty period | shift | work shift","कल कारखाना आदिमा काम गर्ने त्यो वा त्यतिनै निर्धारित समय जसमा एकजना कर्मचारी वा कर्मचारीदल आएर कार्य गर्दछन्","the time period during which you are at work"
"73721",1,"दिन","day shift","दिनको समयमा काम गर्ने काल अवधि","the work shift during the day (as 8 a.m. to 4 p.m.)"
"73738",1,"राज्य शासन | शासन काल","rule","कुनै शासकले राज्य गरेको समय","the duration of a monarch's or government's power"
"73776",2,"मरणासन्न | मुमूर्ष","moribund","जो मृत्युको नजिक छ","being on the point of death; breathing your last"
"73787",2,"अनाशंकित | अनाशङ्कित | आशंकाहीन | आशङ्काहीन | निश्शंक | निश्शङ्क | संशयहीन","implicit | unquestioning","जो आशङ्कित हुँदैन","being without doubt or reserve"
"73808",2,"सोसित","absorbed","जसको शोषण भएको छ","taken in through the pores of a surface"
"73814",2,"चखुवा | स्वादे","gluttonous","जसको स्वादिस्ट चिजहरू खाने अभ्यास छ","given to excess in consumption of especially food or drink"
"73817",2,"खन्चुवा | घिचासे | घिचुवा | पेटु | भाते","edacious | esurient | rapacious | ravening | ravenous | voracious | wolfish","धेरै खाने मान्छे","devouring or craving food in great quantities"
"73826",2,"तथ्यपरक | तथ्यपूर्ण | तथ्यात्मक | प्रामाणिक | सारपूर्ण","factual","जे चाहिँ तथ्यले पूर्ण छ या जसमा सत्यता निहित हुन्छ","characterized by fact"
"73827",2,"वस्तुनिष्ठ","objective","वस्तु वा पदार्थसँग सम्बन्ध राख्‍ने","belonging to immediate experience of actual things or events"
"73831",2,"काफी | चाहिएजति | पर्याप्त | पर्याप्‍त | प्रशस्त | मनग्य | यथेष्ट","ample | copious | plenteous | plentiful | rich","जति चाहिन्छ त्यति या जति हुनुपर्थ्यो त्यति","affording an abundant supply"
"73855",2,"निरपवाद","unexceptionable | unimpeachable","जसमा कुनै अपवाद छैन","completely acceptable; not open to exception or reproach"
"73864",2,"सुगम | सुगम्य","accessible","सजिलै जाने लवा पुग्ने योग्य","capable of being reached"
"73877",2,"अनुग्राहक | अनुग्राही | उपकर्ता | उपकर्त्ता | उपकार कर्ता | उपकार कर्त्ता | उपकारक | उपकारी","complaisant | obliging","उपकार गर्ने","showing a cheerful willingness to do favors for others"
"73881",2,"जस्ताको त्यस्तै | हु-ब-हु | हुबहु","close | faithful","बिल्कुल अनुरूप वा समान","marked by fidelity to an original"
"73893",2,"अभ्यसित | अभ्यस्त","accustomed","जसको अभ्यास छ","(often followed by `to') in the habit of or adapted to"
"73911",2,"अभ्युपगत | मन्जुर | सहमति प्राप्त | स्वीकृत","accepted | recognised | recognized","जसका लागि सहमति पाइएको छ:“सरकारद्वारा स्वीकृत यो परियोजना चाँडै नै सुरु हुनेवाला छ""","generally approved or compelling recognition"
"73931",2,"निर्लोभ | निस्पृह | लालचहीन | लोभहीन","unacquisitive","जसलाई कुनै प्रकारको लोभ वा लालचा छैन","not acquisitive; not interested in acquiring or owning anything"
"73940",2,"जावगरिलो | परिश्रमी आलस्यहीन | मिहिनेती","lively","जसमा आलस्य छैन","characterized by energetic activity"
"74026",2,"जँड्याहा | रक्स्याहा","alcohol-dependent | alcoholic","प्राय: धेरै रक्सी खाने मान्छे","addicted to alcohol"
"74037",2,"पूरक | सम्पूरक","complemental | complementary | completing","कसैसँग मिलेर त्यसलाई पूर्णरूप प्रदान गर्ने","acting as or providing a complement (something that completes the whole)"
"74041",2,"अनुपूरक | पूरक","supplemental | supplementary","कसैका साथ लागेर अथवा मिलेर त्यसको पूर्ति गर्ने","added to complete or make up a deficiency"
"74061",2,"लयालो","gluey | glutinous | gummy | mucilaginous | pasty | sticky | viscid | viscous","जसमा टाँसिने वा टस्याउँने गुण हुन्छ वा जसमा लयालोपन हुन्छ","having the sticky properties of an adhesive"
"74092",2,"अभिलमंडित | अभिलमण्डित | अलंकारपूर्ण | अलंकारिक | अलंकृत | अलङ्कृत | आभूषित | भूषित | विभूषित | सज्जित","embellished | ornamented | ornate","अलङ्कृत गरिएको या जो रत्न आदिले सुसज्जित छन्","rich in decorative detail"
"74093",2,"बुनेको","embroidered","जसमा बत्तु जडेर बेलबुट्टा बनाएको छ","adorned with embroidery"
"74106",2,"जडेको","mounted","जसमा मणि आदि जडेको छ","decorated with applied ornamentation; often used in combination"
"74114",2,"अनलङ्कृत | अमण्डित | अलङ्कारहीन | अविभूषित | नसजिएको","bare | plain | spare | unembellished | unornamented","जुन अलङ्कृत छैन","lacking embellishment or ornamentation"
"74136",2,"अर्थकर | उपयोगी | गुणकारी | लाभकर | लाभकारी | लाभजनक | लाभदायक | लाभप्रद | हितकारी","advantageous","जसद्वारा लाभ हुन्छ या जसले लाभ दिन्छ","giving an advantage"
"74151",2,"अनुशंसित","recommended | suggested","जसको सम्बन्धमा अनुशंसा वा सिफारिश गरिएको छ","mentioned as worthy of acceptance"
"74163",2,"सौन्दर्य बोधक | सौन्दर्यात्मक सौन्दर्यपरक","aesthetic | aesthetical | esthetic | esthetical","जसद्वारा सौन्दर्य बोध हुन्छ","concerning or characterized by an appreciation of beauty or good taste"
"74171",2,"प्रभावित","affected","जसमा प्रभाव परेको छ","acted upon; influenced"
"74195",2,"सकारात्मक | स्वीकारात्मक","affirmative | affirmatory","जसमा स्वीकार वा हुन्छ को भाव हुन्छ","affirming or giving assent"
"74199",2,"अमत | असम्मत | असहमत | नामन्जुर","dissentient | dissenting | dissident","सहमत वा राजी नहुने","disagreeing, especially with a majority"
"74218",2,"अचेत | चेतना नभएको | बेहोस | सुद्धी हराएको | होस गुमेको","aghast | appalled | dismayed | shocked","जुनचाहिँ जड वा अररो भएको छ","struck with fear, dread, or consternation"
"74220",2,"आशङ्की | शङ्का | शङ्कित | सशङ्कित","alarmed","जसलाई सन्देह हुन्छ","experiencing a sudden sense of danger"
"74222",2,"आशंकापूर्ण | आशंकित | आशङ्कापूर्ण | आशङ्कित","apprehensive","जसद्वारा आशंका हुन्छ या जो आशंकामा हुन्छ","in fear or dread of possible evil or harm"
"74234",2,"आतङ्कित | त्रस्त | सन्त्रस्त","terror-stricken | terror-struck","जुन आत्तिएको छ","struck or filled with terror"
"74239",2,"अपभय | अपभीति | अपशंक | अभय | अभीत | अभीरु | निःशंक | निडर | निर्भय | निर्भीक | निर्भीत | बेडर | भयहीन","fearless | unafraid","जुन भयरहित छ","oblivious of dangers or perils or calmly resolute in facing them"
"74247",4,"अनवरत | दनादन | निरंतर | निरन्तर | लगातार","hard-hitting | high-pressure","बिना विरामको या नरोकिने या बिना क्रम-भङ्गको","aggressively and persistently persuasive"
"74251",2,"डरलाग्दा","predatory | rapacious | raptorial | ravening | vulturine | vulturous","रगत खाने वा रगत पिउने","living by preying on other animals especially by catching living prey"
"74252",2,"काटाकाट | झगडा | मारामार | लडाइ","pugnacious | rough","लडाइ गर्ने मान्छे","ready and able to resort to force or violence"
"74280",2,"अनभिमत | अनभीष्ठ | अप्रिय | अमनोनीत | मन नपर्दो","disagreeable","जे मनपर्दो छैन","not to your liking"
"74288",2,"सचेत | सतर्क | सावधान","alert","जो सचेत छ:काश्मीरमा आतङ्कवादीहरूको अवैध प्रवेशका बारेमा सेनालाई सचेत गराइयो","very attentive or observant"
"74306",2,"जिउँदो | जीवित | नमरेको | प्रण भएको | प्राणवान्","alive | live","जिउँदो वा जसमा प्राण छ","possessing life"
"74310",2,"मरेको | मृत","dead","जुन मरेको छ:उनी मरेको मान्छेलाई पुर्न जाँदै छन् उनले स्वर्गीय बाउको नाममा एउटा अस्पताल बनाए","no longer having or seeming to have or expecting to have life"
"74324",2,"अचेतन | अचैतन्य | अजीव | अजैव | अनात्म | आत्मारहित | चेतनारहित | जड | जडत्वयुक्त | भौतिक | स्थूल","exanimate | lifeless","जसमा चेतनता या जीवन हुँदैन","deprived of life; no longer living"
"74325",2,"मुर्दा | मृत | हत","murdered","जुन चाहिँ मारिएको छ","killed unlawfully"
"74348",2,"आँधी","altruistic | selfless","आँधी जस्तै तेज:""यो केटी हो कि आँधी हो""","showing unselfish concern for the welfare of others"
"74361",2,"उच्चाकांक्षी | उच्चाकाङ्क्षी | महत्त्वाकांक्षी | महत्त्वाकाङ्क्षी","ambitious","जसको धेरै ठुलो आकांक्षा छ","having a strong desire for success or achievement"
"74367",2,"अमहत्वाकाङ्क्षी","ambitionless | unambitious","जो महत्वाकाङ्क्षी होइन","having little desire for success or achievement"
"74368",2,"अकर्मण्य | अकर्मा | अनलायक नालायक | ना-लायक | नालायक | निकम्मा | फालतू | बेकार","shiftless","जो कुनै काम गर्दैन","lacking or characterized by lack of ambition or initiative; lazy"
"74375",2,"अत्यल्प | अलिकति | छ्यास्स","meager | meagerly | meagre | scrimpy | stingy","जुन धेरै नै थोरै छ","deficient in amount or quality or extent"
"74479",2,"जरादार","rooted","जसमा जरा हुन्छ","having roots of a specified sort"
"74521",2,"क्रुद्ध | क्रोधित | झोकिएको | रिसाएको","angry","NO_GLOSS","feeling or showing anger"
"74523",2,"अत्युग्र | धेरै क्रुद्ध","angered | enraged | furious | infuriated | maddened","जुन अत्यधिक क्रुद्ध छ","marked by extreme anger"
"74533",2,"अक्रोधी | क्रोधहीन","unangry","जुन क्रोधी होइन","not angry"
"74544",2,"अजीव | अजीवित | अप्राण | अप्राणी | जीवनहीन | निर्जीव | निष्प्राण","dead | inanimate | non-living | nonliving","जसमा जीवन या प्राण हुँदैन","not endowed with life"
"74567",2,"उम्मीदवार | उम्मेदवार | प्रत्याशी","anticipatory | prevenient","आशा वा चाहना राख्‍ने","in anticipation"
"74569",2,"उत्तर कालीन | उत्त्रवर्ती","subsequent","उत्तर कालसित सम्बन्धित","following in time or order"
"74570",2,"परिणामी","consequent | ensuant | resultant | resulting | sequent","कसैको उपरान्त उसको परिणाम स्वरूपमा हुने","following as an effect or result"
"74575",2,"जल-चर | जलचर","aquatic","पानीमा बस्ने","operating or living or growing in water"
"74576",2,"समुद्री | समुद्रीय","marine","समुद्रबाट उत्पन्न","native to or inhabiting the sea"
"74578",2,"जलज | जलीय | पानीमा उम्रिने","subaquatic | subaqueous | submerged | submersed | underwater","जुनचाहिँ पानीमा उत्पन्न भएको छ","growing or remaining under water"
"74580",2,"उभयचर | जल-स्थलचर | जलथली","amphibious","जुन जल र स्थल दुवैमा रहन सक्छ","operating or living on land and in water"
"74594",2,"निम्नलिखित","following | undermentioned","जुनचाहिँ तल लेखिएको छ","about to be mentioned or specified"
"74595",2,"अगिल्लो | अघिल्लो","following | next","एउटा पछिको","immediately following in time or order"
"74599",2,"अपूर्व | अभूतपूर्व","unprecedented","पहिले कहिल्यै नभएको","having no precedent; novel"
"74616",2,"अग्र | अग्रवर्ती | अग्रिम | अघिल्लो | पूर्व | सामुको | सामुन्नेको","anterior","जुन अघिको हो या अघिल्तिरको","of or near the head end or toward the front plane of the body"
"74656",2,"अदाय | अदेय","not due | undue","जुन चाहिं दिइन सकिँदैन","not yet payable"
"74686",2,"शस्त्रधारी | सशस्त्र","armed","जसले शस्त्र लिएको हुन्छ","(used of persons or the military) characterized by having or bearing arms"
"74690",2,"निरस्त्र | निहत्था | शस्त्रहीन","unarmed","जसका हातमा कुनै अस्त्र वा शस्त्र छैन","(used of persons or the military) not having or using arms"
"74694",2,"शस्त्रविहीन","weaponless","बिना हतियारको वा हतियार बिनाको","without a weapon"
"74695",2,"कवचधारी | कवची","armored | armoured","जो कवच धारण गर्छो या जसले  कवच धारण गरेको छ","protected by armor (used of persons or things military)"
"74698",2,"बुलेट प्रुफ","bulletproof","जसलाई गोलीले छेड्न सक्‍तैन","not penetrable by bullets"
"74704",2,"कवचहीन","unarmored | unarmoured","जसले कवच धारण गर्दैन वा गरेको छ","(used of persons or things military) without protective armor"
"74706",2,"कंटकित | कण्टकयुक्त | काँढे","barbed | barbellate | briary | briery | bristled | bristly | burred | burry | prickly | setaceous | setose | spiny | thorny","जसमा काँडा हुन्छ","having or covered with protective barbs or quills or spines or thorns or setae etc."
"74712",2,"अकण्टक | कण्टकहीन | शूलहीन","spineless | thornless","जसमा काँढा हुँदैन","lacking thorns"
"74733",2,"दुर्ग्रह | दुर्ग्राही | दुर्ग्राह्य","elusive | evasive","छिट्टै पकडमा नआउने वा जसलाई समाउन  सारो हुन्छ","skillful at eluding capture"
"74741",2,"वाक्पटु","eloquent | facile | fluent | silver | silver-tongued | smooth-spoken","कुरा गर्नमा बाठो","expressing yourself readily, clearly, effectively"
"74742",2,"उच्चरित | उच्चारित","pronounced","जसको उच्चारण भएको छ","produced by the organs of speech"
"74749",2,"अबोला | ग्वागे | लाटो","dumb","जसमा बोल्ने शक्ति हुँदैन:लाटो मान्छे इशाराले केही भनिरहेको थियो","lacking the power of human speech"
"74752",2,"अवाक | वाचारुद्ध","incoherent | tongue-tied","जसको गला रुद्ध भएको छ","unable to express yourself clearly or fluently"
"74764",2,"अजोड़ | बेजोड","unjointed","नजोडिएको","without joints or jointed segments"
"74765",2,"लज्जित","ashamed","जसलाई लाज लागेको छ","feeling shame or guilt or embarrassment or remorse"
"74772",2,"छाडा | निर्लज्ज | लज्जाहीन","shameless | unblushing","जसलाई लाज लाग्दैन या जसको लाज छैन","feeling no shame"
"74783",2,"अनुरक्त | अनुरागी | आसक्त | प्रेमासक्त | लसपसिएको","attached | committed","जुन प्रेममा आसक्त छ","associated in an exclusive sexual relationship"
"74820",2,"अनुरक्त | अनुरत | अनुसंरक्त | अभिनिविष्ट | तन्मय | तल्लीन | दत्तचित्त | निमग्न | निरत | मगन | मग्न | रत | लिप्त | लीन","absorbed | captive | engrossed | enwrapped | intent | wrapped","जुन कुनै कार्य या विषयमा लीन हुन्छ या सम्पूर्ण रूपले लागेको हुन्छ","giving or marked by complete attention to"
"74825",2,"अतल्लीन | ध्यानहीन","inattentive","जसमा ध्यानको अभाव हुन्छ","showing a lack of attention or care"
"74826",2,"अन्यमनस्क","absent | absentminded | abstracted | scatty","जसको मन अर्कैतिर लागेको छ","lost in thought; showing preoccupation"
"74827",2,"विचलित | हटेको","distracted | distrait","आफ्नो स्थान,प्रतिज्ञा,सिद्धान्त आदिबाट हटेको","having the attention diverted especially because of anxiety"
"74830",2,"बिर्सुवी","forgetful | oblivious","जसको बिर्सिने स्वभाव छ","failing to keep in mind"
"74831",2,"आकर्षक | मनोहर | राम्रो | सुन्दर","attractive","मनलाई लोभ्याउने खाल्को:उनको चित्रकारीता आकर्षक छमलाई प्रकृतिभन्दा धेर आकर्षक केही पनि लाग्दैन","pleasing to the eye or mind especially through beauty or charm"
"74865",2,"आसन्नप्रसवा","big | enceinte | expectant | gravid | great | heavy | large | with child","(गर्भिणी) जसको दिन पूरा भएको छ वा जो छिट्टै सन्तान जन्म दिने खालकी छ:""आसन्नप्रसवा महिला पीडाले चिच्चाइरहेकी छे""","in an advanced stage of pregnancy"
"74871",2,"अश्रवणीय | अश्रव्य | सुन्ननसकिने","inaudible | unhearable","जुनचाहिँ सुनने योग्य छैन:""उ हरएकका लागि अश्रव्य शब्दको प्रयोग गर्छ""","impossible to hear; imperceptible by the ear"
"74877",2,"अश्रुत | नसुनेको","unheard","जुन पहिले सुनिएको छैन","not necessarily inaudible but not heard"
"74882",2,"प्रतिभाशाली","bright | promising","अघि गएर जसको सुयोग्य हुने आशा हुन्छ  वा राम्रो लक्षणहरू भएको","full or promise"
"74894",2,"अनुमति दत्त | अनुमति प्रदत्त | स्वीकृत","approved | sanctioned","जसलाई अनुमति दिइएको छ","established by authority; given authoritative approval"
"74920",2,"अधिगत | उपलब्ध | प्राप्त | लब्ध","available","जुनचाहिँ सुलभ या प्राप्त छ","obtainable or accessible and ready for use or service"
"74921",2,"सहज प्राप्य | सुप्राप्य | सुलब्ध | सुलभ","accessible","सजिलै पाउने या भेटिने","easily obtained"
"74936",2,"अनधिगम्य | अनमिलता | अनुपलब्ध | अप्राप्त | अप्राप्य | अमिल | अलभ्य","unavailable","जो उपलब्ध हुँदैन","not available or accessible or at hand"
"74942",2,"अनिँदो | अनिद्रा","insomniac | sleepless | watchful","जसलई निद्रा आउँदैन","experiencing or accompanied by sleeplessness"
"74943",2,"अनिद्रित | जागृत | जाग्रत | जाग्रत्","unsleeping | wide-awake","जागेको या जुन जागिरहेको छ","fully awake"
"74945",2,"निद्रागत | निद्रामग्न | निद्रित | सुतेको | सुप्त | सुप्तविग्रह | सुप्तस्थ | स्वप्निल","asleep","जो निद्रामा छ या सुतेको हुन्छ","in a state of sleep"
"74947",2,"असक्रिय | निष्क्रिय | सुप्‍त","dormant | hibernating | torpid","जसको क्रिया वा चेष्टा रोकिएको छ","in a condition of biological rest or suspended animation"
"74966",2,"अज्ञ | अज्ञात | अनधिगत | अनभिज्ञ | अनवगत | अपरिगत | अपरिचित | अविदित | नजानेको","unaware | unwitting","जुन ज्ञात या जानिएको हुँदैन","not aware or knowing"
"74970",2,"डरलाग्दो | प्रचण्ड | भयानक | रौद्ररूप | विकट","awful | dire | direful | dread | dreaded | dreadful | fearful | fearsome | frightening | horrendous | horrific | terrible","जसलाई देखेर भय वा डर लाग्छ:महिषासुरलाई मार्नका लागि माता कालीले प्रचण्ड रूप धारण गरिन्","causing fear or dread or terror"
"74973",2,"डरलाग्दो","chilling | scarey | scary | shivery | shuddery","NO_GLOSS","so scary as to cause chills and shudders"
"74985",2,"अभयकर","reassuring","अभय गर्ने वाला","restoring confidence and relieving anxiety"
"74992",2,"पछिल्लो | पश्च | पश्चस्थ","rear | rearward","जुनचाहिँ पछिल्तिरको","located in or toward the back or rear"
"75000",2,"अनुगामी | अनुचर | अनुयायी","following","कसैका समान आचरण गर्ने","going or proceeding or coming after in the same direction"
"75017",2,"उल्टो | विपरीत | विरुद्ध","inverse | reverse","जुन क्रम,मान्यता आदिको विचारले कसैको विरुद्ध या अर्काको पक्षमा जान्छ","reversed (turned backward) in order or nature or effect"
"75023",2,"पश्चगङ्ता | पश्चगामी | प्रतिगामी","retral | retrograde","जो उल्टा चल्न","moving or directed or tending in a backward direction or contrary to a previous direction"
"75033",2,"नजान्ने | फिसौटो","backward","प्रतियोगिता, प्रयत्‍न आदिमा  सबैभन्दा पछि परेको","(used of temperament or behavior) marked by a retiring nature"
"75065",2,"परतदार | स्तरयुक्त | स्तरित","layered | superimposed","जसमा स्तर या परत छ","with one layer on top of another"
"75098",2,"रुवायुक्त","downy | puberulent | pubescent | sericeous","रुवाले भरिएको या जसमा रुवा हुन्छ","covered with fine soft hairs or down"
"75128",2,"भरिया | भारवाहक | भारी बोक्ने","load-bearing | supporting","भारी बोक्ने","capable of bearing a structural load"
"75133",2,"मनोरम | मनोहर | सुन्दर","bonnie | bonny | comely | fair | sightly","जुनचाहिँ देख्‍न राम्रो छ","very pleasing to the eye"
"75136",2,"राम्रो | सुन्दर","better-looking | fine-looking | good-looking | handsome | well-favored | well-favoured","जो देख्‍न आकर्षक छ वा जसको अनुहार राम्रो छ:उनको छोरा धेरै राम्रो छ","pleasing in appearance especially by reason of conformity to ideals of form and proportion"
"75138",2,"चमकदार | भडकदार | भडकिलो","gorgeous","जसमा धेरै छमक-दमक छ:""जोकरले चम्किलो लुगा लगाएको थियो""","dazzlingly beautiful"
"75147",2,"कुरूप | नराम्रो | विरूप","ugly","नराम्रो अनुहार भएको:कहानीको आरम्भमै डाइनीले मन्त्रद्वारा राजकुमारलाई कुरूप बनाइदिई","displeasing to the senses"
"75171",2,"अकल्याणकारी | अकुशल | अनभीष्ट | अनिष्टकर | अमङ्गलकारी | अमाङ्गलिक | अशुभकारी | अहितकारी","evil | malefic | malevolent | malign","जुन चाहिं कल्याण गर्ने गर्ने होइन","having or exerting a malignant influence"
"75173",2,"आरिसे | ईर्ष्यापूर्ण | द्वेषपूर्ण | वक्र | विद्वेशपूर्ण | साविद्वेष | सासूय","despiteful | spiteful | vindictive","जो ईर्ष्याले भरिएको हुन्छ","showing malicious ill will and a desire to hurt; motivated by spite"
"75175",2,"अकल्याण कामी | अगतिलो | अशुभचिन्तक | अशुभेच्छुक | कुभलो","malevolent","जसले कसैको कल्याणको कामना गर्दैन:""कतिपय व्यक्तिको जीवन अरूको कुभलोमा नै समाप्त हुन्छ""","wishing or appearing to wish evil to others; arising from intense ill will or hatred"
"75188",2,"अन्यतम | सर्वश्रेष्ठ | सर्वोत्कृष्ट | सर्वोत्तम","best","जुनचाहिँ सबैभन्दा उत्तम वा श्रेष्ठ छ","(superlative of `good') having the most positive qualities"
"75208",2,"खराब | नजाती | रद्दी","worse","कसैको तुलनामा अधिक नराम्रो","(comparative of `bad') inferior to another in quality or condition or desirability"
"75226",2,"एकतर्फी | वान वे","one-way","एक तिरको या तर्फी","moving or permitting movement in one direction only"
"75245",2,"एक तर्फफो | एकपक्षीय","one-sided | unilateral","एक तर्फको","involving only one part or side"
"75248",2,"दुइतर्फा | दुइतिर | दोतर्फा","bilateral | two-sided","दुइ तर्फ वा दुइतिरको","having two sides or parts"
"75296",2,"गोरो | श्वेत","fair | fairish","गौर वर्णको या जसको रङ सफा छ","(used of hair or skin) pale or light-colored"
"75309",2,"कलङ्कित | कलुषित | दागी | बदनामी | लाञ्छित","blemished","जसलाई लाञ्छना या कलङ्क लागेको हुन्छ","marred by imperfections"
"75312",2,"दाग भएको | दाग लागेको | धब्बा लागेको","blotchy","जसमा दाग लागेको छ","marred by discolored spots or blotches"
"75322",2,"खुनी","bloodied","खुनसम्बन्धी वा खुनको","having been caused to bleed"
"75323",2,"रक्तरञ्जित | रक्ताम्मे | रगताम्मे","bloodstained | gory","रगतै-रगत भएको","covered with blood"
"75326",2,"आततायी | घातक | नृशंस | बर्बर | हिंसक","crimson | red | violent","जसले हिंसा गर्छ","characterized by violence or bloodshed"
"75344",2,"लाज मान्ने | सङ्कोच मान्ने | सङ्कोची","bashful","सङ्कोच वा लाज गर्ने वा जसमा सङ्कोच छ","self-consciously timid"
"75349",2,"लजालु | लज्जाशील","shy","जसलाई स्वभावत: छिटो लाज लाग्छ:कहिलेकाहीँ लजालु व्यक्ति लाजले आफ्नो कुरा भन्न सक्दैन","easily startled or frightened"
"75358",2,"उन्मुक्‍त | खुला | मुक्‍त | स्वतन्त्र","unbound","जुनचाहिँ बाँधिएको छैन:उन्मुक्‍त चराहरू खुला अकासमा डुल्दै छन्","not restrained or tied down by bonds"
"75375",2,"उल्झनहीन | नअल्झेको","untangled","जसमा कुनै अझेउलो छैन वा नअल्झिने खालको छ:""रमा नअल्झेको ऊनलाई डल्लो पार्दै छिन्""","not tangled"
"75389",2,"किनारा भएको","edged","जसको किनारा हुन्छ","having a specified kind of border or edge"
"75410",2,"अभिजात | अभिजात्य | उच्च कुलीन | उच्च वंशीय","quality","जुन उच्च कुलको हो","of high social status"
"75438",2,"काँतर | काथर | कायर | डरछेरुवा | नामर्द | पानीआन्द्रे | पानीमरुवा | भीरु | साहसहीन | हुपहारा","gutless","जसका मनमा डर छ वा जुनचाहिँ कुनै कैैम गर्न डराउँछ","lacking courage or vitality"
"75462",2,"आलोकित | ज्योतित | दीप्तिपूर्ण | प्रकाशपूर्ण | प्रकाशमान","bright","प्रकाशले भरिएको या उज्यालोले पूर्ण","having lots of light either natural or artificial"
"75466",2,"उज्यालो | चहकिलो | प्रकाशित","illuminated | lighted | lit | well-lighted","जसमा उज्यालो परिरहेको छ","provided with artificial light"
"75467",2,"द्योतक | प्रकाशक","illuminating","प्रकाश पार्ने वा दिने","providing light"
"75479",2,"अति श्याम | कालो-डिङ्गर | गहिरो कालो","black | pitch-black | pitch-dark","जो अत्यधिक या धेरै काला छ","extremely dark"
"75494",2,"अँध्यारो | अंधकारपूर्ण | अन्धकारपूर्ण | अन्धियारा | अन्धेरा | अप्रकाशमान | अप्रकाशित | तमस्वी | तमोमय","mirky | murky","अन्धकारले भरिएको","dark or gloomy"
"75501",2,"चाँदनी | जुनेली","moonlit | moony","चन्द्रमाको प्रकाशले युक्त","lighted by moonlight"
"75517",2,"आलोकित | उज्ज्वलित | कान्तिमान | चम्किलो | जगमग | ज्योतित | दीप्त | द्युतिमान् | प्रकाशवान | प्रदीप्त","glistening | glossy | lustrous | sheeny | shining | shiny","चम्किलो","reflecting light"
"75538",2,"अनपेक्ष | अपक्षपाती | उदासीन | तटस्थ | निरपेक्ष | निर्पेक्ष | पक्षपातरहित","impartial | unprejudiced","परस्पर विरोधी पक्षसित अलग रहने","free from undue bias or preconceived opinions"
"75548",2,"अनुदार | सङ्कुचित","illiberal | intolerant","जुनचाहिँ उदार वा विशाल छैन","narrow-minded about cherished opinions"
"75549",2,"दुराग्रही","opinionated | opinionative | self-opinionated","दुराग्रह गर्ने","obstinate in your opinions"
"75554",2,"अक्षत | अखंडित | अखण्डित | अनवच्छिन्न | अभन्जित | खंडहीन | खण्डहीन","unbroken","जसको भन्जन भएको हुँदैन या जो भाँचिएको हुँदैन","not broken; whole and intact; in one piece"
"75572",2,"बेफुर्सद | लगनशील | व्यस्त","busy","जुन कुनै काममा रतिएको वा लागेको छ:उनी बिहानदेखि नै आफ्नो कार्यमा व्यस्त छन्","actively or fully engaged or occupied"
"75575",2,"जुटेको | लागेको कार्यरत","engaged | occupied","जो कुनै काममा लागेको छ","having ones attention or mind or energy engaged"
"75579",2,"अकार्यसाधक | अप्रवृत्त | अव्यवहारीय","idle","कार्यमा नलागेको","not in action or at work"
"75591",2,"अस्थिहीन","boneless","जसमा अस्थिको अभाव छ","being without a bone or bones"
"75618",2,"गणनीय | गण्य","calculable","जसको गणना गर्न सकिन्छ","capable of being calculated or estimated"
"75621",2,"अनगन्ती | औधि | थुप्रो | धेरै | निकै | निक्कै | पर्जापखान | बेहिसाब","incalculable","जसको लेखा अथवा हिसाब हुन सक्दैन","not capable of being computed or enumerated"
"75622",2,"अगणनीय | अगणित | अगण्य | अनगन्ती | असङ्ख्य","countless | infinite | innumerable | innumerous | multitudinous | myriad | numberless | uncounted | unnumberable | unnumbered | unnumerable","जसलाई गन्न सकिँदैन","too numerous to be counted"
"75643",2,"क्षमतावान | क्षमताशाली | सक्षम | सशक्त | सामर्थी | सामर्थ्यवान","able","जसमा क्षमता छ","having inherent physical or mental ability or capacity"
"75650",2,"अनवहेलित | अनुपेक्षित | अवेक्षित","cared-for","जेतिर ध्यान दिइएको छ या जसको उपेक्षा गरिएको छैन","having needed care and attention"
"75653",2,"उपेक्षित","neglected | unattended","जसमाथि ध्यान दिइएको हुँदैन","lacking a caretaker"
"75668",2,"अचिन्त | बिन्दास | बेपरवा | बेपरवाह","careless","जसलाई कसैको कुरामा परबाह नहुनु","marked by lack of attention or consideration or forethought or thoroughness; not careful"
"75675",2,"मांसभक्षी | मांसाहारी","carnivorous","जसले मासु खान्छ","(used of plants as well as animals) feeding on animals"
"75679",2,"घाँस खाने | शाकाहारी","herbivorous","वनस्पति जन्य पदार्थहरू खाने","feeding only on plants"
"75683",2,"तृण-चर | तृणचर","grass-eating","तृण वा घाँस चर्ने (पशु)","feeding on grasses"
"75704",2,"कुँदिएको | खोपिएको","engraved | etched | graven | incised | inscribed","खनिएको","cut or impressed into a surface"
"75835",2,"आशा प्राप्‍त | आश्‍वस्त","reassured","जसले आश्‍वासन पाएको छ","having confidence restored; freed from anxiety"
"75836",2,"आत्मविश्वासी","self-assured | self-confident","जसलाई आफूमाथि पूरा विश्‍वास छ","showing poise and confidence in your own worth"
"75842",2,"नियति अधीन | पूर्व निश्चित | प्रारब्धाधीन | विधिवश","foreordained | predestinate | predestined","जुन चाहिं भाग्य या प्रकृतिको अधीन छ","established or prearranged unalterably"
"75875",2,"अपरिवर्तनशील | अपरिवर्तनीय","unchangeable","जसको परिवर्तनशील हुँदैन या जस्ताको त्यस्तै रहन्छ","not changeable or subject to change"
"75911",2,"अकाल | अखीन | अच्युत | अनंत | अनन्त | अनाशी | अयोनि | अरिष्ट | अविनाशी | अविनासी | कालातीत | चिर-स्थाइ | चिर-स्थायी | चिरस्था‍इ | चिरस्थायी | नित्य | शाश्वत | सनातन","dateless | timeless","सधैँ रहने","unaffected by time"
"75937",2,"चिर्ने | छेड्ने | निर्धारक | प्वाल पार्ने | भेदक","distinguishing | identifying","भेद वा अन्तर गर्ने","serving to distinguish or identify a species or group"
"75963",2,"हँसिलो | हँसैया","cheerful","सधैँ हाँसिरहने मान्छे","being full of or promoting cheer; having or showing good spirits"
"75987",2,"सुनौलो | सुवर्ण | सुवर्णीय | स्वर्णिम | हिरण्मय | हैम","aureate | gilded | gilt | gold | golden","सुनको रङको","having the deep slightly brownish color of gold"
"75994",2,"नीलो","blue | blueish | bluish","जो नीलो रङ्गको छ","of the color intermediate between green and violet; having a color similar to that of a clear unclouded sky"
"76004",2,"खैरो","brown | brownish | chocolate-brown | dark-brown","NO_GLOSS","of a color similar to that of wood or earth"
"76015",2,"तामे","copper colored | coppery","तामाको रङ्गको","of something having the color of copper"
"76038",2,"हरियो","dark-green | green | greenish | light-green","जुनचाहिँ हरियो रङ्गको छ","of the color between blue and yellow in the color spectrum; similar to the color of fresh grass"
"76044",2,"खाकी | खैरो | माटो रङ","khaki","माटाको रङ्गको","of a yellowish brown color"
"76064",2,"नारङ्गी | सुन्तले","orange | orangish","सुन्तलाको बोक्रा जस्तै रङ्गको","of the color between red and yellow; similar to the color of a ripe orange"
"76091",2,"गुलाबी","rosaceous | rose | roseate","गुलाबका रङ्गको","of something having a dusty purplish pink color"
"76118",2,"गेरुवा","umber","गेरू रङ्गको:""योगी मान्छेले गेरुवा वस्त्र धारण गर्छन्""","of the color of any of various natural brown earth pigments"
"76119",2,"सिन्दूरे","chinese-red | cinnabar | vermilion | vermillion","सिन्दूरे रङ्गको:""यो रुखको फल पाकेपछि सिन्दूरे रङको हुन्छ""","of a vivid red to reddish-orange color"
"76146",2,"कैलो | फुस्रो","gray | grayish | grey | greyish","NO_GLOSS","of an achromatic color of any lightness intermediate between the extremes of white and black"
"76177",2,"अध्याँरो | कालो | कृष्ण | श्याम","black","गाजल या कोयला रङ्को","being of the achromatic color of maximum darkness; having little or no hue owing to absorption of almost all incident light"
"76178",2,"शुक्ल | श्वेत | सेतो","white","जुनचाहिँ उज्यालो हुन्छ","being of the achromatic color of maximum lightness; having little or no hue owing to reflection of almost all incident light"
"76189",2,"दुईरङ्गी","bichrome | bicolor | bicolored | bicolour | bicoloured | dichromatic","जसमा दुइटा रङ छन्","having two colors"
"76231",2,"तीनरङ्ग | त्रिरङ्ग","trichromatic | trichrome | tricolor","जुनचाहिँ तीन रङ्गको छ वा जसमा तीन रङ्ग छ","having or involving three colors"
"76234",2,"रङ्गहीन","uncolored | uncoloured","जसमा रङ छैन वा जसको कुनै रङ छैन","without color"
"76255",2,"फुस्रो","drab | sober | somber | sombre","जुन चाहिँ चहकिलो वा सौखिन हुँदैन","lacking brightness or color; dull"
"76259",2,"अप्रभ | आभाहीन | ओजहीन | कांतिहीन | निस्तेज | प्रभारहित | प्रभाहीन | बेरौनक | रगतहीन | श्रीहत","pale | pallid | wan","जो रगतहीन छ या जसमा रगत हुँदैन","abnormally deficient in color as suggesting physical or emotional distress"
"76262",2,"मैनका | मैनले बनेका","waxen | waxlike | waxy","मैन जस्तै","having the paleness of wax"
"76287",2,"ईसा विषयक | ईसाई | मसीही","christian","जो ईसासित सम्बन्धित छ","following the teachings or manifesting the qualities or spirit of Jesus Christ"
"76327",2,"सफा","clean","NO_GLOSS","free from dirt or impurities; or having clean habits"
"76336",2,"अदाग | अदागी | दागरहित | बेदाग","unsoiled | unspotted | unstained","दाग वा निशान नभएको","without soil or spot or stain"
"76339",2,"अशुद्ध | फहोर | मैलो","dirty | soiled | unclean","जुन स्वच्छ छैन वा जसमा दोष छ:पाठशालामा मैला लुगा लगाएर आउनु हुँदैन","soiled or likely to soil with dirt or grime"
"76365",2,"नधोइएको","unwashed","नधोइएको","not cleaned with or as if with soap and water"
"76366",2,"श्रील | श्लील","clean | unobjectionable","जे अश्लील होइन","(of behavior or especially language) free from objectionable elements; fit for all observers"
"76385",2,"अपमिश्रित | अशुद्ध | मिलावट | मिसिएको","impure | unclean","जसमा मिलावट हुन्छ या जे परिशुद्ध हुँदैन या जसमा खोट छ","ritually unclean or impure"
"76388",2,"अछुत | अस्पृश्य | पानि नचल्ने","untouchable","जसलाई छुनु ठिक हुँदैन या जुन स्पर्श गर्ने  योग्य छैन","defiling to the touch; especially used in traditional Hindu belief of the lowest caste or castes"
"76402",2,"पारदर्शक | पारदर्शी","crystal clear | crystalline | limpid | lucid | pellucid | transparent","जसको छेउमा वा बिचमा रहँदा पनि पल्लाट्टीको चिज देखिन्छ","transmitting light; able to be seen through with clarity"
"76414",2,"दूधे","milklike | milky | whitish","जसको रङ दूधको जस्तो छ:""उनी तलदेखि माथिसम्म दूधे वस्त्रमा सजिएकी छिन्""","resembling milk in color or cloudiness; not clear"
"76447",2,"मन्दबुद्धि | मन्दमति","dense | dim | dull | dumb | obtuse | slow","जसको बुद्धि पूर्णरूपले विकसित भएको छैन","slow to learn or understand; lacking intellectual acuity"
"76453",2,"दक्षिणतिर | दक्षिणावर्त","clockwise","जुन चाहिँ घुम्दा दाहिनेतिरबाट अगि बढ्दछ","in the same direction as the rotating hands of a clock"
"76455",2,"देब्रेतिर हुँदै घुमेको | वामावर्त","anticlockwise | contraclockwise | counterclockwise","हिँड्न वा घुम्‍नका लागि देब्रेतिरबाट आरम्भ हुने","in the direction opposite to the rotation of the hands of a clock"
"76467",2,"छेउको | निकटको | निकटवर्ती | निकटस्थ | सन्निकट | समिपको | समीपवर्ती | समीपस्थ | समीपी","close | near | nigh","टाढा, समय आदिका हिसाबले जुन निकट छ या निकटको हो","not far distant in time or space or degree or circumstances"
"76486",2,"आसन्न | छेउको | नजिकको | सन्निकट","at hand | close at hand | imminent | impendent | impending","जुन निकट आएको छ","close in time; about to occur"
"76509",2,"सङ्गठित | सङ्घटित","close-knit | closely knit","जसको सङ्घटन भएको छ","held together as by social or cultural ties"
"76512",2,"प्यारो | प्रिय | मन-पर्ने","dear | good | near","जोसँग प्रेम हुन्छ वा जो प्यारो छ:यो मेरो प्रिय पुस्तक हो","with or in a close or intimate relationship"
"76514",2,"अङ्गरङ्गी | अनन्य | अन्तरंग | अन्तरंगी | अन्तरङ्ग | अन्यतम | अभिन्न | आत्मीय | इष्ट | गाढा | घनिष्ठ | प्रगाढ","intimate","धेरै नजिकको","marked by close acquaintance, association, or familiarity"
"76518",2,"परिधान गरेका | वस्त्राभूषित","clad | clothed","जसले वस्त्र लगाएको छ","wearing or provided with clothing; sometimes used in combination"
"76520",2,"भूषित | वेशित | सज्जित","appareled | attired | dressed | garbed | garmented | habilimented | robed","जसले वस्त्र,गहना आदि धारण गरेको छ","dressed or clothed especially in fine attire; often used in combination"
"76547",2,"नग्न | नाङ्गो | निर्वस्त्र","au naturel | bare | naked | nude","जुन आवरणरहित छ:एउटा नाङ्गो नानी माटोमा खेल्दै छअहिले पनि कतिपय अघरी मान्छे नाङ्गो बस्छन्","completely unclothed"
"76555",2,"उघारो | उदाङ्गो | खुला","exposed | uncovered","जुन ढाकेको वा छोपेको हुन्न:खुला वस्तुहरू छोपेर राख","not covered with clothing"
"76573",2,"घुर्मैलो | धूमिल","brumous | foggy | hazy | misty","धुवाँको रङ्गको:""कुहिरोका कारणले सबैकुरा धमिलो देखिँदैछ छ""","filled or abounding with fog or mist"
"76580",2,"किनार | छेउ | तीर","coastal","जुनचाहिँ किनारमा अवस्थित छ","located on or near or bordering on a coast"
"76613",2,"व्यापी | व्याप्‍त","permeant | permeating | permeative | pervasive","व्याप्‍त हुने वा चारैतिर फैलिने","spreading or spread throughout"
"76625",2,"प्रकाशित","published","जुनचाहिँ मान्छे समक्ष आइ पुगेको छ","prepared and printed for distribution and sale"
"76626",2,"अप्रकाशित | गुप्त | नदेखिएको","unpublished","छपाएर प्रचलित नगरिएको वा सर्वसाधारणको साम्ने नआएको","not published"
"76627",2,"प्रकाशोन्मुख","publishable","प्रकाशित गर्ने योग्‍य वा प्रकाशित हुन आँटेको","suitable for publication"
"76628",2,"अप्रकाशनीय | अप्रकाशित | अप्रकाश्य","unpublishable","प्रकाशनको योग्य नभएको","not suitable for publication"
"76632",2,"अफवाही | हल्ला | होहल्ला","rumored","हल्ला फैलाएको","reported or spread by word of mouth"
"76644",2,"ज्वलनशील","flammable | inflammable","जुन चाहिँ सजिलै बल्छ","easily ignited"
"76652",2,"विस्फोटक | विस्फोटकारी","explosive","विस्फोट गर्ने","serving to explode or characterized by explosion or sudden outburst"
"76656",2,"प्रज्वलित","ablaze | afire | aflame | aflare | alight | blazing | burning | flaming | on fire","बलिरहेको","lighted up by or as by fire or flame"
"76672",2,"दुखद | दुखदायी | दुखप्रद","irritating | painful","जसद्वारा दुख पुग्छ या दुख दिन्छ","causing physical discomfort"
"76695",2,"आपेक्षिक | सापेक्ष","proportional | relative","कसेको अपेक्षा,तुलना वा अनुपातमा हुने","properly related in size or degree or other measurable characteristics; usually followed by `to'"
"76715",2,"गणतान्त्रिक | प्रजातान्त्रिक | लोकतानत्रिक","democratic | popular","प्रजातन्त्र-सम्बन्धी वा प्रजातन्त्रको","representing or appealing to or adapted for the benefit of the people at large"
"76721",2,"अपसामान्य | असाधारण | असामान्य | खास | जस्तो-त्यस्तो | यस्तो-उस्तो | विशेष | स्पेसल","uncommon","जुन सामान्य होइन","not common or ordinarily encountered; unusually great in amount or remarkable in character or kind"
"76722",2,"खास | खासा | विशेष","especial | exceptional | particular | special","साधारणका अतिरिक्त केही आघि बढेको वा जति हुनुपर्छ त्यो भन्दा केही अधिक","surpassing what is common or usual or expected"
"76723",2,"एक्का-दुक्का | कुनै-कुनै | बिरल","rare","एक्का-दुक्का वा कुनै-कुनै:""बापू जस्ता मान्छे बिरलै पाइन्छन्""","not widely known; especially valued for its uncommonness"
"76747",2,"एकल","individual | single","एकजनासँग सम्बन्ध राख्‍ने वा जसमा एकजना मात्रै हुन्छ","being or characteristic of a single thing or person"
"76769",2,"साङ्केतिक","gestural | nonverbal","जुनचाहिँ सङ्केतका रूपमा छ","being other than verbal communication"
"76777",2,"अभिभाष्य | कथनीय | कथ्य | भनिने | वक्तव्य | वाच्य","narrative","जे चाहिँ भनिनु योग्य छ","consisting of or characterized by the telling of a story"
"76791",2,"अल्पभाषी | अल्पवादी | मितभाषी","incommunicative | uncommunicative","जो धेरै बोल्दैन या त्यति मात्र बोल्ने जति बोल्दा काम चल्छ","not inclined to talk or give information or express opinions"
"76810",2,"बालुवा भएको","friable | light | sandy","जसमा वा जहाँ बालुवा छ","(used of soil) loose and large-grained in consistency"
"76832",2,"मेलपूर्ण | सामञ्जस्यपूर्ण","harmonious","जसमा सामञ्जस्य हुन्छ","existing together in harmony"
"76845",2,"उपयुक्‍त | खाइलाग्दो | योग्य | सक्षम | समर्थ","able | capable","जसमा कुनै काम गर्ने शक्ति वा गुण हुन्छ:यो कामका लागि एकजना योग्य व्यक्तिको आवश्यकता छ","have the skills and qualifications to do things well"
"76851",2,"अकर्मण्य | अयोग्य | निकम्मा","incapable | unqualified","कुनै पनि काम गर्न योग्य नभएको","lacking the necessary skill or knowledge etc."
"76889",2,"तीनभाग","third","कुनैको समान तीन भागहरूमा एउटा","being one of three equal parts"
"76893",2,"सौता तिरको | सौतेलो","half","जसको सम्बन्ध सौतेलो साइनो सँग हुन्छ","(of siblings) related through one parent only"
"76903",2,"अनन्य | एकनिष्ठ","devoted","एकजनासँग मात्रै सम्बन्ध राख्‍ने वा एउटामै लीन","zealous in devotion or affection"
"76906",2,"सर्वाङ्गीन","complete","सबै अङ्गसँग सम्बन्धित्","having every necessary or normal part or component or step"
"76929",2,"आंशिक","partial","अंशसम्बन्धी वा अंश-विषयक","being or affecting only a part; not total"
"76930",2,"अधकल्चो | अपरिपक्व | काँचो","rudimentary","जुन पूर्णरूपले विकसित छैन","being in the earliest stages of development"
"76955",2,"नियमी | संयमशील | संयमी","collected | equanimous | poised | self-collected | self-contained | self-possessed","जो संयम या पथ्य रहन्छ","in full control of your faculties"
"76956",2,"चिसो | ठण्डा | शीतल","cool | coolheaded | nerveless","जसमा उग्रता वा भीषणता छैन","marked by calm self-control (especially in trying circumstances); unemotional"
"76957",2,"अविकल | व्याकुलतारहित","unflurried | unflustered | unperturbed | unruffled","बिना उद्वेग वा व्याकुलताको","free from emotional agitation or nervous tension"
"76969",2,"अनबोध्य | अबोधगम्य | अबोधनीय | अबोध्य","incomprehensible | uncomprehensible","जसको बोध हुन सक्दैन","difficult to understand"
"77006",2,"केन्द्रित | केन्द्रिभूत","centered | centralised | centralized | centred | focused","एउटै केन्द्रमा भेला पारिएको वा एउटा स्थानमा ल्याइएको वा आएको","concentrated on or clustered around a central point or purpose"
"77028",2,"अघन | असघन","sparse | thin","जुन सघन छैन","not dense"
"77046",2,"अनासक्त | अमुग्ध | अलिप्त | निर्लिप्त | मायारहित | मायाशून्य","degage | detached | uninvolved","जो आसक्त छैन","showing lack of emotional involvement"
"77051",2,"संक्षिप्‍त","compact | compendious | succinct | summary","जुनचाहिँ थोरै शब्दहरूमा  लेखिएको वा भनिएको छ","briefly giving the gist of something"
"77071",2,"अभिपूर्ण | परिपूर्ण | पूर्ण | भरिएको","fulfilled","जुन एकदम पूर्ण या भरिएको हुन्छ या जसमा कुनै कमी हुँदैन","completed to perfection"
"77084",2,"खुम्चिएको | निकुंचित | निकुञ्चित | संकुचित","contracted","जसको संकुचन भएको हुन्छ:“सीता खुम्चिएका लुगलाई इस्त्री गर्दै छे""","reduced in size or pulled together"
"77085",2,"खुम्चिने | सङ्कोचन हुने","contractile","खुम्चिने खालको","capable of contracting or being contracted"
"77101",2,"अवलंबी | अवलम्बित | आधारित | आलंबित | आलम्बित | आश्रित | निर्भर","dependant | dependent | qualified","कसैको आधार, सहारा या आश्रयमा रहेको या टिकेको","contingent on something else"
"77131",2,"अनुकूल | अनुरूप | अनुसार | मुताबिक","congenial","जुनचाहिँ कसैको अनुरूप हुन्छ","suitable to your needs or similar to your nature"
"77135",2,"अमत | असम्मत | असहमत","disagreeable | unsympathetic","जसको कुनै विचार हुँदैन","not agreeing with your tastes or expectations"
"77148",2,"योजक | संयोगी | संयोजक","connecting | copulative","जोडने वा मिलाउने","syntactically connecting sentences or elements of a sentence"
"77183",2,"अदम्य","indomitable | never-say-die | unsubduable","जुन धेरै नै प्रबल या उग्र छ","impossible to subdue"
"77185",2,"अजय | अजित | अजीत | अजेय | अपराजेय | अयुध्य | दुर्जेय","invincible | unbeatable | unvanquishable","जसलाई कसैले जित्न सक्दैन या जसलाई जितिँदैन","incapable of being overcome or subdued"
"77187",2,"चेतन | चेतनायुक्त | संज्ञायुक्त","conscious","चेतनाले भरिएको या जसमा चेतना छ","knowing and perceiving; having awareness of surroundings and sensations and thoughts"
"77206",2,"उल्लङ्घित","profaned | violated","जसको उल्लङ्घन गरिएको छ","treated irreverently or sacrilegiously"
"77213",2,"परम्परा-वादी | परम्परा वादी | परम्परावादी","hidebound | traditionalist","परम्परावाद मान्ने वाला","stubbornly conservative and narrow-minded"
"77219",2,"उत्कर्षकारी | उन्नतकारी | उन्नतिकारी | उन्नायक","progressive | reform-minded | reformist","जसद्वारा उन्नति हुन्छ","favoring or promoting reform (often by government action)"
"77258",2,"रचनात्मक | सृजनात्मक","creative","जुनचाहिँ कुनै प्रकारको रचना वा निर्माणसँग सम्बन्ध राख्‍तछ र त्यसमा सहायक हुन्छ","promoting construction or creation"
"77278",2,"आनन्दित | चिन्तामुक्त | जवान | पट्ठो | मत्त | मस्त | हर्षित","calm | easygoing | placid","प्रसन्न र निश्चिन्त","living without undue worry; taking life easy"
"77291",2,"प्रदर्शित","demonstrated","जसको प्रदर्शन गरिएको छ","having been demonstrated or verified beyond doubt"
"77299",2,"अनवरत | निरन्तर | लगातार","constant | continuant","निरन्तर भइरहने","continually recurring or continuing without interruption"
"77306",2,"छिट-पुट | छिटपुट | छुट-पुट | छुटपुट | हल्का-फुल्का","sporadic","कहींकहीं हुने वाला","recurring in scattered and irregular or unpredictable instances"
"77313",4,"नित्य | सधैँ","around-the-clock | day-and-night | nonstop | round-the-clock","प्रत्येक क्षण वा प्रत्येक समय:हामीले सधैँ साँचो बोल्नुपर्छ","at all times"
"77333",2,"आत्मानुशासी | नियम पालक | नियमी | नेमी","disciplined","जो नियमको पालन गर्छ","obeying the rules"
"77341",2,"अवश्य","uncontrolled","जुनचाहिँ वशमा छैन:""अर्जुनले भने हे माधव! यसको अवश्य मनलाई वशमा गर्ने उपाय बताउनुहोस्""","not being under control; out of control"
"77342",2,"अराजक","anarchic | anarchical | lawless","बिना नियम वा नियन्त्रणको","without law or control"
"77344",2,"अवश्य","irrepressible | uncontrollable","जुन वशमा आउन सकेन:""मन अवश्य छैन,यसलाई ध्यान,योग आदिद्वारा वशमा गर्न सकिन्छ""","impossible to repress or control"
"77346",2,"अनाथ | टुहुरो","lordless | masterless","मालिक वा स्वामीबिनाको","having no lord or master"
"77355",2,"विवादग्रस्त | विवादास्पद | विवादित","disputed","जसको विषयमा विवाद छ","subject to disagreement and debate"
"77359",2,"निर्विवाद","accepted | unchallenged | undisputed | unquestioned","जसमा कुनै विवाद वा झगडाको कुरा हुँदैन","generally agreed upon; not subject to dispute"
"77361",2,"कचकचे | करकरे | फतफते","argumentative","जसले कचकच गर्छ:""तपाईँ कचकचे मान्छेलाई टाडा राख्नुहोस""","given to or characterized by argument"
"77367",2,"सजिलो | सुविधाजनक | सुविधापूर्ण","convenient","जसमा सुविधा छ","suited to your comfort or purpose or needs"
"77370",2,"असुविधाजनक | असुविधापूर्ण","inconvenient","जसमा असुविधा छ:""साना केटाकेटीलाई पढाउन मेरा लागि असुविधाजनक छ""","not suited to your comfort, purpose or needs"
"77383",2,"रूढिवादी","square | straight","रूढिवादलाई मान्ने मान्छे","rigidly conventional or old-fashioned"
"77384",2,"अप्रकृत | अयाथार्थिक | कृत्रिम | देखावटी | नकली | बनावटी | बनौटी","stereotyped | stereotypic | stereotypical | unimaginative","जुन केवल रूप-रङ्ग,आकार-प्रकार आदिका विचारले देखाउने खाल्को हुन्छ","lacking spontaneity or originality or individuality"
"77414",2,"डाले | प्रशाखित | शाखायुक्त","branched | branching | ramate | ramose | ramous","जो शाखासित युक्त छ या जसमा शाखा छ","having branches"
"77415",2,"झाडी भएको","bushy","झाडीको समान वा सानो झाडी जस्तै","resembling a bush in being thickly branched and spreading"
"77422",2,"शाखाविहीन | शाखाहीन | हाँगा नभएको","branchless","जुनचाहिँ शाखायुक्‍त हुँदैन वा जसमा शाखाहरू छैनन्","having no branches"
"77436",2,"उसिनेको","boiled | poached | stewed","जसलाई पानीमा उमालेर पकाइएको छ","cooked in hot water"
"77452",2,"तन्दुरी","roast | roasted","जसलाई तन्दुरमा सेकिएको वा पकाइएको छ","(meat) cooked by dry heat in an oven"
"77472",2,"दूषित | पतित | भ्रष्ट","corrupt","उचित मार्गबाट भडकिएको","lacking in integrity"
"77473",2,"भ्रष्टाचारी","corrupted | debased | vitiated","भ्रष्टाचारसँग सम्बद्ध","ruined in character or quality"
"77484",2,"अविकृत | नबिग्रेको","uncorrupted | unspoiled","विकृत नभएको वा नबिग्रिएको हो","not decayed or decomposed"
"77517",2,"अशरीरी | अशारीरिक","unbodied","जुन शारीरिक होइन","having no body"
"77524",2,"अङ्गधारी | अङ्गी | तनुधारी | देहवान | शरीरधारी | शरीरी | सदेही | सशरीरी","bodied | corporal | corporate | embodied | incarnate","जुन शरीरले युक्त छ","possessing or existing in bodily form"
"77527",2,"अकाय | अगात्र | अतनु | अदेह | अपाङ्ग | अपिण्डी | अशरीरी | पिण्डरहित | विदेह | शरीरविहीन | शरीरहीन","bodiless | discorporate | disembodied | unbodied | unembodied","जसको शरीर हुँदैन","not having a material body"
"77533",2,"अशुद्ध | गलत | भूल","incorrect | wrong","जुनचाहिँ उचित छैन","not correct; not in conformity with fact or truth"
"77567",2,"जुलाफ गराउने | विरेचक","cathartic | evacuant | purgative","जसलाई खाँदा वा पिउँदा पखाला चल्छ","strongly laxative"
"77576",2,"असभ्य | दुर्छे | दुर्जन","thoughtless | uncaring | unthinking","जसको भित्र शील-सङ्कोचको अभाव हुन्छ","without care or thought for others"
"77577",2,"नम्र | विनयी","courteous","धर्म वा नीतिपूर्वक व्यवहार गर्ने","characterized by courtesy and gracious good manners"
"77589",2,"अक्खड","bad-mannered | ill-mannered | rude | unmannered | unmannerly","जसलाई केही भन्न वा गर्न सङ्कोच हुँदैन","socially incorrect in behavior"
"77606",2,"अप्त्यारिलो | अविश्वसनीय | अविश्वस्त | अविश्वासी","incredible | unbelievable","जसमाथि विश्वासगर्न सकिँदैने या जसमाथि विश्वास छैन","beyond belief or understanding"
"77618",2,"छिद्रान्वेषक | छिद्रान्वेषी","critical","अर्काको दोष खोज्ने","marked by a tendency to find and call attention to errors and flaws"
"77635",2,"नाजुक","dangerous | grave | grievous | life-threatening | serious | severe","जसमा हानि वा अनिष्टको डर छ","causing fear or anxiety by threatening great harm"
"77660",2,"राजकीय | राज्य विषयको","royal","राज्यसँग सम्बन्ध राख्‍ने","invested with royal power as symbolized by a crown"
"77707",2,"छिद्रहीन | दुलो नभएको | प्वाल नपरेको","imperforate","जसमा दुलो छैन","not perforated; having no opening"
"77708",2,"अनबिद्ध | अनबिधा | अनबेधा | अनविद्ध | अबिद्ध | अबेध | अभेद्यअविद्ध | अवेधित","unpierced","जुन छेडिएको छैन:""यस अभेद्ध लक्ष्य भेदन गर्नु नै मेरो प्राथमिकता हो""","not pierced"
"77724",2,"अजिज्ञासु | अनुत्क | अनुत्सुक | उत्सुक्ताहीन | जिज्ञासाहीन | निरुत्सुक","uninquiring | uninquisitive","जसमा कुनै प्रकारको कुनै जिज्ञासा हुँदैन","deficient in curiosity"
"77729",2,"आधुनिक | वर्तमान | वर्तमानकालीन | सामयिक | हाल","contemporary | present-day","जुन वर्तमान कालसित सम्बन्धित छ या वर्तमान कालको","belonging to the present time"
"77730",2,"पदस्थ","incumbent","कुनै पदमा नियुक्त भएको","currently holding an office"
"77768",2,"रेडिमेड","ready-made","विक्रय हेतुले बनी बनाइ","made for purchase and immediate use"
"77769",2,"कृत | निर्मित | पर्णीत | प्रकृत | प्रणीत | रचित | विरचित | संरचित | सर्जित | सृजित | सृष्ट","made","जे रचिएको या बनाइएको हो","produced by a manufacturing process"
"77790",2,"चक्रको जस्तो","cyclic | cyclical","चक्रको जस्तो घुमेको घुमै वा पर्खीपर्खी पटकपटक भइरहने","recurring in cycles"
"77792",2,"पछिको | पछिल्लो","alternate","एउटा पछिको","every second one of a series"
"77807",2,"दुई वर्षे | द्विवर्षी","biennial | two-year","जे चाहिँ दुई वर्ष मात्र रहेर नष्ट हुन्छ","having a life cycle lasting two seasons"
"77810",2,"निशाचर | रात्रिचर","nocturnal","जुनचाहिं राती बाहिर निस्कन्छ वा हिँडछ","belonging to or active during the night"
"77813",2,"जीर्ण | थोत्रो | पुरानो | भाँचिएको","bedraggled | broken-down | derelict | dilapidated | ramshackle | tatterdemalion | tumble-down","भाँचिएको","in deplorable condition"
"77836",2,"बधिर | बहिरो | बैह्रो","deaf","जसले सुन्दैन अथवा थोर सुन्छ:बहिरा व्यक्तिहरूका लागि प्रदीपजी बहिरो विद्यालय खोल्न सोच्दै हुनुहुन्छ","lacking or deprive of the sense of hearing wholly or in part"
"77850",2,"निर्णायक","decisive","जुनचाहिँ निर्णयमा सहायक हुन्छ","determining or having the power to determine an outcome"
"77865",2,"घोषित","declared","जसको घोषणा गरिएको छ","made known or openly avowed"
"77866",2,"उल्लेखित | कथित | लिखित","alleged","जसको उल्लेख वा कथन भएको छ","declared but not proved"
"77871",2,"अघोषित","undeclared","जसको घोषणा गरिएको छैन","not announced or openly acknowledged"
"77881",2,"गहिरो","deep","जसको फैलावट तलतिर धेरै हुन्छ:उनी गहिरो पोखरीमा डुबे","having great spatial extension or penetration downward or inward from an outer surface or backward or laterally or outward from a center; sometimes used in combination"
"77886",2,"अगाध | अगाध्य | अगाह | अथाह | अनवगाह | अनवगाह्य | अपार","profound | unfathomed | unplumbed | unsounded","जसको गहिराइ या फेदको थाहा पाइँदैन","situated at or extending to great depth; too deep to have been sounded or plumbed"
"77888",2,"छिपछिपे","shallow","जुन थोरै गहिरो हुन्छ:गर्मीका दिनमा छिपछिपे पानी भएको पोखरी सुक्छ","lacking physical depth; having little spatial extension downward or inward from an outer surface or backward or outward from a center"
"77894",2,"गहिरो | घोर","heavy | profound | sound | wakeless","धेरै राम्रो खालको","(of sleep) deep and complete"
"77904",2,"अपध्वस्त | पराजित | परास्त","defeated","जो हारेको छ","beaten or overcome; not victorious"
"77910",2,"अडिग | अनत | अनमित","unbowed","जुन नमित हुँदैन","not forced to bow down to a conqueror"
"77911",2,"क्रान्तिकारी | विद्रोही","defiant | noncompliant","जसले कसैको विरूद्ध विद्रोह गर्छ","boldly resisting authority or an opposing force"
"77939",2,"अमुक | ढिस्कानो | फलानो","certain","कुनै अनिश्चित वा अकथित","definite but not specified or identified"
"77951",2,"न्याउरो | न्यास्रो | म्लान","dejected","जसको कान्ति मलिन हुन गयो","affected or marked by low spirits"
"77981",2,"बुरबुरे","friable","अलिकति आघात लाग्दा धुलो-पिठो हुने","easily broken into small fragments or reduced to powder"
"77982",2,"कमजोर | दुर्बल | निम्छरो","delicate | fragile | frail","जुन दृढ हुँदैन:कमजोर वस्तुहरू सजिलै फुट्छन्","easily broken or damaged or destroyed"
"77991",2,"अभाव | आवश्यक | औचित्य | खाँचो | प्रयोज","needy","जसलाई आवश्‍यकता छ","demanding or needing attention, affection, or reassurance to an excessive degree"
"78000",2,"अति आवश्यक | अत्यावश्यक | अपरिहार्य","imperative","जो अति आवश्यक छ","requiring attention or action"
"78014",2,"जनतान्त्रिक | प्रजातन्त्रीय | प्रजातान्त्रिक","democratic","जुनचाहिँ प्रजातन्त्रको सिद्धान्तका अनुसार हुन्छ","characterized by or advocating or based upon the principles of democracy or social equality"
"78016",2,"कम्युनिस्ट | समानतावादी | साम्यवादी","classless | egalitarian","साम्यवादलाई मान्ने","favoring social equality"
"78024",2,"अत्याचारी | अन्यव्रत | अप्रतिबद्ध | अप्रतिबन्धित | अबद्ध | निरङ्कुश | मनमोजी | मनमौजी | स्वच्छन्द | स्वेच्छाचारी","authoritarian | autocratic | despotic | dictatorial | tyrannical","जसका लागि कुनै अङ्कुश या रोकावट हुँदैन","characteristic of an absolute ruler or absolute rule; having absolute sovereignty"
"78028",2,"अलमस्त | मनमौजी","arbitrary","जसलाई मन लाग्छ","based on or subject to individual discretion or preference or sometimes impulse or caprice"
"78033",2,"विहित","prescribed","जसको विधान गरिएको छ","set down as a rule or guide"
"78041",2,"काट्य | खंडनीय | खण्डनीय","confutable | confutative | questionable | refutable","जसलाई काट्न सकिन्छ या जसको खण्डन हुन सक्छ","able to be refuted"
"78070",2,"परजीवी | पराआश्रित","bloodsucking | leechlike | parasitic | parasitical","अर्काको भरोसामा बाँच्ने र उसैबाट आफ्नो भोजन प्राप्त गर्ने","of plants or persons; having the nature or habits of a parasite or leech; living off another"
"78074",2,"अनधीन | अनन्याश्रित | अनिर्बन्ध | आजाद | स्वतन्त्र | स्वाधीन","independent","जुन अर्काको अधीन हुँदैन","free from external control and constraint"
"78077",2,"स्वायत्त","autonomous","जुन कुनै अर्को शासन  वा नियन्त्रणमा नभएको र आफ्नो कार्यको सञ्चालन स्वयं गर्ने","existing as an independent entity"
"78083",2,"आत्मनिर्भर | स्वनिर्भर","self-sufficient | self-sufficing | self-sustaining","जसले आफ्नो आवश्यकताहरूको पूर्ति गर्नमा समर्थ हुन्छ","able to provide for your own needs without help from others"
"78096",2,"निर्दल | निर्दलीय","independent","जुनचाहिँ कुनै दलको होइन","not controlled by a party or interest group"
"78097",2,"निष्पक्ष | पक्षपातहीन | भेदभावहीन","unbiased | unbiassed","जसमा पक्षपात हुँदैन","without bias"
"78120",2,"डढेको | दग्ध | दुःख पाएको | पिल्सिएको | पोलेको | सताइएको | सन्तप्त","burned | burned-out | burned-over | burnt | burnt-out","जलेको वा जलाइएको","destroyed or badly damaged by fire"
"78121",2,"कोल्टिएको | ढस्केको | भत्केको","demolished | dismantled | razed","जो भत्केको या ढस्केको","torn down and broken up"
"78125",2,"धराशायी","fallen","जमिनमा पछारिएको वा लडेको","having fallen in or collapsed"
"78141",2,"अटुट","indestructible","न भाँचिने","not easily destroyed"
"78153",2,"अनिर्धारित | अनिश्चित | अप्रतिपन्न | अप्रतीयमान | वैकल्पिक","indeterminate | undetermined","जे निर्धारित छैन","not precisely determined or established; not fixed or known in advance"
"78199",2,"सजिलो | सरल | सहज","easy","छिटै हुन सक्ने खालको वा जुन सजिलो हुन्छ:प्रभु प्राप्‍तिको सजिलो मार्ग भक्ति हो","posing no difficulty; requiring little effort"
"78212",2,"धाकिलो | धाके","distinguished | grand | imposing | magisterial","जसमा धाक छ","used of a person's appearance or behavior; befitting an eminent person"
"78213",2,"अप्रतिष्ठ | अप्रतिष्ठित | अमर्याद | प्रतिष्ठारहित","undignified","जो प्रतिष्ठित छैन","lacking dignity"
"78223",2,"एकाग्रचित्त | तन्मय | स्थिरचित्त","diligent","एउटै काममा चित्त लगाएको","characterized by care and perseverance in carrying out tasks"
"78225",2,"उद्यमी | कर्मशील | परिश्रमी | पुरूषार्थी | मेहनती","hardworking | industrious | tireless | untiring","जो परिश्रम गर्ने गर्छ:परिश्रमी व्यक्ति सधैं सफल हुन्छ","characterized by hard work and perseverance"
"78230",2,"अचेत | अनचित | अमनोयोगी | असजग | असावधान | लापरवाह | हेलचेक्राइँ","inattentive | neglectful","जुनचाहिँ सावधान छैन","not showing due care or attention"
"78233",2,"पातलो","washy | watery | weak","जसमा पानीको मात्रा धेरै छ","overly diluted; thin and insipid"
"78286",2,"अप्रासङ्गिक | अप्रासाङ्गिक","digressive | discursive | excursive | rambling","प्रसङ्गको प्रतिकूल","(of e.g. speech and writing) tending to depart from the main point or cover a wide range of subjects"
"78300",2,"सूक्ष्मदर्शी","discerning","धेरै सूक्ष्म वा ससाना कुरासम्म सोच्‍ने वा विचार राख्‍ने","having or revealing keen insight and good judgment"
"78308",2,"सरल | सादा | साधारण | सामान्य","modest | restrained | unostentatious","कुनै विशेष आडम्बर वा बनाबट नभएको","free from ostentation or pretension"
"78354",2,"सीमाङ्कित","defined | outlined","जसको सीमा निर्धारित गरिएको छ या अङ्कित गरिएको हुन्छ","showing clearly the outline or profile or boundary"
"78357",2,"असीमाङ्कित","indistinct","जसको सीमा अङ्कित या निर्धारित गरिएको हुँदैन","not clearly defined or easy to perceive or understand"
"78359",2,"अस्पष्ट | धमिलो","bleary | blurred | blurry | foggy | fuzzy | hazy | muzzy","स्पष्ट नदेखिने:सामुन्नेको दृश्य धमिलो छ","indistinct or hazy in outline"
"78361",2,"अप्रतीत | अस्पष्ट","dim | faint | shadowy | vague | wispy","जुन स्पष्ट छैन","lacking clarity or distinctness"
"78415",2,"एकाधिपति | चक्रवर्ती | सर्वेश | सर्वेश्वर","sovereign | supreme","जसको राज्य धेरै टाढाटाढासम्म फैलिएको","greatest in status or authority or power"
"78418",2,"मदतगार | सहयोगी | सहायक","adjunct | assistant","जसले कुनै काम आदिमा सहायता गर्छ","of or relating to a person who is subordinate to another"
"78425",2,"दुई नले","double-barreled | double-barrelled","दुई नले या जसमा दुइटा नली छन्","having two barrels mounted side by side"
"78428",2,"नाटकीय","dramatic","नाटक वा नटहरूको जस्तो","suitable to or characteristic of drama"
"78441",2,"पेय","drinkable | potable","पिउने योग्य","suitable for drinking"
"78442",2,"अपेय","undrinkable","पिउन नहुने वा नसकिने","unsuitable for drinking"
"78456",2,"अप्रमत्त | नशारहित | नशाहीन","uninebriated | unintoxicated","जो नशे में न हो","not inebriated"
"78457",2,"नलाग्ने | बोधो | भुत्ते","dull","जसको धार तिखो हुँदैन:यो भुत्ते तरवारले तिमी के युद्ध गर्छौ","not having a sharp edge or point"
"78462",2,"धार भएको | धारिलो","sharp","जसमा धार छ","having or made by a thin edge or sharp point; suitable for cutting or piercing"
"78471",2,"घोच्ने | घोप्ने | रोप्ने","incisive | piercing","जसले घोच्त छ","suitable for cutting or piercing"
"78472",2,"तिखो | धारिलो | साह्रैलाग्ने","keen","अत्यन्त धार भएको:नोकरले तिखो अस्त्रले हानेर मालिकलाई हत्या गर्‍यो","having a sharp cutting edge or point"
"78475",2,"चिर्ने | छेड्ने | प्वाल पार्ने | भेदक | भेदकारी | वेधक","penetrating | penetrative","भेदने वा छेडने","tending to penetrate; having the power of entering or piercing"
"78541",2,"अकालिक | अवसर प्रतिकूल | असामयिक | कुयामको | बेमौकाको","premature | untimely","जुन अवसरको प्रतिकूल छ","uncommonly early or before the expected time"
"78553",2,"मरणोत्तर | मरिसकेपछि | मृत्यु पछि","posthumous","कसैको मरेपछि हुने","occurring or coming into existence after a person's death"
"78576",2,"चिंतित | चिन्ताग्रस्त | चिन्तायुक्त | चिन्तित","apprehensive | worried","जसलाई चिन्ता छ","mentally upset over possible misfortune or danger etc"
"78582",2,"पूर्वी | पूर्वीय","eastern","पूर्व वा पूर्वसँग समबन्धित","lying toward or situated in the east"
"78589",2,"पच्छिमी | पश्‍चिमी","westerly | western","पश्‍चिमको वा पश्‍चिम-सम्बन्धी","lying in or toward the west"
"78592",2,"पश्‍चिमी | पाश्‍चात्य","western","पश्‍चिमका देशहरूसँग सम्बन्ध राख्‍ने मान्छे","relating to or characteristic of regions of western parts of the world"
"78613",2,"अशनीय | आहार्य | खाद्य | ग्राह्य | भक्ष्य | भोज्य","comestible | eatable | edible","जुन खाने योग्य छ","suitable for use as food"
"78619",2,"पढे-लेखेको | प्राज्ञ | शिक्षित | साक्षर","educated","जसलाई पढ्न लेख्‍न आउँछ वा जसले शिक्षा ग्रहण गरेको छ:शिक्षित व्यक्‍ति नै राष्ट्रका कर्णधार हुन्छन्","possessing an education (especially having more than average knowledge)"
"78622",2,"स्वशिक्षित","self-educated","जसले आफैले आफैलाई स्वयं शिक्षित पारेको छ या जसले गुरुबिनाको शिक्षा प्राप्त गरेको छ","educated by your own efforts rather than by formal instruction"
"78626",2,"अज्ञानपूर्ण | ज्ञानहीन","ignorant | nescient | unenlightened | unlearned | unlettered","जुनचाहिँ अज्ञानले भरिएको छ","uneducated in general; lacking knowledge or sophistication"
"78628",2,"अनपढ | अशिक्षित | निरक्षर","unschooled | untaught | untutored","जो शिक्षित छैन वा पढे-लेखेको छैन:म त्यो गाउँको निवासी हुँ जहाँ धेरैजसो मान्छे अशिक्षित छन्  अशिक्षा मेटाउनका लागि सरकारले अशिक्षित व्यक्‍तिहरूलाई शिक्षित पार्ने प्रयास गर्दै छ","lacking in schooling"
"78639",2,"मृत","dead | defunct","जसमा जीवनी शक्ति,उपयोगिता या क्रियाशीलता रहेको हुँदैन","no longer in force or use; inactive"
"78650",2,"कठिन | मुश्‍किल | विकट | सारो","difficult","जुनचाहिँ सजिलो छैन","requiring much effort and trouble"
"78652",2,"थकाइ","exhausting | tiring | wearing | wearying","थकाइ लगाउने","producing exhaustion"
"78662",2,"प्रभावकारी | प्रभावशाली","effective","आफ्नो काम वा प्रभाव देखाउने","works well as a means or remedy"
"78701",2,"चुनिएको | छानिएको | मनोनीत | रोजिएक","elected | elective","छानिएको","subject to popular election"
"78705",2,"नामङ्कित | मनोनीत","nominated | nominative","जसको कुनै काम वा पदका लागि नाम लेखिएको छ","appointed by nomination"
"78707",2,"तैनाथ | नियुक्त | नियोजित","assigned","जसको कुनै कार्य,स्थान या पदमा नियुक्ति भएको हुन्छ या कुनै काममा लगाइएको छ","appointed to a post or duty"
"78711",2,"ऐच्छिक | विकल्पयुक्त | विकल्पी | वैकल्पिक","optional","ती दुई या कैयौंबाट कुनै एक जसलाई आफ्नो इच्छाले ग्रहण गर्न सकियोस्","possible but not necessary; left to personal choice"
"78718",2,"अनिवार्य | जरूरी | परमावश्यक","compulsory | mandatory | required","जसलाई लिनु,राख्‍नु या मान्नु एकदम आवश्यक छ","required by rule"
"78743",2,"अनधिकारी | अपात्र | अभाजन | कुपात्र","ineligible","जसमा पात्रता हुँदैन","not eligible"
"78748",2,"भावनात्मक | भावनापूर्ण | भावपूर्ण | भावात्मक | मर्मस्पर्शी | मार्मिक | हृदयस्पर्शी","emotional","भावले भरिएको या हृदयलाई प्रभावित गर्ने","of more than usual emotion"
"78752",2,"आविष्ट | आवेशग्रस्त | आवेशपूर्ण","charged | supercharged","जुन आवेशले भरिएको हुन्छ","fraught with great emotion"
"78772",2,"अनुभवसिद्ध | अनुभवी","empiric | empirical","प्रयोग वा परीक्षाले ज्ञात वा प्राप्त","derived from experiment and observation rather than theory"
"78801",2,"जीविकाहीन | बेइलमी | बेरोजगार","idle | jobless | out of work","जसको हातमा जीविका-निर्वाहका लागि कुनै काम धन्धा छैन","not having a job"
"78805",2,"सम्मोहनपूर्ण","beguiled | captivated | charmed | delighted | enthralled | entranced","जो सम्मोहनले भरिएको हुन्छ","filled with wonder and delight"
"78831",2,"उत्पीड़ित | त्रसित | पीड़ित","laden | oppressed","जसद्वारा पीडा या कष्ट दिइएको हुन्छ","burdened psychologically or mentally"
"78858",2,"अथक | अश्रान्त | नथाक्ने","indefatigable | tireless | unflagging | unwearying","थकाइ नभएको वा थकानरहित","showing sustained enthusiastic action with unflagging vitality"
"78912",2,"उद्यमशील | उद्यमी | उद्योगी | प्रयत्नवान | प्रयत्नशील | प्रयत्नी | प्रयासशील | प्रयासी","entrepreneurial","जो प्रयत्न या कोशिशमा लागेको हुन्छ या प्रयास गर्छ","willing to take risks in order to make a profit"
"78925",2,"अनुत्साही | अस्फूर्त | उत्साहहीन | निरुत्साह | निरुत्साहित | स्फूर्तिहीन | हतोत्साहित","half-hearted | halfhearted | lukewarm | tepid","जसमा उत्साह या स्फूर्ति छैन:“स्फूर्तिहीन खेलाडीलाई दलबाट निकालियो""","feeling or showing little interest or enthusiasm"
"78930",2,"इखालु | ईर्ष्यालु","covetous | envious | jealous","ईर्ष्या गर्ने मान्छे","showing extreme cupidity; painfully desirous of another's advantages"
"78931",2,"अनभिलाषी | अनिच्छु | अनिच्छुक | अभिलाषारहित | निराकाङ्क्षी | निस्पृही","undesiring | undesirous","जो इच्छुक छैन","having or feeling no desire"
"78934",2,"एक समान | तुल्य | सदृश्य | समकक्ष | समतुल्य | समान","equal","सबै कुरामा कसैको बराबर हुने","well matched; having the same quantity, value, or measure as another"
"78964",2,"सन्तुलित","well-balanced","बराबर वा उचित","in an optimal state of balance or equilibrium"
"78991",2,"गूढ | रहस्यपूर्ण | रहस्यमय | रहस्यात्मक","mysterious | mystic | mystical | occult | orphic | secret","रहस्यले भरिएको या जसमा रहस्य हुन्छ","having an import not apparent to the senses nor obvious to the intelligence; beyond ordinary understanding"
"79038",2,"समतल | समथर","flat | level | plane","जसको सतह  वा तल्लो भाग समान होस् वा अग्लो-होचो नहोस्:समतल भूमिमा राम्रो खेती हुन्छ","having a surface without slope, tilt in which no part is higher or lower than another"
"79045",2,"अग्लो होचो | असम | असमतल","uneven","जुनचाहिँ समतल होइन","not even or uniform as e.g. in shape or texture"
"79071",2,"अनुमानित | अनुमित","approximate | approximative | rough","जुन चाहिँ अनुमानले सोचिएको वा बुझिएको छ","not quite exact or correct"
"79104",2,"उत्तेजक | उत्तेजनाप्रद | भडकदार | भडकाउ","exciting","मनोवेगलाई तीव्र गर्ने","creating or arousing excitement"
"79108",2,"रोमाञ्चक | रोमाञ्चकारी","electrifying | thrilling","रोमाञ्च उत्पन्न गर्ने","causing a surge of emotion or excitement"
"79131",2,"नवीकरणीय | नवीनीकरणीय","renewable","नयाँ वा नूतन बनाउने योग्य:""यो पारपत्र नवीनीकरणीय छ""","capable of being renewed; replaceable"
"79153",2,"पर्खिएको | प्रतीक्षित","anticipated | awaited | hoped-for","जुनचाहिं कुनै चिज, कुरा आदिको प्रतीक्षा गरिन्छ","expected hopefully"
"79155",2,"अपेक्षणीय","expectable","अपेक्षा गर्ने योग्य","to be expected"
"79162",2,"अनुमानातीत | अप्रत्याशित | आशातीत | प्रत्याशातीत","unhoped | unhoped-for | unthought | unthought-of","जुन प्रत्याशाभन्दा टाढा छ","so unexpected as to have not been imagined"
"79183",2,"बहुमुल्य | महँगो","expensive","NO_GLOSS","high in price or charging high prices"
"79188",2,"सस्तो | सुलभ","cheap | inexpensive","NO_GLOSS","relatively low in price or charging low prices"
"79204",2,"अनभ्यस्त | अपक्व | अपरिपक्क | असिद्ध | कच्चा | काँचो | नयाँ | नव प्रशिक्षित | सिकारू","new | raw","जसले कुनै काम भर्खरै सिकेको छ","lacking training or experience"
"79226",2,"कोचिएको | गर्भित | दिइएको | निहित | रहेको | राखिएको | सुम्पिएको | स्थापित | हुलिएको","implicit | inexplicit","कतै वा केहीभित्र राखिएको, रहेको वा लुकेको","implied though not directly expressed; inherent in the nature of something"
"79262",2,"बहिरङ्ग | बाहिरी | बाह्य","external","बाहिरको या बाहिरसित सम्बन्धित","happening or arising or located outside or beyond some limits or especially surface"
"79263",2,"बाहिरको | बाहिरी","outer","बाहिर वा माथिबाट देखिने","being on or toward the outside of the body"
"79265",2,"अंतर्वर्ती | अन्तः | अन्तरंग | अन्तरङ्ग | अन्तरित | अन्तर्वर्ती | आंतरिक | आन्तरिक | भित्री","internal","जे चाहिँ भित्रको हो","happening or arising or located within some limits or especially surface"
"79286",2,"अपहरणीय | अप्रकट्य | अप्रकाश्य | गोपनीय | गोप्य","private | secret","जुन लुकाउने खालको हो","not expressed"
"79300",2,"एकआँखे | कानू | कानो","one-eyed","जसको एउटा आँखो बिग्रेको छ वा एउटा आँखाले देख्दैन:"" दुर्घटनामा एउटा आँखो फुटेर उ कानो बन्यो""","having or showing only one eye"
"79314",2,"न्यायपूर्ण | न्यायसङ्गत | न्यायोचित","fair | just","जो न्यायले भरिइको छ या जसमा न्याय छ","free from favoritism or self-interest or bias or deception; or conforming with established standards or rules"
"79324",2,"न्याय कर्ता | न्यायी","evenhanded","जो न्याय गर्छ","without partiality"
"79325",2,"अनैयायिक | अन्याय विषयक","inequitable | unjust","जुन अन्यायसित सम्बन्धित छ","not equitable or fair"
"79336",2,"कामुक | दुश्चरित | व्यभिचारी","adulterous | cheating | two-timing","जसले व्यभिचार गर्छ","not faithful to a spouse or lover"
"79337",2,"निष्ठावान | वफादार","loyal","NO_GLOSS","steadfast in allegiance or duty"
"79344",2,"निष्ठाहीन","disloyal","जसमा निष्ठा हुँदैन","deserting your allegiance or duty to leader or cause or principle"
"79347",2,"राजद्रोही","insurgent | seditious | subversive","राजद्रोह गर्ने मान्छे","in opposition to a civil authority or government"
"79352",2,"भड्केको | मार्गच्युत","errant","जसले बाटो भुलिसकेको छ","straying from the right course or from accepted standards"
"79358",2,"अचूक | अमोघ | नचुक्ने | भुल नगर्ने | विफल नहुने","inerrable | inerrant | unerring","न चुक्ने","not liable to error"
"79360",2,"चिनेजानेको | जानपहिचान भएको | परिचय भएको | परिचित","acquainted | acquainted with | familiar with","जे ज्ञात छ या जसलाई जानिएको छ","having fair knowledge of"
"79367",2,"अद्भुत | अनागत | कुतुहलजनक | जिज्ञासाजनक | विचित्र | विलक्षण | विस्मयकारी | विस्मयजनक","strange | unusual","जिज्ञासा उत्पन्न गर्ने","being definitely out of the ordinary and unexpected; slightly odd or even a bit weird"
"79371",2,"आतङ्कपूर्ण | भयपूर्ण","eerie | eery","जुन डरले भरिएको छ","inspiring a feeling of fear; strange and frightening"
"79372",2,"अचम्भको | अद्भुत | अनौठो | अपूर्व | अभूतपूर्व | आश्चर्यजनक | आश्चर्यभूत | विचित्र | विलक्षण","exotic","जुन विशेष लक्षणले युक्त छ","strikingly strange or unusual"
"79411",2,"तीव्रगामी | द्रुतगामी","fast","जल्दी वा छिटो हिँड्ने","acting or moving or capable of acting or moving quickly"
"79433",2,"सुस्त","slow","NO_GLOSS","not moving quickly; taking a comparatively long time"
"79470",2,"बलियो | मोटो | स्थुलकाय","fat","फुलेको वा ठुलो शरीरभएको वा अत्याधिक मासु भएको:सुमो पहलवानहरू धेरै मोटा हुन्छन्बलियो मान्छेलाई हृदयरोग हुने डर धेरै हुन्छ","having much flesh (especially fat)"
"79473",2,"गोलो-मोटो | गोलोमोटो","buxom | chubby | embonpoint | plump | zaftig | zoftig","जुन गोलो र मोटो छ:""मेरी भाउजू एकदम गोलो-मोटो हुनुहुन्छ""","euphemisms for slightly fat"
"79474",2,"खँदिलो | दह्रो; | पोटिलो | भरिलो | मोटो","compact | heavyset | stocky | thick | thickset","कसिएको:उनको शरीर पोटिलो छ","heavy and compact in form or stature"
"79479",2,"अतिकाय | बृहत्काय | भीमकाय | महाकाय | विकराल | विशालकाय","fleshy | heavy | overweight","जसको शरीर किनै ठुलो छ","usually describes a large person who is fat but has a large frame to carry it"
"79482",2,"क्षीण | दुब्लो | लुते","lean | thin","लुते शरीर","lacking excess flesh"
"79492",2,"अति क्षीणकाय","boney | scraggy | scrawny | skinny | underweight | weedy","जुन धेरै दुब्लो पात्लो छ","being very thin"
"79500",2,"बोसोयुक्त | बोस्याइलो","fat | fatty","बोसोयुक्त:""म आफ्नो स्वास्थ राम्रो राख्न बोसोयुक्त खाना खान्न""","containing or composed of fat"
"79502",2,"मखानको","buttery","मखसनले बनिएको","resembling or containing or spread with butter"
"79506",2,"बोसोनभएको | बोसोहीन","fat-free | fatless | nonfat","जसमा बोसो थोर छ:""केही मान्छे चर्बी कम गर्नका लागि बोसोहीन भोजन गर्छन्""","without fat or fat solids"
"79511",2,"घातक | मारक","deadly | lethal","मार्नेवाला","of an instrument of certain death"
"79515",2,"चिकित्स्य | साध्य","curable","जसको उपचार सम्भव छ","curing or healing is possible"
"79516",2,"अचिकित्स्य | असाध्य | चिकित्सातीत | दुःसाध्य | दुस्साध्य","incurable","जसको चिकित्सा सम्भव छैन","incapable of being cured"
"79553",2,"शुभचिन्तक | शुभाकाङ्क्षी | हितैषी","well-wishing","हित वा राम्रो कामना गर्ने","extending good wishes for success"
"79575",2,"अकृत | नगरिएको","undone","जुन चाहिं गरिएको छैन","not done"
"79588",2,"परिसीमित | ससीम | सीमित","bounded | delimited","जसको सीमा बाँधिएको छ","having the limits or boundaries established"
"79592",2,"अंतहीन | अनंत | अनन्त | अन्त्यहीन | असमाप्य","infinite","जुन कहिले पनि सकिँदैन","having no limits or boundaries in time or space or extent or magnitude"
"79593",2,"अगाध | अनंत | अनंता | अनंत्य | अनधिक | अनन्त | अनन्ता | अनन्त्य | अनवधि | अनादि | अनिर्दिष्ट | अपरंपार | अपरम्पार | अपरिच्छिन्न | अपरिमित | अपार | अप्रमाण | अबाध | अमर्याद | अमात्र | अमान | अमाप | अमित | असीम | असीमित | मात्रारहित | सीमारहित","boundless | limitless | unbounded","जसको सीमा हुँदैन","seemingly boundless in amount, number, degree, or especially extent"
"79600",2,"आरंभिक | आरम्भिक | पूर्व | प्राथमिक | प्रारंभिक | प्रारम्भिक","opening","आरम्भको या पहिलेको या कुनै समय या घटना आदिको सुरुवातको","first or beginning"
"79619",2,"अंतिम | अंत्य | अन्तिम | अन्त्य | आखिरी","last","जुन सबैभन्दा पछाडिको","coming after all others in time or space or degree or being the only one remaining"
"79628",2,"माध्यमिक","intermediate","मध्य वा बीचको","lying between two extremes in time or space or degree"
"79631",2,"मध्य | मध्यम | मध्यवर्ती | मध्यस्थित","in-between | mediate | middle","जुन कुनै वस्तु,स्थान आदिको मध्य या बीचमा स्थित हुन्छ","being neither at the beginning nor at the end in a series"
"79641",2,"अविकलाङ्ग | पूर्णकाय | सर्वाङ्ग","fit | healthy","जुन अपाङ्ग छैन:""ऊ अविकलाङ्ग व्यक्ति हो तर अपाङ्ग हुने नाटक गर्दै छ""","physically and mentally sound or healthy"
"79650",2,"कुँजो | कुब्ज","crookback | crookbacked | gibbous | humpbacked | humped | hunchbacked | kyphotic","जो कुँजो छ","characteristic of or suffering from kyphosis, an abnormality of the vertebral column"
"79657",2,"अंगहीन | अपंग | अपाहज | अपाहिज | निपंग | विकलाङ्ग","maimed | mutilated","जसको हात-खुट्टा या शरीरको कुनै  अङ्गमा विकृति भएको हुन्छ","having a part of the body crippled or disabled"
"79664",2,"अनलायक | अनुपयुक्त | अपारग | अप्रभु | अयथा | अयुक्त | अयुक्तरूप | अयोग | अयोग्य | ना-लायक | नालायक","unsuitable","जो योग्य छैन","not meant or adapted for a particular purpose"
"79675",2,"अनमनीय | अनम्य | कठोर | दृढ","inflexible","जुन नम्य हुँदैन या जसलाई झुकाउन सकिँदैन","resistant to being bent"
"79743",2,"अङ्गीकृत | अभ्युपगत | गृहीत | परिग्रहीत | स्वकृत | स्वाङ्गीकृत | स्वीकृत","adopted | adoptive","जसलाई अङ्गीकार गरिएको छ या जसलाई आफूमाथि लिइएको छ","acquired as your own by free choice"
"79750",2,"आयातित | इम्पोर्टेड","imported","जुनचाहिँ अर्को स्थान वा देशबाट आएको हो वा बाहिरबाट मगाएको","used of especially merchandise brought from a foreign source"
"79755",2,"देशज | देशी | देशीय | देसी | स्वदेशी | स्वदेशीय","domestic","जुन आफ्नो देशमा उत्पन्न या बनिएको हो","produced in a particular country"
"79764",2,"अन्तर्देशीय | देशान्तर्गत","home | interior | internal | national","कुनै देशभित्र या त्यसको भित्री भागमा हुने या उसित सम्बन्ध राख्‍ने","inside the country"
"79772",2,"अपरिवारीय | अपारिवारिक","undomestic","जो परिवार सम्बन्धी हुँदैन","not domestic or related to home"
"79778",2,"अविस्मरणीय | स्मरणीय","memorable","सम्झना राख्‍ने योग्‍य","worth remembering"
"79797",2,"अनौपचारिक","informal","जुनचाहिँ औपचारिक छैन","not formal"
"79812",2,"परवर्ती","latter","पछिल्लो वा पछिको","referring to the second of two things or persons mentioned (or the last one or ones of several)"
"79816",2,"आनन्दी | मङ्गलमय | सुखमय | सुखी","felicitous | happy","जसलाई सबै प्रकारको सुख छ वा पाउँछ:म सबैको सुखी जीवन कामना गर्छु","marked by good fortune"
"79820",2,"भाग्यवान | भाग्यशाली | सौभाग्यशाली","lucky","जो भाग्यले धनी छ","blessed with good fortune"
"79822",2,"अभागी | दुर्भाग्यशाली | भाग्यहीन","unfortunate","जुन भाग्यशाली छैन","not favored by fortune; marked or accompanied by or resulting in ill fortune"
"79825",2,"आवासहीन | आश्रयहीन | गृहविहीन | गृहहीन | बेघर | बेघरवार","dispossessed | homeless | roofless","बस्ने ठाउँ नभएको या जसको बस्ने ठाउँ नै छैन","physically or spiritually homeless or deprived of security"
"79827",2,"अनिष्‍‍टसूचक | अमङ्गल | अमाङ्गलिक | अरिष्ट | अशुभ | नराम्रो","doomed | ill-fated | ill-omened | ill-starred | unlucky","जुनचाहिँ राम्रो हुँदैन","marked by or promising bad fortune"
"79834",2,"अनुवासित | सुवासित","perfumed | scented","सुगन्धित गरिएको","filled or impregnated with perfume"
"79836",2,"दुर्गंधपूर्ण | दुर्गंधयुक्त | दुर्गंधित","ill-smelling | malodorous | malodourous | stinky | unpeasant-smelling","दुर्गंधे भरिएको","having an unpleasant smell"
"79892",2,"खुकुलो | ढीला","unfixed","राम्रो तरिकाले नबाँधिएको वा नलागेको","not firmly placed or set or fastened"
"79893",2,"असंयुक्‍त | छुट्टै | पृथक | भिन्दै","detached | free","जुन चाहिँ जोडिएको, टाँसिएकोवा लागेको हुँदैन","not fixed in position"
"79896",2,"स्वच्छन्द | स्वतन्त्र | स्वाधीन","free","आफ्नो इच्छाअनुसार सबै काम गर्नसक्‍ने","able to act at will; not hampered; not under compulsion or restraint"
"79912",2,"अधीन | अन्याधीन | गुलाम | परतन्त्र | पराधीन","unfree","जुन अर्काको अधीनमा हुन्छ","hampered and not free; not able to act at will"
"79943",2,"पुरानो | बासी","stale","अघि नै पाकेको वा एक राती अघि नै पाकेको:बासी भोजन शरीरका लागि हानिकारक हुन्छ","showing deterioration from age"
"79980",2,"नुनीलो","saline","नुन मिसाएको वा नुनको स्वाद भएको","containing salt"
"79983",2,"मिलनसार | मिल्दो","affable | amiable | cordial | genial","जो सबसित राम्रारी मिल्दछ","diffusing warmth and friendliness"
"80002",2,"जमेको","frozen","जमाएर बनाइएको","turned into ice; affected by freezing or by long and severe cold"
"80008",2,"अति ठन्डा | ज्यादै चिसो | बरफ भएको | बरफिलो","icy","जसमा या जसमाथि बरफ छ","covered with or containing or consisting of ice"
"80016",2,"फल भएको","fruitful","जुनचाहिँ विशेष रूपले फलका लागि नै प्रसिद्ध छ (वनस्पति)","productive or conducive to producing in abundance"
"80030",2,"अफल | निष्फल | फलरहित | फलविहीन फल नभएको | फलहीन","unfruitful","जिसमा फल छैन","not fruitful; not conducive to abundant production"
"80031",2,"असफल | निष्फल | विफल","abortive | stillborn | unsuccessful","जुन सफल भएको हुँदैन","failing to accomplish an intended result"
"80034",2,"भरपूर | भरिएको","full","पूर्णरूपले भरिएको","containing as much or as many as is possible or normal"
"80035",2,"बाढग्रस्त | बाढपीडित","afloat | awash | flooded | inundated | overflowing","जहाँ बाढी आएको छ","covered with water"
"80055",2,"खाली | रिक्त | रित्तो | शून्य","empty","जसमा भित्रको ठाउँ खाली छ वा जुन भरिएको छैन:भिखारीको रिक्त पात्रमा बटुवाले केही पैसा हालिदियो","holding or containing nothing"
"80057",2,"विहीव | शून्य","barren | destitute | devoid | innocent","कुनै वस्तु,गुण आदिले खाली वा हीन","completely wanting or lacking"
"80058",2,"सादा | सेतो","blank | clean | white","जसको माथि केही लेखिएको वा छापिएको छैन","(of a surface) not written or printed on"
"80073",2,"अङ्शकालिक | पार्टटाइम","part-time | parttime","केही वा थोरै समयका लागि हुने वा गरिने","involving less than the standard or customary time for an activity"
"80110",2,"प्वाँख भएका","fledged | mature","जसका प्वाँख छन्","(of birds) having developed feathers or plumage; often used in combination"
"80114",2,"अपक्ष | पक्षरहित | पखेटाहीन | पङ्खहीन","unfeathered","बिना पखेटा वा खुट्टाको","not having feathers"
"80159",2,"विशिष्ट","specific","जुन कुनै विशेषताले युक्त छ","(sometimes followed by `to') applying to or characterized by or distinguishing something particular or special or unique"
"80187",2,"गैर-प्रविधि | प्रविधिहीन","nontechnical | untechnical","गैर-प्रविधिसम्बन्धी या जे प्रविधिसित सम्बन्धित छैन","not characteristic of or skilled in applied arts and sciences"
"80197",2,"परकाजी | परमार्थी | परहितैषी | परोपकारी","benevolent | freehearted","अर्काको उपकार गर्ने","generous in providing aid to others"
"80205",2,"कन्चुस | कन्जुस | लोभी","closefisted | hardfisted | tightfisted","जसले धनको भोग वा व्यय गर्दैन र कसैलाई पनि दिँदैन:यति धनी भएर पनि ऊ लोभी छ","unwilling to part with money"
"80207",2,"धेरै लोभी | महालोभी","mean | mingy | miserly | tight","जो धेरै नै लोभी हुन्छ","(used of persons or behavior) characterized by or indicative of lack of generosity"
"80234",2,"निर्बुद्धि; हतप्रभ।","talentless | untalented","जसमा प्रतिभा छैन","devoid of talent; not gifted"
"80265",2,"अख्यात | अनाम | अनामक | अप्रसिद्ध | अविख्यात | बेनाम","obscure | unknown | unsung","जुन ख्यातिप्राप्त या ख्यात छैन","not famous or acclaimed"
"80269",2,"गतिलो | राम्रो | सहीमान्छे","good","जो सोझो या राम्रो छ या जसमा राम्रा गुण छन् या जसको काम आदिबाट अरूको भलाइ हुन्छ","having desirable or positive qualities especially those suitable for a thing specified"
"80291",2,"चकचके | चञ्‍चल | चुलबुले","mischievous | naughty","जो धेरै चकचके हुन्छ:चकचके केटाकेटीले मान्छेलाई धेरै दु:ख दिन्छन्","badly behaved"
"80299",2,"खिलाफ | प्रतिकूल | विपरीत","unfavorable | unfavourable","जुन अनुकूल या हित साधनमा सहायक हुँदैन","not favorable"
"80312",2,"पापाधम | पापिष्ठ | महानीच | महापापी","demonic | diabolic | diabolical | fiendish | hellish | infernal | satanic | unholy","धेरै ठुलो पापी या महापाप गर्ने","extremely evil or cruel; expressive of cruelty or befitting hell"
"80316",2,"भद्र | भलादमी | शीलवान | सज्जन | सद्गुणी | सुजन | सुप्रतीक","good-natured","जो सबैका साथ राम्रो,उचित एवम् प्रिय व्यवहार गर्छ","having an easygoing and cheerful disposition"
"80319",2,"कुबुद्धि | कुस्वभावी | दुश्शील","ill-natured","नराम्रो स्वभाव भएको","having an irritable and unpleasant disposition"
"80344",2,"नमनीय | नम्य | लचकदार | लचिलो | विनम्य | सुनम्य","lissom | lissome | lithe | lithesome | slender | supple | svelte | sylphlike","जुन झुक्न सक्छ या जसलाई झुकाउन सकिन्छ","moving and bending with ease"
"80389",2,"अकृतज्ञ | कृतघ्न","thankless | ungrateful | unthankful","आफूलाई गरेको उपकार नमान्ने","not feeling or showing gratitude"
"80395",2,"प्रसन्नचित्त","happy","जसको चित्त प्रसन्न छ:प्रसन्नचित्त व्यक्‍तिले कुनै पनि कार्य प्रसन्नतापूर्वक गर्छ","enjoying or showing or marked by joy or pleasure or good fortune"
"80399",2,"सुनौला | स्वर्ण | स्वर्णिम","golden | halcyon | prosperous","सुख-समृद्धि, शान्ति आदिले युक्त","marked by peace and prosperity"
"80422",2,"कमलो | नरम | मुलायम | सुकुमार","soft","बिस्तारै दबाउँदा दबिने:""यो कमलो आँप हो""","yielding readily to pressure or weight"
"80452",2,"अमोही | निठुरी | निर्मम | निर्मोही","flinty | granitic | obdurate | stony","ममता वा मोह नभएको","showing unfeeling resistance to tender feelings"
"80464",2,"अनर्थकारी | क्षतिकर | क्षतिकारी | हानिकर | हानिकारक | हानिप्रद","harmful","जसद्वारा हानि हुन्छ या जसले हानि गर्छ","causing or capable of causing harm"
"80465",2,"अपमानजनक","abusive","अपमानले युक्त वा अपमान गर्ने","characterized by physical or psychological maltreatment"
"80469",2,"निन्दात्मक","calumniatory | calumnious | defamatory | denigrating | denigrative | denigratory | libellous | libelous | slanderous","निन्दाले युक्त","(used of statements) harmful and often untrue; tending to discredit or malign"
"80495",2,"राम-बाण | रामबाण | रामवाण","beneficial | good | salutary","निश्चित रूपले लाभकारी (औषधि)","tending to promote physical well-being; beneficial to health"
"80498",2,"नाशक","preventative | preventive | prophylactic","टाढा गराउनेवाला","preventing or contributing to the prevention of disease"
"80503",2,"रोगकारक | रोगजनक","infective | morbific | pathogenic","बिमारी उत्पन्न गर्ने","able to cause disease"
"80514",2,"निरोगी | स्वस्थ्य","healthy","जसलाई कुनै रोग छैन वा जसको स्वास्थ्य राम्रो छ:अब तपाईँको शरीर स्वस्थ्य  छ  स्वस्थ्य शरीरमा नै स्वस्थ्य मस्तिष्कको विकास हुन्छयस दवाइले दुई दिनमा नै मेरो स्वास्थ्य राम्रो भयो","having or indicating good health in body or mind; free from infirmity or disease"
"80566",2,"दिव्य | वैकुन्ठीय | स्वर्गिक | स्वर्गीय","heavenly","स्वर्गको वा स्वर्गसँग सम्बन्ध राख्‍ने","of or belonging to heaven or god"
"80574",2,"पार्थिव","earthly","पृथ्वीको वा पृथ्वीसँग सम्बन्धित","of or belonging to or characteristic of this earth as distinguished from heaven"
"80583",2,"पचेको | हजम भएको","digested","जुनचाहिँ पच्यो वा पचेको","capable of undergoing digestion"
"80587",2,"बादी | वायुकारक","flatulent","शरीरमा वायु विकार उत्पन्न गराउने वा बढाउने:""चना र मटरको दाल धेरै वायुकारक भोजन हुन्""","generating excessive gas in the alimentary canal"
"80591",2,"कुपाच्य | गरिष्ठ | दुष्पाच्य","stodgy","जुनचाहिँ ठीक तरिकाले पच्दैन:""दुष्पाच्य आहार खानाले मान्छे बीमार हुन सक्छन्""","heavy and starchy and hard to digest"
"80593",2,"दुइटा मुख भएको | दुईमुखे","bicephalous","जसका दुइटा मुख हुन्छन्","having two heads"
"80610",2,"हलुको | हलुङ्गो | हल्का","light","जुन थोरै वजनको हुन्छ वा भारी हुँदैन:उसका दाहिने हातमा हलुको झोला झुन्डिरहेको थियो","of comparatively little physical weight or density"
"80615",2,"गरुङ्गो | भारी | वजनदार","weighty","जसमा वा जसको धेरै भारी वा वजन हुन्छ:भारी सामान नउचाल","having relatively great weight; heavy"
"80630",2,"अत्याधिक | घनघोर | भारी | भीषण","heavy","आवश्‍यकभन्दा धेर","unusually great in degree or quantity or number"
"80677",2,"सजाति | सजातीय | समवर्गीय | स्वजाति | स्वजातीय","homogeneous | homogenous","एकै जाति या वर्गको","all of the same or similar kind or nature"
"80707",2,"अकासभेदी | गगनचुम्बी | गगनभेदी","eminent | lofty | soaring | towering","यस्तो अग्लो जसले अकास छोए जस्तो लाग्छ","of imposing height; especially standing out above others"
"80751",2,"पोस्ट्-ग्रेजुएट | स्नातकोत्तर","graduate | postgraduate","स्नातकभन्दा अघाडिको पढाइसँग सम्बन्धित","of or relating to studies beyond a bachelor's degree"
"80802",2,"सानो | होचो","lowland","जसको उँचाइ त्यसको छेउछाउको उँचाइभन्दा अग्लो छ:""नन्दादेवी एवरेस्टभन्दा होचो छ""","of relatively low or level country"
"80818",2,"निष्कपट | विश्‍वासी","honest | honorable","चित्तमा सद्वृत्ति वा राम्रो बेहोरा राख्‍ने, चोरी वा छल-कपट नगर्ने मान्छे:निष्कपट व्यक्ति सम्मानको पात्र हुन्छ","not disposed to cheat or defraud; not deceptive or fraudulent"
"80821",2,"दुइमुखे","ambidextrous | deceitful | double-dealing | double-faced | double-tongued | duplicitous | janus-faced | two-faced","दोहोरो चाल चल्ने वा बात गर्ने","marked by deliberate deceptiveness especially by pretending one set of feelings and acting under the influence of another"
"80834",2,"अनृतभाषी | अन्यवादी | असत्यभाषी | असत्यवादी | टाँट | मिथ्याभाषी | मिथ्यावादी","lying | mendacious","जो असत्य बोल्छ","given to lying"
"80845",2,"आशांवित | आशान्वित | आशापूर्ण | आशावान","hopeful","जसको आशा हुन्छ","having or manifesting or inspiring hope"
"80850",2,"खिन्न | निराश | हताश","despairing | desperate","जसको आशा हत या नष्ट भएको छ","arising from or marked by despair or loss of hope"
"80855",2,"अपाङ्ग | बिकलाङ्ग","helpless | lost","काम गर्नमा असमर्थ","unable to function; without help"
"80865",2,"आश्‍वस्त","consolable","भरोसा दिने योग्य","able to be consoled"
"80902",2,"अधिशायित","accumbent | decumbent | reclining | recumbent","सुतेको","lying down; in a position of comfort or rest"
"80912",2,"अधोमुख | उल्टो","prone | prostrate","उल्टो पारेर राखेको","lying face downward"
"80915",2,"उत्तानो | सिधा | सीधा | सोझो","resupine | supine","पिठिउँको बलमा ढल्केको","lying face upward"
"80917",2,"आसीन | उपविष्ट | बसेका | विराजमान","seated | sitting","बसेको","(of persons) having the torso erect and legs bent with the body supported on the buttocks"
"80925",2,"अप्रवाहित | गतिहीन | जमेको | प्रवाहहीन | स्थिर","dead | stagnant","जो प्रवाहित हुँदैन","not circulating or flowing"
"80933",2,"वनस्पतिहीन | शस्यहीन","bare | barren | bleak | desolate | stark","जहाँ वनस्पति हुँदैन (क्षेत्र)","providing no shelter or sustenance"
"80941",2,"सराप | हाय","hostile","सताइएको या सताइने विशेषगरी कमजोर र निर्दोष व्यक्तिको मनमा हुने कष्ट","characterized by enmity or ill will"
"80955",2,"उष्ण | गर्मी | तातो","hot","जसमा उष्णता हुन्छ:वसन्त ऋतु सकिने बित्तिकै हावा तातो हुन थाल्छ","used of physical heat; having a high or higher than desirable temperature or giving off heat or feeling or causing a sensation of heat or burning"
"80978",2,"चिसो | ठण्डा","cold","NO_GLOSS","used of physical coldness; having a low or inadequate temperature or feeling a sensation of coldness or having been made cold by e.g. ice or refrigeration"
"81014",2,"चिसो","frigid | frosty | frozen | glacial | icy | wintry","जसमा आवेश छैन","devoid of warmth and cordiality; expressive of unfriendliness or disdain"
"81028",2,"अद्‍भुत | अनौठो | अलौकिक | लोकोत्तर","superhuman","जुन मानव होइन वा ऊ यो लोकभन्दा माथि छ","above or beyond the human or demanding more than human power or endurance"
"81038",2,"अमानवीय | अमानुषिक | पशुवत | पाशविक","beastly | bestial | brute | brutish","मान्छेको स्वभाव,प्रकृति वा आचरणका विरुद्ध वा पशुहरूको जस्तो","resembling a beast; showing lack of human sensibility"
"81040",2,"नरभक्षी | मनुष्यभक्षी | मान्छेखाने","cannibalic","जसले मनुष्य भक्षण गर्छ या मानवलाई आफ्नो आहार बनाउँछ","marked by barbarity suggestive of a cannibal; rapaciously savage"
"81043",2,"दिल्लगीबाज | मजाकिया | मजाकी","humorous | humourous","मजाक गर्ने वाला","full of or characterized by humor"
"81046",2,"हाँसोउठ्दो | हाँसोलाग्दो","amusing | comic | comical | funny | laughable | mirthful | risible","NO_GLOSS","arousing or provoking laughter"
"81063",2,"भोकाएको | भोको","hungry","जसलाई भोक लागेको छ:आमा भोको नानीलाई दुध खुवाउँदै हुनुहुन्छ","feeling hunger; feeling a need or desire to eat food"
"81068",2,"तिर्खाएको | तिर्खालागेको | प्यासा","thirsty","जसलाई तिर्खा लागेको छ:पानीको अभावमा तिर्खाएको व्यक्ति तडपिएर मर्‍यो","feeling a need or desire to drink"
"81071",2,"हतारे","hasty | headlong","कुनै काम आदिमा हतार गर्ने","excessively quick"
"81082",2,"अभिज्ञ | अभिज्ञेय","placeable | recognisable | recognizable","विशेष जान्ने योग्य","capable of being recognized"
"81100",2,"अजर्जर | अजीर्ण","unimpaired","जो जर्जर या जीर्ण छैन","not damaged or diminished in any respect"
"81102",2,"महत्वपूर्ण","important | of import","NO_GLOSS","of great significance or value"
"81108",2,"प्रधान | मुख्य | मूल","cardinal | central | fundamental | key | primal","जुनचाहिँ आवश्‍यक छ","serving as an essential component"
"81109",2,"प्रधान","chief | main | primary | principal","NO_GLOSS","most important element"
"81123",2,"महत्त्वहीन","inconsequent | inconsequential","जुन कुनै महत्त्वको होइन","lacking worth or importance"
"81125",2,"अगण्य | अनुदात्त | नगण्य | यस्तो-उस्तो","fiddling | footling | lilliputian | little | niggling | petty | picayune | piddling | piffling | trivial","जुन गणनामा छैन या जसको कुनै हुँदैन या धेरै थोरै महत्त्वको","(informal) small and of little importance"
"81131",2,"सनसनीखेज | सनसनीदार","arresting | sensational | stunning","सनसनी बनाउने","commanding attention"
"81134",2,"चकाचक | चहकिलो | व्यस्ततापूर्ण","dazzling | eye-popping | fulgurant | fulgurous","जुनचाहिँ व्यस्तताले भरिएको छ:""मुम्बईको व्यस्ततापूर्ण जीवनमा उ हरायो""","amazingly impressive; suggestive of the flashing of lightning"
"81141",2,"ठुलो | भव्य | विशाल | सानदार","important-looking","देख्‍नमा ठुलो र राम्रो","impressive in appearance"
"81178",2,"ठिमाहा | विजात | सङ्कर","crossbred | interbred","जसको उत्पत्ति भिन्न-भिन्न वर्ण वा जातिहरूका पिता र माताबाट भएको हो:""वेश्याले ठिमाहा छोरो जन्माएकी छ""","bred of parents of different races or strains"
"81200",2,"निस्केको","out","निस्केको वा बाहिर आएको","directed outward or serving to direct something outward"
"81210",2,"जुवाडी | जुवारी","betting | card-playing | dissipated | sporting","जुवा खेल्ने","preoccupied with the pursuit of pleasure and especially games of chance"
"81217",2,"अतिग्रही | असंयमी","self-indulgent","जो संयमी छैन","indulgent of your own appetites and desires"
"81227",2,"अभ्युत्थित | अभ्युदित | उन्नत | प्रोन्नत | विकसित | सुविकसित","developed | highly-developed","जुन धेरै उच्च छ या जसमा धेरै सुधार भएको छ","(used of societies) having high industrial development"
"81234",2,"सङक्रामक | सञ्चारी","catching | communicable | contagious | contractable | transmissible | transmittable","संसर्ग वा छुवाछुतबाट फैलिने वा जसको संक्रमण हुन्छ (रोग)","(of disease) capable of being transmitted by infection"
"81276",2,"अपभ्रंश | अपभ्रंशित | अपभ्रष्ट","distorted | misrepresented | perverted | twisted","विकारले बनेको (शब्द)","having an intended meaning altered or misrepresented"
"81278",2,"अध्युष्ट | आवासित","colonised | colonized | settled","जहाँ वास हुन्छ या जहाँ कोही रहन्छ","inhabited by colonists"
"81288",2,"त्यक्‍त | त्यागेको | परित्यक्‍त","abandoned | derelict","त्यागेको,छोडेको अथवा छुट्‍याइएको","forsaken by owner or keeper "
"81294",2,"पुर्ख्यौली | पुश्तैनी | पैत्रिक","ancestral | hereditary | patrimonial | transmissible","बाउ बाजेको समयदेखि चलिआएको वा बाउ बाजेबाट पाइएको","inherited or inheritable by established rules (usually legal rules) of descent"
"81295",2,"अनुवांशिक | आनुवंशिक | आनुवांशिक | पुर्ख्यौली | पैतृक | वंशागत | वंशानुक्रमिक","familial | genetic | hereditary | inherited | transmissible | transmitted","जो कुनै वंशमा प्राय:श: हुन्छ अनि जो चाहिँ हघि पनि त्यस वंशमा रहिआएको सम्भावना छ","tending to occur among members of a family usually by heredity"
"81300",2,"अनानुवंशिक","nonheritable | noninheritable","जुन आनुवंशिक छैन:""मलेरिया एउटा अनानुवंशिक रोग हो""","not inheritable"
"81307",2,"थिचिएका | दामित | पिसिएका | हेपिएका","pent-up | repressed","जसलाई दमन गरिएको छ","characterized by or showing the suppression of impulses or emotions"
"81328",2,"च्यातिएको | जीर्ण | फाटेको","lacerate | lacerated | mangled | torn","जुनचाहिँ च्यातिएर गएको छ","having edges that are jagged from injury"
"81332",2,"अप्रतिघात","uninjured","बिना चोट वा धक्का नलागेको","not injured physically or mentally"
"81334",2,"अखण्डित | अनुच्छिन्न | नकाटेको","uncut","जो काटिएको छैन","not cut"
"81338",2,"आरोप मुक्‍त | रिहा","absolved | clear | cleared | exculpated | exonerated | vindicated","जुनचाहिँ आरोपबाट मुक्‍त भइसकेको छ","freed from any question of guilt"
"81340",2,"अनिन्दनीय | अनिन्दित | अनिन्द्य | कलङ्क नलागेको | निन्दा नगरिएको | निन्दारहित | निर्दोष | निष्कलङ्क | बदनाम नभएको","blameless | inculpable | irreproachable | unimpeachable","निन्दाको अयोग्य","free of guilt; not subject to blame"
"81341",2,"अपराधी | कसुरवार | दोषी","guilty","जसले कुनै अपराध गरेको छ:अपराधी व्यक्तिले दण्ड पाउनुपर्छ","responsible for or chargeable with a reprehensible act; or marked by guilt"
"81385",2,"समन्वित","co-ordinated | coordinated | interconnected | unified","जसको समन्वय भएको छ","operating as a unit"
"81393",2,"मिश्र | मिश्रित | सम्मिश्रित","amalgamated | integrated | intermingled | mixed","मिलाइएको","caused to combine or unite"
"81430",2,"चतुर | चलाख | बुद्धिमान","apt | clever","बठ्याइँले काम गर्ने मान्छे:चलाख पुलिस अफिसरले अपराधीहरूको एउटा गुट पक्डियो","mentally quick and resourceful"
"81431",2,"ज्ञानी | दिमागदार | दिमागी | प्राज्ञ | बुझक्की | बुद्धिमानी | मेधावी | समझदार","brainy | brilliant | smart as a whip","जसमा धेरै बुद्धि वा ज्ञान हुन्छ:बुद्धिमानी व्यक्‍ति व्यर्थको तर्कमा पर्दैनन्","having or marked by unusual and impressive intelligence"
"81433",2,"जन्मगत | जन्मजात","born | innate | natural","जुनचाहिँ कसैले जन्म लिएको समयदेखि नै उसँग उत्पन्न भएको वा लागेको हुन्छ","being talented through inherited qualities"
"81438",2,"अज्ञानी | बुद्धु | मूर्ख","stupid | unintelligent","जसको बुद्धि हुँदैन वा थोरै हुन्छ:मूर्खहरूसँग बहस गर्नुहुँदैन","lacking intelligence"
"81450",2,"शुद्ध मन","well-intentioned | well-meaning | well-meant","जो राम्रो चरित्र भएको छ","marked by good intentions though often producing unfortunate results"
"81475",2,"झर्को | दिक्क | वाक्क | हैरान","blase | bored","जुन कुनै काम,वस्तु,व्यक्ति आदिबाट दिक्क भएको छ:""कामबाट दिक्क भएर उ सिनेमा हेर्न गयो""","uninterested because of frequent exposure or indulgence"
"81478",2,"मजाको | रङ्गीन | रमाइलो | रोचक","interesting","जेचाहिँ रोचकताले भरिएको छ","arousing or holding the attention"
"81484",2,"झर्को | दिक्क | वाक्क","boring | deadening | dull | ho-hum | irksome | slow | tedious | tiresome | wearisome","जुसले मनमा दिक्क लाएको छ:""उसको भाषण मेरो लागि दिक्क लाग्दो थियो""","so lacking in interest as to cause mental weariness"
"81500",2,"अन्तर्निहित | भित्रीरूपमा रहेको","built-in | constitutional | inbuilt | inherent | integral","जुनचाहिँ स्थायी रूपले स्थित हुन्छ","existing as an essential constituent or characteristic"
"81508",2,"अन्तराभिमुखी | अन्तर्मनस्क | अन्तर्मुखी | अन्तर्लीन | आत्माभिमुखी","introspective | introverted | self-examining","जसको मुख या प्रवृत्ति भित्री हुन्छ ,अर्थात् जुन आफ्नै विचारमा सुख-सन्तोषको अनुभव गर्ने गर्छ","given to examining own sensory and perceptual experiences"
"81513",2,"बहिर्भिमुखी | बहिर्मुखी","extravert | extraverted | extravertive | extrovert | extroverted | extrovertive","जसको मुख या प्रवृत्ति बाहिरतिर हुन्छ,अर्थात् जो सबैका साथ मिल्ने गर्छ","being concerned with the social and physical environment"
"81547",2,"अमृत्युकारी | जीवनदायी | मृत्युमारक | संजीवनी | सञ्जीवनी","life-giving | vitalizing","जीवन दिनेवाला या मृत्यु या अन्तबाट बचाउनेवाल","giving or having the power to give life and spirit"
"81576",2,"अन्यमन | अन्यमनस्क | अप्रसन्न | अभितप्त | उदास | खिन्न | म्लान | विरक्त","sad","जसको चित्त दुखी भएर कुनै कुराबाट हटेको अवस्था","experiencing or showing sorrow or unhappiness"
"81593",2,"शोकग्रस्त | शोकपूर्ण | शोकाकुल","dolorous | dolourous | lachrymose | tearful | weeping","जो शोकले भरिएको हुन्छ","showing sorrow"
"81601",2,"आनन्दपूर्ण | आनन्दमय | उल्लासपूर्ण | सानन्द","joyous","जो आनन्दले भरिएको हुन्छ","full of or characterized by joy"
"81602",2,"हर्षित","ecstatic | enraptured | rapt | rapturous | rhapsodic","हर्ष, प्रेम आदिको आवेशले पूर्ण भएको","feeling great rapture or delight"
"81603",2,"आनन्दित | आनन्दी | आह्लादित | उल्लसित | उल्लासित | उल्लासी | खुश | खुसी | तुष्ट | परितुष्ट | पुलकित | प्रफुलित | प्रफुल्ल | प्रफुल्लित | प्रसन्न | विनोदित | विह्वल | हर्षित","elated | gleeful | joyful | jubilant","जसलाई प्रसन्नता भएको हुन्छ","full of high-spirited delight"
"81605",2,"रसिक","gay | jocund | jolly | jovial | merry | mirthful","रस वा आनन्द गर्ने मान्छे","full of or showing high-spirited merriment"
"81635",2,"अभिविनीत | सुजान | सुशील | सौम्य","gentle","जसको स्वभाव राम्रो छ","having or showing a kindly or tender nature"
"81639",2,"अप्रियंवद | अप्रियभाषी | अप्रियवादी","harsh | rough","अप्रिय बोल्ने या जो प्रिय बोल्दैन","unkind or cruel or uncivil"
"81642",2,"चिन्मय | ज्ञानपूर्ण | ज्ञानमय | बोधपूर्ण","cognisable | cognizable | cognoscible | knowable","जुन ज्ञानले भरिएको हुन्छ","capable of being known"
"81644",2,"अवगत | अवबुद्ध | ज्ञात | थाहा | परिचित | विज्ञात | विदित","known","जे जानिएको छ","apprehended with certainty"
"81664",2,"नबुझेका","ununderstood","बुझ्न नसकेको","not understood"
"81665",2,"अध्यारोपित | मिथ्यारोपित","misunderstood","गलत बुझिएको","wrongly understood"
"81666",2,"अबुझ","uncomprehended","सजिलोसँग सम्झमा नआउने","not fully understood"
"81667",2,"अचिंतित | अचिन्तित | अविचारित | नसोचिएको","undigested","जसमाथि विचार गरिएको छैन या सोच-विचारै नगरिएको","not thought over and arranged systematically in the mind; not absorbed or assimilated mentally"
"81673",2,"थलचर | धरातली | स्थलीय","land","दुलो_नभएको, प्वाल_नपरेको, छिद्रहीन","relating to or characteristic of or occurring on land"
"81712",2,"अति विशाल | धेरै ठुलो | विशालतम","grand","सबैभन्दा ठुलो","large and impressive in physical size or extent"
"81715",2,"भारी","banging | humongous | thumping | walloping | whopping","अधिक भारी","(used informally) very large"
"81739",2,"सानो","little | small","NO_GLOSS","limited or below average in number or quantity or magnitude or extent"
"81751",2,"सानो","miniscule | minuscule","जसको आकार सानो छ","very small"
"81814",2,"अनिर्वाच्य | नचुनिएको | नछानिएको","ineligible","जुन चुनाव वा चयनको अयोग्य छ","prohibited by official rules"
"81822",2,"अपठनीय | अपठ्य | अपाठ्य","illegible","जो पढ़ने योग्य छैन","(of handwriting, print, etc.) not legible"
"81824",2,"अपठनीय | अपठ्य","indecipherable | unclear | undecipherable | unreadable","जो पढ्न सकिँदैन","not easily deciphered"
"81831",2,"धर्मपुत्र","adopted","जुनचाहिँ आफ्नो सन्तान नहुँदा पनि शास्त्र वा विधिका अनुसार आफ्नो सन्तान बनाइएको छ","having been taken into a specific relationship"
"81832",2,"पालनकर्ता | पालनहार","foster | surrogate","पालन-पोषण गर्नेवाला","providing or receiving nurture or parental care though not related by blood or legal ties"
"81837",2,"जायज","illegitimate","जुन विवाहिता स्त्रीबाट जन्मिएको छ:""दानवीर कर्ण जायज पुत्र थिएनन्""","of marriages and offspring; not recognized as lawful"
"81853",2,"अलग | छुट्टै | पृथक् | फरक","different | dissimilar | unlike","जो उस्तै छैन वा एकअर्कासँग भिन्न छ:यो फुल यी सबभन्दा अलग छ सबै धर्मका मार्ग बेग्लै छन् तर लक्ष्य एउटै छ","marked by dissimilarity"
"81866",2,"घटनीय | घट्य","likely | probable","जुन घट्न सक्छ या घट्न सक्ने योग्य छ","likely but not certain to be or become true or real"
"81870",2,"अघटनीय | अघट्य","improbable | unlikely","जुन घटनीय होइन","not likely to be true or to occur or to have occurred"
"81884",2,"अवधिहीन","limitless | unlimited","जसको या जसमा कुनै अवधि हुँदैन","having no limits in range or scope"
"81976",2,"तीनखुट्टे | त्रिपद | त्रिपाद","three-legged","जसको तीन खुट्टा हुन्छ","having or as if having three legs"
"81978",2,"तत्त्‍ववेत्ता | तार्किक | दार्शनिक | नैयायिक","logical","जो तर्क गर्छ","capable of or reflecting the capability for correct and valid reasoning"
"81986",2,"अभिवृद्ध | विस्तारित | विस्तृत","extended","विस्तार भएको वा गरिएको","fully extended or stretched forth"
"81987",2,"प्रसारित","outspread | spread","फैलाइएको वा प्रसार गरिएको","fully extended in width"
"82010",2,"अनेकाक्षर","polysyllabic | sesquipedalian","धेरै अक्षर भएको","(of words) long and ponderous; having many syllables"
"82020",2,"चेप्टे | चेप्टो | च्याप्टो | थेप्चो | थ्याप्चो","snub","जसको फेद फैलिएको छ","unusually short"
"82023",2,"काटिएको | छिनेको | टुक्रिएको","truncate | truncated","काटिएको","terminating abruptly by having or as if having an end or point cut off"
"82024",2,"लामो","long","NO_GLOSS","primarily temporal sense; being or indicating a relatively great or greater than average duration or passage of time or a duration as specified"
"82040",2,"चिरकाल | दीर्घकाल","long-run | long-term | semipermanent","धेरै समयसम्म चलने","relating to or extending over a relatively long time"
"82044",2,"बहुवर्षी | बहुवर्षीय","perennial","धेरै वर्षसम्म जीवित रहने","lasting an indefinitely long time; suggesting self-renewal"
"82072",2,"खुकुलो | ढीला","loose","जुन चुस्त वा नकसिएको","not tight; not closely constrained or constricted or constricting"
"82093",2,"नाश | बर्बाद | बिनष्ट","squandered | wasted","व्यर्थैमा खर्च गरिएको","not used to good advantage"
"82106",2,"अनिर्जित | नहरुवा","lost","नजितेको","not gained or won"
"82109",2,"कडा | चर्को | तीव्र","loud","साधारण भन्दा माथि","characterized by or producing sound of great volume or intensity"
"82121",2,"मुखर | मुखरित","vocal","शब्दहरू वा ध्वनिले युक्‍त,बोल्दै गरेको","full of the sound of voices"
"82122",2,"मसिनो | सानो","soft","साधारणभन्दा सानो (स्वर)","(of sound) relatively low in volume"
"82164",2,"अभिनन्दित | चर्चित | प्रशंसित","admired","प्रशंसा गरिएको","regarded with admiration"
"82180",2,"दयालु | स्नेही","affectionate | caring | fond | lovesome | tender | warm","स्नेह गर्ने या जसमा स्नेह हुन्छ","having or displaying warmth or affection"
"82184",2,"आकर्षित | आकृष्ट","captivated | charmed","जुन आकर्षणका कारण कुनै अरूतिर तानिएको छ","strongly attracted"
"82203",2,"सुलक्ष | सुलक्षण | सुलक्षन | सुलच्छन","lucky","गतलो लक्षणयुक्त","having or bringing good fortune"
"82232",2,"प्रौढ | बालिग | वयस्क","major","प्रौढ अवस्थामा पुगेको या जुन बाल्यावस्था पार गरेर जवान भइसकेको","of full legal age"
"82238",2,"खास | प्रधान | प्रमुख | मुख्य | मूल","major","अधिक महत्त्वको वा जसलाई महत्त्व दिइएको छ","of greater importance or stature or rank"
"82242",2,"अप्रधान | अप्रमुख | अमुख्य | आनुषङ्गिक | गौण","secondary","जे मुख्य होइन","not of major importance"
"82256",2,"पुरुषको जस्तो | मर्दाना","manful | manlike | manly","पुरुषहरूको जस्तै","possessing qualities befitting a man"
"82262",2,"नर","male","पुरुष जातिको","being the sex (of plant or animal) that produces gametes (spermatozoa) that perform the fertilizing function in generation"
"82268",2,"पोथी","female","स्त्री जातिको","being the sex (of plant or animal) that produces fertilizable gametes (ova) from which offspring develop"
"82282",2,"चित्रित | छापिएको","marked","जसमा चिह्‍न वा निशान छ","having or as if having an identifying mark or a mark as specified; often used in combination"
"82305",2,"पुरुष | लोग्ने","butch | macho","जुनचाहिँ पुरुषसँग सम्बन्धित छ","used of men; markedly masculine in appearance or manner"
"82308",2,"आइमाइको | जनान | नारीको | स्त्रीसम्बन्धी","feminine","स्त्रीसम्बन्धी वा स्त्रीको:""शीला केही स्त्रीसम्बन्धी वस्त्र किन्दै छिन्""","associated with women and not with men"
"82335",2,"अनुभवी | कार्यकुशल | परिपक्व | प्रवीण | प्रौढ","mature","पूर्ण विकसित भएको","having reached full natural growth or development"
"82337",2,"कुसुमित | खिला | पुष्पित | प्रफुलित | प्रफुल्लित | फुलेको | विकसित | स्मित","abloom | efflorescent","फुलेको","bursting into flower"
"82363",2,"पाकेको","mature | ripe","जुन पाकेको हुन्छ:उनी पाकेको आँप खाँदै छन्पाकेको भोजन सजिलै पच्छ","fully developed or matured and ready to be eaten or used"
"82367",2,"काँचो | नपाकेको","green | immature | unripe | unripened","जुन पाकेको हुँदैन:श्याम काँचो फल खाँदै छ","not fully developed or mature; not ripe"
"82372",2,"बेमौसमी","unseasonable","बिना ऋतुको","not in keeping with (and usually undesirable for) the season"
"82379",2,"अधिकतम | सबैभन्दा बढी | सर्वाधिक","maximal | maximum","धेरैभन्दा धेरै जति हुन सक्छ वा सबैभन्दा धेर","the greatest or most complete or best possible"
"82392",2,"अर्थहीन | निरर्थक","meaningless | nonmeaningful","जसको कुनै अर्थ छैन","having no meaning or direction or purpose"
"82395",2,"विचारहीन | सतही | हल्का","mindless","जसमा विचारको अभाव छ","lacking the thinking capacity characteristic of a conscious being"
"82396",2,"अनावश्यक | उटपट्याङ | नचाँहिदो | फाल्टु | रद्दी","nonsense | nonsensical","जे उटपट्याङले भरिएको छ","having no intelligible meaning"
"82398",2,"नापनीय | मापनीय","measurable | mensurable","जसलाई नाप्न सकिन्छ","capable of being measured"
"82399",2,"अगणित | अनगन्ती | अपरिमित | असङ्ख्य | असीम | सीमारहित","immeasurable | immensurable | unmeasurable","जसको नाप हुनसक्दैन वा नाप्न सकिन्न","impossible to measure"
"82406",2,"अनामिष | निरामिष","meatless","जसमा मासु मिसाइएको हुँदैन","lacking meat"
"82407",2,"यंत्र-संचालित | यन्त्र चालित | यान्त्रिक | स्वचालित","mechanical","जो यन्त्रद्वारा चालित हुन्छ","using (or as if using) mechanisms or tools or devices"
"82424",2,"बेसुरिलो | स्वरहीन","tuneless | unmelodious | untuneful","असल स्वरबाट हटेको","not having a musical sound or pleasing tune"
"82461",2,"अदयालु | उग्र | कठोर | करुणाविहीन | करुणाहीन | क्रूर | दयारहित | दयाहीन | निर्दय | निर्दयी | निष्ठुर | नृशंस","pitiless | remorseless | ruthless | unpitying","जसमा दया छैन","without mercy or pity"
"82482",2,"उग्र | उत्कट | कडा | तेज | प्रचण्ड | प्रबल","main","जोरको","of force; of the greatest possible intensity"
"82511",2,"दीवानी","civil","दीवानी न्यायालयसित सम्बन्धित","applying to ordinary citizens"
"82573",2,"धात्विक | धात्वीय","metal | metallic","जुन धातु विषयक या धातु सम्बन्धी हो","containing or made of or resembling or characteristic of a metal"
"82581",2,"सुन | स्वर्ण निर्मित","gilded | gold | golden","सुनले बनिएको","made from or covered with gold"
"82583",2,"चाँदीको | रजत","silver","रजत वा चाँदीबाट बनेको","made from or largely consisting of silver"
"82593",2,"रूपान्तरित","changed","एक रूपबाट अर्को रूपमा ल्याइएको","changed in constitution or structure or composition by metamorphism"
"82638",2,"अदम्भी | अदर्पी | अनभिमानी | अनमद | अभिमानरहित | अभिमानशून्य | अमत्त | अमानी | अहङ्काररहित | अहङ्कारहीन | गर्वरहित | गर्वहीन | घमण्डरहित | दम्भहीन | दर्पहीन | निरभिमानी | निरहङ्कर | निरहङ्कारी | निरहङ्कृत | मदशून्य | सीधा","retiring | unassuming","जो अभिमानी होइन या जसमा अभिमान हुँदैनो","not arrogant or presuming"
"82643",2,"अनुकूल | अनुकूलित","adapted | altered","अनुकूल बनाइएको","changed in order to improve or made more fit for a particular purpose"
"82653",2,"अति सूक्ष्म | सूक्ष्मतम","molecular","जुन अत्यधिक सूक्ष्म छ","relating to simple or elementary organization"
"82696",2,"अनीतिपूर्ण | अनुचित | अनैतिक | गलत | नीतिविरुद्ध | नैतिकताहीन","immoral","जसमा नैतिकता हुँदैन या जो नैतिक होइन","deliberately violating accepted principles of right and wrong"
"82723",2,"यत्रो","so much | such","यस मात्राको","of so extreme a degree or extent"
"82725",2,"अलिकति | अल्प | कम्ती","little","जुन मात्रामा कम छ","(quantifier used with mass nouns) small in quantity or degree; not much or almost none or (with `a') at least some"
"82733",2,"एक दुई | एक्का दुक्का","fewer","धेरै थोरै वा जस्तै एक वा दुई","(comparative of `few' used with count nouns) quantifier meaning a smaller number of"
"82747",2,"अकारण | बिनासित्ति","causeless | reasonless","बिना कारणको","having no justifying cause or reason"
"82753",2,"दयार्द्र | द्रवित | द्रवीभूत","affected | moved | stirred | touched","जो दयाले भरिएको छ","being excited or provoked to the expression of an emotion"
"82764",2,"पदचर | पदचारी | पादचारी | पैदल","afoot","खुट्टाले हिँडेर जाने","traveling by foot"
"82774",2,"गतिमान | गतिशील | परिष्यन्दी | प्रवाहमय | प्रवाहशील | प्रवाहित | प्रवाही | बग्दो","flowing | streaming","जसमा प्रवाह हुन्छ या जो बगिरहेको हुन्छ","moving smoothly and continuously"
"82782",2,"अभिद्रुत","running","भाग्दै गरेको","moving quickly on foot"
"82785",2,"कम्पायमान | कम्पित | थर्किइरहेको","vibrating | vibratory","काम्नु वा हल्लिरहेको","moving very rapidly to and fro or up and down"
"82789",2,"स्थिर","inactive | motionless | static | still","NO_GLOSS","not in physical motion"
"82809",2,"विश्वव्यापी | विश्वव्याप्त","world-wide | worldwide","सारा विश्वमा व्याप्त वा फैलिएको","spanning or extending throughout the entire world"
"82810",2,"एकदेशी | एकदेशीय","national","कुनै एउटा देशसँग सम्बन्ध राख्‍ने मान्छे","limited to or in the interests of a particular nation"
"82812",2,"अंतर्राष्ट्रीय | अन्तराष्ट्रीय | अन्तर्राष्ट्रीय | बहुदेशीय | बहुराष्ट्रीय","international","सबै या केही राष्ट्रसित सम्बन्ध राख्‍ने","concerning or belonging to all or at least two or more nations"
"82817",2,"अन्तर्प्रदेश स्तरीय | अन्तर्प्रदेशीय | अन्तर्प्रांतीय | अन्तर्राज्यिक | अन्तर्राज्यीय","interstate","कुनै प्रदेशभित्र या उसको भित्री भागमा हुने या उसित सम्बन्ध राख्‍ने","involving and relating to the mutual relations of states especially of the United States"
"82835",2,"खोटो | नकली","fake | false | faux | imitation | simulated","जसमा खोट छ","not genuine or real; being an imitation of the genuine article"
"82836",2,"मानवीकृत","man-made | semisynthetic | synthetic","जसको मानवीकरण गरिएको छ","not of natural origin; prepared or made artificially"
"82838",2,"घोरेलको | देखावटी | बनावटी | बनौटी | बोक्रे","painted","देखाउने मात्र","lacking substance or vitality as if produced by painting"
"82839",2,"अकृत्रिम | नैसर्गिक | प्रकृत | प्राकृत | प्राकृतिक","natural","जो प्रकृति सम्बन्धी छ या प्रकृतिको","existing in or in conformity with nature or the observable world; neither supernatural nor magical"
"82842",2,"भूत विषयक","apparitional | ghostlike | ghostly | phantasmal | spectral | spiritual","जुन भूत-प्रेत आदिसित सम्बन्धित छ","resembling or characteristic of a phantom"
"82846",2,"चमत्कारपूर्ण | चमत्कारी | चामत्कारिक | तिलस्मी","charming | magic | magical | sorcerous | witching | wizard | wizardly","जसमा कुनै चमत्कार छ","possessing or using or characteristic of or appropriate to supernatural powers"
"82847",2,"करामाती | चमत्कारी","marvellous | marvelous | miraculous","करामत वा चमत्कार देखाउने मान्छे","being or having the character of a miracle"
"82864",2,"तत्कालिक","immediate","तत्काल वा तुरून्त","immediately before or after as in a chain of cause and effect"
"82868",2,"अपेक्षित | अपेक्ष्य | आवश्यक | जरूरी","needed | needful | required | requisite","जसको जरूरी या आवश्यकता हुन्छ","necessary for relief or supply"
"82870",2,"अनपेक्षित | अनावश्यक | अवाञ्छनीय | गैरजरूरी | जथाभावी | नचाँहिदो | निष्प्रयोजन | फाल्टु","unnecessary | unneeded","जुन आवश्यक छैन","not necessary"
"82923",2,"बादशाही | राजाको | सुल्नानको","kinglike | kingly","बादशाह सम्बन्धी वा बादशाहको","having the rank of or resembling or befitting a king"
"82967",2,"उत्तरी","northerly | northern","उत्तरको वा उत्तरसित सम्बन्धित","situated in or oriented toward the north"
"82979",2,"दक्खिनी | दक्षिणी","southerly | southern","दक्षिणको वा दक्षिणसित सम्बन्धित","situated in or oriented toward the south"
"83008",2,"नाकहीन","noseless","नाक नभएको","having no nose"
"83013",2,"अनादरित | अनादृत | उपेक्षित | तिरस्कृत","ignored | neglected | unheeded","जसको तिरस्कार भएको छ","disregarded"
"83023",2,"अदृष्ट | अनवलोकित","unobserved | unseen","जसलाई देखिएको या जाँचिएको हुँदैन","not observed"
"83025",2,"अवलोकित | दृष्टिगत | विलोकित","ascertained | discovered | observed","जसको अवलोकन गरिएको छ","discovered or determined by scientific observation"
"83036",2,"आज्ञाकारी | आज्ञापालक","obedient","आज्ञाको पालन गर्नेवाला","dutifully complying with the commands or instructions of those in authority"
"83041",2,"अनाज्ञाकारी","disobedient","आज्ञा वा हुकुम नमान्ने","not obeying or complying with commands of those in authority"
"83042",2,"जिद्दीवाल | जिद्धी | हठी","contrary | obstinate | perverse | wayward","जो हठ गर्छ","resistant to guidance or discipline"
"83043",2,"उदण्ड | ऊछृङ्खल | चकचके | चुलबुले","fractious | recalcitrant | refractory","जसलाई सजायको डर छैन","stubbornly resistant to authority or control"
"83059",2,"अनुकम्पित | अनुगृहीत | उपकृत","indebted","जसलाई कृपा गरिएको छ","owing gratitude or recognition to another for help or favors etc"
"83068",2,"प्रत्यक्ष | साक्षात | साक्षात्","apparent | evident | manifest | patent | plain | unmistakable","आँखाको सामुन्ने भएको","clearly revealed to the mind or the senses or judgment"
"83082",2,"थुनिएको | बन्द | रोकिएको","choked | clogged","जुन रोकिएको छ:उनी बन्द नली सफा गर्दै छन्","stopped up; clogged up"
"83093",2,"अकण्टक | अखंड | अखंडित | अखण्ड | अखण्डित | अनवरुद्ध | अनिरुद्ध | अनिर्बंध | अनिर्बन्ध | अपविघ्न | अप्रतिहत | अबाध | अबाधित | अरोधित | अवरोधहीन | निर्बाध | निर्विघ्न | निष्कन्टक | बाधारहित | बाधाहीन","unclogged","जसमा अवरोध हुँदैन या अवरोधबिना","freed of obstructions"
"83094",2,"अधिकृत | अधिगत | अधिग्रहीत","occupied","जसको अधिग्रहण गरिएको छ","held or filled or in use"
"83099",2,"अव्यस्त | खाली","free | spare","जो चाहिँ कुनै काममा व्यस्त छैन","not taken up by scheduled activities"
"83104",2,"अपकृष्ट | कुत्सित | घिनौलो | घृणास्पद | घृणित | जघन्य | बीभत्स | वीभत्स","abhorrent | detestable | obscene | repugnant | repulsive","जो घृणा गरिनु योग्य छ","offensive to the mind"
"83107",2,"जुगुप्सु","disgustful | disgusting | distasteful | foul | loathly | loathsome | repellant | repellent | repelling | revolting | skanky | wicked | yucky","घृणा गर्ने","highly offensive; arousing aversion or disgust"
"83130",2,"रक्षात्मक","defensive","जसको रक्षा भएको छ","intended or appropriate for defending against or deterring aggression or attack"
"83199",2,"नयाँ","new","NO_GLOSS","not of long duration; having just (or relatively recently) come into being or been made or acquired or discovered"
"83215",2,"पुरानो","old","NO_GLOSS","(used especially of persons) having lived for a relatively long time or attained a specific age"
"83216",2,"उम्रदराज | बुजुर्ग | बुढ़ो | बूढ़ो | वयोवृद्ध | वरिष्ठ | वृद्ध","aged | elderly | older | senior","जो  वृद्धवस्थामा प्रवेश गरेको छ या अधिक उमेरको","advanced in years; (`aged' is pronounced as two syllables)"
"83234",2,"अप्राप्तयौवन | अप्रौढ़ | अल्पवयस्क | अवयस्क | नाबालिग","immature | young","जुन वयस्क होइन","(used of living things especially persons) in an early period of life or development or growth"
"83242",2,"बालसुलभ | बालोचित","boyish | boylike | schoolboyish","नानीको जस्तै:""गीता बालशुलभ व्यवहार गर्छे""","befitting or characteristic of a young boy"
"83248",2,"केटाकेटी | नानी | बच्चा | भुराभुरि | शिशु","little | small","जसको शरीर सानो छ","(of children and animals) young, immature"
"83265",2,"थामिएको | बन्द भएको | रोकिएको","off","रोकिएको","not in operation or operational"
"83269",2,"निरस्त | रद्द","cancelled | off","जुन रद्द वा व्यर्थ गरिएको छ:""सम्पत्ति राख्नेसम्बन्धी एउटा प्रस्ताव लोक सभाले निरस्त गर्यो""","(of events) no longer planned or scheduled"
"83272",2,"खुल्ला | मुक्त","open | unfastened","जे बन्द हुँदैन:कुकुर खुल्ला ढोकाबाट भित्र आयो","affording unobstructed entrance and exit; not shut or closed"
"83273",2,"अर्ध मुकुलित | आधा खोलिएको","ajar","जुन आधा खुला र आधा बन्द छ","slightly open"
"83280",2,"बन्द","closed","NO_GLOSS","not open or affording passage or access"
"83367",2,"हुल्याहा | हुल्लडबाज","boisterous | rambunctious | robustious | rumbustious | unruly","हुल्लड मचाउने","noisy and lacking in restraint or discipline"
"83374",2,"अक्रमिक | अनियोजित | क्रमहीन | विशृङ्खलित","disordered | unordered","जुन क्रममा छैन","not arranged in order"
"83375",2,"ठिक | प्रबन्धित | विन्यस्त | व्यवस्थित","organized","जसमा कुनै प्रकारको व्यवस्था या नियम हुन्छ","methodical and efficient in arrangement or function"
"83379",2,"अव्यवस्थित | छरप्रस्ट | लथालिङ्ग | व्यवस्थाहीन","disorganised | disorganized","जेचाहिँ व्यवस्थित छैन","lacking order or methodical arrangement or function"
"83386",2,"एकतापूर्ण | संगठित | सङ्गठित | सौहार्दपूर्ण","organized","जुन चाहिं एकताले परिपूर्ण हुन्छ","formed into a structured or coherent whole"
"83394",2,"असङ्गठित | एकताहीन | छरपटिएको | भताभुङ्ग भएको | सङ्गठनहीन","uncoordinated","जसमा एकताको अभाव हुन्छ","lacking in cooperative planning and organization  "
"83401",2,"अविशिष्ट | आम | कामचलाउ | साधारण | सामान्य","ordinary","जसमा कुनै विशेषता हुँदैन या राम्रो केही हल्का तहको","not exceptional in any way especially in quality or ability or size or degree"
"83412",2,"असाधारण","extraordinary","NO_GLOSS","beyond what is ordinary or usual; highly unusual or exceptional or remarkable"
"83435",2,"कृत्रिम | मानव-कृत | मानव-निर्मित | मानव-रचित | मानव निर्मित | मानवकृत | मानवनिर्मित","artificial","मानवद्वारा निर्मित या बनाइएको","not arising from natural growth or characterized by vital processes"
"83443",2,"छरपुष्ट | छरिएको | छ्यान्नब्यान्न","disarrayed","जुन चाहिँ यताउता फैलिएको छ वा भएको छ","in disarray"
"83462",2,"अनिश्चयात्मक | दुबिधाजनक | दुविधाजनक | भ्रामक | संशयात्मक","confusing","जसमा दुविधा हुन्छ या जसद्वारा दुविधा उत्पन्न हुन्छ","causing confusion or disorientation"
"83469",2,"नयाँ | नवीन | नौलो | हालैको","fresh | new | novel","जे बनिएको, निस्केको वा प्रस्तुत् भएको धेरै दिन भएको छैन:वैज्ञानिक क्षेत्रमा रोबोटको निर्माण नयाँ हो","original and of a kind not seen before"
"83474",2,"अनुकृत | अमौलिक","unoriginal","कसैको अनुकरणमा बनाइएको","not original; not being or productive of something fresh and unusual"
"83480",2,"कट्टरपन्थी | कट्टरवादी | मतान्ध","orthodox","रूढिवादी ढङ्गले कुनै मतलाई मान्ने या सुझबुझबिना नै या आँखा बन्द गरेर कुनै मतलाई मान्ने","adhering to what is commonly accepted"
"83543",2,"पर्णी | पातभएका | पाते","leafy","जसमा मुना वा पातहरू हुन्छन्","having or covered with leaves"
"83598",2,"दिइएको | प्रदत्त","paid-up","दिइएको","paid in advance"
"83602",2,"चुकता गरिएको | तिरिएको | भुगतानकृत","square","भुगतान गरिएको","leaving no balance"
"83605",2,"निःशुल्क | निशुल्क | मुफ्त","complimentary | costless | free | gratis | gratuitous","जसमा शुल्क लाग्दैन","costing nothing"
"83607",2,"एरियार | दातव्य | दाय | बकाया","outstanding | owed | owing | undischarged","जे चाहिँ बाकी रहेका कारण दिइन्छ","owed as a debt"
"83610",2,"अवैतनिक | बेतन रहित","uncompensated | unsalaried","कुनै बेतन वा तनखा नलिइकन काम गर्ने मान्छे","not paying a salary"
"83618",2,"मर्मघाती | मर्मभेदी | मर्मान्तिक | मार्मिक | हृदय-विदारक","poignant","मनलाई धेरै कष्ट दिने","keenly distressing to the mind or feelings"
"83621",2,"विदारक","racking | wrenching","फकानो फुट्ने","causing great physical or mental suffering"
"83649",2,"मनपर्दो | रुचिकर","palatable | toothsome","रुचि उत्पन्न गर्ने","acceptable to the taste or mind"
"83652",2,"अरूचिकर | रुचि नभएको","distasteful | unsavory | unsavoury","जुनचाहिँ रुचिकर छैन","not pleasing in odor or taste"
"83656",2,"दुर्ग्रह | दुर्ग्राही | दुर्ग्राह्य | दुर्ज्ञेय | दुर्बोध","elusive | subtle","जुनचाहिँ सजिलै वा सरल तरिकाले बुझ्न सकिँदैन","be difficult to detect or grasp by the mind"
"83657",2,"समानान्तर | समान्तर","parallel","जुनचाहिँ एउटा टुप्पादेखि अर्को टुप्पासम्म बराबर समान फरकमा हुनु","being everywhere equidistant and not intersecting"
"83673",2,"क्षमा योग्य | क्षम्य | मर्षणीय","excusable | forgivable | venial","जे क्षमा गरिनु योग्य छ","easily excused or forgiven"
"83678",2,"अक्षम्य | क्षमाशून्य","inexcusable | unforgivable","जे चाहिं क्षम्य छैन","not excusable"
"83687",2,"अनुमोदक | पक्षधर | पक्षपाती | समर्थक","partial | unfair","जसले कुनै पक्षको समर्थन या पोषण गर्छ","showing favoritism"
"83696",2,"गमनीय | गम्य","passable","जाने योग्य","able to be passed or traversed or crossed"
"83697",2,"नौतरणीय","navigable","जसमा नाउ,जहाज आदि चल्न सक्छन्:""यो जलाशय नौतरणीय छ""","able to be sailed on or through safely"
"83705",2,"जोशपूर्ण | जोशीलो","passionate","जसमा जोश छ वा जोशले भरिएको","having or expressing strong emotions"
"83720",2,"सामन्तकालीन","chivalric | knightly | medieval","सामन्तहरूका समयको वा त्यस समयसँग सम्बन्धित्","characteristic of the time of chivalry and knighthood in the Middle Ages"
"83723",2,"अयथापूर्व | पूर्व | भूतपूर्व","former | late | previous","जो पहिले कुनै कारणले त्यस पदमा रहिसकेका थिए, तर अहिले कुनै कारणले त्यो पदमा छैनन्","(used especially of persons) of the immediate past"
"83730",2,"तत्कालिक | तत्कालिन","then","त्यो समयको","at a specific prior time"
"83738",2,"आइन्दा | आउँदो | आउनेवाला | आगामी | भावी","approaching | coming | forthcoming | upcoming","अघाडि आउनेवाला या त्यससित सम्बन्धित","of the relatively near future"
"83739",2,"अगत्तर | अनागत | आगामी | भवितव्य | भविष्णु | भविष्य कालीन | भव्य | भाविता | भावी | सम्भावित","coming | future day","भविष्य कालको या भविष्य कालमा हुने","yet to come"
"83745",2,"उत्पन्न भएको | जन्मिएको | जन्मेको","born","जो जन्मिएको छ","brought into existence"
"83754",2,"सनाथ","parented","जसको कुनै पालनपोषण गर्ने छ:""सनाथ बालकले अनाथ बालको मदत गर्नुपर्छ  साधक प्रभुको हुँदा अनाथ नभई,सनाथ हुन्छ""","having a parent or parents or cared for by parent surrogates"
"83755",2,"पुष्ट | पोषित | सम्बर्द्धित | सम्वर्धित","fostered","हुर्काइ-बढाई या हेर्चाह गरिएको","provided with parental care and nurture especially by a surrogate or surrogates"
"83757",2,"अनाथ | टुहुरो | यतीम | लावारिस","orphan | orphaned","जसको कोही पनि पालन-पोषण गर्ने छैन","deprived of parents by death or desertion"
"83758",2,"अपितृ | अपितृक | टुहुरो | पितविहीन | पिताहीन | पितृविहीन | पितृहीन","fatherless","जसको पिता छैन","having no living father"
"83759",2,"अमातृक | माताविहीन | माताहीन | मातृविहीन | मातृहीन","motherless","जसकी आमा छैनन्","having no living or known mother"
"83760",2,"पैतृक | पैत्रिक","paternal","बाउ सम्बन्धी","characteristic of a father"
"83769",2,"धीर | धैर्यवान | धैर्यशील","patient","धैर्य राख्‍नेवाला:धैर्यशील व्यक्‍तिले धैर्यका साथ दु:खमाथि विजय प्राप्‍त गर्छ","enduring trying circumstances with even temper or characterized by such endurance"
"83775",2,"धैर्यहीन","impatient","जसमा धैर्य हुँदैन या धैर्यको अभाव छ","restless or short of temper under delay or opposition"
"83777",2,"असहनशील | असहिष्णु | नसहने | सहननसक्ने","unforbearing","जुन सहनशील छैन:""असहनशील मान्छेलाई कसैले मन पराउँदैन""","unwilling to endure"
"83796",2,"किनेको","loyal | patriotic","जसले आफ्नो देशलाई सच्चा हृदयले उन्नति र कल्याण चाहन् र उसको सिद्धिका लागि प्रयत्न गर्छ","inspired by love for your country"
"83800",2,"शान्तिपूर्ण","peaceful","शान्‍तिले भरिएको","not disturbed by strife or turmoil or war"
"83805",2,"शान्तिप्रिय","pacific | peaceable","जसलाई शान्ति मन पर्छ","disposed to peace or of a peaceful nature"
"83809",2,"अशान्तिपूर्ण | उपद्रवग्रस्त","unpeaceful","जुन उपद्रवले भरिएको छ:""कश्मीर उपद्रवग्रस्त राज्य हो""","not peaceful"
"83814",2,"पश्चात्तापी","penitent | repentant","पछुताउने वा जसमा पछुतो हुन्छ","feeling or expressing remorse for misdeeds"
"83830",2,"अपरोक्ष | इंद्रिय गोचर | इंद्रियगोचर | इंद्रियग्राह्य | इन्द्रियगम्य | इन्द्रियगोचर | गोचर | प्रत्यक्ष","perceptible","जसको ज्ञान या अनुभव इन्द्रियसित हुन सक्छ","capable of being perceived by the mind or senses"
"83838",2,"अतीन्द्रिय | अप्रत्यक्ष | अभौतिक | परोक्ष","imperceptible | unperceivable","जो इन्द्रियबाट टाढा छ या जसको ज्ञान या अनुभव इन्द्रियसित हुन सक्दैन","impossible or difficult to perceive by the mind or senses"
"83850",2,"शुद्ध सही","errorless","जुनचाहिँ भूल छैन","free from error"
"83853",2,"आदर्श","ideal","जसको रूप,गुण आदिको अनुकरण गरियोस् वा उत्तमताको मानक होस्","conforming to an ultimate standard of perfection or excellence; embodying an ideal"
"83855",2,"रमणीक | रमणीय | रम्य","idyllic","जुन रमण गर्ने योग्य छ","excellent and delightful in all respects"
"83864",2,"ख़राब | दूषित | दोषयुक्त","defective | faulty","जसमा दोष छ","having a defect"
"83884",2,"अन्तरिम","interim","दुइटा भिन्दै काल वा समयका बीचको","serving during an intermediate interval of time"
"83907",2,"निषिद्ध | निषेधित | प्रतिबंधित | प्रतिबन्धित | मना | मना गरिएको | वर्जित | वर्ज्य | व्याहत","forbidden | out | prohibited | proscribed | taboo | tabu | verboten","जसको निषेध गरिएको हुन्छ","excluded from use or mention"
"83911",2,"प्रवेशनीय | प्रवेश्य","admittable | admittible","जुन प्रवेशको योग्य,या जसमा प्रवेश गर्न सकियोस्","deserving to be allowed to enter"
"83924",2,"अनुरोधक | अनुरोधी | अवरोधक | अवरोधी | बाधक","clogging | hindering | impeding | obstructive","अवरोध उत्पन्न गर्ने या रोक्ने","preventing movement"
"83938",2,"अप्रमाद | अभरम | अभ्रमित | अभ्रान्त | भ्रमरहित | भ्रान्तिशून्य","unbaffled | unconfused","जो भ्रमित छैन","not perplexed by conflicting situations or statements"
"83953",2,"अकाट्य | अखंडनीय | अखंड्य | अखण्डनीय | अखण्ड्य","cogent | telling | weighty","जसलाई काट्न सकिँदैन या जसको खण्डन हुन सक्दैन","powerfully persuasive"
"83959",2,"छेडेको | भेदगरेको","penetrable","जसलाई भेद गरिन्छ","admitting of penetration or passage into or through"
"83970",2,"अगत | अगम | अगम्य | अप्रवेश्य | आगम","imperviable | impervious","जसमा प्रवेश गर्न सकिँदैन या जुन प्रवेशको योग्य छैन","not admitting of passage or capable of being affected"
"84029",2,"काफिर","ethnic | heathen | heathenish | pagan","मुसलमानका अनुसार इस्लाम नमान्ने मान्छे","not acknowledging the God of Christianity and Judaism and Islam"
"84039",2,"सादा","plain | unpatterned","रङ नलगाइएको","lacking patterns especially in color"
"84055",2,"थोप्लादार | थोप्ले","dotted | flecked | specked | speckled | stippled","जसमा थोप्लाथोप्ली बनेको हुन्छ","having a pattern of dots"
"84122",2,"प्रस्तावित","projected | proposed","जसका लागि वा जसको विषयमा प्रस्ताव गरिएको छ","planned for the future"
"84145",2,"तितो","acerb | acerbic | acid | acrid | bitter | blistering | caustic | sulfurous | sulphurous | venomous | virulent | vitriolic","जसको स्वभाव राम्रो छैन वा जुनचाहिँ राम्रो लाग्दैन","harsh or corrosive in tone"
"84159",2,"आनन्दित | प्रसन्न | हर्षित","amused | diverted | entertained","जो चीजको मनोरञ्जन भयो:""बाल कलाकारहरूले देखाएको नाटकले दर्शक आनन्दित भए""","pleasantly occupied"
"84160",2,"उत्साहित | प्रोत्साहित","bucked up | encouraged","जसलाई उत्साहित गरिएको छ","inspired with confidence"
"84162",2,"हर्षित","delighted","धेरै प्रसन्न हुनु","greatly pleased"
"84164",2,"अप्रतीत | अप्रसन्न | खिन्न | नाराज | रुष्ट","displeased","जो प्रसन्न छैन","not pleased; experiencing or manifesting displeasure"
"84173",2,"अनंद | अनन्द | आनंदकारी | आनंददायक | आनन्द-दायक | आनन्दकारी | आनन्ददायक | आनन्ददायी | आनन्दप्रद | आह्लादक | आह्लादी | खुशनुमा | नंदक | नन्दक | प्रसन्नतादायक | रमण | रमन | रमाइलो | सुखप्रद","delicious | delightful","जो आनन्द दिने खाल्को हुन्छ","greatly pleasing or entertaining"
"84175",2,"सुखकारी | सुखद | सुखदायक | सुखदायी | सुखप्रद","easy","सुख या आनन्द दिने","affording pleasure"
"84180",2,"प्रिय | मधुर | मन पर्ने | रमाइलो | राम्रो लाग्ने","sweet","मनलाई राम्रो लाग्ने","pleasing to the senses"
"84186",2,"आनन्दप्रद | आमोद-प्रमोदपूर्ण | मनोरञ्जक | मनोरञ्जनपूर्ण","amusing | amusive | diverting | fun","जुनचाहिँ मनोरञ्जनले भरिएको हुन्छ","providing enjoyment; pleasantly entertaining"
"84210",2,"चम्किलो | चहकदार | चहकिलो","bright | burnished | lustrous | shining | shiny","जसमा चमक हुन्छ वा चम्किलो रङ भएको:बिहेको अवसरमा रमेशले चम्किलो लुगा लगाएको थियो","made smooth and bright by or as if by rubbing; reflecting a sheen or glow"
"84220",2,"अनुपयुक्त | अप्रासंगिक | अप्रासाङ्गिक | नमिल्दो | प्रसंगहीन | प्रसङ्गहीन","inexpedient | unwise","जो प्रसङ्ग-सम्बन्धित छैन","not appropriate to the purpose"
"84221",2,"राजनयिक | राजनीति विषयक | राजनीतिक | राजनैतिक","political","जुन राजनीतिसित सम्बन्धित छ","involving or characteristic of politics or parties or politicians"
"84241",2,"प्रतिपक्षी | विपक्षी | विरोधी","opposed | opposing","जो विरुद्धमा छ","in opposition to (a policy or attitude etc.)"
"84246",2,"विरोधात्मक","antagonistic | counter","जुनचाहिँ विरोधको रूपमा छ","indicating opposition or resistance"
"84251",2,"धनात्मक","plus","धनात्मक पक्षसँग सम्बन्ध राख्‍ने","on the positive side or higher end of a scale"
"84263",2,"ऋणात्मक","electronegative | negative","ऋणात्मक पक्षसँग सम्बन्ध राख्‍ने","having a negative electric charge"
"84265",2,"संभव | संभावनीय | संभावित | संभाव्य | सम्भव | सम्भावनीय | सम्भावित | सम्भाव्य","possible","जे हुन सक्छ या जे हुने सम्भावना छ","capable of happening or existing"
"84266",2,"सम्पादनको योग्य | सम्पादनीय","accomplishable | achievable | doable | manageable | realizable","सम्पादन गर्ने योग्य","capable of existing or taking place or proving true; possible to do"
"84273",2,"असंभव | असंभावित | असम्भव | नघट्नु पर्ने","impossible","जुन सम्भव छैन","not capable of occurring or being accomplished or dealt with"
"84277",2,"अनवाप्त | अनापन्न | अनाप्त | अप्राप्त | अलब्ध | अलभ्य","unachievable | unattainable | undoable | unrealizable","जो प्राप्त हुँदैन","impossible to achieve"
"84285",2,"अपुरुष | अपौरुष | नपुंसक | नामर्द | पुरषत्वहीन | पौरुषहीन | वीर्यहीन | शंड","impotent","जसमा स्त्री सम्भोगको शक्ति हुँदैन वा धेरै थोर हुन्छ","(of a male) unable to copulate"
"84287",2,"सर्वशक्‍तिमान | सर्वशक्‍तिशाली","all-powerful | almighty | omnipotent","सबै थोक गर्ने सामर्थ्य राख्‍ने","having unlimited power"
"84296",2,"अधिकारहीन","powerless","जो अधिकारबाट हीन छ","lacking power"
"84298",2,"बाध्य | लाचार | विवश","helpless | incapacitated","जुन यस्तो अवस्थामा परेको हुन्छ, जसमा ऊ आफ्नो इच्छाले केही गर्न सक्दैन","lacking in or deprived of strength or power"
"84330",2,"नरोपिएको","unseeded | unsown","नरोपिएको","(of a piece of ground) not have a crop sown on it"
"84333",2,"अजोत | बाँझो","unbroken | unploughed | unplowed","जोताइ नभएको","(of farmland) not plowed"
"84363",2,"मसिनो | मिही","nice | skillful","जसमा कलाको निपुणता र सूक्ष्मता प्रकट हुन्छ","done with delicacy and skill"
"84379",2,"अटल | अटलनीय | अनिवार्य | अबाध्य | अमिट | अवश्यम्भावी | तय","inevitable","जुनचाहिँ टल्दैन, अवश्य हुन्छ नै","invariably occurring or appearing"
"84407",2,"उपस्थित | प्रस्तुत | विद्यमान | हाजिर","present","छेउमा बसेको,अगाडि आएको वा छेउमा आएको","spatial sense; being or existing in a specified place"
"84413",2,"सर्वव्यापक | सर्वव्यापी | सर्वव्याप्‍त","omnipresent | ubiquitous","जुनचाहिँ सबैमा व्याप्‍त छन्","being present everywhere at once"
"84415",2,"अनुपस्थित | अप्रस्तुत | अप्राप्त | अविद्यमान | गैरहाजिर","absent","जो सामुमा, उपस्थित या उपलब्ध हुँदैन","not in a specified place physically or mentally"
"84486",2,"आम | सर्वजनीन | सामान्य | सामुदायिक | सामूहिक | सार्वजनिक","public","प्रायः सबै व्यक्ति,अवसर,अवस्था आदिमा पाइने या त त्योसित साइनो राख्‍ने","not private; open to or concerning the people as a whole"
"84489",2,"उजागर | प्रकट | प्रस्फुट | प्रस्फुटित","open","जुन सबैको समान हुन्छ वा सामुन्ने आएको हुन्छ","open to or in view of all"
"84507",2,"उत्पादक | उत्पादन गर्ने","productive","जसले उत्पादन गर्दछ","producing or capable of producing (especially abundantly)"
"84512",2,"फलदायक | फलदायी | फलप्रद","fruitful | profitable","राम्रो फल दिने","productive of profit"
"84538",2,"ऐश्वर्यप्रद | ऐश्वर्यप्रदायक | समृद्धिदायक | समृद्धिप्रद","profitable","जसले समृद्धि दिन्छ","yielding material gain or profit"
"84550",2,"गहन | गहिरो","deep","अति सूक्ष्म","marked by depth of thinking"
"84570",2,"अवनतिशील | पतनशील | पतनोन्मुख","retrograde | retrogressive","जो अवनतितिर अग्रसर हुन्छ","going from better to worse"
"84582",2,"यथायोग्य | यथोचित | समुचित","proper","जस्तो भए ठीक हुन्छ त्यस्तो वा जस्ताको तस्तो","marked by suitability or rightness or appropriateness"
"84583",2,"समुचित","becoming | comely | comme il faut | decent | decorous | seemly","हरेक दृष्टिले हरेक रूपमा उचित","according with custom or propriety"
"84590",2,"अनुचित | खराब | बेठिक","improper","जुन सङ्गत् वा उचित छैन:उसका अनुचित कुरा आपस्तमा कलहको कारण बन्यो","not suitable or right or appropriate"
"84606",2,"आशानुकूल | प्रत्याशित | प्रयाशानुकूल | यथावांछित","prospective","जस्तो आशा या प्रत्याशा गरिएको हुन्छ","concerned with or related to the future"
"84623",2,"अनावृत्त","exposed | open","जसमा आवृत्तिको अभाव छ","with no protection or shield"
"84631",2,"अभिरक्षक | परिरक्षक | रक्षक | रक्षा कर्ता | रक्षी | वार्डन","custodial | guardian | tutelar | tutelary","रक्षा गर्ने","providing protective supervision; watching over or safeguarding"
"84640",2,"गर्विलो | गर्वी","proud","जसलाई लिएर गर्व हुन्छ या गर्व कर्ने:“राजेश एकजना गर्विलो व्यक्ति हुन्""","feeling self-respect or pleasure in something by which you measure your self-worth; or being a reason for pride"
"84641",2,"अकडो","arrogant | chesty | self-important","अकडो देखाउने","having or showing feelings of unwarranted importance out of overbearing pride"
"84648",2,"अभिमानी | अहङ्कारी | घमण्डी","conceited | egotistic | egotistical | self-conceited | swollen | swollen-headed | vain","अभिमान वा दर्पले भरिएको","characteristic of false pride; having an exaggerated sense of self-importance"
"84663",2,"प्रमाणित | सत्यापित","verified","जसको सत्यापन गरिएको हुन्छ","proved to be true"
"84666",2,"अनुपपन्न | अपरीक्षित | अप्रमाणित | असत्यापित","unverified","जसको सत्यापन प्रमाण आदिद्वारा गरिएको छैन","lacking proof or substantiation"
"84668",2,"मितव्ययी","careful | thrifty","सोचीसम्झी खर्च गर्ने या अनावश्यक खर्च नगर्ने","mindful of the future in spending money"
"84669",2,"अग्रसोची | दीर्घदर्शी | दीर्घप्रज्ञ | दूरदर्शी","farseeing | farsighted | foresighted | foresightful | long | longsighted | prospicient","भविष्यको धेरै टाढासम्मको कुरा देख्‍ने या सोच्ने","planning prudently for the future"
"84674",2,"अदूरदर्शी | अल्पदर्शी","myopic | short | shortsighted | unforesightful","जुन भविष्यमा धेरै टाडासम्म हेर्दैन या सोच्दैन","lacking foresight or scope"
"84698",2,"समय अपालक","unpunctual","समयको पालन नगर्ने या समयको महत्त्वलाई नबुझ्नेवाला","not punctual; after the appointed time"
"84700",2,"विलंबित | विलम्बित","belated | late | tardy","जसमा ढिलो भएको छ","after the expected or usual time; delayed"
"84704",2,"दण्डित | सजायप्राप्‍त","punished","जसलाई दण्ड मिलेको छ वा सजाय पाएको","subjected to a penalty (as pain or shame or restraint or loss) for an offense or fault or in order to coerce some behavior (as a confession or obedience)"
"84710",2,"चुटिएको | पिटिएको | प्रताडित","tortured","सताइएको","subjected to intense pain"
"84735",2,"निर्मल | पवित्र | शुद्ध | सफा","clean | fresh","जसमा कुनै प्रकारको मयल वा दोष हुँदैन:पवित्र मनले प्रभुलाई याद गर","free from impurities"
"84739",2,"अमिश्र | अमिश्रित | विशुद्ध","plain | sheer | unmingled | unmixed","जुन मिश्रित छैन","not mixed with extraneous elements"
"84763",2,"उत्तीर्ण | पास","qualified","जो परीक्षामा सफल भएको हुन्छ","meeting the proper standards and requirements and training for an office or position or task"
"84767",2,"तालिमे | प्रशिक्षित","trained","जसलाई कुनै प्रकारको प्रशिक्षण प्राप्त भएको छ","shaped or conditioned or disciplined by training; often used as a combining form"
"84772",2,"अप्रशिक्षित","untrained","जो प्रशिक्षित छैन","not disciplined or conditioned or made adept by training"
"84796",2,"तथाकथित | नाम मात्रको","alleged | so-called | supposed","यत्तिकै वा केवल भनिनेमात्र तर सर्वमान्य हैन","doubtful or suspect"
"84812",2,"चकमन्न | निस्तब्ध | सुनसान","silent | soundless | still","जसमा कुनै प्रकारका श्ब्द छैनन्","marked by absence of sound"
"84831",2,"अनाकुल | अविकल | अव्यग्र | अव्याकुल | निभृत | निरुद्विग्न | प्रशांत | प्रशान्त | विश्रब्ध | शांत | शान्त","quiet","जुन उद्विग्न हुँदैन","characterized by an absence or near absence of agitation or activity"
"84837",2,"अधीर | चकचके | चञ्चल","antsy | fidgety | fretful | itchy | restless","जुन स्थिर नभई चञ्चलतापूर्ण काम गर्छ वा चञ्चल चित्त भएको:मोहन एकजना चञ्चल केटो हो, ऊ शान्तिपूर्वक एक ठाउँमा बस्न सक्‍दैन","unable to relax or be still"
"84857",2,"अन्ध-विश्वासी | अन्धविश्वासी","superstitious","अन्धविश्वास गर्नेवाला","showing ignorance or the laws of nature and faith in magic or chance"
"84874",2,"अक्रिय | क्रियारहित | क्रियाहीन","indifferent | inert | neutral","जसले क्रिया गर्दैन वा कुनै काममा लागेको छैन","having only a limited ability to react chemically; chemically inactive"
"84877",2,"तयार","ready","NO_GLOSS","completely prepared or in condition for immediate action or use or progress"
"84897",2,"कपोल कल्पित | कपोलकल्पित | मनगढन्त | हावा","fabricated | fancied | fictional | fictitious | invented | made-up","जुन कसैको मनको बनावटी उपज हो","formed or conceived by the imagination"
"84899",2,"अनात्मक | अप्रकृत | अयथातथ | अयथार्थ | अयाथार्थिक | अवास्तविक | कल्पित | काल्पनिक","fanciful | imaginary | imagined | notional","जुन वास्तविक हुँदैन","not based on fact; dubious"
"84936",2,"अन्यायपूर्ण | न्यायहीन","undue | unjustified | unwarranted","जसमा न्याय हुँदैन या जो न्यायरहित छ","lacking justification or authorization"
"84937",2,"आपसी | पारस्परिक","mutual | reciprocal","जुन परस्परमा हो वा आफ्नो हो","concerning each of two or more persons or things; especially given or done in return"
"84945",2,"अनुत्तरित","unanswered | unreciprocated | unrequited","जसको उत्तर दिइएको छैन","not returned in kind"
"84950",2,"सुसंस्कृत","civilised | civilized | cultivated | cultured | genteel | polite","उत्तम संस्कार युक्‍त","marked by refinement in taste and manners"
"84963",2,"अपरिष्कृत | अमार्जित | असंस्कृत","coarse | common | rough-cut | uncouth | vulgar","जुनचाहिँ परिष्कृत छैन या जसलाई परिष्कार गरिएको छैन","lacking refinement or cultivation or taste"
"84965",2,"अभद्र | अशिष्ट | असभ्य","bounderish | ill-bred | lowbred | rude | underbred | yokelish","जो सभ्य छैन:तिमी असभ्य व्यक्‍तिको जस्तो किन रहन्छौ ऊ गोठाले बोली बोल्छ","(of persons) lacking in refinement or grace"
"84982",2,"अपरिशोधित | अशुद्ध | अशोधित | असंशोधित","crude | unprocessed | unrefined","जसको शोधन गरिएको हुँदैन","not refined or processed"
"84986",2,"पकाएको | पाकेको","burned | burnt","तताएको वा पोलेको","treated by heating to a high temperature but below the melting or fusing point"
"85003",2,"बिर्सिएको | विस्मृत","forgotten | lost","जुन चाहिं बिर्सिसकिएको छ या यादै छैन","no longer known; irretrievable"
"85034",2,"अनियमित | नियमरहित | बेफाइदा","irregular","नियमित नभएको","contrary to rule or accepted order or general practice"
"85064",2,"तुकबद्ध | तुकबन्दी | तुकयुक्त","rhymed | rhyming | riming","(कविताको प्रकार) जसको अन्तिम चरणहरूमा तुकबन्दी हुन्छ:""कवि श्रोताहरूलाई तुकबन्दी कविताहरू सुनाउँदै छन्""","having corresponding sounds especially terminal sounds"
"85068",2,"अतुकान्त | तुकहीन | मुक्त","rhymeless | rimeless | unrhymed | unrimed","(कविताको एउटा प्रकार) जसका अन्तिम चरणमा तुक मिल्दैन:""यो अतुकान्त पदावलीको पुस्तक हो""","not having rhyme"
"85091",2,"परचक्री | पराई | बिरानो","unrelated","आफ्ना कुटुम्ब वा समाजबाट बाहिरको","not connected by kinship"
"85110",2,"प्रसङ्ग-सम्बन्धी | प्रासङ्गिक","relevant","जुन कुनै प्रसङ्गसित सम्बन्धित छ","having a bearing on or connection with the subject at issue"
"85111",2,"लागु","applicable","जुन चाहिँ कतै लागउन सकिन्छ,लगाइएको छ वा लगाउन छ","capable of being applied; having relevance"
"85156",2,"अनादरित | अनादृत","unrespected","जसको आदर गरिएको छैन","accorded no respect"
"85166",2,"समाधान्य | समाधेय","resolvable","जसको समाधान हुन सक्छ","capable of being settled or resolved"
"85175",2,"आरक्षित | व्याससिद्ध","reserved","कुनै विशेष कार्य,पद,व्यक्ति आदिका लागि मुख्य रूपले सुरक्षित गरिएको","set aside for the use of a particular person or party"
"85179",2,"अनारक्षित","unreserved","जुन आरक्षित होइन","not reserved"
"85204",2,"भद्र | शिष्ट | सभ्य | सुशील","decent | nice","उच्च आचार-विचार राख्‍ने र सबैसँग असल व्यवहार गर्ने:राम एकजना सभ्य व्यक्ति हो","socially or conventionally correct; refined or virtuous"
"85219",2,"उत्तरदायक | उत्तरदायी | जवाबदेह | जिम्मेदार | ज़िम्मेदार","responsible","जसमा कुनै उत्तरदायित्व हुन्छ","worthy of or requiring responsibility or trust; or held accountable"
"85231",2,"अनुत्तरदायी","unaccountable","जो उत्तरदायी होइन","free from control or responsibility"
"85245",2,"असंयत","unrestrained","जसमा संयत छैन","not subject to restraint"
"85256",2,"अटोक | अनिषिद्ध | अप्रतिबंधित | अप्रतिबन्धित | अप्रतिसिद्ध | अबाध | अवर्जित | निषेधहीन","unrestricted","जो निषिद्ध हुँदैन","not subject to or subjected to restriction"
"85266",2,"नियन्त्रक","regulative | regulatory","जसले कुनै कार्य,वस्तु,अवस्था आदि नियन्त्रित गर्छ","restricting according to rules or principles"
"85272",2,"खुद्रा सामान | फुटकर सामान","retail","थोक को उल्टा वा थोर-थोरै","selling or related to selling direct to the consumer"
"85273",2,"थोक | मोठ","wholesale","एकसँगै धेरै जसो","selling or related to selling goods in large quantities for resale to the consumer"
"85281",2,"जालीदार","lacy | netlike | netted | webbed | webby | weblike","जसमा जाली छ","having open interstices or resembling a web"
"85312",2,"अपारदर्शक | अपारदर्शी","dull | thudding","जसको छेउमा वा बिचमा पर्नाले पल्लापटीको चिज देखिदैन","not clear and resonant; sounding as if striking with or against something relatively soft"
"85323",2,"नवीकृत | नवीनकृत","renewed","जसको नवीकरण भएको छ:""यो नवीकृत पहिचान-पत्र हो""","restored to a new condition"
"85348",2,"शब्दाडम्बरपूर्ण | शब्दाडम्बरयुक्त | शब्दातीत","bombastic | declamatory | large | orotund | tumid | turgid","भावहीन र ठुल्ठुला शब्दले भरिएको:""शब्दाडम्बरपूर्ण भएको कारणले यो लेख अरोचक छ""","ostentatiously lofty in style"
"85354",2,"कवित्वपूर्ण | काव्यात्मक | रसात्मक","poetic | poetical","जसमा काव्यको छाप हुन्छ या जो कवित्वपूर्ण छ","characteristic of or befitting poetry"
"85366",2,"छन्दबद्ध | छन्दात्मक | छन्दोबद्ध | पद्यात्मक","measured | metric | metrical","पद्यको रूपमा बनिएको","the rhythmic arrangement of syllables"
"85382",2,"गरीब | दरिद्र | निर्धन","poor","जोसँग धन छैन वा धनको कमी छ:निर्धन व्यक्‍ति कडा मिहेनत गरेर धनी हुन सक्छ","having little money or few possessions"
"85388",2,"धनवान | धनी","rich","जसित कुनै गुण होस् या जो कुनै विषयमा दक्षताबान हुन्छ","having an abundant supply of desirable qualities or substances (especially natural resources)"
"85391",2,"साधननभएको | साधनविहीन | साधनहीन","resourceless","जसमा  साधनको  कमी छ या कुनै साधन छैन","lacking or deficient in natural resources"
"85401",2,"टाट उल्टेको | दिवालिया | दीवालिया","insolvent","जोसित ऋण तिर्न केही पनि रहेको हुँदैन","unable to meet or discharge financial obligations"
"85411",2,"दुइ हाते","bimanual | two-handed","जसमा दुइटा हात हुन्छन्","requiring two hands or designed for two people"
"85435",2,"दायाँ | दाहिने","right","शरीरको त्यतातिर जुनचाहिँ पूर्वतिर मुख पारेर उभिएको अवस्थामा दक्षिणतिर होस्","being or located on or directed toward the side of the body to the east when facing north"
"85440",2,"देब्रे | बाउँ | बाम | बायाँ","left","शरीरको त्यता तिर जुनचाहिँ कसैले पूर्वतिर मुख फर्काएर उभिएको अवस्थामा उत्तरतिर हुन्छ","being or located on or directed toward the side of the body to the west when facing north"
"85445",2,"विषाणी | शृंगयुक्त | शृंगी | सिङयुक्त | सींगी | सीङ्गदार","horned","जसमा सिङ हुन्छ या पाइन्छ","having a horn or horns or hornlike parts or horns of a particular kind"
"85453",2,"उचित | नीतिपूर्ण | नैतिक | नैतिकतापूर्ण | सही","ethical | honorable | honourable | moral","जुनचाहिँ नैतिकताले भरिएको हुन्छ","adhering to ethical and moral principles"
"85462",2,"अधम | अधर्मिष्ट | अधर्मी | अधार्मिक | अनाचारी | अपकृष्ट | अपमार्गी | अपाचारी | कुमार्गी | दुष्ट | नीच | पतित | पातकी | पापकर्मी | पापात्मा | पापी | म्लेच्छ","sinful | unholy | wicked","जसले पाप गर्छ वा पाप गर्ने मान्छे","having committed unrighteous acts"
"85464",2,"बलियो | मासुलेभरिएको | मोटो","beefy | buirdly | burly | husky | strapping","जुनचाहिँ मासुले भरिएको छ:""यो बलिया खसीको मासु हो""","muscular and heavily built"
"85513",2,"अण्डाकार","egg-shaped | elliptic | elliptical | oval | oval-shaped | ovate | oviform | ovoid | prolate","अण्डाको आकारको","rounded like an egg"
"85534",2,"आयताकार","rectangular","जसको लमाइ, चौडाइभन्दा धेरै हुन्छ","having four right angles"
"85544",2,"गाउँले | ग्रामवासी | ग्रामीण","rural","गाउँमा निवास गर्ने:""शिक्षाको क्षेत्रमा ग्रामवासी महिलाहरू निकै पछाडिएका छन्""","living in or characteristic of farming or country life"
"85571",2,"अपवित्र | अपावन | अपुण्य | अपुनीत | अमेध्य | अशुचि | अशुद्ध | दुषित","profane | unconsecrated | unsanctified","जो धर्मानुसार पवित्र छैन","not holy because unconsecrated or impure or defiled"
"85572",2,"धर्मीय | धार्मिक","sacred","धर्म-सम्बन्धी वा धर्मको","concerned with religion or religious purposes"
"85575",2,"प्रेरणाजन्य | प्रेरणात्मक | प्रेरणादायक | प्रेरणास्पद","inspirational","जसद्वारा प्रेरणा पाइन्छ या प्रेरणा दिनेवाला","imparting a divine influence on the mind and soul"
"85579",2,"धर्मनिष्ठ | धर्मशील | धर्मी | धार्मिक","religious | spiritual","जसको धर्ममा झुकाउ छ वा जुनचाहिँ धर्मका अनुसार रहन्छ:धार्मिक व्यक्‍ति विपत्तिमा पनि आफ्नो धर्म छोड्दैनन्","concerned with sacred matters or religion or the church"
"85584",2,"धर्मनिरपेक्ष","laic | lay | secular","जुनचाहिँ कुनै धार्मिक नियमहरूले बाँधिएको छैन","concerning those not members of the clergy"
"85594",2,"आपत्तिरहित | निरापद | निर्विघ्न | सुरक्षित","risk-free | riskless | unhazardous","जसमा अनर्थको आशंका हुँदेन","thought to be devoid of risk"
"85617",2,"तुल्य | बराबर | सदृश | समान","same","आकार, परिमाण, गुण, मूल्य, महत्त्व आदिका विचारले एउटा जस्तै","closely similar or comparable in kind or quality or quantity or degree"
"85623",2,"उस्ताउस्तै","identical | indistinguishable","NO_GLOSS","exactly alike; incapable of being perceived as different"
"85626",2,"असमरूपी | भिन्नरूपी | विषमरूपी","different","जसको प्रतिरूपी छैन:""यस मन्दिरमा शिवका भिन्नरूपी प्रतिमाहरू छन्""","unlike in nature or quality or form or degree"
"85631",2,"प्रतिपक्षीय | विपक्षधर | विपक्षीय","diametric | diametrical | opposite | polar","जो विपक्षसित सम्बन्धित छ या विपक्षको हो","characterized by opposite extremes; completely opposed"
"85641",2,"उक्‍त | बताइएको | भनिएको | वर्णन गरिएको","aforementioned | aforesaid | said","जुनचाहिँ भनिएको छ","being the one previously mentioned or spoken of"
"85642",2,"अनुरूपी | प्रतिरूपी | समरूपी","identical | selfsame | very","जुनचाहिँ कसैको प्रतिरूप होस् या जुन रूप,आकार आदिमा एकै जस्तो हुन्छ","being the exact same one; not any other:"
"85643",2,"अरू | अर्को","other","अर्को कुनै:मसँग अरू व्यक्तिहरू पनि छन्","not the same one or ones already mentioned or implied"
"85665",2,"पागल | बौलाहा","insane","NO_GLOSS","afflicted with or characteristic of mental derangement"
"85667",2,"फन्के | रन्के | सन्के","around the bend | balmy | barmy | bats | batty | bonkers | buggy | cracked | crackers | daft | dotty | fruity | haywire | kookie | kooky | loco | loony | loopy | nuts | nutty | round the bend | wacky | whacky","जो सन्के छ:""उनी एउटा सन्के मान्छे हुन्""","informal or slang terms for mentally irregular"
"85692",2,"अतुष्ट | अतृप्त | असन्तुष्ट","unsated | unsatiated | unsatisfied","जुन तृप्त भएको हुँदैन","not having been satisfied"
"85709",2,"असन्तोषजनक | असन्तोषप्रद","unsatisfactory","जुनचाहिँ सन्तोषजनक छैन वा जसमा सन्तोष पाइदैन","not giving satisfaction"
"85738",2,"मुद्राङ्कित | मुद्रित","stamped","जसमा मुद्रा वा मोहर लागेको छ","marked with the impression of a seal"
"85762",2,"अप्रकाश | अप्रकाशमान | अप्रकाशित | अप्रत्यक्ष | अप्रथित | अभिगुप्त | गुप्त","secret","जुनचाहिँ लुकेको छ","not open or public; kept private or not revealed"
"85781",2,"असाम्प्रदायिक","undenominational","जुन चाहिँ साम्प्रदायिक होइन","not bound to devoted to the promotion of a particular denomination"
"85787",2,"ठिक | नियत | नियमित | निर्दिष्ट | निर्धारित | निश्चित","assured","जुन नियत या निर्धारित छ","characterized by certainty or security"
"85788",2,"अनुबंधित | अनुबद्ध | अनुबन्धित","bonded | guaranteed | secured | warranted","जसको सम्बन्धमा कुनै अनुबन्ध या समझौता भएको हुन्छ","secured by written agreement"
"85793",2,"वचनबद्ध","promised","वचनले बाँधिएको वा जसले वचन दिएको छ","assured by (usually) spoken agreement"
"85824",2,"अपरता | अपस्वार्थी | तनपोषक | मतलबी | स्वार्थपर | स्वार्थपरायण | स्वार्थी","selfish","जो स्वार्थले भरिएको हुन्छ या आफ्नो मतलबमा चल्छ","concerned chiefly or only with yourself and your advantage to the exclusion of others"
"85827",2,"निस्वार्थ | स्वार्थहीन","unselfish","जसमा स्वार्थ वा आफ्नो हित हुँदैन","disregarding your own advantages and welfare over those of others"
"85833",2,"जेठा | ज्येष्ठ | ठुला","elder | older | sr.","जुनचाहिँ उमेरमा ठुलो छ","used of the older of two persons of the same name especially used to distinguish a father from his son"
"85834",2,"अग्रज | दाजु","major","जुनचाहिँ पहिले उत्पन्न भएको ह","of the elder of two boys with the same family name"
"85890",2,"प्रसारित","transmitted","सङ्गीत, भाषण आदि ध्वनि रेडियोद्वारा प्रसारण गरिएको","sent electronically as by wire or radio"
"85924",2,"कीटाणुनाशक","bactericidal | disinfectant | germicidal","जसले कीटाणुहरूलाई नाश गर्छ","preventing infection by inhibiting the growth or action of microorganisms"
"85944",2,"दीर्घदर्शी | मननशील | विचारवान | विचारशील","serious-minded | thoughtful","जसमा राम्ररील विचार गर्ने शक्‍ति छ","acting with or showing thought and good sense"
"85965",2,"चुनिएको | निर्वाचित","elect | elite","जसको निर्वाचन गरिएको छ","selected as the best"
"85969",2,"काम चलाऊ | कामलाग्ने","serviceable","जसबाट कुनै प्रकारको काम निकाल्न सकिने:""यस यन्त्रलाई मैँलै कामचलाउ बनाइदिएँ""","ready for service or able to give long service"
"85978",2,"अस्थायी","nonresident","जुन पुरा तरिकाले नबसेको वा अस्थायी रूपले कहींबाट आएर बसेको","not living in a particular place or owned by permanent residents"
"85985",2,"अस्थिर | डाँवाँडोल | डाँवाडोल","unsettled","ठीक वा एक स्थितिमा नरहने अथवा कहिले यता र कहिले उता हुने","not settled or established"
"85986",2,"अधीर | अस्थिर | उडन्ते | चञ्चल | चनमते | चुलबुले | छुकछुके | डुलुवा | सम्भ्रमी | हतपत्ते","aimless | drifting | floating | vagabond | vagrant","एकैस्थानमा  जमेर नबस्ने","continually changing especially as from one abode or occupation to another"
"85990",2,"घुमन्ते | बन्जारा","mobile | nomadic | peregrine | roving | wandering","जसको बस्ने अथवा अडिनै कुनै निश्चित स्थान छैन","(of groups of people) tending to travel and change settlements frequently"
"85997",2,"निर्णय गरिएको | निर्णीत","settled","जसको वा जसका विषयमा निर्णय भइ सक्‍यो","established or decided beyond dispute or doubt"
"86006",2,"अनिर्णय | अनिर्णित | बेनिधो","open | undecided | undetermined | unresolved","जसको निर्णय भएको छैन","not brought to a conclusion; subject to further thought"
"86010",2,"ढर्रे | स्वाङे","coquettish | flirtatious","धेरै ढर्रा पार्ने मान्छे","like a coquette"
"86011",2,"अनगन्ती | थुप्रो","erotic | titillating","जसको कुनै हिसाब छैन वा एकदम धेरै","giving sexual pleasure; sexually arousing"
"86012",2,"अश्लील | कामुकतापूर्ण","blue | gamey | gamy | juicy | naughty | racy | risque | spicy","जसमा श्लील हुँदैन","suggestive of sexual impropriety"
"86015",2,"इन्द्रियलोलुप | कामचारी | कामुक | भोगी | विलासी | विषयी","juicy | luscious | red-hot | toothsome | voluptuous","जसमा कामवासना धेरै हुन्छ","having strong sexual appeal"
"86040",2,"खसीपारेको","castrated | unsexed","जसको अण्डकोष निकालिएको छ:""खसी पारेको पशु जोत्ने काममा आउँछ""","deprived of sexual capacity or sexual attributes"
"86053",2,"बान्की परेको | सुगठित | सुडौल","shapely","सुन्दर डौल,आकार या बनावट","having a well-proportioned and pleasing shape"
"86074",2,"कुगठित | कुडौल | बान्की नपरेको","shapeless","जुन सुडौल छैन","lacking symmetry or attractive form"
"86079",2,"आकारयुक्त | आकारवान | मूर्तिमान | मूर्तिमान् | साकार | साक्षात | साक्षात्","formed","जसको आकार हुन्छ","having or given a form or shape"
"86135",2,"आकार दिइएको | बनाएको","molded | shaped | wrought","जसलाई बनाएर कुनै आकार दिइएको छ","shaped to fit by or as if by altering the contours of a pliable mass (as by work or effort)"
"86155",2,"अनवय | अनवाय | अनाकार | अपिरच्छन्न | अमूर्त | अमूर्तमान | अमूर्ति | अमूर्तिमान | अमूर्त्त | अमूर्त्ति | अमूर्त्तिमान | अरूप | अरूपक | आकारविहीन | आकृतिहीन | निरङ्कार | निरवयव | निराकार | मूर्तिरहित","amorphous | formless | shapeless","जसको कुनै आकार हुँदैन","having no definite form or distinct shape"
"86189",2,"नाङ्गा खुट्टे","barefoot | barefooted | shoeless","नाङ्गो खुट्टा","without shoes"
"86200",2,"दृष्टियुक्त | दृष्टिवंत | दृष्टिवान","sighted","जसको दृष्टि छ या जसले देख्छ","able to see"
"86204",2,"अन्धो | नेत्रहीन","blind | unsighted","जसले देख्दैन:श्याम अन्धोलाई बाटो कटाउँदै छ","unable to see"
"86207",2,"वर्णान्ध | वर्णान्धताले पीडित","color-blind | colour-blind","जसलाई रातो, पहेँलो, हरियो आदि रङको ज्ञान छैन","unable to distinguish one or more chromatic colors"
"86216",2,"दस्तखती | हस्ताक्षरित","signed","जुन हस्ताक्षर गरिएको छ या जसमा हस्ताक्षर भएको छ","having a handwritten signature"
"86219",2,"अहस्ताक्षरित | हस्ताक्षर नगरिएको","unsigned","जुन हस्ताक्षरित छैन या जसमा हस्ताक्षर गरिएको छैन","lacking a signature"
"86301",2,"सरल | साधा | साधारण","simple","NO_GLOSS","having few parts; not complex or complicated or involved"
"86307",2,"अति गूढ | अप्ठ्यारो | गम्भीर | गाह्रो | जटिल | दुरूह | दुर्बोध्य","byzantine | convoluted | involved | knotty | tangled | tortuous","जसमा धेरै तल-माथि हुन्छ या पेंच हुन्छ अनि यसैले गर्दा सजिलै बुझ्न सकिँदैन","highly complex or intricate"
"86328",2,"खुसामदी | चाकडीवाज | चाटुकार | चाप्लुसी","bootlicking | fawning | obsequious | sycophantic | toadyish","जसले चाप्लुसी गर्छ:""उनी एकजना चाप्लुसी गर्ने व्यक्ति हुन्""","attempting to win favor from influential people by flattery"
"86331",2,"असत्य | झुटो | झूट | ढाँट | मिथ्या","false | hollow","जसको कुनै उचित वा ठिक आधार छैन","deliberately deceptive"
"86344",2,"१ | एक","1 | ane | i | one","एक्लै या गन्तीमा शून्यभन्दा माथि तथा दुईभन्दा कम","used of a single unit or thing; not two or more"
"86345",2,"दुई","2 | ii | two","एक र एक","being one more than one"
"86346",2,"३ | तीन | त्रय","3 | iii | three","दुई र एक","being one more than two"
"86347",2,"4 | ४ | चार","4 | four | iv","तीन र एकको जोड:हामी चार जना दिदीबहिनी दाजुभाइ छौं","being one more than three"
"86348",2,"5 | ५ | पञ्च | पाँच | पाँचौँ","5 | five | v","चार र एक:मान्छेको शरीर पाँच तत्त्व मिलेर बनेको छ","being one more than four"
"86349",2,"६ | छ","6 | half-dozen | half dozen | six | vi","पाँच र एक","denoting a quantity consisting of six items or units"
"86350",2,"7 | ७ | सात","7 | seven | vii","छ र एक:यस कामका लागि सातजना श्रमिकहरूको आवश्यकता छ","being one more than six"
"86351",2,"8 | ८ | आठ | आठौं","8 | eight | viii","सात र एक:यस किताबका आठवटा खण्ड छन्","being one more than seven"
"86352",2,"9 | ९ | नौ","9 | ix | nine","आठ र एक:यस कलमको मूल्य नौ रुपियाँ हो","denoting a quantity consisting of one more than eight and one less than ten"
"86353",2,"10 | १० | दस","10 | ten | x","नौ र एक:उनी यहाँ दस दिनअघि आएको थिए","being one more than nine"
"86354",2,"११ | एकादश | एघार","11 | eleven | xi","दस भन्दा एक बढी","being one more than ten"
"86355",2,"१२ | बाह्र","12 | dozen | twelve | xii","दस र दुई","denoting a quantity consisting of 12 items or units"
"86356",2,"तेइस","13 | thirteen | xiii","बीस र तीन","being one more than twelve"
"86358",2,"१५ | पन्ध्र","15 | fifteen | xv","दस र पाँच","being one more than fourteen"
"86359",2,"सोर | सोह्र","16 | sixteen | xvi","दस र छ","being one more than fifteen"
"86360",2,"17 | १७ | सत्र | सत्रह | सप्तदश","17 | seventeen | xvii","दस र सात","being one more than sixteen"
"86361",2,"अठार","18 | eighteen | xviii","दस र आठ","being one more than seventeen"
"86362",2,"१९ | उन्नाइस","19 | nineteen | xix","दस र नौ","being one more than eighteen"
"86363",2,"20 | बीस","20 | twenty | xx","दस र दस","denoting a quantity consisting of 20 items or units"
"86364",2,"२१ | एक्काइस","21 | twenty-one | xxi","बीस र एक","being one more than twenty"
"86367",2,"२४ | चौबीस","24 | twenty-four | xxiv","बीस र चार","being four more than twenty"
"86368",2,"पच्चीस","25 | twenty-five | xxv","बीस र पाँच","being five more than twenty"
"86369",2,"छब्बीस","26 | twenty-six | xxvi","बीस र छ","being six more than twenty"
"86370",2,"२७ | सत्ताइस","27 | twenty-seven | xxvii","बीस र सात","being seven more than twenty"
"86371",2,"२८ | अट्ठाइस","28 | twenty-eight | xxviii","बीस र आठ","being eight more than twenty"
"86372",2,"२९ | उनन्तीस","29 | twenty-nine | xxix","बीस र नौ","being nine more than twenty"
"86373",2,"तीस | त्रिस","30 | thirty | xxx","बीस र दस","being ten more than twenty"
"86374",2,"३१ | एकतीस","31 | thirty-one | xxxi","तीस र एक","being one more than thirty"
"86375",2,"बत्तीस","32 | thirty-two | xxxii","तीस र दुई","being two more than thirty"
"86376",2,"तेत्तीस","33 | thirty-three | xxxiii","तीस र तीन","being three more than thirty"
"86377",2,"३४ | चौतीस","34 | thirty-four | xxxiv","तीस र चार","being four more than thirty"
"86378",2,"३५ | पैँतीस","35 | thirty-five | xxxv","तीस र पाँच","being five more than thirty"
"86379",2,"छत्तीस","36 | thirty-six | xxxvi","तीस र छ","being six more than thirty"
"86380",2,"सैँतीस","37 | thirty-seven | xxxvii","तीस र सात","being seven more than thirty"
"86381",2,"अडतीस","38 | thirty-eight | xxxviii","तीस र आठ","being eight more than thirty"
"86382",2,"उनन्चालीस","39 | ixl | thirty-nine","तीस र नौ","being nine more than thirty"
"86383",2,"चालिस | चाल्लीस","40 | forty | twoscore | xl","तीस र दस","being ten more than thirty"
"86384",2,"एकचालीस","41 | forty-one | xli","चालीस र एक","being one more than forty"
"86385",2,"बयालीस","42 | forty-two | xlii","छालीस र दुई","being two more than forty"
"86386",2,"त्रिचालीस","43 | forty-three | xliii","चालीस र तीन","being three more than forty"
"86387",2,"चवालीस","44 | forty-four | xliv","चालीस र चार","being four more than forty"
"86388",2,"४५ | पैँतालीस","45 | forty-five | xlv","चालीस र पाँच","being five more than forty"
"86389",2,"छयालीस","46 | forty-six | xlvi","चालीस र छ","being six more than forty"
"86391",2,"अठचालीस","48 | forty-eight | xlviii","चालीस र आठ","being eight more than forty"
"86392",2,"४९ | उनन्चास","49 | forty-nine | il","चालीस र नौ","being nine more than forty"
"86393",2,"50 | ५० | पचास","50 | fifty | l","चालीस र दस","being ten more than forty"
"86394",2,"एकाउन | एकाउन्न","51 | fifty-one | li","पचास र एक","being one more than fifty"
"86396",2,"५३ | त्रिपन | त्रिपन्न","53 | fifty-three | liii","पचास र तीन","being three more than fifty"
"86397",2,"चौवन | चौवन्न","54 | fifty-four | liv","पचास र चार","being four more than fifty"
"86398",2,"पचपन्न","55 | fifty-five | lv","पछास र पाँच","being five more than fifty"
"86399",2,"छपन्न","56 | fifty-six | lvi","पचास र छ","being six more than fifty"
"86400",2,"५७ | सन्ताउन | सन्ताउन्न","57 | fifty-seven | lvii","पचास र सात","being seven more than fifty"
"86401",2,"अन्ठाउन | अन्ठाउवन्न","58 | fifty-eight | lviii","पचास र आठ","being eight more than fifty"
"86402",2,"५९ | उनसट्ठी","59 | fifty-nine | ilx","पचास र नौ","being nine more than fifty"
"86403",2,"६० | साठी","60 | lx | sixty | threescore","पचास र दस","being ten more than fifty"
"86404",2,"एकसट्ठी | एकसठ","61 | lxi | sixty-one","साठी र एक","being one more than sixty"
"86406",2,"तिरसट्ठी | त्रिसठ","63 | lxiii | sixty-three","साठी र तीन","being three more than sixty"
"86407",2,"चौसट्ठी","64 | lxiv | sixty-four","साठी र चार","being four more than sixty"
"86408",2,"६५ | पैँसट्ठी","65 | lxv | sixty-five","साठी र पाँच","being five more than sixty"
"86409",2,"छयसट्ठी","66 | lxvi | sixty-six","साठी र छ","being six more than sixty"
"86410",2,"सतसट्ठी","67 | lxvii | sixty-seven","साठी र सात","being seven more than sixty"
"86411",2,"अडसठ | अडसठ्टी ६८","68 | lxviii | sixty-eight","साठी र आठ","being eight more than sixty"
"86412",2,"६९ | उनन्सत्तरी","69 | ilxx | sixty-nine","साठी र नौ वा एक कम सत्तरी","being nine more than sixty"
"86413",2,"सत्तर","70 | lxx | seventy","साठ र दस","being ten more than sixty"
"86414",2,"एकहत्तर","71 | lxxi | seventy-one","सत्तर र एक","being one more than seventy"
"86415",2,"७२ | बहत्तर","72 | lxxii | seventy-two","सत्तरी र दुई","being two more than seventy"
"86416",2,"त्रिहत्तर","73 | lxxiii | seventy-three","सत्तरी र तीन","being three more than seventy"
"86417",2,"चौहत्तर","74 | lxxiv | seventy-four","सत्तरी र चार","being four more than seventy"
"86418",2,"खुड्किलो | भर्‍याङ | लिस्नु","75 | lxxv | seventy-five","सत्तरी र पाँच","being five more than seventy"
"86419",2,"छहत्तर","76 | lxxvi | seventy-six","सत्तरी र छ","being six more than seventy"
"86420",2,"सतहत्तर","77 | lxxvii | seventy-seven","सत्तरी र सात","being seven more than seventy"
"86421",2,"अठत्तर | अठहत्तर","78 | lxxviii | seventy-eight","सत्तर र आठ","being eight more than seventy"
"86422",2,"७९ | उनासी | उन्यासी","79 | ilxxx | seventy-nine","सत्तर र नौ वा एक कम अस्सी","being nine more than seventy"
"86423",2,"८० | असी","80 | eighty | fourscore | lxxx","सत्तरी र दस","being ten more than seventy"
"86424",2,"एकासी","81 | eighty-one | lxxxi","अस्सी र एक","being one more than eighty"
"86425",2,"बयासी","82 | eighty-two | lxxxii","असि र दुई","being two more than eighty"
"86426",2,"तिरासी","83 | eighty-three | lxxxiii","असी र तीन","being three more than eighty"
"86427",2,"चौरासी","84 | eighty-four | lxxxiv","असी र चार","being four more than eighty"
"86428",2,"85 | ८५ | पचासी","85 | eighty-five | lxxxv","असी र पाँच","being five more than eighty"
"86429",2,"छयासी","86 | eighty-six | lxxxvi","असीभन्दा छ धेर","being six more than eighty"
"86430",2,"सतासी","87 | eighty-seven | lxxxvii","अस्सी र सात","being seven more than eighty"
"86431",2,"अट्ठासी | अठासी","88 | eighty-eight | lxxxviii","असी र आठ","being eight more than eighty"
"86432",2,"उनासी","89 | eighty-nine | ixc","असी र नौ","being nine more than eighty"
"86433",2,"नब्बे","90 | ninety | xc","असी र दस","being ten more than eighty"
"86434",2,"एकानब्बे","91 | ninety-one | xci","नब्बे र एक वा नब्बेभन्दा एक अधिक","being one more than ninety"
"86436",2,"तिरानब्बे","93 | ninety-three | xciii","नब्बे र तीन","being three more than ninety"
"86437",2,"चौरानब्बे","94 | ninety-four | xciv","नब्बे र चार","being four more than ninety"
"86438",2,"95 | ९५ | पन्चान्नब्बे","95 | ninety-five | xcv","नब्बे र पाँच","being five more than ninety"
"86439",2,"छयानब्बे","96 | ninety-six | xcvi","नब्बे र छ","being six more than ninety"
"86440",2,"सन्तानब्बे","97 | ninety-seven | xcvii","नब्बे र सात","being seven more than ninety"
"86441",2,"अन्ठानबे | अन्ठानब्बे","98 | ninety-eight | xcviii","नब्बे र आठ","being eight more than ninety"
"86442",2,"उनान्सय","99 | ic | ninety-nine","नब्बे र नौ","being nine more than ninety"
"86443",2,"१०० | सय | सयकडा","100 | c | hundred | one hundred","नब्बे र दस","being ten more than ninety"
"86444",2,"एकसय एक","101 | ci | hundred and one | one hundred one","सय र एकको जोड","being one more than one hundred"
"86466",2,"हजार","1000 | k | m | one thousand | thousand","दस सय","denoting a quantity consisting of 1,000 items or units"
"86470",2,"अरब","billion","सय करोड","denoting a quantity consisting of one thousand million items or units in the United States"
"86478",2,"पहिलो | प्रथम","1st | first","गन्तीमा सबैभन्दा पहिले आउने:जवाहरलाल नेहरू भारतको पहिलो प्रधान मन्त्री थिए","indicating the beginning unit in a series"
"86479",2,"दोस्रो | द्वितीय","2d | 2nd | second","गन्तीमा दुईको स्थानमा पर्ने:सरिताको नाम यस सूचीको दोस्रो स्थानमा छ","coming next after the first in position in space or time or degree or magnitude"
"86480",2,"तृतीय | तेस्रो","3rd | tertiary | third","गन्तीमा तीनको स्थानमा आउने","coming next after the second and just before the fourth in position"
"86481",2,"4 | ४ | चार | चौथो","4th | fourth | quaternary","गन्तीमा चारको स्थानमा पर्ने:उनी कुदाइमा चौथो स्थानमा आए","coming next after the third and just before the fifth in position or time or degree or magnitude"
"86482",2,"पञ्चम | पाँचौं","5th | fifth","गणनामा पाँचको ठाउँमा आउने:त्यो जो दाहिनेबाट पाँचौं कुर्सीमा बसेको छ उसलाई बोलाएर ल्याऊ","coming next after the fourth and just before the sixth in position"
"86483",2,"छनम्बर | छैठौं | षष्टम","6th | sixth","गणनामा छको स्थानमा आउने:यस किताको छैठौं अध्यायमा के छ","coming next after the fifth and just before the seventh in position"
"86484",2,"सात | सातौँ","7th | seventh","गन्तीमा सातको ठाउँमा पर्ने:शिक्षकले विद्यार्थीलाई सातौँ श्लोक कण्ठ गर्नका लागि भनेका छन् अलिकति प्रशंसा गरेको थिएँ त्यो त सातौँ अकाशमा चढ्यो","coming next after the sixth and just before the eighth in position"
"86485",2,"अष्टम | आठौँ","8th | eighth","गणनामा आठको स्थानमा आउने:आज हाम्रो आठौँ पत्र छ","coming next after the seventh and just before the ninth in position"
"86486",2,"नवम | नवौँ","9th | ninth","गन्ती गर्दा नौको स्थानमा पर्ने:उनी नवौँ पाठ कन्ठस्थ गर्दै छन्","coming next after the eighth and just before the tenth in position"
"86487",2,"दश | दशौँ | दस | दसौँ","10th | tenth","गन्तीमा दसको स्थानमा पर्ने:तपाईँ आजभन्दा ठिक दस दिनपछि आउनुहोला","coming next after the ninth and just before the eleventh in position"
"86488",2,"एघार | एघारौं","11th | eleventh","गन्तीमा एघारको स्थानमा आउने:आजदेखि ठिक एघारौंको दिन छोरीको बिहे छ","coming next after the tenth and just before the twelfth in position"
"86489",2,"12औं | १२औं | बाह्रौं","12th | twelfth","गणना गर्दा बाह्रौंको स्थानमा आउने:यहाँबाट बाह्रौं घर मङ्गलाको हो","coming next after the eleventh and just before the thirteenth in position"
"86490",2,"13औ | १३औं | तेह्रौं","13th | thirteenth","गन्तीमा तेह्रको ठाउँमा पर्ने:मैले तेह्रौँ तलामा जानु छ","coming next after the twelfth in position"
"86491",2,"14औं | १४औं | चौधौ","14th | fourteenth","गणनामा चौधौंको स्थानमा आउने:आज शुक्लपक्षको चौधौं तिथि हो","coming next after the thirteenth in position"
"86492",2,"15औं | १५औं | पन्ध्रौँ","15th | fifteenth","गन्तीमा पन्ध्रको स्थानमा पर्ने:पन्ध्रौँ हारको एउटा केटो लड्यो","coming next after the fourteenth and just before the sixteenth in position"
"86493",2,"16औं | १६औं | सोह्रौं","16th | sixteenth","गन्तीमा सोह्रको स्थानमा पर्ने:माधुरीको आज सोह्रौं जन्मदिन हो","coming next after the fifteenth in position"
"86494",2,"17औं | १७औं | सत्रौं","17th | seventeenth","गणनामा सत्रौंको स्थानमा आउने:आज उसले आफ्नो बिहेको सत्रौं बार्षिकी मनाई","coming next after the sixteenth in position"
"86495",2,"१८औ | 18औं | अठारौं","18th | eighteenth","गणनामा अठारौंको स्थानमा आउने:यो मेरो अठारौं यात्रा हो","coming next after the seventeenth in position"
"86496",2,"19औं | १९औं | उन्नाइसौँ","19th | nineteenth","गन्तीमा उन्नाइसको ठाउँमा पर्ने:सीमा यस प्रतियोगितामा उन्नाइसौँ पटक भाग लिँदै छिन्","coming next after the eighteenth in position"
"86498",2,"बीसौं","20th | twentieth","गन्तीमा बीसको स्थानमा आउनेवाला:आजको ठिक बीसौं दिनमा दिपावली छ","coming next after the nineteenth in position"
"86499",2,"२१ | एक्काइसौँ","21st | twenty-first","गन्तीमा एक्काइसको स्थानमा आउने","coming next after the twentieth in position"
"86501",2,"तेइसौँ","23rd | twenty-third","गन्तीमा तेइसको स्थानमा आउने","coming next after the twenty-second in position"
"86502",2,"चौबीसौँ","24th | twenty-fourth","गन्तीमा चौबीसको स्थानमा आउने","coming next after the twenty-third in position"
"86503",2,"पच्चीसौँ","25th | twenty-fifth","गन्तीमा पच्चीसको स्थानमा आउने","coming next after the twenty-fourth in position"
"86504",2,"छब्बीसौँ","26th | twenty-sixth","गन्तीमा छब्बीसको स्थानमा आउने","coming next after the twenty-fifth in position"
"86506",2,"अट्ठाइसौँ","28th | twenty-eighth","गन्तीमा अट्ठाइसको स्थानमा आउने","coming next after the twenty-seventh in position"
"86507",2,"उनन्तीसौँ","29th | twenty-ninth","गन्तीमा उनन्तीसको स्थानमा आउने","coming next after the twenty-eighth in position"
"86508",2,"तीसौँ","30th | thirtieth","गन्तीमा तीसको स्थानमा आउने","coming next after the twenty-ninth in position"
"86509",2,"एक्काइसौँ","31st | thirty-first","गन्तीमा एकतीसको स्थानमा आउने","coming next after the thirtieth in position"
"86510",2,"बत्तीसौँ","32nd | thirty-second","गन्तीमा बत्तीसको स्थानमा आउने","the ordinal number of thirty-two in counting order"
"86511",2,"तेत्तीसौँ","33rd | thirty-third","गन्तिमा तीसको स्थानमा आउने","the ordinal number of thirty-three in counting order"
"86512",2,"चौतीसौँ","34th | thirty-fourth","गन्तीमा चौतीसका स्थानमा आउने","the ordinal number of thirty-four in counting order"
"86513",2,"पैतीसौँ","35th | thirty-fifth","गन्तीमा पैतीसको स्थानमा आउने","the ordinal number of thirty-five in counting order"
"86514",2,"छत्तीसौँ","36th | thirty-sixth","गन्तिमा छत्तीसको स्थानमा आउने","the ordinal number of thirty-six in counting order"
"86515",2,"सैँतीसौँ","37th | thirty-seventh","गन्तीमा सैँतीसको स्थानमा आउने","the ordinal number of thirty-seven in counting order"
"86516",2,"अडतीसौँ","38th | thirty-eighth","गन्तीमा अडतीसको स्थानमा आउने","the ordinal number of thirty-eight in counting order"
"86517",2,"उनन्चालीसौँ","39th | thirty-ninth","गन्तीमा उनन्चालीसको स्थानमा आउने","the ordinal number of thirty-nine in counting order"
"86518",2,"चालीसौँ","40th | fortieth","गन्तिमा चालीसको स्थानमा पर्ने","the ordinal number of forty in counting order"
"86519",2,"एकचालीसौँ","41st | forty-first","गन्तीमा एकचालीसको स्थानमा आउने","the ordinal number of forty-one in counting order"
"86520",2,"बयालीसौँ","42nd | forty-second","गन्तीमा बयालीसको स्थानमा आउने","the ordinal number of forty-two in counting order"
"86521",2,"त्रिचालीसौँ","43rd | forty-third","गन्तीमा त्रिचालीसको स्थानमा आउने","the ordinal number of forty-three in counting order"
"86522",2,"चवालीसौँ","44th | forty-fourth","गन्तीमा चवालीसको स्थानमा आउँने","the ordinal number of forty-four in counting order"
"86523",2,"४५औं | पैंतालिसौं | पैंताल्लीसौं","45th | forty-fifth","गणनामा पैंतालीसको स्थानमा आउने","the ordinal number of forty-five in counting order"
"86525",2,"सतचालीसौँ","47th | forty-seventh","गन्तीमा सतचालीसको स्थानमा आउँने","the ordinal number of forty-seven in counting order"
"86526",2,"अठचालीसौँ","48th | forty-eighth","गन्तीमा अठचालीसको स्थानमा आउँने","the ordinal number of forty-eight in counting order"
"86527",2,"उनञ्चासौँ","49th | forty-ninth","गन्तीमा उनञ्चासको स्थानमा पर्ने","the ordinal number of forty-nine in counting order"
"86528",2,"पचासौँ","50th | fiftieth","गन्तीमा पचासको स्थानमा आउँने","the ordinal number of fifty in counting order"
"86529",2,"पचपन्नौं","55th | fifty-fifth","गणनामा पचपन्नको स्थानमा आउने","the ordinal number of fifty-five in counting order"
"86530",2,"साठीऔं","60th | sixtieth","गणनामा साठीको स्थानमा आउने","the ordinal number of sixty in counting order"
"86531",2,"चौंसट्ठीऔं","64th | sixty-fourth","गणनामा चौंसट्ठीको स्थानमा आउने","the ordinal number of sixty-four in counting order"
"86532",2,"पैंसट्ठीऔं","65th | sixty-fifth","गणनामा पैंसट्ठीको स्थानमा आउने","the ordinal number of sixty-five in counting order"
"86533",2,"सत्तरीऔं","70th | seventieth","गणनामा सत्तरीको स्थानमा आउने","the ordinal number of seventy in counting order"
"86534",2,"पचहत्तरौं","75th | seventy-fifth","गणनामा पचहत्तरको स्थानमा आउने","the ordinal number of seventy-five in counting order"
"86535",2,"असिऔं | अस्सीऔं","80th | eightieth","गणनामा अस्सीको स्थान आउने","the ordinal number of eighty in counting order"
"86536",2,"पचासीऔं","85th | eighty-fifth","गणनामा पचासीको स्थानमा आउने","the ordinal number of eighty-five in counting order"
"86537",2,"नब्बेऔं","90th | ninetieth","गणनामा नब्बेको स्थानमा आउने","the ordinal number of ninety in counting order"
"86538",2,"पन्चानब्बेऔं","95th | ninety-fifth","गणनामा पन्चानब्बेको स्थानमा आउने","the ordinal number of ninety-five in counting order"
"86539",2,"१००औं | सयौं","100th | centesimal | hundredth","गनतीमा सयको स्थानमा आउने","the ordinal number of one hundred in counting order"
"86562",2,"हजारौं","1000th | thousandth","गणनामा हजारको स्थानमा आउने","the ordinal number of one thousand in counting order"
"86566",2,"पद्म","quadrillionth","सौ नील","the ordinal number of one quadrillion in counting order"
"86570",2,"अलिखित | अलिपिबद्ध","unscripted","जे लिपिबद्ध छैन","not furnished with or using a script"
"86578",2,"एउटा मात्र | एकमात्र","singular | unique","केवल एउटा","the single one of its kind"
"86587",2,"दोहोरो","double | dual | duple","जसमा दुइटा प्रलेप वा तह हुन्छन्","consisting of or involving two parts or components usually in pairs"
"86592",2,"तीन गुणा | तीनगुणा","three-fold | threefold | treble | triple","जति छ त्योभन्दा दुईगुणा अधिक","three times as great or many"
"86594",2,"चारगुना | चौगुणा","four-fold | fourfold | quadruple","जति छ त्योभन्दा तीन गुणा अरू धेरै:तपाईँ जति खानुहुन्छ, म त्योभन्दा चौगुणा खाना खान सक्छु","four times as great or many"
"86598",2,"छःगुणा | छगुणा | छगुना","sextuple | six-fold | sixfold","जति छ त्योभन्दा पाँचगुणा अधिक","having six units or components"
"86599",2,"सातगुना","septuple | seven-fold | sevenfold","जति छ त्योभन्दा  छगुणा अधिक","having seven units or components"
"86601",2,"नौगुणा | नौगुना","nine-fold | ninefold | nonuple","जति छ त्योभन्दा आठगुणा अधिक","having nine units or components"
"86602",2,"दश गुणा | दशगुणा | दस गुना | दसगुना","denary | ten-fold | tenfold","जति छ त्योभन्दा नौपटक अधिक","containing ten or ten parts"
"86625",2,"मझौलो","medium-size | medium-sized | moderate-size | moderate-sized","मझौलो आकारको","intermediate in size"
"86644",2,"अभिज्ञ | अभ्यस्त | अभ्यासी | आप्त | कार्यकुशल | कुशल | दक्ष | निपुण | निष्णात | पका | पक्का | पटु | परिपक्व | पारङ्गत | प्रवीण | माहिर | विचक्षण | शातिर | सिद्धहस्त | सिपालु | होशियार","accomplished | complete","जसको कुनै कार्य गर्न विशेष योग्यता रहेको छ","highly skilled"
"86655",2,"अकुशल | अदक्ष | अधकचरा | अनाडी | अनाप्त | अनारी | अनिपुण | अनैपुण | अपटु | अपाटव | अपात्र | अप्रवीण","unskilled","जो प्रवीण होइन","not having or showing or requiring special skill or proficiency"
"86656",2,"अकलात्मक | कलाहीन","artless","जसमा कला छैन या जसमा कलाको प्रदर्शन भएको हुँदैन","showing lack of art"
"86659",2,"ढङ्ग | सिप","bungling | clumsy | fumbling | incompetent","जसलाई राम्रोसँग काम गर्ने ढङ्ग आउँदैन","showing lack of skill or aptitude"
"86675",2,"खुकुलो | ढीला","loose | open","नकसिएको","(of textures) full of small openings or gaps"
"86677",2,"छोटो | साँगुरो","close | tight","जुन चाहिं लमाइ, विस्तार वा फराकिलो थोरै छ।","of textiles"
"86691",2,"चिप्लो","slippery | slippy","जहाँ चिप्लो छ","causing or tending to cause things to slip or slide"
"86704",2,"चिप्लो | चिल्लो","smooth","जुनचाहिँ खस्रो हुँदैन:मनोहर चिल्लो तलीलाई खस्रो पार्दै छ काठ मिस्त्री तख्तालाई चिल्लो पार्दै छ","having a surface free from roughness or bumps or ridges or irregularities"
"86710",2,"रेसमी | सिल्की","glossy | satiny | silken | silklike | silky | sleek | slick","रेसमको जस्तो चिल्लो र नरम","having a smooth, gleaming surface"
"86715",2,"असमतल | असमान | खस्रो | रूखो","rough | unsmooth","जसको माथिल्लो भाग ठाउँ-ठाउँमा होचो अग्लो हुन्छ:काठमिस्री खस्रो फल्याकलाई चिल्याउँदै छ","having or caused by an irregular surface"
"86725",2,"पर्वती | पर्वतीय | पहाडी","cragged | craggy | hilly | mountainous","पहाडसम्बन्धी वा पहाडको","having hills and crags"
"86775",2,"दाँते","notched | saw-toothed | serrate | serrated | toothed","जसमा दाँत बनिएका छन्","notched like a saw with teeth pointing toward the apex"
"86787",2,"असामाजिक","antisocial | asocial","जुनचाहिँ सामान्य सामाजिक व्यवहारको विरुद्ध हुन्छ","hostile to or disruptive of normal standards of social behavior"
"86794",2,"एक्लै | एक्लो","alone | lone | lonely | solitary","जो सँग कुनै अरू नहोस्:उनी एक्लो जीवन व्यतीत गर्दै छन्","lacking companions or companionship"
"86843",2,"बेचिएको | विक्रीत","sold","जुन बेचिसकिएको छ","disposed of to a purchaser"
"86849",2,"खँदिलो | ठोस","solid","निश्‍चित आयतन तथा आकारको वा जुनचाहिँ न त तरल हुन्छ न त ग्याँस नै:ढुङ्गो एउटा ठोस पदार्थ हो","of definite shape and volume; firm; neither liquid nor gaseous"
"86858",2,"तरल | द्रव","fluid | runny","पानी जस्तै पातलो","characteristic of a fluid; capable of flowing and easily changing shape"
"86873",2,"खोक्रो | ध्वान्द्रो","hollow","जसको भित्री भाग खाली छ:यो खोक्रो बाजा हो","not solid; having a space or gap or cavity"
"86879",2,"घोलिने खालको | विलय हुने खालको","soluble","जुनचाहिँ कुनै द्रव पदार्थमा घोलिन्छ","(of a substance) capable of being dissolved in some solvent (usually water)"
"86886",2,"नघोलिने","indissoluble | insoluble","जुन चाहिँ कुनै द्रव पदार्थमा घोलिँदैन","(of a substance) incapable of being dissolved"
"86893",2,"टुङ्गिएको | समाधानित | सुल्झिएको | हल भएको","resolved | solved","जसको समाधान भएको छ","explained or answered"
"86894",2,"असमाधानित | नसुल्झिएको","unresolved | unsolved","जसको समाधान गरिएको छैन","not solved"
"86898",2,"अनेक | अनेकानेक | एकाधिक | कैयौं | तमाम | नाना | विविध","several","एकभन्दा बढी","(used with count nouns) of an indefinite number more than 2 or 3 but not many"
"86905",2,"प्रत्येक | सबै","every","धेरै जनामा  वा जति छन्  त्यसबाट प्रत्येकजना","(used of count nouns) each and all of the members of a group considered singly and without exception"
"86912",2,"दुनियादार | व्यवहार कुशल | व्यवहारी","worldly-wise","जे व्यवहार गर्नमा कुशल छ","experienced in and wise to the ways of the world"
"86917",2,"सरल | सीधा | सीधा-सादा | सोझो","ingenuous | innocent","जो एकदम सिधा-सादा छ:आजभोलि सोझो मान्छेलाई बुद्धू ठानिन्छ","lacking in sophistication or worldliness"
"86930",2,"कठरो | दरो | बलियो | सारो","solid | strong | substantial","जुनचाहिँ दह्रो हुन्छ:सगुनका काठले बनिएका फर्निचरहरू दरा हुन्छन्","of good quality and condition; solidly built"
"86933",2,"सडियल","decayed | rotted | rotten","सडेको(अनाज)","damaged by decay; hence unsound and useless"
"86956",2,"ओजस्वी | कान्तिवान् | तेजवन्त | तेजवान | तेजस्वी","ebullient | exuberant | high-spirited","जसमा तेज छ","joyously unrestrained"
"86958",2,"ढीठ | दुःसाहसी | दुस्साहसी","impertinent | irreverent | pert | saucy","अनुचित वा आवश्यकता भन्दा धेरै साहस गर्ने","characterized by a lightly pert and exuberant quality"
"86959",2,"जिउँदो | जीवन्त","lively | racy","जिउँदो","full of zest or vigor"
"86981",2,"अन्तर्वार्ता | मौखिक","oral | unwritten","मुख, वाणी वा उच्चारणसँग सम्बन्ध राख्‍ने","using speech rather than writing"
"86984",2,"कागजको | कागजसम्बन्धी | कागजी","written","कागजमा लेखेको:""उसले न्यायाधीशको सामु कागजी प्रमाण टक्र्यायो""","set down in writing in any of various ways"
"86989",2,"हस्तलिखित | हातले लेखेका","handwritten","हातले लेखिएको","written by hand"
"86998",2,"टङ्कित | टाइप गरिएको","typed | typewritten","जो टङ्कण-यन्त्रले लेखेको वा मुद्रित गरिएको","written on a typewriter"
"87006",2,"स्वरित","vocalic","जसमा स्वर छ","being or containing or characterized by vowels"
"87037",2,"जर्जर | जीर्ण","rickety | shaky | wobbly | wonky","जुनचाहिँ पूरान भएकाले काममा नआउने","inclined to shake as from weakness or defect"
"87052",2,"अधिकार विषयको | अधिकारिक | आधिकारिक","authoritative | classical | definitive","कुनै अधिकारीद्वारा वा अधिकारपूर्वक भनिएको वा गरिएको","of recognized authority or excellence"
"87075",2,"ताराङ्कित | तारायुक्त | ताराले भरिएको","starry","ताराले भरिएको या जसमा तारा छन्","abounding with or resembling stars"
"87087",2,"कुपोषित","malnourished","जसको ठिकसँगले पोषण भएको छैन","not being provided with adequate nourishment"
"87097",2,"सीधा | सोझो","level | unwavering","भावहीन र उतार चढाव रहित","not showing abrupt variations"
"87125",2,"अरुचिकर | अरोचक | असार | नीरस | फीका | रसहीन | रुचिहीन","dry | juiceless","जे रोचक छैन","lacking interest or stimulation; dull and lifeless"
"87128",2,"प्रशामक | शमक | शान्तिकर | शामक","ataractic | ataraxic | sedative | tranquilising | tranquilizing","जसले शान्त गर्छ","tending to soothe or tranquilize"
"87131",2,"निद्राकोऔषधि | स्वाप","hypnagogic | hypnogogic | somniferous | somnific | soporiferous | soporific","निन्द्रा लगाउने","sleep inducing"
"87160",2,"घुमाउरो | घुमेको | बाङ्गो-टिङ्गो","tortuous | twisting | twisty | voluminous | winding","जसमा घुमाउरो वा बाङ्गो छ","marked by repeated turns and bends"
"87165",2,"सीधा | सोझो","straight","जुन वक्र वा बाङ्गो-टिङ्गो नहुनु:यो बाटो सोझो छ","free from curves or angles"
"87199",2,"कपटी | कुटिल | छली","corrupt | crooked","कुटिलतापूर्ण व्यवहार गर्ने:""कुटिल व्यक्तिको मनको कुरा कसैले पनि जान्न सक्दैन""","not straight; dishonest or immoral or evasive"
"87211",2,"बलियो","strong","NO_GLOSS","having strength or power greater than average or expected"
"87214",2,"दह्रो | बलियो | मोटो","brawny | hefty | muscular | powerful | sinewy","मजबूत शरीरभएको","(of a person) possessing physical strength and weight; rugged and powerful"
"87234",2,"कमजोर | लुलो | शिथिल","flaccid | lax | limp | slack","जसलाई दह्रोगरी बाँधिएको, समातिएको वा कसिएको छैन","lacking in strength or firmness or resilience"
"87257",2,"अधीन","subordinate","जुनचाहिँ कसैको वशमा छ","subject or submissive to authority or the control of another"
"87260",2,"अध्यधीन","dependent | subject","बिलकुल परतन्त्र","being under the power or sovereignty of another or others"
"87271",2,"सत्ताधारी | सत्तारुढ | सत्तारूढ","in","जसले सत्ता प्राप्त गरेको छ","holding office"
"87279",2,"विजयी | विजेता","victorious | winning","पराजित गर्ने","having won"
"87281",2,"असफल | निरर्थक | निष्फल | विफल | व्यर्थ","unsuccessful","जसको कुनै फल वा परिणाम हुँदैन","not successful; having failed or having an unfavorable outcome"
"87283",2,"कुण्ठित | निराश | लज्जित","defeated | disappointed | discomfited | foiled | frustrated | thwarted","NO_GLOSS","disappointingly unsuccessful"
"87299",2,"अपरिपूर्ण | अपर्याप्त | अपूर्ण","deficient | insufficient","जुन आवश्यकताभन्दा कम छ","of a quantity not able to fulfill a need or requirement"
"87307",2,"शकरी | शक्करी","sugary","शक्कर मिलाइएको वा शक्करले बनेको","containing sugar"
"87322",2,"उचो | उच्च","upper","जो जाति, पद, गुण आदिमा माथिल्लो","superior in rank or accomplishment"
"87324",2,"अधम | क्षुद्र | घटिया | निकृष्ट | नीच","humble | low | lowly | modest | small","बिल्कुल निम्न या निकृष्ट कोटिको","low or inferior in station or quality"
"87351",2,"तल्लो | निम्न","inferior","जुनचाहिँ जाति, पद, गुण आदिमा  सानो छ","of low or inferior quality"
"87361",2,"दुष्ट | फटाहा | बदमास | लफङ्गो | लुच्चा","deplorable | execrable | miserable | woeful | wretched","नीच र पाजी","of very poor quality or condition"
"87401",2,"अनुमोदित | समर्थित","endorsed","जसको समर्थन गरिएको छ","formally supported especially by public statement"
"87408",2,"अप्रमाणित | अप्रमित | अप्रमेय | असिद्ध","uncorroborated | unsubstantiated","जो प्रमाणद्वारा सिद्ध हुनसक्दैन","unsupported by other evidence"
"87412",2,"अनवस्थित | अनाथ | अनाश्रित | अपाश्रय | अवलम्बनहीन | अवलम्बहीन | आश्रयहीन | निःसहाय | निरवलम्ब | निराश्रय | निराश्रित | निस्सहाय | बेसहारा","unassisted","जसका कोही सहारा हुँदैनन्","lacking help"
"87437",2,"अचम्मको","amazing | astonishing","NO_GLOSS","surprising greatly"
"87470",2,"क्षमा | छुट | माफ | माफी | मिनाहा","excused","क्षमा गरिएको","granted exemption"
"87479",2,"अध्रुव | अनियत | अनियमित | अनिर्दिष्ट | अनिश्चित","unscheduled","जुन नियत छैन","not scheduled or not on a regular schedule"
"87487",2,"गुलियो | मिठो","sweet","जसमा चिनी वा मह आदिको जस्तो स्वाद हुन्छ:यो फल धेरै गुलियो छ","having or denoting the characteristic taste of sugar"
"87497",2,"फाटेको","off | sour | turned","विकारका कारण एउटा अवस्थाबाट अर्को अवस्थामा पुगेको:""आमा फाटेको दूधले मिठाई बनाउँदै हुनुहुन्छ""","in an unpalatable state"
"87501",2,"असन्दिग्ध | संदेहहीन | सन्देहहीन","unsuspected","जो सन्दिग्ध छैन","not suspected or believed likely"
"87543",2,"समसामयिक","contemporaneous | contemporary","जुनचाहिँ एउटै समयमा भएको छ","occurring in the same period of time"
"87556",2,"पर्याय | पर्यायवाचक | पर्यायवाची | समानार्थक | समानार्थी","synonymous","समान अर्थ राख्‍ने","(of words) meaning the same or nearly the same"
"87564",2,"अनेकार्थ | अनेकार्थक | अनेकार्थी","converse","जसको एउटाभन्दा अधिक अर्थ छ","of words so related that one reverses the relation denoted by the other"
"87580",2,"अग्लो | अल्को | लामो","tall","लामो शरीरको","great in vertical dimension; high in stature"
"87590",2,"पुडके | होचो","short","जुनचाहिँ होचो छ","low in stature; not tall"
"87600",2,"घरपाला | घरेलु | घरैया | पालतु","domestic | domesticated","जसलाई पालन-पोषण गर्न सकिन्छ:गाई एउटा पालतु जनावर हो","converted or adapted to domestic use"
"87610",2,"अदलीबदली | उलटपलट | उल्टापाल्टा | हेरफेर","chaotic | disorderly","जे यताको उता भएको छ अथवा जुनचाहिँ जहाँ वा जस्तो हुनुपर्ने त्यहाँ वा त्यस्तो हुँदैन","completely unordered and unpredictable and confusing"
"87614",2,"छुन सकिने | छुवाछूत चल्ने | स्पर्श गर्न योग्य | स्पृश्‍य","tangible | touchable","स्पर्श गर्ने योग्‍य","perceptible by the senses especially the sense of touch"
"87618",2,"अचल | स्थावर","real","(सम्पत्ति) जसलाई एक ठाउँबाट उठाएर अर्को ठाउँमा लान सकिन्छ","(of property) fixed or immovable"
"87621",2,"चाखिलो | मिठो | स्वादपूर्ण | स्वादयुक्त","tasteful","जसमा स्वाद हुन्छ या जो स्वादले भरिएको हुन्छ","having or showing or conforming to good taste"
"87639",2,"मिठो | राम्रो | स्वादिष्ट | स्वादिष्ठ","delectable | delicious | luscious | pleasant-tasting | scrumptious | toothsome | yummy","जसको स्वाद मिठो छ","extremely pleasing to the sense of taste"
"87651",2,"कढा | चहक","acrid | pungent","जुन चाहिँ गहिरो रङ्गको हुन्छ","strong and sharp"
"87668",2,"करमुक्त | करहीन","tax-exempt | tax-free | untaxed","जसमा कर लागेको हुँदैन या जुन करले मुक्त छ","(of goods or funds) not taxed"
"87670",2,"संयमित","temperate","जसमा संयम छ","not extreme in behavior"
"87718",2,"बाक्लो | मोटो","thick","तलदेखि माथिसम्म एकसमान रूपमा मोटो:टुप्पामा बाक्लो बरफ जमिरहेको छ उसले चिसोबाट बाँच्नका लागि बाक्लो कम्बल ओढेको छ","not thin; of a specific thickness or of relatively great extent from one surface to the opposite usually in the smallest of the three solid dimensions"
"87736",2,"पातलो | पात्लो","fine","जसको मोटाइ वा व्यास कम छ:यो कपडा सारै पातलो छ","thin in thickness or diameter"
"87742",2,"पातल","sleazy","धेरै पातलो (कपड़ा)","of cloth; thin and loosely woven"
"87755",2,"बाक्लो","syrupy | viscous","जुन निकै बाक्लो वा गाढा नभएको:""आमाले आज बाक्लो सब्जी बनाउनुभएको छ""","having a relatively high resistance to flow"
"87764",2,"अचिन्तनीय | अविचारणीय | अविचार्य","unthinkable","जुन विचारणीय छैन या जसमा विचार गर्नु आवश्यक छैन","incapable of being conceived or considered"
"87767",2,"तपस्यारत | ध्याननिष्ठ | ध्यानमग्न","bemused | deep in thought | lost | preoccupied","जो ध्यानमा मग्न छ","deeply absorbed in thought"
"87768",2,"चिन्तनशील | मननशील | विचारशील।","brooding | broody | contemplative | meditative | musing | pensive | pondering | reflective | ruminative","जसले एकोहोरो मनन वा चिन्तन गरिरहन्छ","persistently or morbidly thoughtful"
"87791",2,"सुप्रबन्धित | सुविन्यस्त | सुव्यवस्थित","shipshape | trim | well-kept","राम्ररी व्यवस्थित या जुन राम्ररी विन्यस्त छ","of places; characterized by order and neatness; free from disorder"
"87847",2,"क्लांत | क्लान्त | थकित | थाकेको | परिश्रांत","tired","जो थाकेको छ या थाकेको हुन्छ","depleted of strength or energy"
"87858",2,"अर्ध मृत | आधामरो","drained | knackered","जो आधा मरेको छ या मर्न लागेको छ","very tired"
"87865",2,"अक्लांत | अक्लान्त | नथाक्ने","untired | unwearied | unweary","जुन थाक्दैन","with unreduced energy"
"87867",2,"सहनक्षम | सहनीय | सह्य","bearable | endurable | sufferable | supportable","सहन या खप्न सकिने","capable of being borne though unpleasant"
"87871",2,"नि","impossible | insufferable | unacceptable | unsufferable","जसलाई वा जसमा सङ्कोच हुँदैन","used of persons or their behavior"
"87877",2,"उग्र | कडा","rigid | strict","जसको स्वभाव कमलो छैन:हाम्रा बाउ धेरै कडा स्वभावको हुनुहुन्छ","incapable of compromise or flexibility"
"87894",2,"अदन्त | दन्तहीन | दाँतहीन","toothless","जसको दाँत हुँदैन","lacking teeth"
"87906",2,"छेउको | पल्लो","side","वल्लो-पल्लोसँग सम्बन्धित","located on a side"
"87920",2,"पिँध नभएको","bottomless","जसको तल पिंध हुँदैन","having no bottom"
"87941",2,"रेसा भएका | रेसायुक्‍त","fibrous | hempen","जसमा रेसा हुन्छन्","having or resembling fibers especially fibers used in making cordage such as those of jute"
"87962",2,"विषधर | विषालु","deadly | venomous | virulent","जसमा विष छ (जीव)","extremely poisonous or injurious; producing venom"
"88018",2,"चिन्तामुक्त | चिन्तारहित | चिन्ताहीन | निश्चिन्त","carefree | unworried","जसलाई कुनै चिन्ता छैन","free of trouble and worry and care"
"88024",2,"यथार्थ | सत्य | साँचो","true","जस्तो छ त्यस्तै वा जसमा कुनै प्रकारको बनावट वा ढाकछोप नहोस्:साक्षीले डरले साँचो बयान दिएन","consistent with fact or reality; not false"
"88033",2,"असत्य | झूटो","untrue","जुन असत्यले भरिएको छ:साक्षीको असत्य वयानले गर्दा निर्दोषले फाँसीको सजाय पायो साक्षीको झूटो बोलाइले निर्दोषलाई फाँसीको सजाय भयो","not according with the facts"
"88084",2,"जलमग्न | प्लावित","submerged | submersed | underwater","पानीमा डुबेको वा पानीले भरिएको","beneath the surface of the water"
"88095",2,"रुन्चे","weepy","सानोतिनो कारणले पनि रुने वा पिच्चपिच्च रोइरहने स्वभावको","liable to weep easily"
"88096",2,"अनश्रु | आँसुरहित","dry-eyed | tearless","जसको आँसु आउँदैन","free from tears"
"88111",2,"एकमत | सहमत","agreed | in agreement","जसको राय अरूसँग मिल्छ वा एउटै राय वा मत","united by being of the same opinion"
"88127",2,"अलग | विभक्त | विभाजित","divided","जसको विभाजन भएको छ","separated into parts or pieces"
"88176",2,"ओह्रालो","down | downward","तलतिर जाने","extending or moving from a higher to a lower place"
"88178",2,"सिमसिमे","drizzling","सासानो थोपासित सिमसिम पानी परिरहेको","(of rain) falling lightly in very small drops"
"88202",2,"अग्रगत | प्रगत","ahead | in the lead | leading","अघि बडेको","having the leading position or higher score in a contest"
"88212",2,"पछाडिएको | पश्चगत | प्रतिगत","behind","कसैको पछि गमन गर्ने या जो पछि पर्छ","having the lower score or lagging position in a contest"
"88218",2,"अस्त | अस्तगत | डुब्दो","set","डुबेको","being below the horizon"
"88236",2,"उपयोगी | फाइदाकारी | लाभदायक","useful | utile","जुन कामको हुन्छ:यो नानीहरूका लागि धेरे उपयोगी किताब हो","being of use or service"
"88255",2,"तर्कपूर्ण | तर्कयुक्त | तर्कसङ्गत | युक्तिपूर्ण | युक्तियुक्त","reasoned | sound | well-grounded","जुन तर्कद्वारा पूर्ण छ","logically valid"
"88266",2,"अनमोल | अमूल्य | अमोल | अमोलक | मूल्यातीत","invaluable | priceless","जसको मूल्य लाग्न सक्दैन","having incalculable monetary, intellectual, or spiritual worth"
"88267",2,"अनमोल | अमूल्य | दामी | बहुमूल्य | मूल्यवान","precious","जसको मूल्य धेरै छ","of high worth or cost"
"88276",2,"उपेक्षणीय | उपेक्ष्य","negligible | paltry | trifling","जे चाहिं उपेक्षा गरिन योग्य छ","not worth considering"
"88283",2,"परिवर्तनशील | परिवर्तनीय | परिवर्ती | बदलिँदो","changeable | uncertain | unsettled","जसमा स्वाभाविक रूपले परिवर्तन हुने गर्छ","subject to change"
"88301",2,"रङ्गबिरङ्ग | रङ्गारङ्ग | रङ्गीचङ्गी | रङ्गीबिरङ्गी","various | versatile","अनेक प्रकारको वा किसिम-किसिमको","having great diversity or variety"
"88308",2,"हावा आउने | हावा चल्ने","aired | airy","जसमा हावा आउन-जानका लागि झ्यालहरू छन्","open to or abounding in fresh air"
"88318",2,"अतिक्रमणीय | उल्लङ्घनीय","violable","उल्लङ्घन गर्न योग्य","capable of being violated"
"88324",2,"घातक | नृशंस | बर्बर | हिंसात्मक | हिंस्रक","hot | raging","जसमा अत्याचार छ","characterized by violent and forceful activity or movement; very intense"
"88336",2,"निष्कलङ्क | निष्पाप | पापरहित | पापहीन","impeccant | innocent | sinless","जसले पाप गरेको छैन","free from sin"
"88344",2,"चाक्षुष | दृश्य | दृश्यमान | दृष्टिगोचर | देखिने","seeable | visible","जसको ज्ञान नेत्रद्वारा हुन्छ या जुन देखिन्छ","capable of being seen; or open to easy view"
"88351",2,"अदृश्य","invisible | unseeable","NO_GLOSS","impossible or nearly impossible to see; imperceptible by the eye"
"88353",2,"लुकेको","concealed | hidden | out of sight","NO_GLOSS","not accessible to view"
"88361",2,"गर्भज | जरायुज | पिंडज | पिण्डज","live-bearing | viviparous","जुनचाहिँ गर्भबाटै जरायुमा टाँसिएर उत्पन्न हुन्छ","producing living young (not eggs)"
"88362",2,"अण्डज | डिंबज | डिम्बज | द्विज","oviparous","जसको उत्पत्ति डिम्बाबाट भएको छ","egg-laying"
"88375",2,"अनैच्छिक","involuntary | nonvoluntary | unvoluntary","जो आफ्नो इच्छाले या जानी-बुझी गरिएको हुँदैन बरू अरूको इच्छाले या परिस्थिति आदिका कारण गरिएको हुन्छ","not subject to the control of the will"
"88379",2,"अचाहा | अनपेक्षित | अनभिलषित | अनिच्छित | अनिष्ट | अनीप्सित | अवाञ्छित | नचिताएको","unwilled","जसको इच्छा गरिएको छैन या जो इच्छित होइन","without deliberate volition"
"88381",2,"ऐच्छिक","voluntary","जो आफ्नो इच्छाले गरिएको हो","controlled by individual volition"
"88402",2,"अछेद | अछेद्य | अपरिच्छिन्न | अभेद | अभेदनीय | अभेद्य | अवेध्य | दुर्भेद्य","impregnable | inviolable | secure | strong | unassailable | unattackable","जुन वेध्य छैन या जसको भेदन हुन सक्दैन या भेदन सम्भव हुँदैन","able to withstand attack"
"88406",2,"अनुकाङ्क्षित | अपेक्षित | अभिकाङ्क्षित | अभिप्रेत | अभिमत | अभिलषित | अभिलाषित | अभिवांछित | अभिवाञ्छित | अभीप्सित | अभीष्ट | आकाङ्क्षित | इच्छित | इष्ट | कमनीय | मनोवाञ्छित | वाञ्छनीय | वाञ्छित","craved | desired","जेका लागि इच्छा गरिएको छ","wanted intensely"
"88411",2,"तजनीय | त्याजनीय | त्याज्य | परित्याज्य | वर्ज्य | हेय","abdicable","जो त्याग्ने या छोड्ने योग्य हुन्छ","capable of being discarded or renounced or relinquished"
"88418",2,"असत्कार कृत | असत्कृत","unwelcome | unwished | unwished-for","जसको सत्कार गरिएको छैन:""सर्वप्रथम यहाँ आएका असत्कृत व्यक्तिहरूको सत्कार गर""","not welcome"
"88419",2,"तातो | न्यानो","warm","गर्मी लगाउने वा बढाउने","having or producing a comfortable and agreeable degree of heat or imparting or maintaining heat"
"88424",2,"वातानुकूलित","air-conditioned","वातानुकूलकद्वारा चिसो पारिएको","cooled by air conditioning"
"88491",2,"अनामन्त्रित | अनिमन्त्रित | नबोलाइएका","uninvited","नबोलाइएको","unwelcome and unwanted"
"88498",2,"पन्थे | बिमारी | बिरामी | रुग्न | रोगी","ailing | indisposed | peaked | poorly | seedy | sickly | under the weather | unwell","जो कुनै रोगले पीडित छ","somewhat ill or prone to illness"
"88507",2,"चिनीरोग | डायबिटिक | प्रमेही | मधुमेही","diabetic","जसलाई मधुमेह वा प्रमेह रोग भएको छ","suffering from diabetes"
"88532",2,"थलथले | दलदले | धापिलो","boggy | marshy | miry | mucky | muddy | quaggy | sloppy | sloughy | soggy | squashy | swampy | waterlogged","दलदल वा जसमा दलदल छ","(of soil) soft and watery"
"88546",2,"झरी | वर्खा | वर्षा काल","rainy | showery","वर्षा कालको वा वर्षामा हुने वा वर्षा सम्बन्धी","(of weather) wet by periods of rain"
"88553",2,"सुक्खा | सुख्खा","dry","NO_GLOSS","free from liquid or moisture; lacking natural or normal moisture or depleted of water; or no longer wet"
"88576",2,"सुकेको | सुक्खा","dry","जुनचाहिँ भिजेको वा ढाडिएको हुँदैन:सुक्खा मौसममा छाला खस्रो हुन्छ","lacking moisture or volatile components"
"88579",2,"चक्कादार","wheeled","जसको चक्का हुन्छ","having wheels; often used in combination"
"88590",2,"पुष्टिकारक | पौष्टिक | शक्तिवर्धक","alimental | alimentary | nourishing | nutrient | nutritious | nutritive","बलियो बनाउने:मजदुरहरूलाई पौष्टिक आहार भेटाउन गाह्रो हुन्छ","of or providing nourishment"
"88602",2,"चौडा | फराक | विस्तीर्ण","broad | wide","जसमा चौडाइ हुन्छ:यो बाटो धेरै फराकिलो छ","having great (or a certain) extent from one side to the other"
"88610",2,"साँगुरो | साँघुरो | साङ्ग्रो","narrow","जुन थोरै फराकिलो छ:वाराणसी साँघुरो गल्लीको नगरी हो","not wide"
"88655",2,"उडन नसक्ने","flightless","उडनमा असमर्थ","incapable of flying"
"88659",2,"बेतार","wireless","जसमा तार हुन्छ वा","having no wires"
"88673",2,"अबुझ | अबोध | अविवेकी | विवेकहीन","rattlebrained | rattlepated | scatterbrained | scatty","जुन विवेकी छैन या जसलाई राम्रो-नराम्राको ज्ञान हो","lacking sense or discretion"
"88679",2,"जङ्गली | वन भएको","forested","जहाँ जङ्गल छ","covered with forest"
"88684",2,"जङ्गली | बनैया | वन्य","silvan | sylvan","जङ्गलसम्बन्धी वा जङ्गलको:कतिपय आदिवासी जातिहरू जङ्गलमा बस्ने गर्नाले जङ्गली जीवनसँग अभ्यस्त भइसकेका छन्","relating to or characteristic of wooded regions"
"88702",2,"गुदिलो | गुदीभएको","pulpy | squasy","जसमा गुदी हुन्छ:""आँप,मेवा आदि गुदिलो फल हुन्""","like a pulp or overripe; not having stiffness"
"88707",2,"इहलौकिक | लौकिक | सांसारिक","mundane | terrestrial","यस लोक या यस संसारसित सम्बन्ध राख्‍ने","concerned with the world or worldly matters"
"88727",2,"थोत्रिएको | फुटेको","creaky | decrepit | derelict | flea-bitten | run-down | woebegone","जुनचाहिँ टुटे फुटेको छ","worn and broken down by hard use"
"88735",2,"झुत्रो | थोत्रो | पुरानो | फाटेको","raddled | worn-out","जुनचाहिँ धेरै प्रयोग वा पुरानो हुनाले  फाटेको हुन्छ","used until no longer useful"
"88750",2,"उचित | उत्तम | श्रेष्ठ","creditable","श्रेय दिने वा श्रेष्ठ बनाउने मान्छे","worthy of often limited commendation"
"88753",2,"अनुकरणीय","exemplary | model","जे अनुकरण गर्ने योग्य छ","worthy of imitation"
"88755",2,"सत्कार गरिएको | सत्कृत","honored | honoured","जसको सत्कार गरिएको छ","worthy of honor"
"88762",2,"राम्रो पात्र | सत्पात्र | सुपात्र","valuable | worthful","जुन कुनै काम गर्न योग्य या उपयुक्त छ","having worth or merit or value"
"88825",2,"आवरणहीन | कवचहीन | बोक्रो नभएको","shell-less | unshelled","जसमा कवच वा आवरण हुँदैन","of animals or fruits that have no shell"
"88838",2,"अपुष्प | अपुष्पित | कुसुमरहित | पुष्परहित | पुष्पहीन","flowerless | nonflowering","जो पुष्परहित छ या जसमा पुष्प लागेको छैन","without flower or bloom and not producing seeds"
"88972",2,"अमहेरिक","amharic","अमहेरिकी भाषासित सम्बन्धित वा अमहेरिक भाषाको","related to or characteristic of or written in Amharic"
"89031",2,"प्रतिवर्ष | वर्षेनी | वार्षिक","annual | yearly","जुनचाहिँ प्रतिवर्ष हुन्छ","occurring or payable every year"
"89032",2,"अरमेनियाई | अर्मेनियाई","armenian","अरमेनियासित सम्बनधित वा अरमेनियाको","of or pertaining to Armenia or the people or culture of Armenia"
"89033",2,"अर्ध वार्षिक | छ महिने | षटमासिक","biannual | biyearly | semiannual","छ-छ महिनामा हुने","occurring or payable twice each year"
"89043",2,"साप्ताहिक","weekly","सप्ताहको वा सप्ताह सम्बन्धी","occurring or payable every week"
"89050",2,"दैनिक | प्रत्येक दिन","daily","प्रतिदिनको वा प्रतिदिनसँग  सम्बन्ध राख्‍ने मान्छे","measured by the day or happening every day"
"89243",2,"अक्षीय","axial","अक्षसित सम्बन्धित","of or relating to or resembling an axis of rotation"
"89248",2,"अजरबैजानी","azerbaijani","अजरबैजानसित सम्बन्धित वा अजरबैजानको","of or pertaining to Azerbaijan or the people or culture of Azerbaijan"
"89286",2,"बेलरसी","belarusian","बेलरसको वा बेलरससित सम्बन्धित","of or pertaining to Belarus or to the people or culture of Belarus"
"89310",2,"पैत्त | पैत्तिक","biliary | bilious","पित्तको या पित्तसम्बन्धी","relating to or containing bile"
"89322",2,"जैव | जैविक","biologic | biological","जुनचाहिँ जीव वा जीवनसँग सम्बन्धित छ","pertaining to biology or to life and living things"
"89333",2,"कायिक | दैहिक | सारीरिक","bodily","शरीर वा उसका अङ्गसँग सम्बन्धित","of or relating to or belonging to the body"
"89343",2,"बोत्स्वानी","botswanan","बोत्सवानासित सम्बन्धित वा बोत्सवानाको","of or pertaining to Botswana or the people of Botswana"
"89460",2,"अलौकिक | आधिदैविक | आमुष्मिक | दिव्यलोक | परलोकिय | परलौकिक","celestial | heavenly","परलोकसँग  सम्बन्ध राख्ने","relating to or inhabiting a divine heaven"
"89462",2,"अभिन्यास","cellular","कोशिकासित सम्बन्धित वा कोशिकाको","relating to cells"
"89471",2,"वानप्रस्थी","eremitic | eremitical","जुन वानप्रस्थ आश्रममा प्रवेश गरेको छ:""वानप्रस्थी राजालाई फर्काइ ल्याउन कोशिश गरिँदै छ""","of or relating to or befitting eremites or their practices of hermitic living"
"89485",2,"दिमागी","cerebral","मस्तिष्क सम्बन्धी या मस्तिष्कको","of or relating to the cerebrum or brain"
"89503",2,"कागजको","chartaceous | paperlike | papery","कागजको वा कागजसँग सम्बन्धित","of or like paper"
"89512",2,"रसायनिक | रासायनिक","chemic | chemical","रसायन शास्त्रसित सम्बन्ध राख्‍ने या रसायन","relating to or used in chemistry"
"89542",2,"नगरको | सहरको","civic","नगर वा सहरसँग  सम्बन्धित","of or relating or belonging to a city"
"89560",2,"उपनिवेशिक | औपनिवेशिक","colonial","उपनिवेशसँग सम्बन्धित वा उपनिवेशको","of or relating to or characteristic of or inhabiting a colony"
"89577",2,"वैधानिक | संवैधानिक","constitutional","संविधान वा कुनै संस्थाले नियमहरूसँग सम्बन्ध राख्‍ने","of or relating to a constitution"
"89580",2,"अनन्त विश्वीय | अनन्तलोकीय | ब्रह्माण्डीय","cosmic","जुन ब्रह्माण्डसित सम्बन्धित छ","of or from or pertaining to or characteristic of the cosmos or universe"
"89614",2,"तामे","cupric | cuprous","तामाबाट बनेको","of or containing divalent copper"
"89637",2,"दन्त्य","dental","जसको सम्बन्ध दाँतसँग छ","of or relating to the teeth"
"89663",2,"नाटकीय","dramatic","नाटकसम्बन्धी","pertaining to or characteristic of drama"
"89678",2,"अर्थशास्त्रीय","economic | economical","जुन अर्थशास्त्र-सम्बन्धी","of or relating to an economy, the system of production and management of material wealth"
"89725",2,"स्टोनियाई","estonian","स्टोनियाको वा स्टोनियासित सम्बन्धित","of or pertaining to Estonia or the people or culture of Estonia"
"89864",2,"पौरुषेय | मानवी | मानवीय | मानुषिक","human","जो मानव सम्बन्धी हो","characteristic of humanity"
"89878",2,"आदर्शवादी","ideal | idealistic","आदर्शवादको या आदर्शवाद-सम्बन्धी","of or relating to the philosophical doctrine of the reality of ideas"
"89915",2,"द्वीपी | द्वीपीय","insular","द्वीपसित सम्बन्धित वा द्वीपको","relating to or characteristic of or situated on an island"
"89933",2,"अदालती | न्याय विषयक | न्यायिक","judicial | juridic | juridical","जुन न्यायसित सम्बन्धित छ","relating to the administration of justice or the function of a judge"
"89960",2,"आन्चलिक | स्थानिक | स्थानीय","local","त्यो स्थानको वा त्यस स्थानसँग सम्बन्धित","of or belonging to or characteristic of a particular locality or neighborhood"
"89966",2,"चान्द्र","lunar","जो चन्द्रमाको विचारले वा आधारमा वा त्योसँग सम्बन्धित छ","of or relating to or associated with the moon"
"90027",2,"मिसनरी","missional | missionary","मिसन सम्बन्धी","relating to or connected to a religious mission"
"90176",2,"क्षेत्रीय प्रादेशिक | प्रान्तीय","provincial","जुनचाहिँ प्रदेश स्तरको छ","of or associated with a province"
"90227",2,"विद्यालयी | विद्यालयीय | स्कुली","scholastic","विद्यालयको वा विद्यालयसित सम्बन्धित","of or relating to schools"
"90229",2,"वैज्ञानिक","scientific","विज्ञानको क्षेत्र,प्रक्रिया,सिद्धान्त आदिसित सम्बन्ध राख्‍ने","of or relating to the practice of science"
"90264",2,"सामाजिक","social | societal","समाजसित सम्बन्ध राख्‍ने","relating to human society and its members"
"90338",2,"तकनीक विषयक | प्रविधि | प्राविधिक","technical","प्रविधिको या प्रविधिसम्बन्धी","of or relating to technique"
"90342",2,"प्रौद्योगिक","technical | technological","वैज्ञानिक, व्यावहारिक विषय जुनचाहिँ वैज्ञानिक सिद्धान्तहरूका आधारमा व्यवस्थित छन् त्यससँग सम्बन्धित","of or relating to a practical subject that is organized according to scientific principles"
"90344",2,"थलचर | स्थलबासी","tellurian | telluric | terrene | terrestrial","जुन चाहिं स्थलमा बास गर्छ","of or relating to or inhabiting the land as opposed to the sea or air"
"90349",2,"कालवाचक | कालवाची","temporal","समयको ज्ञान गराउने","of or relating to or limited by time"
"90358",2,"अवधियुक्त | सावधि | सावधिक","terminal","जसमा या जसको कुनै अवधि हुन्छ","relating to or occurring in a term or fixed period of time"
"90377",2,"पेच भएको | पेचताल","threaded","जसमा पेच लागेको वा जडेको हुन्छ","(of bolts or screws) having screw threads"
"90432",2,"वेदीय | वैदिक","vedic","वेदको वा वेदसँग सम्बन्धित","of or relating to the Vedas or to the ancient Sanskrit in which they were written"
"90450",2,"ज्वालामुखीको","volcanic","ज्वालामुखीको वा ज्वालामुखीसँग सम्बन्धी","relating to or produced by or consisting of volcanoes"
"90476",2,"साहित्यिक","literary","साहित्यसम्बन्धी वा साहित्यको","of or relating to or characteristic of literature"
"90491",2,"घिस्रिने | सरीसृप | सर्पी","reptilian","जो घिस्रिएर हिँड्छ:“साँप एउटा घिस्रिने जन्तु हो""","of or relating to the class Reptilia"
"90543",2,"वाणिज्यिक | व्यवसायिक | व्यापारिक","professional","व्यापारको वा व्यापारसँग सम्बन्धित","of or relating to or suitable as a profession"
"90559",2,"गव्य","bovid | bovine","जुन गाईबाट उत्पन्न वा प्राप्त हुन्छ:""दूध, दही आदि गव्य पदार्थ हुन्""","of or relating to or belonging to the genus Bos (cattle)"
"90561",2,"भाषिक","lingual | linguistic","भाषासँग सम्बन्धित वा भाषाको","consisting of or related to language"
"90568",2,"बिहे सम्बन्धी | वैवाहिक","bridal | nuptial | spousal","बिहेसँग सम्बन्धित","of or relating to a wedding"
"90596",2,"आर्थिक | रुपिया | वित्तीय","financial | fiscal","जुन वित्त, धन या द्रव्य-सम्बन्धी हो","involving financial matters"
"90705",2,"महान्गरीय","metropolitan","महान्गर सम्बन्धी वा महान्गरको","relating to or characteristic of a metropolis"
"90766",2,"कम्युनिस्ट | साम्यवादी","communist | communistic","साम्यवादको वा उससित सम्बन्धित","relating to or marked by communism"
"90808",2,"जननेन्द्रीय","genital | venereal","जनन अङ्गसितसम्बन्धित","of or relating to the external sex organs"
"90839",2,"महाद्वीपीय","continental","महाद्वीपसित सम्बन्धित","of or relating to or characteristic of a continent"
"90842",2,"शब्द | शाब्दिक","lexical","शब्द सम्बन्धी या शब्दको","of or relating to words"
"90851",2,"समुद्री","marine","समुद्रसम्बन्धी वा समुद्रको","of or relating to the sea"
"90884",2,"बचकना | बचकाना","juvenile","बच्चाको योग्य","of or relating to or characteristic of or appropriate for children or young people"
"90889",2,"स्तनीय | स्तन्य","mammary","स्तनसित सम्बन्धित","of or relating to the milk-giving gland of the female"
"90907",2,"दस्तावेजी","documental | documentary","दस्तावेजको वा दस्तावेज सम्बन्धी","relating to or consisting of or derived from documents"
"90913",2,"वास्तुशिल्पीय","architectural","वास्तुशिल्प या वास्तुशिल्पसित सम्बन्धित","of or pertaining to the art and science of architecture"
"90918",2,"दिमागी | मनः | मानसिक","mental","मनसित सम्बन्धित या मनको या मनमा हुने","of or relating to the mind"
"90919",2,"बुद्धिजीवी","intellectual","जो केवल बुद्धिबलले जीविका उपार्जन गर्छ","of or relating to the intellect"
"90920",2,"संस्कृति-सम्बन्धी | सांस्कृतिक","cultural","संस्कृतिसँग सम्बन्ध राख्‍ने मान्छे","of or relating to the arts and manners that a group favors"
"90955",2,"प्रशासनिक","administrative","प्रशासन या राज्य प्रबन्ध सम्बन्धी","of or relating to or responsible for administration"
"90967",2,"मनोविज्ञान | मनोविज्ञानी","psychological","मनोविज्ञान  जान्ने","of or relating to or determined by psychology"
"91062",2,"केथोलिक","catholic","केथोलिक मतसित सम्बन्धित वा केथोलिक सम्बन्धित","of or relating to or supporting Catholicism"
"91100",2,"अमरिकाको | अमेरिकी","american","अमेरिकाको वा अमेरिका-सम्बन्धी","of or relating to the United States of America or its people or language or culture; ""American citizens""; ""American English""; ""the American dream"""
"91104",2,"भारतीय | हिन्दुस्थानी","indian","भारतको वा भारतसँग सम्बन्ध राख्‍नेवाला","of or relating to or characteristic of India or the East Indies or their peoples or languages or cultures; ""the Indian subcontinent""; ""Indian saris"""
"91105",2,"उत्तरीअमरीकी | उत्तरीअमेरिकी","north american","उत्तरी अमरीकासित सम्बन्धित वा उत्तरी अमरीकाको","of or pertaining to or characteristic of the continent or countries of North America or their peoples"
"91106",2,"दक्षिणी-अमरीकी | दक्षिणी-अमेरिकी | दक्षिणी अमरीकी | दक्षिणी अमेरिकी | दक्षिणीअमरीकी | दक्षिणीअमेरिकी","south american","दक्षिणीअमरीका सम्बन्धित वा दक्षिणीअमरीकाको","of or pertaining to or characteristic of the continent or countries of South America or their peoples"
"91107",2,"दक्षिण अफ्रिकासम्बन्धी | दक्षिण अफ्रिकी","south african","दक्षिण अफ्रिकासित सम्बन्धित वा दक्षिण अफ्रिकाको","of or pertaining to or characteristic of South Africa or its people"
"91109",2,"उपोष्णकटिबंधीय | उपोष्णकटिबन्धीय","semitropic | semitropical | subtropic | subtropical","उपोष्णकटिबन्धसित सम्बन्धित या उपोष्णकटिबन्धको","of or relating to or characteristic of conditions in the subtropics"
"91112",2,"विषुवतीय","equatorial","विषुवत् रेखासित सम्बन्धित वा विषुवत् रेखाको","of or relating to or at an equator"
"91150",2,"उदरीय | पेटको | पेटे | भुँडीको","abdominal","उदरसित सम्बन्धित","of or relating to or near the abdomen"
"91157",2,"आँत्रीय","enteral | enteric | intestinal","जो आँतसम्बन्धी हो","of or relating to or inside the intestines"
"91160",2,"विशेषण","adjectival | adjective","NO_GLOSS","of or relating to or functioning as an adjective"
"91190",2,"प्रयोगात्मक | प्रायोगिक","experimental","प्रयोगसम्बन्धी","relating to or based on experiment"
"91192",2,"घरेलु | पारिवारिक","familial","जुन परिवारसम्बन्धी छ:पारिवारिक कलहका कारण उनको घर स्वाहा भयो","relating to or having the characteristics of a family"
"91197",2,"अफ्रिकी","african","अफ्रिका सम्बन्धित वा अफ्रिकाको","of or relating to the nations of Africa or their peoples"
"91231",2,"अद्वैत | परमतत्त्‍व | ब्रह्‍म।","monistic","जसको सम्बन्ध अद्वैतवादसँग छ","of or relating to the philosophical doctrine of monism"
"91266",2,"प्रोटेस्टेन्ट","protestant","प्रोटेस्टेन्ट मतसम्बन्धी वा प्रोटेस्टेन्टको","of or relating to Protestants or Protestantism"
"91300",2,"फ्रान्सीसी | फ्रान्सेली | फ्रेन्च","french | gallic","फ्रान्ससित सम्बन्धित वा फ्रान्सका","of or pertaining to France or the people of France; ""French cooking""; ""a Gallic shrug"""
"91303",2,"पुर्तगाली","lusitanian","पुर्तगाली भाषाको वा पुर्तगाली भाषासित सम्बन्धित","of or relating to or characteristic of the region of Lusitania or its people or language"
"91304",2,"पुर्तगाली","lusitanian | portuguese","पुर्तगालसित सम्बन्धित वा पुर्तगालको","of or relating to or characteristic of Portugal or the people of Portugal; ""Portuguese wines"""
"91307",2,"फिनल्यान्डी | फिनिस","finnish","फिनल्यान्डसित सम्बन्धित वा फिनल्यान्डको","of or relating to or characteristic of Finland or the people of Finland; ""Finnish architecture"""
"91310",2,"स्केन्डिनेवियाई","norse | scandinavian","स्केन्डिनेवियाको वा स्केन्डिनेवियासित सम्बन्धित","of or relating to Scandinavia or its peoples or cultures"
"91311",2,"डेनमार्की","danish","डेनमार्कको वा डेनमार्कसित सम्बन्धित","of or relating to or characteristic of Denmark or the Danes; ""Danish furniture"""
"91312",2,"बेल्जियन | बेल्जियमी","belgian","बेल्जियमसित सम्बन्धित","of or relating to or characteristic of Belgium or the Belgian people; ""the Belgian Queen"""
"91313",2,"डच","dutch","नेदरल्यान्डको वा नेदरल्यान्डसित सम्बन्धित","of or relating to the Netherlands or its people or culture; ""Dutch painting""; ""Dutch painters"""
"91315",2,"स्विट्जरल्यान्डी","swiss","स्विट्जरल्यान्डसित सम्बन्धित वा स्विट्जरल्यान्डको","of or relating to Switzerland or its people or culture; ""the Swiss army"""
"91321",2,"युगोस्लावियाई","yugoslav | yugoslavian","युगोस्लावियाको वा उससित सम्बन्धित","of or relating to or characteristic of the former country of Yugoslavia or its people or languages"
"91327",2,"मोलडोवाई | मोल्डोवाई","moldovan","मोल्डोवासित सम्बन्धित वा मोल्डोवाको","of or relating to or characteristic of Moldova or its people or culture"
"91331",2,"युक्रेनी","ukrainian","युक्रेनसित सम्बन्धित वा युक्रेनको","of or relating to or characteristic of Ukraine or its people or culture"
"91337",2,"बोसनियाई","bosnian","बोसनियासित सम्बन्धित वा बोसनियाको","of or relating to or characteristic of Bosnia-Herzegovina or the people of Bosnia"
"91346",2,"चिलियन","chilean","चिली देशसित सम्बन्धित वा चिली देशको","of or relating to or characteristic of Chile or its people; ""Chilean volcanoes"""
"91348",2,"एक्वाडोरी","ecuadorian","एक्वाडोरसित सम्बन्धित वा एक्वाडोरको","of or relating to or characteristic of Ecuador or its people; ""Ecuadorian folklore"""
"91351",2,"ब्राज़ील-सम्बन्धी | ब्राजेली","brazilian","ब्राजिल सम्बन्धित वा ब्राजिलको","of or relating to or characteristic of Brazil or the people of Brazil"
"91352",2,"अर्जेन्टिनाई | अर्जेन्टिनी","argentine | argentinian","अर्जेन्टिनासित सम्बन्धित वा अर्जेन्टिनाको","of or relating to or characteristic of Argentina or its people; ""Argentinian tango"""
"91353",2,"पराग्वेयन | पराग्वेयी","paraguayan","पराग्वेसित सम्बन्धित वा पराग्वेको","of or relating to or characteristic of Paraguay or its people"
"91354",2,"उरुग्वे-सम्बंधी | उरुग्वेयन","uruguayan","उरुग्वेसित सम्बन्धित वा उरुग्वेको","of or relating to or characteristic of Uruguay or its people"
"91355",2,"बोलिविआई | बोलिवियाई | बोलिवियाली","bolivian","बोलिवियासित सम्बन्धित वा बोलिवियाको","of or relating to or characteristic of Bolivia or its people"
"91356",2,"कोलम्बी","colombian","कोलम्बियासित सम्बन्धित वा कोलम्बियाक","of or relating to or characteristic of Colombia or its people; ""Colombian drug dealers"""
"91360",2,"युरोपियन | युरोपीय | युरोपेली","european","युरोपको वा युरोपसित सम्बन्धित","of or relating to or characteristic of Europe or the people of Europe"
"91361",2,"एसियाली","asian | asiatic","एसियासित सम्बन्धित वा एसियाको","of or relating to or characteristic of Asia or the peoples of Asia or their languages or culture"
"91362",2,"कम्पुचियन | कम्पुचियाई | कम्बोडियन | कम्बोडियाई","cambodian | kampuchean","कम्बोडिया वा कम्पुचियाको वा कम्बोडिया वा कम्पुचिया देशसित सम्बन्धित","of or relating to or characteristic of Cambodia or its people or language"
"91364",2,"हाँडुरसी | होन्डुरसी","honduran","हाँडुरसित सम्बन्धित वा हाँडुरसको","of or relating to or characteristic of Honduras or its people"
"91365",2,"एल सल्वाडोरी | सल्वाडोरी","salvadoran | salvadorean","एल सल्वाडोरसित सम्बन्धित वा एल सल्वाडोरको","of or relating to or characteristic of El Salvador or its people; ""Salvadoran coffee""; ""Salvadoran guerillas"""
"91366",2,"क्युबन | क्युबाई","cuban","क्युबासित सम्बन्धित वा क्युबाको","of or relating to or characteristic of Cuba or the people of Cuba; ""Cuban rum"""
"91382",2,"इन्डोनेसियन | इन्डोनेसियाई","indonesian","इन्डोनेसियाको वा इन्डोनेसियासित सम्बन्धित","of or relating to or characteristic of Indonesia or its people or languages"
"91418",2,"अल्जिरेली | अल्जेरियाई","algerian","अल्जिरियासित सम्बन्धित वा अल्जिरियाको","of or relating to or characteristic of Algeria or its inhabitants; ""Algerian towns"""
"91419",2,"एन्डोरी","andorran","एन्डोराको वा एन्डोरासित सम्बन्धित","of or relating to or characteristic of Andorra or its people; ""the Andorran hills"""
"91450",2,"कनाडाई | कनेडियन","canadian","कनाडाको वा कनाडासित सम्बन्धित","of or relating to Canada or its people"
"91468",2,"आयामयुक्त | आयामी","dimensional","जसमा आयाम हुन्छ या जे आयामले युक्त छ","of or relating to dimensions"
"91476",2,"जिउँदो","organic","जीवित प्राणीहरूसँग सम्बन्धित","of or relating to or derived from living organisms"
"91488",2,"देशी | देशीय | राष्ट्रिय","national","NO_GLOSS","of or relating to or belonging to a nation or country"
"91489",2,"राष्ट्रीयता सम्बन्धी","national","जुन राष्ट्रीयतासित सम्बन्धित छ:""तपाईँका राष्ट्रीयतासम्बन्धी धारणा केही हदसम्म सही छन्""","of or relating to nationality"
"91490",2,"राष्ट्रीय","national","राष्ट्रको वा राष्ट्र सँग सम्बन्धित","characteristic of or peculiar to the people of a nation"
"91506",2,"तुलनात्मक","comparative","तुलनाका विचारले हुने वा गरिने","relating to or based on or involving comparison"
"91507",2,"कलात्मक | कलापूर्ण | कलामय","artistic","जुनचाहिँ कलाले पूर्ण छ","relating to or characteristic of art or artists"
"91557",2,"तीनमहिने | त्रैमासिक","quarterly","प्रत्येक तीन महिनामा वा तेस्रो महिनामा हुने","of or relating to or consisting of a quarter"
"91567",2,"समाजवादी","socialist | socialistic","समाजवाद सम्बन्धी","of or relating to or promoting or practicing socialism"
"91592",2,"अङ्ग्रेजी | इङ्गलिस्तानी","english","इङ्ल्यान्डसित सम्बन्धित वा इङ्ल्यान्डको","of or relating to or characteristic of England or its culture or people"
"91593",2,"अङ्ग्रेजी","english","अङ्ग्रेजी भाषासित सम्बन्धित वा अङ्ग्रेजी भाषाको","of or relating to the English language"
"91594",2,"आयरल्यान्डी","irish","आयरल्यान्डसित सम्बन्धित","of or relating to or characteristic of Ireland or its people"
"91600",2,"मइन | मैन","waxen | waxy","मैनले बनेको","made of or covered with wax"
"91608",2,"हिलाको | हिले","alluvial","जलद्वारा बाहिर ल्याएको (माटो):""यो क्षेत्र हिले माटोले बनेको छ""","of or relating to alluvium"
"91612",2,"लोक हितैषी | लोकोपकारी","philanthropic","जनता या मानिसको हित या उपकार गर्ने","of or relating to or characterized by philanthropy"
"91683",2,"ग्रिक | युनानी","grecian | greek | hellenic","जो युनानसित सम्बन्धित छ या युनान देशको हो","of or relating to or characteristic of Greece or the Greeks; ""Greek mythology""; ""a Grecian robe"""
"91693",2,"अधिशासी","executive","जो प्रधान कार्यकारी या शासकसित सम्बद्ध छ","having the function of carrying out plans or orders etc."
"91718",2,"भू-गोलीय | भूगोलीय | भौगोलिक","geographic | geographical","भूगोलसम्बन्धी वा भूगोलको","of or relating to the science of geography"
"91735",2,"युरेसियाई","eurasian | eurasiatic","युरेसियाको वा युरेसियासित सम्बन्धित","relating to, or coming from, Europe and Asia"
"91736",2,"मोरक्कली","maroc | moroccan","मोरक्कोसित सम्बन्धित वा मोरक्कोको","of or relating to or characteristic of Morocco or its people; ""Moroccan mosques cannot be entered by infidels"""
"91750",2,"मेक्सिकेली","mexican","मेक्सिको सम्बन्धित वा मेक्सिकोको","of or relating to Mexico or its inhabitants; ""Mexican food is hot"""
"91855",2,"अङ्गोलन | अङ्गोली","angolan","अङ्गोलासित सम्बन्धित वा अङ्गोलाको","of or relating to or characteristic of Angola or its people; ""the Angolan Civil War"""
"91860",2,"एन्टिगुआई","antiguan","एन्टिगुआसित सम्बन्धित वा एन्टिगुआको","of or relating to or characteristic of Antigua or its people; ""Antiguan islands"""
"91866",2,"अरबी","arabian","अरबको","relating to or associated with Arabia or its people"
"91874",2,"अस्ट्रेलियाई","australian","अस्ट्रेलियासित सम्बन्धित वा अस्ट्रेलियाको","of or relating to or characteristic of Australia or its inhabitants; ""Australian deserts""; ""Australian aborigines"""
"91875",2,"बहमाई | बहमी","bahamian","बहामाको वा बहामासित सम्बन्धित","of or relating to or characteristic of the Bahama Islands or their inhabitants; ""Bahamian population"""
"91887",2,"बेनिनी","beninese","बेनिनसित सम्बन्धित वा बेनिनको","of or relating to or characteristic of Benin or its people; ""Benin bronzes"""
"91889",2,"भुटानी","bhutanese","भुटानको वा भुटानसित सम्बन्धी","of or pertaining to or characteristic of Bhutan or its people or culture or language; ""Bhutanese Buddhists"""
"91911",2,"बुलगारियाई | बुल्गारियाई","bulgarian","बुल्गारियाको वा बुल्गारियासित सम्बन्धित","of or relating to or characteristic of Bulgaria or its people; ""the Bulgarian capital is Sofia"""
"91913",2,"अफसरी","bureaucratic","अफसरसित सम्बन्धित","of or relating to or resembling a bureaucrat or bureaucracy"
"91916",2,"बुरेन्डी","burundi | burundian","बुरेन्डीसित सम्बन्धित वा बुरेन्डीको","of or relating to or characteristic of Burundi or its people; ""the Burundi capital"""
"91926",2,"केटेलनी","catalan","केटेलन भाषाको वा केटेलन भाषासित सम्बन्धित","relating to or characteristic of the Catalan language"
"91931",2,"चाडसम्बन्धी | चाडी","chadian","चाडसित सम्बन्धित वा चाडको","of or relating to or characteristic of the Republic of Chad or its people or language; ""the Chadian desert""; ""Chad soldiers""; ""Chadian folktales"""
"91948",2,"क्रिओल | क्रियोल","creole","क्रिओल भाषासित सम्बन्धित वा क्रिओल भाषाको","of or relating to a language that arises from contact between two other languages and has features of both"
"91956",2,"साइप्रसी","cyprian | cypriot | cypriote","साइप्रससित सम्बन्धित वा साइप्रसक","of or relating to Cyprus or its people or culture; ""Cypriot expatriates""; ""Cypriote monasteries"""
"91964",2,"विभागीय","departmental","कुनै विभाग सम्बन्धी","of or relating to a department"
"91973",2,"अनुशासनिक","disciplinary","अनुशासन सम्बन्धी","relating to discipline in behavior"
"91979",2,"डोमिनिकन | डोमिनिकी","dominican","डोमिनिकासित सम्बन्धित वा डोमिनिकाको","of or relating to Saint Dominic or the Dominican order"
"91993",2,"एरिट्रियाई","eritrean","एरिट्रियासित सम्बन्धित वा एरिट्रियाको","of or relating to or characteristic of Eritrea or its people; ""Eritrean civil war"""
"91994",2,"इथोपियाली","ethiopian","इथोयोपियासित सम्बन्धित वा इथोयोपियाको","of or relating to or characteristic of Ethiopia or its people or languages; ""Ethiopian immigrants"""
"92000",2,"दैववादी | प्रारब्धवादी | भाग्यवादी","fatalist | fatalistic","भाग्य को महत्व देनेवाला या भाग्य पर ही आश्रित रहनेवाला","believing in or inclined to fatalism"
"92003",2,"फिलिपिनी | फिलिपिनो","filipino | philippine","फिलिपिन्सको वा फिलिपिन्ससित सम्बन्धित","of or relating to or characteristic of the Philippines or its people or customs; ""the Philippine President""; ""our Filipino cook"""
"92006",2,"गबुन | गवोनी","gabonese","गावासित सम्बन्धित वा गाबाको","of or relating to Gabon or its inhabitants; ""Gabonese hills""; ""Gabonese writers"""
"92008",2,"गाम्बिआई | गाम्बियन | गाम्बेली","gambian","गाम्बियासित सम्बनधित वा गाम्बियाको","of or relating to or characteristic of Gambia or its inhabitants; ""Gambian game parks"""
"92015",2,"घानाई | घानाली","ghanaian | ghanese | ghanian","घानासित सम्बन्धित वा घानाको","of or relating to or characteristic of Ghana or its people or language; ""Ghanaian cocoa production"""
"92029",2,"ग्रेनाडियन | ग्रेनेडी","grenadian","ग्रेनेडासित सम्बन्धित वा ग्रेनेडाको","of or relating to or characteristic of Grenada or its inhabitants; ""the Grenadian capital"""
"92031",2,"गौटमालन | गौटेमालन | गौटेमाली","guatemalan","गौटेमालासित सम्बन्धित वा गौटेमालाको","of or relating to or characteristic of Guatemala or its residents; ""Guatemalan coffee"""
"92032",2,"गुयनाई | गुयानाई | गुवानी","guinean","गुयानासित सम्बन्धित वा गुयानाको","of or relating to or characteristic of Guinea or its inhabitants; ""Guinean borders"""
"92035",2,"हैती | हैती-सम्बन्धी","haitian","हैतीसित सम्बन्धित वा हैटीको","of or relating to or characteristic of the republic of Haiti or its people; ""Haitian shantytowns"""
"92051",2,"आइसल्यान्डी","icelandic","आइसल्यान्डसित सम्बन्धित वा आइसल्यान्डको","of or relating to Iceland or its people or culture and language; ""Icelandic ports""; ""the Icelandic president is a woman""; ""Icelandic sagas"""
"92058",2,"इराकी","iraki | iraqi","इराक देशसित सम्बन्धित या इराक देशको","of or relating to Iraq or its people or culture; ""Iraqi oil""; ""Iraqi terrorists"""
"92064",2,"जमैकी","jamaican","जमैका सम्बन्धित वा जमैकाको","of or relating to Jamaica   (the island or the country) or to its inhabitants; ""Jamaican rum""; ""the Jamaican Prime Minister"""
"92065",2,"जावाई","javan | javanese","जावा द्वीपको वा जावा द्वीपसित सम्बन्धित","of or relating to or characteristic of Java or its inhabitants"
"92075",2,"किनियाई | केन्यायी","kenyan","केन्यासित सम्बन्धित वा केन्याको","of or relating to or characteristic of Kenya or its people; ""Kenyan mountains"""
"92082",2,"लाओ | लाओसियन","laotian","लाओससित सम्बन्धित वा लाओसको","of or relating to Laos or its people; ""the Laotian Prime Minister""; ""Laotian refugees"""
"92093",2,"लिबेरिआई | लिबेरिया-सम्बन्धी | लिबेरियाई | लिबेरियाली","liberian","लिबेरियासित सम्बन्धी वा लिबेरियाको","of or relating to Liberia or its people; ""Liberian ship owners"""
"92094",2,"लिबियन | लिबियाई | लिबियायी","libyan","लिबियाको वा लिबियासित सम्बन्धित","of or relating to Libya or its people; ""the Libyan desert""; ""Libyan terrorists"""
"92099",2,"लक्समबर्गी","luxemburger","लक्समबर्गसित सम्बन्धित वा लक्समबर्गको","of or relating to or characteristic of the grand duchy of Luxemburg or its people"
"92101",2,"मकदुनियाई | मेसीडोनियाई","macedonian","मकदुनियासित सम्बन्धित वा मकदुनियाको","of or relating to Macedonia or its inhabitants; ""Macedonian hills"""
"92103",2,"मडगास्करी","madagascan","मडगास्करसित सम्बन्धित वा मडगास्करको","of or relating to Madagascar or its people"
"92118",2,"झिल्लित | झिल्लीयुक्त","membranous","जसमा झिल्ली छ","relating to or made of or similar to a membrane"
"92126",2,"दुधालु","milch","जसले दुध दिन्छ","giving milk; bred or suitable primarily for milk production"
"92128",2,"खनिज","mineral","खानीबाट खनेर निकालिएको","relating to minerals"
"92139",2,"नामिबिया-सम्बन्धि | नामिबियाई","namibian","नामिबियासित सम्बन्धित वा नामिबियाको","of or relating to Namibia or its people"
"92152",2,"निकारगुआई","nicaraguan","निकारगुआसित सम्बन्धित वा निकारगुआको","of or relating to Nicaragua or is people; ""Nicaraguan earthquakes"""
"92158",2,"नाइट्रोजनीय","nitrogen-bearing | nitrogenous","NO_GLOSS","of or relating to or containing nitrogen"
"92184",2,"पाकिस्तानी","pakistani","पाकिस्तानसम्बन्धी वा पाकिस्तानको","of or relating to Pakistan or its people or language; ""Pakistani mountain passes""; ""Pakistani soldiers"""
"92199",2,"प्रायद्वीपीय","peninsular","प्रायद्वीपका वा प्रायद्वीपसँग सम्बन्धित","of or forming or resembling a peninsula"
"92292",2,"रवान्डाई | रवान्डी","ruandan | rwandan","रवान्डा सम्बन्धित वा रवान्डाको","of or pertaining to Rwanda; ""Rwandan mountains"""
"92313",2,"सिनेगली | सिनेगलीस","senegalese","सिनेगलसित सम्बन्धित वा सिनेगलको","of or relating to or characteristic of Senegal or its people; ""Senegalese villages""; ""Senegalese herdsmen"""
"92316",2,"सेसिल्जी | सेसिल्सी","seychellois","सेसिल्ससित सम्बन्धित वा सेसिल्सको","of the Seychelles or their people; ""Seychellois fishermen"""
"92317",2,"थाई | साइमिस | सायमिस","siamese | tai","थाइल्यान्डको वा उससित सम्बन्धित","of or relating to Thailand"
"92318",2,"थाई | साइमिस | सायमिस","siamese | tai","थाई भाषासित सम्बन्धित","of or relating to the languages of the Thai people"
"92319",2,"थाइल्यान्डी | थाई","siamese | tai | thai","थाइल्यान्डमा बस्ने","of or relating to or characteristic of Thailand or its people; ""Siamese kings""; ""different Thai tribes live in the north"""
"92321",2,"सिएरा लिओनी","sierra leonean","सिएरा लिओनेसित सम्बन्धित वा सिएरा लिओनेको","of or relating to Sierra Leone or its people; ""Sierra Leonean politics"""
"92325",2,"सिंहली","singhalese | sinhala | sinhalese","सिंहली भाषासम्बन्धी वा सिंहली भाषाको","of or relating to the Sinhalese languages"
"92326",2,"श्रीलङ्काई | सिंहली","ceylonese | sri lankan","सिंहल द्वीपको वा सिंहल द्वीपसित सम्बन्धित","of or relating to Sri Lanka  (formerly Ceylon) or its people or culture; ""Sri Lankan beaches""; ""Sri Lankan forces fighting the Sinhalese rebels"""
"92330",2,"सोमालिया-सम्बन्धी | सोमाली","somali | somalian","सोमालियासित सम्बन्धित वा सोमालियाको","of or relating to the African republic of Somalia or its people or their language and culture; ""Somali coffee is excellent"""
"92343",2,"सुडान-सम्बन्धी | सुडानी","sudanese","सुडानसित सम्बन्धित वा सुडानको","of or relating to or characteristic of the African Republic of the Sudan or its people; ""the Sudanese desert"""
"92346",2,"स्वाजि","swazi","स्वाजिल्यान्डसित सम्बन्धित वा स्वाजिल्यान्डको","of or relating to or characteristic of Swaziland or its people or their language"
"92354",2,"तान्जानियायी","tanzanian","तानान्जानियासित सम्बन्धित वा तान्जानियाको","of or relating to the republic of Tanzania or its people"
"92373",2,"टोगोलिज","togolese","टोगोसित सम्बन्धित वा टोगोको","of or relating to the African country of Togo or its people; ""the Togolese capital"""
"92385",2,"ट्युनिसियाई","tunisian","ट्युनिसियासित सम्बन्धित वा ट्युनिसियाको","of or relating to Tunisia or its inhabitants; ""Tunisian archeological sites"""
"92386",2,"ट्युनिसियन | ट्युनिसियाई","tunisian","ट्युनिस शहरसित सम्बन्धित वा ट्युनिस शहरको","of or relating to the city of Tunis or its residents"
"92389",2,"युगान्डी","ugandan","युगान्डासित सम्बन्धित वा युगान्डाको","of or relating to or characteristic of Uganda or its people; ""Ugandan game parks"""
"92417",2,"जाम्बियाई","zambian","जाम्बियासित सम्बन्धित वा जाम्बियाको","of or relating to or characteristic of Zambia or its people"
"92418",2,"न्युजिल्यान्डी","new zealander","न्युजिल्यान्डसित सम्बन्धित वा न्युजिल्यान्डको","of or relating to or characteristic of New Zealand or its people; ""New Zealander sheep farms"""
"92420",2,"जिम्बाब्ली | जिम्बाब्वेयाई","zimbabwean","जिम्बाब्वेसित सम्बन्धित वा जिम्बाब्वेको","of or relating to or characteristic of Zimbabwe or its people"
"92423",2,"मण्डलीय | सम्भागीय","zonal | zonary","मण्डलसित सम्बन्धी","relating to or of the nature of a zone"
"92466",2,"अस्थि निर्मित | अस्थिनिर्मित | अस्थिमय","bony | osseous | osteal","जसको निर्माण अस्थिले भएको छ या हड्डीको हो","composed of or containing bone"
"92491",2,"जातीय","racial","जो जाति सम्बन्धी छ","of or related to genetically distinguished groups of people"
"92568",2,"उत्पन्न भएको | जन्य | सिर्जिएको","produced","कसैका कारण हुने वा कसैद्वारा उत्पन्न गरिएको","that is caused by"
"92587",2,"अपहारित | अपहृत | थुनिएको","abducted | kidnaped | kidnapped","जसको अपहरण गरिएको छ","(of persons) seized and detained unlawfully, often for ransom"
"92637",3,"सास फेर्नु","breathe | respire | suspire | take a breath","NO_GLOSS","draw air into, and expel out of, the lungs"
"92644",3,"डकार्नु","belch | bubble | burp | eruct","भुँडीको हावा शब्दका साथ मुखबाट निस्किनु:खाना राम्ररी नपच्नाका कारण हजुरबा धेरै डकार्दै हुनुहुन्छ","expel gas from the stomach"
"92646",3,"बाडुली लाग्‍नु","hiccough | hiccup","बाडुली लाग्नु","breathe spasmodically, and make a sound"
"92651",3,"छिंक्नु | हाछ्यु","sneeze","हाछ्यु आउनु:सर्दीले गर्दा मोहन वारम्बार हाछ्यु गर्दै छन्","exhale spasmodically, as when an irritant entered one's nose"
"92653",3,"स्याँस्याँ गर्नु","gasp | heave | pant | puff","परिश्रम, दौड आदिको कारण जोड-जोड र छिटो-छिटो सास फेर्नु","breathe noisily, as when one is exhausted"
"92654",3,"खोक्नु","cough","NO_GLOSS","exhale abruptly, as when one has a chest cold or congestion"
"92656",3,"खकार्नु","cough out | cough up | expectorate | spit out | spit up","घाँटीबाट बल गरेर कफ बाहिर निकाल्‍नु","discharge (phlegm or sputum) from the lungs and out of the mouth"
"92660",3,"फुक्नु","blow","अलिकति मुख खोलेर हावा बाहिर निकाल्नु","exhale hard"
"92662",3,"हाई काढनु","yawn","अल्छि वा निन्द्राका कारणले स्वाभाविक रूपमा मुख खोलिनु","utter a yawn, as from lack of oxygen or when one is tired"
"92696",3,"कम्पनहुनु | कम्पित हुनु | काम्नु | थर-थर गर्नु | थरथराउनु","shiver | shudder","शरीरमा एक प्रकारको चिसोपना महसुस गर्नु","shake, as from cold"
"92699",3,"विश्रामगर्नु | सुत्नु | सुत्‍नु","catch some z's | kip | log z's | sleep | slumber","NO_GLOSS","be asleep"
"92701",3,"उङनु","doze | drowse | snooze","आँका चिम्लनु","sleep lightly or for a short period of time"
"92711",3,"घुर्नु | नाक बजाउनु","saw logs | saw wood | snore","सुत्दा नाकबाट आवाज निकाल्नु","breathe noisily during one's sleep"
"92718",3,"उठ्नु | ब्युझनु | ब्युझिनु","arouse | awake | awaken | come alive | wake | wake up | waken","निन्द्रा छोडेर उठ्नु:म आज बिहान सात बजे उठेँ","stop sleeping"
"92719",3,"उठ्नु | जाग्नु","arouse | awaken | rouse | wake | wake up | waken","NO_GLOSS","cause to become awake or conscious"
"92763",3,"मुसुक्कहाँस्नु | मुसुमुसुगर्नु | मुस्काउनु | मुस्कुराउनु","smile","NO_GLOSS","change one's facial expression by spreading the lips, often to signal pleasure"
"92773",3,"खितखित गर्नु","giggle | titter","खितखित शब्द गरेर हाँस्नु","laugh nervously"
"92781",3,"हाँसोनिकाल्नु;खित्काछाड्नु | हाँस्नु","express joy | express mirth | laugh","आँखा, मुख, अनुहार आदिमा यस्तो भाव ल्याउनु जसले प्रसन्नता प्रकट हुन्छ:नानीको कुरा सुनेर सबै हाँसे","produce laughter"
"92786",3,"आँखा तर्नु | रिसाएका आँखाले हेर्नु","frown | glower | lour | lower","रिसाएका आँखाले हेर्नु","look angry or sullen, wrinkle one's forehead, as if to signal disapproval"
"92789",3,"देखापर्नु | देखिनु","look","देखिनु","have a certain outward or facial expression"
"92800",3,"नुहाउनु | स्नानगर्नु","bathe","शरीर सफा गर्नका लागि त्यसलाई पानीले धुनु:हजुरबा जाडो दिनमा मनतातो पानीले नुहाउनुहुन्छ","cleanse the entire body"
"92845",3,"रम्रिनु | सज्जिनु | सिँगारपटार हुनु","prank","सज्जित वा अलङ्कृत हुनु","dress up showily"
"92866",3,"लगाइदिनु","apparel | clothe | dress | enclothe | fit out | garb | garment | habilitate | raiment | tog","कसैलाई गहना वा लुगा लगाउन प्रवृत्त गराउनु","provide with clothes or put clothes on"
"92889",3,"पहिरनु | पैह्रनु | लगाउनु","have on | wear","NO_GLOSS","be dressed in"
"92913",3,"उत्पन्न गर्नु | जन्म दिनु | जन्माउनु | पाउनु","bear | birth | deliver | give birth | have","गर्भबाट नानी बाहिर निस्किनु","cause_to_be_born"
"92924",3,"जन्म दिनु | जन्माउनु | बियाउनु | ब्याउनु","farrow | pig","पशुको गर्भबाट बच्चो निकाल्नु वा उत्पन्न गराउनु","give birth"
"92955",3,"घोच्नु | घोप्‍नु | छेड्नु | हान्नु","hurt","कसैलाई आघात वा चोट लगाउनु","give trouble or pain to"
"92962",3,"आँसु झार्नु | आँसु बगाउनु | क्रन्दन गर्नु | रुनु","cry | weep","पीडा, दुख, सुख, क्रोध, आदिका  भावाभिव्यक्तिमा आँखाबाट आँसु  झर्नु","shed tears because of sadness, rage, or pain"
"92965",3,"अश्रु बग्नु | अश्रुपात हुनु | आँसु झर्नु | आँसू आउनु","tear","आँखाबाट आँसु झर्नु","fill with tears or shed tears"
"92967",3,"न्याङन्याङ गर्नु","blub | blubber | sniffle | snivel | snuffle","नाकबाट स्वर निकालेर रुनु","cry or whine with snuffling"
"92970",3,"पसिनाले भिज्नु | पसिनाले रूझ्नु","exudate | exude | ooze | ooze out | transude","पसिनाले रुझ्नु","release (a liquid) in drops or small quantities"
"92990",3,"पिसाब गर्नु | पिसाब फेर्नु | मुत्‍नु | सिसि गर्नु | सुसु गर्नु","make | make water | micturate | pass water | pee | pee-pee | piddle | piss | puddle | relieve oneself | spend a penny | take a leak | urinate | wee | wee-wee","मुत्‍नु","eliminate urine"
"93002",3,"रक्तस्राव","bleed | hemorrhage | shed blood","NO_GLOSS","lose blood from one's body"
"93012",3,"उल्टि हुनु | बान्ता हुन खोज्नु","gag | heave | retch","बान्ता हुन खोज्नु","make an unsuccessful effort to vomit; strain to vomit"
"93045",3,"अपरेसन गर्नु | शल्य चिकित्सा गर्नु | सर्जरी गर्नु","operate | operate on","पिलो, रोग लागेका अङ्ग आदिलाई चिर फार गर्ने वा टुटे-फुटेका हड्डी आदि जोर्ने वा उखेलिएका हड्डीहरूलाई बसाउने काम गर्नु","perform surgery on"
"93057",3,"इन्जेक्सन लगाउनु | सुई लगाउनु","inject | shoot","सुईले शरीरका रोगहरू वा बिमार लागेको ठाउँमा तरल औषधि आदि पुर्‍याउनु","give an injection to"
"93093",3,"सडिनु","rot | waste","हीन अवस्थामा पुग्नु","waste away"
"93134",3,"पसारिनु | फैलिएर बस्नु","stretch | stretch out","केही ढल्किए झैं गरी या धेरै फैलिएर बस्नु","extend one's body or limbs"
"93135",3,"पाद्‍नु","break wind | fart","कन्डोबाट हावा बाहिर निकाल्नु वा अपान वायु त्याग गर्नु","expel intestinal gases through the anus"
"93137",3,"थुक्नु","ptyalise | ptyalize | spew | spit | spue","मुखबाट थुक्नु वा मुखमा हालेको केही वस्तुलाई ओठ र जिब्राको सहायताले तुरन्त बाहिर निकाल्नु फ्याक्नु:उसले पान खाएर मेरो कुर्तामा थुक्यो  उसले सुटुक्क दवाई थुक्यो","expel or eject (saliva or phlegm or sputum) from the mouth"
"93171",3,"चर्किनु | फुट्नु","fracture","चरक वा चट शब्दगरेर फुट्नु","become fractured"
"93176",3,"तान्नु | सुर्कनु","snuff","नाकले सुक-सुक शब्द गरेर माथि तान्नु","inhale audibly through the nose"
"93185",3,"परिवर्तन गर्नु | बदलाउनु","convert","केही घट-बढ गरेर ‍रूप बदलाउनु वा एक रूपबाट अर्को रूपमा ल्याउनु","change the nature, purpose, or function of something"
"93224",3,"परिवर्तन आउनु | परिवर्तन हुनु | बदलिनु","alter | change | vary","एक रूपबाट अर्को रूपमा आउनु","make or become different in some particular way, without permanently losing one's or its former characteristics or essence"
"93261",3,"उल्टिनु | पल्टिनु","change by reversal | reverse | turn","विपरीत वा केको के हुनु","change to the contrary"
"93298",3,"घुमाउनु | फर्काउनु","change state | turn","प्रवृत्त गर्नु","undergo a transformation or a change of position or action"
"93330",3,"उक्लनु | चढनु","climb up | jump | rise","पद, मर्यादा, वर्ग आदि बढनु","rise in rank or status"
"93345",3,"दाम बढनु | भाउ बढनु | मूल्य बढनु","advance | gain","दाम वा भाउ बढाउनु","rise in rate or price"
"93369",3,"फेर्नु | बदलाउनु","change","एउटा वस्तु हटाएर त्यसको स्थानमा अर्को राख्‍नु","remove or replace the coverings of"
"93374",3,"नयाँ बनाउनु | नवीकरण गर्नु","renovate | restitute","फेरि नयाँ रूपमा ल्याउनु वा नयाँ रूप दिनु","restore to a previous or better condition"
"93434",3,"खोल्नु | फुकाल्‍नु","disinvest | divest | strip | undress","लगाएको वस्तुलाई खोल्‍नु","remove (someone's or one's own) clothes"
"93438",3,"निफन्नु","winnow","नाङ्लामा अन्न आदि राखेर त्यसलाई उफार्नु","blow away or off with a current of air"
"93454",3,"खुर्किनु | ताछ्नु","hull","बोक्रा वा छाला उप्काउनु:किसान खेतमा उखु खुर्किँदै छन्","remove the hulls from"
"93476",3,"मिलाउनु | मिसाउनु","mix | mix in","एउटा वस्तुमा अरू वस्तु मिसाएर एउटै बनाउनु:दुधवालाले  दुधमा पानी मिसाउँछन्","add as an additional element or part"
"93513",3,"बाँध्नु","string | string up","राम्रो र व्यवस्थित ढङ्गले  अभिव्यक्‍त गर्नु","add as if on a string"
"93525",3,"ढुङ्गोजस्तो हुनु","petrify","स्तब्ध वा जड हुनु","cause to become stonelike or stiff or dazed and stunned"
"93534",3,"दुहुनु","milk","गाई, भैँसी आदिको थुनबाट दुध निस्किनु:हजुरबा सधैँ बिहान-बेलुका गाई दुहुनुहुन्छ","take milk from female mammals"
"93584",3,"खराब गर्नु | बिगार्नु","corrupt | spoil","कुनै वस्तु बनाउँदा ठिक नहुने गरी दोष उत्पन्न हुनु","alter from the original"
"93595",3,"बन्नु | सुध्रनु | सुध्रिनु","pick up | turn around","दोष एवम् त्रुटि आदि हटाउनु वा बिग्रेकालाई बनाउनु","get better"
"93664",3,"जल्नु | नष्ट-हुनु","scorch","अधिक धुप, खाद आदिको कारण बिरूवा मर्नु","become scorched or singed under intense heat or dry conditions"
"93691",3,"उड्नु | खुइलिनु | फीका पर्नु","fade | melt","रङ्ग, चम्किलोपन आदि निम्छरो हुनु","become less clearly visible or distinguishable; disappear gradually or seemingly"
"93710",3,"छर्किनु | छिटनु | छ्याप्नु","besprinkle | sparge | sprinkle","पानी छ्याप्नु:धुलो नउडने पार्नका लागि मङ्गली दैला बाहिर आङ्गनका पानी छ्याप्‍दै छे","scatter with liquid; wet lightly"
"93730",3,"ओर्लिनु | छुट्नु","lessen | subside","ओर्लिनु","wear off or die down"
"93738",3,"धेर्नु","mark off | mark out","सीमाबद्ध गर्नका लागि चारैतिर रेखा खिच्नु","set boundaries to and delimit"
"93749",3,"बाक्लिनु | बाक्लो बनाउनु","boil down | concentrate | reduce","बाक्लो बनाउनु","cook until very little liquid is left"
"93765",3,"खुम्चिनु","contract | shrink","तानिनुका कारणले सानो हुनु","become smaller or draw together"
"93801",3,"बुढ़ो हुनु | वृद्ध हुनु","age | get on | maturate | mature | senesce","वृद्धावस्था प्राप्‍त हुनु","grow old or older"
"93830",3,"दुखि हुनु | पघ्लिनु","mellow | mellow out | melt","चित्तमा दया उत्पन्न हुनु","become more relaxed, easygoing, or genial"
"93843",3,"फुल्नु | सुन्निनु","intumesce | swell | swell up | tumefy | tumesce","आघात,रोग आदिका कारण शरीरको कुनै अङ्ग (प्रायः पीडा लिएर) फुल्‍नु","expand abnormally"
"93845",3,"फुल्नु","distend","कुनै वस्तु भित्रको भागको हावा, तरल पदार्थ आदि भर्दा अधिक फैलिनु वा बढ्नु","cause to expand as it by internal pressure"
"93846",3,"प्रसारित होना | फैलिनु","expand","सीमाक्षेत्र आदिमा विस्तारित हुनु","become larger in size or volume or quantity"
"93855",3,"खराब गर्नु | बिगार्नु","damage","कुनै पदार्थको गुण अथवा स्वभावमा विकार उत्पन्न गराउन","inflict damage upon"
"93862",3,"पुग्नु | लाग्नु","hurt | injure","आघात वा चोट लगाउनु:खाँवामा मेरो खुट्टो धेरै जोडले ठोकियोउसका कुरा मलाई धेरै लागे","cause damage or affect negatively"
"93863",3,"बनाउनु | मरम्मत गर्नु","bushel | doctor | fix | furbish up | mend | repair | restore | touch on","टुटे फुटेका चिजलाई फेरि ठिक गर्नु वा रूपमा ल्याउनु","restore by replacing a part or putting together what is torn or broken"
"93880",3,"फुलाउनु","blow up | inflate","कुनै वस्तुलाई फुलाउन भित्र वायु,तरल पदार्थ आदिद्वारा दबाव पुराएर  बढाउनु","fill with gas or air"
"93929",3,"अभ्यस्त हुनु | बानी पर्नु","accustom | habituate","कुनै काम गर्न अभ्यास हुनु","make psychologically or physically used (to something)"
"93981",3,"रङ्गाऊनु | रङ्नु","color | color in | colorise | colorize | colour | colour in | colourise | colourize","चित्र आदिमा रङ्ग भर्नु","add color to"
"93996",3,"लाग्नु","stain","कुनै वस्तु आदिमा कुनै वस्तु आदिको चिन्ह वा धब्बा पर्नु","produce or leave stains"
"94051",3,"कस्नु","adjust | correct | set","सितार, ढोल आदिको डोरी वा तार कस्नु वा तान्नु","alter or regulate so as to achieve accuracy or conform to a standard"
"94100",3,"पडकाउनु","blow up | detonate | explode | set off","कुनै विस्फोटक वस्तु आदिलाई गतिमा ल्याउनु वा सक्रिय बनाउनु","cause to burst with a violent release of energy"
"94103",3,"निभ्नु | बुत्‍नु","go off","डडदै गरेको वस्तु बन्द हुनु:बत्ती निभ्यो","be discharged or activated"
"94106",3,"दुख्‍नु | फुट्नु","break open | burst out | erupt | flare | flare up | irrupt","अत्याधिक दुख्‍नु","erupt or intensify suddenly"
"94135",3,"आलोकित हुनु | उज्यालो हुनु | प्रकाशित हुनु","brighten | lighten | lighten up","उज्यालो वा प्रकाशयुक्‍त हुनु","make lighter or brighter"
"94161",3,"बढाउनु | लामो पार्नु","lengthen","लमाइ आदिमा विस्तार गर्नु","make longer"
"94236",3,"किच्नु | थिच्नु | दल्नु | मिच्नु","pestle","कुनै ठोस वस्तुलाई हातले वा कुनै भारी वस्तुले बारम्बार यस प्रकारले थिच्नु जबकि त्यो सानासाना टुकुरामा बाँडियोस्","grind, mash or pulverize in a mortar"
"94263",3,"चर्कनु | फुटनु","chap","सुकेर फुटनु","crack due to dehydration"
"94273",3,"कुट्नु","bruise","कुनै चीज फोर्न वा पिँध्नका लागि त्यसमा बारम्बार कुनै ठुलो र भारी सामानले आघात गर्नु:महिलाहरू धान कुट्दै छन्","break up into small pieces for food preparation"
"94301",3,"पर्नु","bechance | befall | betide","NO_GLOSS","become of; happen to"
"94334",3,"जानु | टर्नु | हट्नु","pass away","भिन्दै हुनु वा पर जानु","go out of existence"
"94342",3,"अन्त गर्नु | खतम गर्नु | समाप्‍त गर्नु","end | terminate","कुनै काम वा वस्तुहरूको अन्त गर्नु","bring to an end or halt"
"94350",3,"मर्नु | मेटिनु | हराउनु","die","कुनै मनोवेग,इच्छा आदि दबेर छैनको बराबर हुनु","disappear or come to an end"
"94366",3,"पात उम्रिनु | मुना पलाउनु","bud","वनस्पतिहरूमा मुना पलाउनु","develop buds"
"94369",3,"मर्नु","buy the farm | cash in one's chips | choke | conk | croak | decease | die | drop dead | exit | expire | give-up the ghost | go | kick the bucket | pass | pass away | perish | pop off | snuff it","NO_GLOSS","pass from physical life and lose all bodily attributes and functions necessary to sustain life"
"94379",3,"जन्म लिनु | जन्मिनु","be born","जीवन धारण गर्नु","come into existence through birth"
"94430",3,"तताउनु","heat | heat up","NO_GLOSS","make hot or hotter"
"94438",3,"ताप्‍नु | सेक्‍नु","heat | heat up | hot up","घाममा वा गर्मी पार्ने चिजको छेउमा बसेर त्यसको तातोबाट फाइदा लिनु","gain heat or get hot"
"94439",3,"गरम पार्नु | तताउनु | तातो पार्नु","warm","तातो पार्नु","make warm or warmer"
"94441",3,"तातिनु | तातो हुनु","warm | warm up","गर्मी हुनु","get warm or warmer"
"94448",3,"उमाल्नु | तताउनु | तातोपार्नु","boil","कुनै तरल पदार्थलाई आङमा राखेर यति तताउनु कि त्यो फिजसहित माथि जान लागोस्:म खानका लागि सधैं दश लिटार पानी तताउँछु","bring to, or maintain at, the boiling point"
"94450",3,"उमाल्नु","boil","NO_GLOSS","come to the boiling point and change from a liquid to vapor"
"94590",3,"सजाउनु | सजिसजाउ गर्नु","coordinate | organise | organize","उपयुक्‍त ठाउँमा राम्रो क्रमसँग यस प्रकारले राख्‍नु जुनचाहिँ हेर्न राम्रो लागोस्","bring order and organization to"
"94630",3,"निवास गर्नु | बस्नु","locate | settle","स्थायी रूपले कतै निवास गर्नु","take up residence and become established"
"94637",3,"जम्नु","root | settle | settle down | steady down | take root","काम राम्रोसँगले चल्ने योग्य हुनु","become settled or established and stable in one's residence or life style"
"94661",3,"चढाउनु | तान्नु","tighten","ढोल,सितार आदिको डोरी वा तार कस्नु","become tight or tighter"
"94673",3,"ओइलिनु","fade | wither","अनुहार ओइलिनु:नराम्रो खबर सुनेर उसको अनुहार ओइलायो","lose freshness, vigor, or vitality"
"94681",3,"उम्रिनु | पलाउनु | फुल्नु","come on | come out | show up | surface | turn up","बोटमा फलफुल लाग्नु","appear or become visible; make a showing"
"94694",3,"पाक्नु | फुटनु","burst out | pop out","भरिएर आवरण फुटेर निक्लनु","appear suddenly"
"94698",3,"उड्नु | गायबहुनु | गुम्नु | बिलाउनु | बेपत्ता हुनु | हराउनु","disappear | go away | vanish","NO_GLOSS","get lost, as without warning or explanation"
"94710",3,"काट्नु","cut","कुनै वस्तुबाट केही अंश छुट्‍याउनु","have a reducing effect"
"94718",3,"गाढा हुनु | बाक्लिनु | बाक्लो हुनु","inspissate | thicken","गाढा हुनु","become thick or thicker"
"94785",3,"जम्नु","freeze | freeze down | freeze out","तरल पदार्थ सारो वा बाक्लो हुनु","change from a liquid to a solid when cold"
"94792",3,"घोल्नु | मिसाउनु | हुँडल्नु","break up | dissolve | resolve","कुनै द्रव पदार्थमा केही वस्तु हल्लाएर मिलाउनु","cause to go into a solution"
"94813",3,"बसाउनु | राख्‍नु","people | populate","बस्नलाई ठाउँ दिनु वा बस्नमा प्रवृत्त गराउनु","fill with people or supply with inhabitants"
"94815",3,"भरिनु","fill | fill up","कुनै वस्तु आदिको खाली ठाउँमा कुनै अर्को पदार्थ आएर पूर्ण हुनु","become full"
"94816",3,"आँसुले भरिनु","water","(आँखा) आँसुले भरिनु","fill with tears"
"94839",3,"जच्नु | मेल खानु","match","मेल खानु","be equal or harmonize"
"94854",3,"अडचन हाल्नु | छेकारो हाल्नु | बाधा दिनु","stonewall","कुनै कामलाई रोक्ने कार्य गर्नु","engage in delaying tactics or refuse to cooperate"
"94858",3,"अडिनु | टिक्नु | थामिनु | सम्हालिनु","delay | detain | stay","कुनै सहारामा अडिनु","stop or halt"
"94868",3,"ढाकछोप गर्नु | दबाउनु | लुकाउनु","quell | quench | squelch","कुनै कुरालाई बढ्न नदिनु","suppress or crush completely"
"94955",3,"पचनु | हजम हुनु","digest","शरीरद्वारा खाइएको वस्तु हजम हुनु","become assimilated into the body"
"95029",3,"बढाउनु","advance | boost | supercharge","अधिक व्यापक, प्रबल वा तीव्र बनाउनु","increase or raise"
"95159",3,"हरिया हुनु","green","रूख-विरुवा हरियो हुनु","turn or become green"
"95200",3,"सम्हालिनु","rally | rebound","नराम्रो दशाबाट राम्रो दशातिर आउनु","return to a former condition"
"95269",3,"आरम्भ हुनु | खोलिनु | चालु हुनु | सुरु हुनु","open | open up","प्रचलित हुनु वा काम लाग्नु","become available"
"95341",3,"कुहिनु | पोचिनु | सड्नु","decay","कुनै वस्तुमा यस्तो विकार हुनु जसद्वारा त्यसको अङ्ग सड्न लागी त्यसबाट दुर्गंध आउन थाल्नु:फल सब्जी आदि तुरन्त सड्छन्","undergo decay or decomposition"
"95357",3,"झार्नु | बढार्नु | सफा गर्नु","brush","कुनै चिजमा परेको वा लागेको कुनै अर्को चिजलाई हटाउनु","remove with or as if with a brush"
"95375",3,"किच्चिनु | पिसिनु","crush","तल आएर वा दबेर विकृत हुनु","become injured, broken, or distorted by pressure"
"95405",3,"खुम्चिनु | दोब्रिनु | साँगिरिनु","crease | crinkle | crumple | rumple | wrinkle","साँगुरिनु वा खुम्चिनु","become wrinkled or crumpled or creased"
"95464",3,"बाफ बनिनु | सुकेर जानु","evaporate | vaporise","आगोमा राख्‍नाले बाफ बनिनु","change into a vapor"
"95465",3,"उमाल्नु | तताउनु","evaporate | vaporise","आगामा राखेर बाफ आदिका रूपमा ल्याउनु वा उडाउनु","cause to change into a vapor"
"95530",3,"बुझाउनु | सिकाउनु","apprehend | compass | comprehend | dig | get the picture | grasp | grok | savvy","कुनै कुरा आदिलाई जान्नु","get the meaning of something"
"95550",3,"मान्नु","acknowledge | know | recognise | recognize","महत्त्व सम्झिनु","accept (someone) to be what is claimed or accept his power and authority"
"95555",3,"बुझ्नु","interpret | read | translate | understand","भाषाको ज्ञान हुनु","make sense of a language"
"95557",3,"चिन्नु | जान्नु","know","कुनै व्यक्ति,वस्तु आदिसित पूर्व परिचित हुनु","be familiar or acquainted with a person or an object"
"95558",3,"जान्नु | थाहा पाउनु","cognise | cognize | know","अभिज्ञ वा परिचित हुनु","be cognizant or aware of a fact or a specific piece of information; possess knowledge or information about"
"95565",3,"थाहाहुनु | पीडाबुझ्नु | बुझ्नु","experience | know | live","अनुभव वा संवेदना आदिबाट ज्ञान प्राप्त गर्नु:म तपाईंको भनाइ बुझ्दछु""","have firsthand knowledge of states, situations, emotions, or sensations"
"95570",3,"सिक्नु","acquire | larn | learn","NO_GLOSS","gain knowledge or skills"
"95596",3,"प्रशिक्षण दिनु | प्रशिक्षित गर्नु | योग्य बनाउनु","develop | educate | prepare | train","विशेष रूपले सिकाएर तयार पार्नु","create by training and teaching"
"95615",2,"जय योग्य | जित्य | जेय","hold","जित्‍ने योग्य या जसलाई जित्‍न सकिन्छ","remain committed to"
"95616",3,"अध्ययन गर्नु | पढनु","hit the books | study","शिक्षा वा ज्ञान प्राप्‍त गर्नका लागि ग्रन्थ आदि धेरै पल्ट हेर्नु","learn by reading books"
"95621",3,"चिन्नु | जान्नु","know","अन्तर सम्झनु","be able to distinguish, recognize as being different"
"95622",3,"चिन्नु | बुझ्नु","know","कसैको स्वभाव वा गुणलाई जान्नु","know the nature or character of"
"95625",3,"बिर्सनु | बिर्सिनु | भुल्नु","blank out | block | draw a blank | forget","सम्झना नरहनु:उसले जति पनि कण्ठ गरेको थियो, सबै बिर्सियो","be unable to remember"
"95626",3,"उठनु","come to mind | spring to mind","ध्यानमा आउनु वा स्मरण हुनु","be remembered"
"95632",3,"याद दिलाउनु | स्मरण गराउनु","remind","कसैलाई केही स्मरण गराउनु","put in the mind of someone"
"95651",3,"छुट्नु | छोडिनु","drop | leave out | miss | neglect | omit | overleap | overlook | pretermit","कुनै कारणले केही कार्य हुनबाट रहनु","leave undone or leave out"
"95668",3,"चिन्नु | जान्नु","identify | place","कुनै वस्तु अथवा व्यक्‍तिलाई देख्‍नासाथ चाल पाउनु यो कोहो वा केहो","recognize as being; establish the identity of someone or something"
"95675",3,"गडबडाउनु","addle | muddle | puddle","क्रम भ्रष्ट हुनु","mix up or confuse"
"95695",3,"पढ्नु","read","NO_GLOSS","interpret something that is written or printed"
"95714",3,"चिन्तनगर्नु | विचारगर्नु | सोच्नु","cerebrate | cogitate | think","कुनै विषयमाथि मनमा केही विचार गर्नु वा मस्तिष्कको उपयोग गर्नु:यस प्रश्‍नलाई समाधान गर्नका लागि मेले धेरै सोचें तर सफल भइनँ ऊ दिनभरि बसेर थाहा छैन के सोचिरहन्छे प्रत्येक चीजलाई नकारात्मक दृष्टिले नहेर","use or exercise the mind or one's power of reason in order to make inferences, decisions, or arrive at a solution or judgments"
"95762",3,"कम पार्नु | घटाइनु | थोर पार्नु","deduct | subtract | take off","धेरै मान,सङ्ख्या आदिको त्यो सानो मान,सङ्ख्या आदि निकालेर भिन्दै पार्नु","make a subtraction"
"95764",3,"गुणागर्नु","multiply","एउटा सङ्ख्यालाई अर्को सङ्ख्याले गुणा गर्नु:दुईसित दुई गुणा गर","combine by multiplication"
"95777",3,"जाँच्नु","analyse | analyze | canvas | canvass | examine | study","NO_GLOSS","consider in detail and subject to an analysis in order to discover essential features or meaning"
"95789",3,"जोख्‍नु | नाप्नु","measure | measure out | mensurate","किसी वस्तु,कार्य आदिको विस्तार,घनत्व आदिको मान वा परिमाण निकाल्नु","determine the measurements of something or somebody, take measurements of"
"95804",3,"छुट्ट्याउनु","differentiate | distinguish | secern | secernate | separate | severalise | severalize | tell | tell apart","NO_GLOSS","mark as different"
"95855",3,"जाँच्नु","check | check into | check out | check over | check up on | go over | look into | suss out","NO_GLOSS","examine so as to determine accuracy, quality, or condition"
"95867",3,"जाँच गर्नु | जाँच्नु","verify","कुनै विषयको सत्यता वा असत्यताको निर्णय गर्नु","confirm the truth of"
"95911",3,"छान्नु","choose | pick out | select | take","NO_GLOSS","pick out, select, or choose from a number of alternatives"
"95944",3,"मूल्य-तोक्नु | मूल्याङ्कन गर्नु","appraise | assess | evaluate | measure | valuate | value","कुनै वस्तु देखेर अनुमाले त्यसको मूल्य स्थिर गर्नु","place a value on; judge the worth of something"
"95956",3,"मान्नु","believe","धार्मिक दृष्टिले कुनै कुरामा श्रद्धा वा विश्‍वास गर्नु","follow a credo; have a faith; be a believer"
"95980",3,"सोच्नु","believe | conceive | consider | think","कसै प्रति धारणा हुनु","judge or regard; look upon; judge"
"95998",3,"राख्‍नु","deem | hold | take for | view as","मनमा धारण गर्नु वा ज्ञान,गुण आदि राख्‍नु","keep in mind or convey as a conviction or view"
"96013",3,"जाँच्नु","audit | inspect | scrutinise | scrutinize","यो हेर्नु जबकि कुनै काम ठिकसँगले भयो कि भएन","examine carefully for accuracy with the intent of verification"
"96021",3,"टुङ्ग्याउनु | निवारण गर्नु | मेटाउनु | समाधान गर्नु","adjudicate | decide | resolve | settle","कुनै कुराको निधो गर्नु वा निर्णय गर्नु","bring to an end; settle conclusively"
"96065",3,"रच्नु","plot","षड्यन्त्र आदिको रूपरेखा तयार गर्नु","plan secretly, usually something illegal"
"96143",3,"आश्चर्यचकित हुनु | छक्क पर्नु","amaze | astonish | astound","केही देखेर आश्‍चर्यमा पर्नु","affect with wonder"
"96147",3,"पकड्नु | समाउनु","catch","केही गर्दै कुनै विशेष कुरो आइपरेको बेलामा रोकिनु","discover or come upon accidentally, suddenly, or unexpectedly; catch somebody doing something or in a certain state"
"96158",3,"ठेल्‍नु | धकेल्नु | लगाउनु","blame | charge","कसै माथि दोष आदि लगाउनु","attribute responsibility to"
"96171",3,"गहिरो थाहा लाउनु | गहिरो पत्तो लगाउनु","plumb","गहिराइको पत्तो लगाउनु","measure the depth of something"
"96260",3,"तोपनु | थपिदिनु | थुपार्नु","foist","कसैले नचाहँदा पनि भार र दायित्व आदि उसमाथि रहनु","to force onto another"
"96265",3,"बताउनु | भन्नु | सिकाउनु","instruct","कुनै कामको आकार, प्रकार वा विधि बताउनु:उनले मलाई अचार बनाउने नियम सिकाइन्","give instructions or directions for some task"
"96268",3,"थोपर्नु | भारी बोकाउनु | लाद्नु","burden | charge | saddle","कुनै काम गर्नका लागि कसैको जिम्मा लगाउनु","impose a task upon, assign a responsibility to"
"96280",3,"प्रार्थनागर्नु | बिन्तीगर्नु | माग्नु","bespeak | call for | quest | request","कसैबाट केही लिनका लागि इच्छा प्रकट गर्नु:उनी तपाईँबाट केही मागिरहेका छन्","express the need or desire for; ask for"
"96291",3,"गुहार माग्नु | गुहारनु","appeal | invoke","अत्याचार, दुख आदिबाट बाँच्नका लागि गुहार माग्नु","request earnestly (something from somebody); ask for aid or protection"
"96311",3,"दर्खास्त | निवेदनगर्नु | प्रार्थना | बिन्तिगर्नु","adjure | beseech | bid | conjure | entreat | press","नम्रतापूर्वक कसैसँग केही भन्नु:म तपाईँसँग के निवेदन गर्दछु भने मलाई घर जान दिनुहोस्","ask for or request earnestly"
"96332",3,"ठिक हुनु | तय हुनु | पक्का हुनु","settle","सामान आदि तय हुनु वा कुरो पक्का हुनु","end a legal dispute by arriving at a settlement"
"96358",3,"बुझाउनु | सम्झाउनु","convert | convince | win over","यस्तो कुरा गर्नु जसलाई कसैले बुझोस्","make  (someone) agree, understand, or realize the truth or validity of something"
"96374",3,"कलह गर्नु | झगडा गर्नु | वितण्डा गर्नु","argue | contend | debate | fence","व्यर्थको वादविवाद गर्नु वा भनाभन गर्नु","have an argument about something"
"96382",3,"कलहगर्नु | कुटाकुटगर्नु | कुटामारीगर्नु | झगडागर्नु | भनाभनगर्नु","altercate | argufy | dispute | quarrel | scrap","कुनै कुरामा भनावैरी वा आवेगपूर्ण विवाद गर्नु:माटाको भागबन्डालाई लिएर श्याम आफ्ना भाइहरूसँग झगडा गर्न लाग्यो","have a disagreement over something"
"96399",3,"थकाइ मार्नु | विश्राम गर्नु | सुस्ताउनु","breathe | catch one's breath | rest | take a breather","काम गर्दा-गर्दा थाकेर आराम गर्नु","take a short break from one's activities in order to relax"
"96414",3,"लोभ देखाउनु | लोभ्याउनु","entice | lure | tempt","कसैलाई केही देखाएर त्यसलाई पाउनका लागि व्याकुल बनाउनु","provoke someone to do something through  (often false or exaggerated) promises or persuasion"
"96423",3,"सोध्नु | हेर्नु","ask | enquire | inquire","NO_GLOSS","inquire about"
"96431",3,"जाँचलिनु | परीक्षालिनु","quiz | test","कसैको योग्यता वा ज्ञानलाई जाँच्न उसलाई प्रश्न सोध्नु जसका आधारमा उसलाई उत्तीर्ण वा अनुत्तीर्ण गराउन सकियोस्:अध्यापकले गणितको परीक्षा लिँदै हुनुहुन्छ","examine someone's knowledge of something"
"96439",3,"कोट्याउनु | झकझक्याउनु | सोध्नु","interrogate | question","कसैसित केही जान्नका लागि उसलाई पटकपटक प्रेरित गर्नु","pose a series of questions to"
"96474",3,"बाधादिनु | मनाही गर्नु | रोक्नु","disallow | forbid | interdict | prohibit | proscribe | veto","मनाही गर्नु","command against"
"96508",3,"अधिसङ्ख्य | बहुसङ्खयक","buckle under | give in | knuckle under | succumb | yield","अधिक","consent reluctantly"
"96530",3,"टार्नु | टालटुलगर्नु | ढाट्‍नु","circumvent | dodge | duck | elude | evade | fudge | hedge | parry | put off | sidestep | skirt","टार्नका लागि निहुँ निकाल्नु वा यता-उताको कुरा गरेर कसैलाई पन्छाउनु:उनले मेरा पैसा नदिएर सधैँ टार्ने गर्दै छन्","avoid or try to avoid fulfilling, answering, or performing (duties, questions, or issues)"
"96538",3,"टाढिनु | भाग्नु | लुक्नु","shirk","कुनै काम गर्नलाई डराउनु वा बच्नु","avoid dealing with"
"96548",3,"झगडा गर्नु | तर्कवितर्क गर्नु | बहस गर्नु | भनाभन गर्नु कलह गर्नु | वादविवाद गर्नु","discuss | hash out | talk over","एकसँगै बसेर कुनै मुद्दाआदिमा तर्क वितर्क गर्नु","speak with others about (something); talk (something) over in detail; have a discussion"
"96555",3,"उत्तर दिनु | उत्तर भन्नु | जबाफ दिनु","answer | reply | respond","कुनै प्रश्‍न आदिको उत्तर दिनु","reply or respond to"
"96596",3,"गाली गर्नु","bawl out | berate | call down | call on the carpet | chew out | chew up | chide | dress down | have words | jaw | lambast | lambaste | lecture | rag | rebuke | remonstrate | reprimand | reproof | scold | take to task | trounce","NO_GLOSS","censure severely or angrily"
"96682",3,"गाली | हप्कीदप्की","abuse | blackguard | clapperclaw | shout","कसैलाई अपशब्द भन्नु:ऊ आधाघन्टा अघिदेखि गाली गरिरहेको छ","use foul or abusive language towards"
"96710",3,"ख्यालठट्टा गर्नु | जिस्क्याउनु | हँस्सीदिल्लगी गर्नु","tease","ख्याल ठट्टामा जिस्क्याउनु","mock or make fun of playfully"
"96711",3,"छेडका हान्नु | व्यङ्ग्य गर्नु | हाँसो उडाउनु","lampoon | satirise | satirize","कसैलाई जिस्क्याउनु, दुखी पार्नु, होच्याउनु आदि गर्नका लागि कुनै कुरो भन्नु जुनचाहिँ स्पस्ट शब्टमा नभए पनि  त्यस खालका अभिप्राय प्रकट गर्दछ","ridicule with satire"
"96715",3,"फुर्ति","jest | joke","मन भुलाउने कुरा वा काम गर्नु","tell a joke; speak humorously"
"96718",3,"फक्किनु | फुलिनु | मान्नु","betray | deceive | lead astray","फुस्लाइमा पर्नु वा कुनै कुरा, काम आदिमा लाग्नाका कारणले शान्त हुनु","cause someone to believe an untruth"
"96731",3,"कराउनु | चिच्याउनु","crow","खुसी भएर अस्पस्ट शब्द निकाल्नु","express pleasure verbally"
"96733",3,"कराउँनु","trumpet","हाथी कराउनु","utter in trumpet-like sounds"
"96739",3,"चिमट्नु","cheer | cheer up | chirk up","बुढीऔँलो र चोर औँलाले कसैका शरीरको छाला समातेर च्याप्नु जसले गर्दा उसलाई केही मात्रामा दुखोस्:उसले मलाई साह्रो चिमट्यो","become cheerful"
"96774",3,"आशीर्वाददिनु | आशीषदिनु | आसिकदिनु","bless","आशीष दिनु:भिखारीले पेटभरि खाने भोजन पाएर गृहणीलाई आशीर्वाद दिँदै थियो","give a benediction to"
"96775",3,"अभिमन्त्रणा गर्नु","bless | consecrate | hallow | sanctify","मन्त्रद्वारा संस्कार गर्नु","render holy by means of religious rites"
"96792",3,"चेताउनु | सचेत गर्नु | सावधान गर्नु","warn","सावधान वा होसियार गर्नु","notify of danger, potential harm, or risk"
"96793",3,"चेताउनु | चेतावनी दिनु | सावधान गर्नु","admonish | discourage | monish | warn","सावधान गर्नका लागि पहिले देखि सूचना दिनु","admonish or counsel in terms of someone's behavior"
"96845",3,"प्रशंसा गर्नु | बडाँई गर्नु","commend","कसैको प्रशंसा गर्नु","express approval of"
"96851",3,"गफलडाउनु | बढीबोल्नु | हाँकलगाउनु | हाँकलाउनु","blow | bluster | boast | brag | gas | gasconade | shoot a line | swash | tout | vaunt","योग्यता देखाउन थपथाप गरेर बोल्नु:लाला करोडीमल धेरै हाँक लगाउँछन्","show off"
"96917",3,"खोजतलाशगर्नु | सोध्नु","ask","केही जान्नका लागि प्रश्‍न गर्नु:उनी मसँग तपाईंको बारेमा सोध्दै थिइन्","address a question to and expect an answer from"
"96951",3,"छाडिदिनु | मुक्‍त गराउनु","acquit | assoil | clear | discharge | exculpate | exonerate","कसैलाई ऊ द्वारा गरिएको अपराधका आरोपबाट मुक्‍त गराइदिनु","pronounce not guilty of criminal charges"
"96974",3,"तमखेरो | तम्बाकुव्यापारी","croak | gnarl | grumble | murmur | mutter","मनमनै अस्पष्ट शब्दमा कही भन्नुु","make complaining remarks or noises under one's breath"
"96992",3,"कराउनु | चिच्च्याउनु","call | cry | holler | hollo | scream | shout | shout out | squall | yell","साह्रो गरी बोल्नु:किन यति साह्रो चिच्याइको म बहिरो छुइनँ","utter a sudden loud cry"
"96997",3,"हकार्नु | हप्काउनु","whoop","कुनै काम गर्नेको लागि तेज आवाजमा बोलाएर उत्साहित गर्नु","shout, as if with joy or enthusiasm"
"97004",3,"कराउनु | गर्जिनु","roar | thunder","रिसले ठुलो शब्द गर्नु","utter words loudly and forcefully"
"97008",3,"राँक्किनु | रिसाउनु","snap | snarl","क्रोध वा अभिमानका कारण भारी तथा कर्कश आवाजमा बोल्‍नु","utter in an angry, sharp, or abrupt tone"
"97019",3,"बाजी","bet | wager","NO_GLOSS","maintain with or as if with a bet"
"97043",3,"बज्नु","strike","घडीले समय बताउनु","indicate (a certain time) by striking"
"97069",3,"देखाउनु","look","अनुभव गर्नु","convey by one's expression"
"97129",3,"बोल्नु","mouth | speak | talk | utter | verbalise | verbalize","NO_GLOSS","express in speech"
"97153",3,"गणना | गनाइ | गन्नु | गिन्ती","count | enumerate | number | numerate","NO_GLOSS","determine the number or amount of"
"97169",3,"नाके बोली | नाके श्वर","nasalise | nasalize","नाकले बोल्नु वा बोल्दा नाकेस्वर उच्चारण गर्नु","speak nasally or through the nose"
"97175",3,"बताउनु | भन्नु | सूचना दिनु","tell","कुनै वस्तु, काम आदिका बारेमा भन्नु","let something be known"
"97178",3,"सुनाउनु","narrate | recite | recount | tell","अर्कालाई सुन्नमा प्रवृत्त गराउनु","narrate or give a detailed account of"
"97189",3,"अर्थ सम्झाउनु | बुझाउनु | व्याख्या गर्नु","dilate | elaborate | enlarge | expand | expatiate | exposit | expound | flesh out | lucubrate","कुनै विषयको केही बिस्तारले वर्णन गर्नु","add details, as to an account or idea; clarify the meaning of and discourse in a learned way, usually in writing"
"97199",3,"कन्ठ गर्नु | याद गर्नु | रटनु","parrot","कण्ठ गर्नका लागि बारम्बार  भन्नु वा पढनु","repeat mindlessly"
"97207",3,"अनुवादगर्नु | उल्थागर्नु | भाषान्तरगर्नु | भाषान्तरणगर्नु","interpret | render | translate","एउटा भाषामा लेखिएको चीज वा भनिएकोकुरालाई अर्को भाषामा लेख्‍नु वा भन्नु:रामायणलाई अधिकांश भाषामा अनुवाद गरिएको छ","restate (words) from one language into another language"
"97220",3,"बोल्‍नु","speak | talk","कुनै परिचितसँग कुरा गर्नु","exchange thoughts; talk with"
"97234",3,"खिच्नु","account | describe | report","कुनै विषय,वस्तु आदिको यस्तो लिखित वा कथित वर्णन गर्नु जसले उसको तस्वीर आँखाको सामुन्ने निस्कोस्","to give an account or representation of in words"
"97247",3,"निस्किनु | प्रकाशित हुनु","bring out | issue | publish | put out | release","कुनै पुस्तक आदि छापिएर आउनु","prepare and issue for public distribution or sale"
"97252",3,"रोप्नु","sough | sow","कुनै कुराको सुत्रपात गर्नु","introduce into an environment"
"97255",3,"उडाउनु | चलाउनु | फैलाउनु","circulate | go around | spread","(विशेषगरी नकारात्मक) सूचना, कुरा आदि फैलिनु","become widely known and passed on"
"97281",3,"डाक्नु | पुकार्नु | बोलाउनु","call out","ठुलो शब्द गरेर बोलाउनु:आमा तिमीलाई बोलाउनुहुँदै छ","call out loudly, as of names or numbers"
"97343",3,"अभिमत व्यक्त गर्नु | बोल्नु | भनाइ राख्‍नु | भन्नु | भाषण दिनु | वक्तव्य दिनु","deliver | present","सभा आदिमा श्रोताका अगाडि कुनै विषयमाथि आफ्नो भाव व्यक्त गर्नु","deliver (a speech, oration, or idea)"
"97410",3,"खिच्नु","photograph | shoot | snap","क्यामराद्वारा फोटो खिच्नु","record on photographic film"
"97491",3,"चिनो लगाउनु | दाग लगाउनु","note | take down","कुनै कुरो मनमा राख्नका लागि लेख्‍नु","make a written note of"
"97493",3,"निप्टन्छ","conclude | resolve","निर्णित वा तय हुनु","reach a conclusion after a discussion or deliberation"
"97516",3,"बताउनु | बोल्नु | भन्नु","identify | name","कसैको सामुन्ने कुनै घटना आदिसित सम्बन्धित मान्छेहरूको नाम बताउनु","give the name or identifying characteristics of; refer to by name or some other identifying characteristic property"
"97558",3,"धमकाउनु | धमकी दिनु | हप्काउनु","browbeat | bully | swagger","धमकी दिएर डर लगाउनु","discourage or frighten with threats or a domineering manner; intimidate"
"97565",3,"बकबकगर्नु | बकवास गर्नु | बक्‍नु","blab | blabber | chatter | clack | gabble | gibber | maunder | palaver | piffle | prate | prattle | tattle | tittle-tattle | twaddle","व्यर्थमा धेरै बोल्‍नु वा कुरा गर्नु","speak (about unimportant matters) rapidly and incessantly"
"97569",3,"ढर्रा पार्नु | ढाँचा देकाउनु | नक्कल पार्नु | स्वाङ पार्नु","butterfly | chat up | coquet | coquette | dally | flirt | mash | philander | romance","कसैलाई रिझाउने वा बिनासित्ती आफ्नो अस्वीकृति वा सुकुमारता सूचित गराउनका लागि आइमाईको वा आइमाईको जस्तो चेष्टा गर्नु","talk or behave amorously, without serious intentions"
"97572",3,"कुरा गर्नु | कुराकानि गर्नु | गफ गर्नु | बातचित गर्नु | बोल्नु | वार्तालाप गर्नु","chaffer | chat | chatter | chew the fat | chitchat | claver | confab | confabulate | gossip | jaw | natter | shoot the breeze | visit","दुई या दुईभन्दा अधिक व्यक्तिको कुनै प्रकरणमाथि आपसमा भन्नु-सुन्नु","talk socially without exchanging too much information"
"97584",3,"मिल्नु","open up","सङ्कोच वा त्याग गर्नु","talk freely and without inhibition"
"97587",3,"डाक्‍नु | बोलाउनु","summon","कसैलाई आफ्नो यहाँ वा छेउमा आउनका लागि भन्नु","ask to come"
"97599",3,"सरसराउनु","sing | whistle","हावा आदि सरसर शब्द गरेर चल्नु","make a whining, ringing, or whistling sound"
"97608",3,"कराउनु | गुर्जिनु","growl | grumble | rumble","डर देखाउनका लागि कुकुर, बिरालाहरूले गरेको ठुलो शब्द:नानीले छुने‍बित्तिकै बिरालो करायो","to utter or emit low dull rumbling sounds"
"97612",3,"गर्जनु | गर्जिनु","thunder","घोर शब्द गर्नु","to make or produce a loud noise"
"97615",3,"चिच्याउनु","squall | waul | wawl","कर्कश वा तीक्ष्ण आवाजमा कराउनु","make high-pitched, whiney noises"
"97618",3,"कराउनु | भुक-भुकगर्नु | भुक्नु | भौ-भौ गर्नु","bark","कुकुरले भुक-भुक वा भौ-भौ शब्द गर्नु","make barking sounds"
"97622",3,"कराउनु","baa | blat | blate | bleat","बाख्रो वा भेडो कराउनु","cry plaintively"
"97638",3,"जिब्रो लरबराउनु | लरबराउनु","quaver | waver","मुखबाट रोकी-रोकी वा टुटे-फुटेका शब्द वा वाक्य निकाल्नु","give off unsteady sounds, alternating in amplitude or frequency"
"97644",3,"गफ गर्नु | बोल्नु | हाँकिनु","jabber | mouth off | rabbit on | rant | rave | spout","ठुल्ठुला चालले बोल्नु","talk in a noisy, excited, or declamatory manner"
"97657",3,"फुस्फुसाउनु","hiss | sibilate | siss | sizz","साँपले फुस्-फुस् गर्नु","express or utter with a hiss"
"97660",3,"क्याँउ-क्याँउ गर्नु","oink | squeal","कीं-कीं वा कें-कें शब्द निकाल्‍नु","utter a high-pitched cry, characteristic of pigs"
"97662",3,"कराउनु","low | moo","गाई, गोरु आदि कराउनु:गाई आफ्नो बाछोलाई नभेटाएर कराउँदै छ","make a low noise, characteristic of bovines"
"97668",3,"गुनगुनाउनु","hum","अस्पशस्ट स्वरमा गाउनु","sing with closed lips"
"97688",3,"उपेक्षा गर्नु | तिरस्कार गर्नु | हेला गर्नु","cut | disregard | ignore | snub","कसैलाई तुच्छ वा नगण्य सोचेर त्यसलाई ध्यान नदिनु","refuse to acknowledge"
"97689",3,"हिनहिनाउनु","neigh | nicker | whicker | whinny","घोडा कराउनु","make a characteristic sound, of a horse"
"97697",3,"अभिव्यञ्जना गर्नु | भाव अभिव्यक्त गर्नु | भावाभिव्यक्त गर्नु | भावाभिव्यक्ति गर्नु","carry | convey | express","कुनै माध्यमले आफ्नो भाव प्रकट गर्नु","serve as a means for expressing something"
"97723",3,"बुझाउनु | सम्झाउनु","explain","बोध वा ज्ञान दिनु","define"
"97768",3,"मर्नु","die","खेलमा कुनै गोटी या खेलाड़ी खेलको नियमानुसार कुनै कारणले खेलबाट अलग  गराउनु वा हटाउनु","to be on base at the end of an inning, of a player"
"97792",3,"प्रतिस्पर्धा गर्नु | मुकाबिला गर्नु | सामना गर्नु","confront | face","कसैको आक्रमण आदिको विरोध गर्नु","oppose, as in hostility or a competition"
"97853",3,"प्रतिद्वन्द्विता गर्नु | भिड्नु | लड्नु","contend | fight | struggle","समकक्षसित लडाइ या विरोध गर्नु","be engaged in a fight; carry on a fight"
"97863",3,"युद्धगर्नु | लडाइँगर्नु | सङ्ग्रामगर्नु","war","विरोधीलाई परास्त गर्नका लागि त्यसका विरुद्धमा हतियार उठाउनु:रानी लक्ष्मीबाईले अङ्ग्रेजसँग वीरतापूर्वक युद्ध गरिन्","make or wage war"
"97897",3,"जित्नु | जित्‍नु | सफल हुनु","win","NO_GLOSS","be the winner in a contest or competition; be victorious"
"97943",3,"पराजित गर्नु | परास्त गर्नु | हराउनु","defeat | get the better of | overcome","प्रतियोगितामा विपक्षीलाई हराउनु","win a victory over"
"97946",3,"खेदाउनु | धपाउनु | भगाउनु","expel | rout | rout out","डर देखाएर कसैलाई कहीँबाट हटाउनु","cause to flee"
"97958",3,"जीत्‍नु | विजयी हुनु","advance | gain | gain ground | get ahead | make headway | pull ahead | win","लडाइमा विपक्षीको विरूद्ध सफल हुनु","obtain advantages, such as points, etc."
"97986",3,"अड्याउनु | रोक्‍नु","hold out | resist | stand firm | withstand","कसैलाई अगाडि बढन नदिनु","stand up or offer resistance to somebody or something"
"98040",3,"आक्रमणगर्नु | चढाइगर्नु","invade | occupy","बलपूर्वक सीमाको उल्लङ्घन गरेर अर्काको राज्य वा क्षेत्रमा जानु:मुहम्मद गजनवीले सोमनाथ मन्दिरमा धेरै पल्ट आक्रमण गर्‍यो","march aggressively into another's territory by military force for the purposes of conquest and occupation"
"98078",3,"हान्नु","discharge | fire","तोप बन्दुक आदि पडकाउनु","cause to go off"
"98106",3,"दाउ छोप्नु | मौका छोप्नु | मौका हेर्नु","ambuscade | ambush | bushwhack | lie in wait | lurk | scupper | waylay","कसैको अहित आदि गर्नका लागि लुकेर अनुकुल समयलाई पर्खिनु","wait in hiding to attack"
"98144",3,"सिकार खेल्नु | सिकार गर्नु","hunt | hunt down | run | track down","जङ्गली पशु पक्षीलाई मार्नु","pursue for food or sport (as of wild animals)"
"98237",3,"चुस्नु | शोषण गर्नु","exploit | work","बिस्तारो-बिस्तारो अनुचित रूपले कसैको धन, सम्पति आदि लानु","use or manipulate to one's advantage"
"98248",3,"उपभोग गर्नु | खानु | सेवन गर्नु","habituate | use","खानु वा पिउनु","take or consume (regularly or habitually)"
"98249",3,"लाग्‍नु","addict | hook","बानी लाग्‍नु","to cause (someone or oneself) to become dependent  (on something, especially a narcotic drug)"
"98252",2,"उपभुक्त | प्रयुक्त | व्यवहृत","exercise | exert","जसलाई काममा लगाइएको छ या जसको उपयोग गरिएको छ","put to use"
"98263",3,"खानु | भोजनगर्नु | हसुर्नु","eat","आहार आदि मुखद्वारा भुँडीभित्र हाल्नु:बाघले मासु खाँदै छ","take in solid food"
"98266",3,"सुरुप्प पार्नु | सुर्कनु","slurp","मुखले बिस्तारै सुरुप्प-सुरुप्प गरेर पिउनु","eat noisily"
"98270",3,"खानु | निल्नु","drink | imbibe","तरल वस्तु मुखमा हालेर घाँटीदेखि तल पर्‍याउनु:उनी दुध खाँदै छन्","take in liquids"
"98280",3,"खानु | मात्‍नु","drink | tope","रक्सीको सेवन गर्नु","drink excessive amounts of alcohol; be an alcoholic"
"98292",3,"खानु","nibble | pick | piece","अलिअलि काटेर खानु","eat intermittently; take small bites of"
"98293",3,"उग्राउनु","ruminate","सिङ भएका चारखुट्टेले निलेको चारोलाई उगेल्नु बिस्तारो -बिस्तारो निकालेर फेरि चपाएर खानु","chew the cuds"
"98331",3,"खुवाउनु","feed","NO_GLOSS","provide as food"
"98343",3,"सम्भार गर्नु | सम्हालनु","keep | maintain | sustain","कुनै कामको दायित्व आफूमाथि लिनु","supply with necessities and support"
"98373",3,"नशा कानु | मात्‍नु","inebriate | intoxicate | soak","मादक पदार्थको उपभोग गर्नु","make drunk (with alcoholic drinks)"
"98388",3,"खर्च हुनु | लाग्नु | व्यय हुनु","go","कुनै काम पूरा गर्न पारिश्रमिक,मूल्य आदिका रूपमा धन दिइनु","be spent"
"98391",3,"अघाउनु | तृप्त हुनु | सन्तुष्ट हुनु","fill | replete | sate | satiate","इच्छा पूर्ण हुनु","fill to satisfaction"
"98405",3,"छोड्नु | त्याग्नु","forgo | give up","उपयोग वा सेवन नगर्ने","refrain from consuming"
"98411",3,"पचाउनु | हजम गर्नु","digest","शरीरद्वारा खाएको वस्तु हजम गर्नु वा रस आदिको रूपमा परिवर्तित गर्नु","convert food into absorbable substances"
"98435",3,"खानु | घुटुक्कपार्नु | निल्नु","get down | swallow","कुनै पनि वस्तु भोजन-नलीद्वारा घाँटीबाट तल छिराउनु:साँपले भ्यागुतो निल्यो","pass through the esophagus as part of eating or drinking"
"98446",3,"मेटिनु","allay | assuage | quench | slake","भोक आदि शान्त हुनु","satisfy (thirst)"
"98457",3,"छुनु | स्पर्श गर्नु","touch","कुनै वस्तुबाट आफ्ना कतिपय अङ्ग टाँस्नु वा लगाउनु","make physical contact with, come in contact with"
"98483",3,"प्रेम | माया गर्नु","dandle","अवैतनिक,बेतन_रहित","pet"
"98501",3,"छेक्नु | थुन्नु | बन्दी बनाउनु | समाउनु | समात्‍नु","apprehend | arrest | collar | cop | nab | nail | pick up","कसैको इच्छाको विरूद्ध उसलाई वशमा राख्‍नु","take into custody"
"98510",3,"थाम्‍नु | पक्रनु | रोक्‍नु | समाउनु","hold | hold up | support | sustain","लडनबाट बचाउनु","be the physical support of; carry the weight of"
"98514",3,"बोक्नु","carry","विपत्ति कष्ट आदिमा निर्वाह गर्नु","bear or be able to bear the weight, pressure,or responsibility of"
"98530",3,"जोडिनु | टाँसिनु","adhere | cleave | cling | cohere | stick","आपस्तमा कसरी  टाँसिनु भने दुवैको पार्श्व वा पिँध एकअर्कामा लागोस्:बच्चो डराएर आमाको काखमा टाँसियोशल्य चिकित्साद्वारा उनको काटेको औंलो टाँसियो","come or be in close contact with; stick or hold together and resist separation"
"98539",3,"फर्कनु | फर्केर आउँनु","twist","पछिल्तिर फर्कनु","turn in the opposite direction"
"98542",3,"बाट्नु","distort | twine | twist","तागा, तार आदिलाई एकै ठाउँमा मिसेर यस प्रकारले बटार्नु जस्तै ती मिलेर डोरी आदिको रूपमा एउटै हुन्छन्","form into a spiral shape"
"98557",3,"सुमसुम्याउनु","fondle | stroke","कुनै वस्तु वा शरीरका अङ्गहरूमा बिस्तारो-बिस्तारो हाल डुलाउनु","touch lightly and with affection, with brushing motions"
"98575",3,"गाडनु | घोप्नु | छिराउनु | धस्नु | रोप्नु","dig | jab | poke | prod | stab","कुनै वस्तु आदिलाई कुनै स्तर आदिमा जोडले गाडनु","poke or thrust abruptly"
"98591",3,"मल्नु | मालिश गर्नु","knead | massage | rub down","मालिश गर्नु","manually manipulate (someone's body), usually for medicinal or relaxation purposes"
"98592",3,"ढकडक्याउनु | थपथपाउनु","dab | pat","मायाले वा आराम दिलाउनका लागि कसैको शरीरमा बिस्तारो-बिस्तारो हत्केलाले हान्नु","hit lightly"
"98618",3,"चुक्‍नु | चूक हुनु","miss","लक्ष्यबाट विचलित हुनु","fail to reach"
"98629",3,"ठोक्काउनु | भिडाउनु","bump | knock","एउटा वस्तुले अर्को वस्तुमा हान्नु","knock against with force or violence"
"98657",3,"टकटक्याउनु","dust","कुनै चिजमा परेको धुलो हटाउनका लागि त्यसलाई उटाएर झडकार्नु","remove the dust from"
"98665",3,"चम्काउनु | टल्काउनु","polish | shine | smooth | smoothen","कुनै वस्तुलाई घोटेर वा माजेर उज्वल बनाउनु","make (a surface) shine"
"98689",3,"उडाउनु | छुट्याउनु","plane | shave","च्वाट्ट काटेर छुट्याउनु वा काटेर फ्याँक्‍नु","cut or remove with or as if with a plane"
"98700",3,"माझ्नु","abrade | scour","मैला हटाउन वा चिल्लो पार्नका लागि कुनै वस्तुलाई घोट्नु","rub hard or scrub"
"98739",3,"गिराउनु | पल्टाउनु","cut down | drop | fell | strike down","कसैलाई गिर्नमा प्रवृत्त गर्नु","cause to fall by or as if by delivering a blow"
"98745",3,"झार्नु | टिप्नु","break off | chip | cut off | knap","कुनै अङ्गलाई मूल वस्तुबाट छुट्याउनु","break a small piece off from"
"98766",3,"छोल्नु","pare | peel | skin","NO_GLOSS","strip the skin off"
"98767",3,"उखेल्नु | काढनु | ताछनु","peel off","टाँसिएको वा माथिल्लो वस्तुलाई छुट्‍याउनु","peel off the outer layer of something"
"98827",3,"छाप लगाउनु | मोहर लगाउनु","stamp","कुनै वस्तु आदिमाथि छापा वा निसान लगाउनु","to mark, or produce an imprint in or on something"
"98860",3,"कुच्नु | गिजल्नु","cockle | crumple | knit | pucker | rumple","कुनै कोमल पदार्थ विशेष गरेर कपडा, फुल आदिलाई यस प्रकार हातले  मल्नु कि त्यो खराब होस्","to gather something into small wrinkles or folds"
"98886",3,"बेर्नु | लपेटनु","wrap | wrap up","कुनै वस्तुमाथि कुनै अर्को वस्तुको घुमाउरो परत चढाउनु:मिठाईको डिब्बामाथि कागज बेर","arrange or fold as a cover or protection"
"98921",3,"कस्नु | गाँठोपार्नु | बाँध्‍नु","leash | rope","डोरी, लुगाहरूमा बेरेर गाँठो पार्नु:उनी दाउरा बाँध्दै छन्","fasten with a rope"
"98971",3,"चोइट्याउनु | टुक्रा गर्नु | भाँच्नु","break | break off | snap off","आघात वा झट्काले कुनै पदार्थलाई खण्ड वा टुकुरा गर्नु","break a piece from a whole"
"98986",3,"रोकिदिनु | रोक्‍‍नु","constrain | cumber | encumber | restrain","भत्ता आदि नदिनु","hold back"
"98998",3,"बेर्नु","bandage | bind","चरैतिर घेर्नु वा बेर्नु","wrap around with something so as to cover or enclose"
"99001",3,"खोल्‍नु | फुकाल्नु","unlash","बन्धन,गाँठो आदि खोल्‍नु","untie the lashing of"
"99035",3,"खन्नु","cut into | delve | dig | turn over","NO_GLOSS","turn up, loosen, or remove earth"
"99040",3,"खन्नु | खाल्डोपार्नु | खोतल्नु | खोस्रनु","dig | excavate | hollow","माथिको माटो हटाएर खाल्डो खन्नु:किसान आफ्नो खेतमा कुवा खन्दै छ","remove the inner part or the core of"
"99042",3,"खनिनु","dig | dig out","खन्ने काम हुनु","create by digging"
"99060",3,"छामछुम गर्नु | छाम्नु","grope for | scrabble","थाहा पाउनका लागि औँलाले छुनु बा थिच्नु","feel searchingly"
"99066",3,"खोज्नु","look for | search | seek","NO_GLOSS","try to locate or discover, or try to establish the existence of"
"99108",3,"मार्नु","kill","NO_GLOSS","cause to die; put to death, usually intentionally or knowingly"
"99134",3,"तुरपनु","hem","कुनै वस्त्र आदिको बाहिरी भागलाई हातले सीउनु वा सिलाई गर्नु","fold over and sew together to provide with a hem"
"99154",3,"छोप्नु | ढाक्नु | लुकाउनु","cover","यस्तो प्रकारले माथि हाल्नु वा फैलाउनु जसले कुनै वस्तु छोपियोस्:आमा खानेकुरो छोप्‍दै हुनुहुन्छ","provide with a covering or cause to be covered"
"99164",3,"गाता लगाउनु | मोर्नु","bind","किताबमा गाता लगाउनु","provide with a binding"
"99187",3,"डुब्नु आत्मविस्मृत हुनु | तल्लीन होना","drown | overwhelm | submerge","कुनै विषय वा कार्य गर्नमा मग्न हुनु","cover completely or make imperceptible"
"99194",3,"अडकाउनु | अल्झाउनु | फँसाउनु","fasten | fix | secure","कुनै वस्तुलाई कहीं स्थिर गर्नु","cause to be firmly attached"
"99213",3,"खुस्किनु | खोलिनु","unfasten","बाँध्‍ने अथवा जोडने वस्तु हट्नु","become undone or untied"
"99222",3,"उघार्नु | खोल्‍नु","open | open up","डाक्‍ने वा छेक्‍ने वस्तु हटाउनु","cause to open or to become open"
"99226",3,"उघ्रनु | उघ्रिनु | खुल्‍नु | खोलिनु","open | open up","छेउको अवरोध वा माथिको आवरण हट्नु","become open"
"99236",3,"ताल्चा खोल्नु","unlock","NO_GLOSS","open the lock of"
"99254",3,"खोल्‍नु","unscrew","कुनै उपकरणलाई मर्मत आदिका लागि पुर्जा छुट्याउनु","loosen something by unscrewing it"
"99256",3,"कस्नु","screw","पूर्जाहरूलाई दृढ पारेर बसाउनु","tighten or fasten by means of screwing motions"
"99258",3,"बटार्नु | मुसार्नु","screw","बटार्नु, वा बल गरेर मिच्नु","turn like a screw"
"99267",3,"जोड्नु | टाँस्नु | लगाउनु","connect | link | link up | tie","दुई या कैयौं वस्तुलाई या भागलाई सिएर, मिलाएर, टाँसेर या अन्य उपायद्वारा एक गराउनु","connect, fasten, or put together two or more pieces"
"99278",3,"टाँसिनु | टाक्सिनु","adhere | bind | bond | hold fast | stick | stick to","आँठा आदि लिसैलो चिजले दुइटा वस्तु आपस्तमा टाँसिनु","stick to firmly"
"99293",3,"गाँस्नु | गुथ्‍नु | बनाउनु","draw | string | thread","धागो, तागा आदिमा केही हाल्‍नु","thread on or as if on a string"
"99311",3,"टाँस्नु | थोपर्नु | दल्नु | लगाउनु","plaster | plaster over | stick on","गिलो वस्तुलाई डल्लो पारेर माथिबाट हालेर, राखेर वा जमाउनु","apply a heavy coat to"
"99367",3,"लत्याउनु | लात्तले हान्नु","kick","कसैलाई खुट्टाले प्रहार गर्नु","drive or propel with the foot"
"99412",3,"एकै ठाउँमा पार्नु | बटुल्नु | भेला पार्नु | समेट्नु","collect | garner | gather | pull together","(छरिएका वा फिँजारिएका वस्तुहरूलाई) एक ठाउँमा ल्याउनु वा भेला पार्नु","assemble or get together"
"99416",3,"जम्नु | भेला हुनु","corral","कुनै एक ठाउँमा भैला हुनु","collect or gather"
"99469",3,"च्यापिनु | दबिनु","press","कुनै वस्तुमा दबाउ पर्नु","place between two surfaces and apply weight or pressure"
"99472",3,"बेल्नु","roll | roll out","रोटी, पुरी आदि बनाउनका लागि पिरामा राखेर बेल्नाले बेलेर पातलो पार्नु:सीमा धेरै छिटो-छिटो बेल्छिन्","flatten or spread with a roller"
"99479",3,"पुछ्नु | मेटनु","pass over | wipe","घोटेर धुलो वा मैला सफा गर्नु","rub with a circular motion"
"99486",3,"कुचो लगाउनु | बढार्नु","broom | sweep","कुचाले मझेरी सफा गर्नु","sweep with a broom or as if with a broom"
"99490",3,"कटकटाउनु | किटकिटाउनु","grate | grind","कुनै कारणले तल्ला र माथिल्ला दावतहरूको स्पर्शले किटकिट वा कटकट शब्द उत्पन्न हुनु","make a grating or grinding sound by rubbing together"
"99603",3,"मुक्का हान्नु","plug | punch","NO_GLOSS","deliver a quick blow to"
"99615",3,"कुटनु | कुटाइ गर्नु","baste | batter | clobber","हात,खुट्टा आदिले लगातार हान्नु","strike violently and repeatedly"
"99620",3,"घोल्नु | फिट्नु | मुछ्नु","beat | scramble","द्रव्य पदार्थमा केही हालेर राम्रोसँगले मिसाउनका लागि घुमाएर हल्लाउनु","stir vigorously"
"99621",3,"मथ्नु | हुँडल्नु","churn","कुनै तरल पदार्थलाई मधानी वा लौराले छिटो-छिटो घोट्नु:आमा दही मथ्दै हुनुहुन्छ","stir (cream) vigorously in order to make butter"
"99627",3,"हल्लाउनु","agitate | commove | disturb | raise up | shake up | stir up | vex","स्थानबाट उठेर यताउता गर्नु","change the arrangement or position of"
"99663",3,"चिक्नु","bang | be intimate | bed | bonk | do it | eff | fuck | get it on | get laid | have a go at it | have intercourse | have it away | have it off | have sex | hump | jazz | know | lie with | love | make love | make out | roll in the hay | screw | sleep with","NO_GLOSS","have sexual intercourse with"
"99674",3,"चिक्नु","copulate | couple | mate | pair","NO_GLOSS","make love"
"99684",3,"चुप्पा | चुम्बन | म्वाइँ | म्वाइँ खानु","buss | kiss | osculate","NO_GLOSS","touch with the lips or press the lips (against someone's mouth or other body part) as an expression of love, greeting, etc."
"99688",3,"चाट्नु","lap | lick","कुनै वस्तुमा जिब्रो लगाउनु:कुकुरले मालिकको हात चाट्दै छ","pass the tongue over"
"99719",3,"पुर्याउनु","deliver","यसो गर्नु किनकि कुनै वस्तु वा व्यक्‍ति एउटा स्थानबाट हिँडेर अर्को स्थानमा आओस","bring to a destination, make a delivery"
"99722",3,"पुर्‍याउनु","bring","कुनै विषयमा कसैको बराबर पार्नु","cause to come into a particular state or condition"
"99729",3,"काटिनु | कुल्चिनु","cut off | cut out","गाडी आदिको तल आएर मर्नु","cut off and stop"
"99730",3,"खोप्नु | गाडनु | घोप्नु | बिझ्नु | रोप्नु","prick | prickle","कुनै पनि तिखो वस्तु आदिलाई नरम स्तर आदिमा छिराउनु","make a small hole into, as with a needle or a thorn"
"99740",3,"छेड्नु | दुलो पार्नु","bore | drill","कुनै वस्तुलाई तिखो हतियार आदिले छेड्नु","make a hole with a pointed power or hand tool"
"99756",3,"खानु | टोक्नु","bite | seize with teeth","दाँत गाडेर खण्ड, घाइते वा घाउ बनाउनु:राती सुतेको बेला मच्छरले धेरै टोके","to grip, cut off, or tear with or as if with the teeth or jaws"
"99760",3,"घुमाउनु | नछाउनु","brandish | flourish | wave","हावामा यता-उता हल्लिनु","move or swing back and forth"
"99765",3,"आकर्षितगर्नु | झिक्नु | तान्नु","draw | force | pull","बलपूर्वक आफूतिर तान्नु:नानीहरू हाँगामा बाँधैको डोरी तान्दै छन्","cause to move by pulling"
"99766",3,"झिक्नु","twitch","कोष,थैली आदिबाट कुनै वस्तु छिट्टो वा झडकाका साथ बाहिर निस्किनु","move or pull with a sudden motion"
"99773",3,"बोक्नु","carry | transport","बोझा बोकेर लानु","move while supporting, either in a vehicle or in one's hands or on one's body"
"99790",3,"घिस्रिनु","trail | train","घिस्रिनु","drag loosely along a surface; allow to sweep the ground"
"99805",3,"चिमट्नु | चिमोट्नु","nip | pinch | squeeze | tweet | twinge | twitch","बुढी औँलो र चोर औँलाले कसैका शरीरको छाला च्याप्नु","squeeze tightly between the fingers"
"99807",3,"भेला पार्नु | समेटनु","crimp | pinch","कपडा, कागज आदिलाई भेला पारेर वा समेटेर राख्‍नु  ‍‍‍‍‍‍‍‍‍‍‍‍‍‍‍‍‍‍‌","make ridges into by pinching together"
"99815",3,"सङ्ग्लिनु | सङ्लो हुनु | सफा हुनु","filter | filter out | filtrate | separate out | strain","तरल पदार्थ यसरी सङ्ग्लो हुनु जबकि त्यसमा मिसिएको चिज वा मैलो तल बसोस्","remove by passing through a filter"
"99816",3,"निफन्नु","separate","अन्नमा भएका कण वा भुस कूटेर वा निफनेर छुट्याउनु","divide into components or constituents"
"99826",3,"बताउनु","fan | winnow","दाइँ गरेको अन्नलाई हावामा उडाएर भुस, धुलोआदि छुट्याउनु","separate the chaff from by using air currents"
"99859",3,"खेदाउनु | निकाल्नु","boot out | chuck out | eject | exclude | expel | kick out | throw out | turf out | turn out","बाहिर निकाल्नु","put out or expel from a place"
"99907",3,"अढकिनु | अवरुद्ध हुनु | थामिनु | फँस्नु | बन्द हुनु | बाधित हुनु | रोकिनु","back up | choke | choke off | clog | clog up | congest | foul","रोकिनु या रोकिएको","become or cause to become obstructed"
"99918",3,"पार्नु | फँसाउनु","ensnare | entrap | snare | trammel | trap","फन्दामा पार्नु","catch in or as if in a trap"
"99926",3,"हल्लाउनु","dangle","कसैलाई हल्लिन प्रवृत्त गराउनु","cause to dangle or hang freely"
"99937",3,"बटार्नु | बाँध्नु","bunch | bunch up | bundle | clump | cluster","पिठो आदिलाई डल्लोको रूपमा ल्याउनु","gather or cause to gather into a cluster"
"99939",3,"कुम्लो पार्नु | पोको पार्नु | प्याक गर्नु | बाँध्नु","pack","कुनै पनि चिजलाई भेला पारेर बाँध्नु","seal with packing"
"99953",3,"गह्रुँ हुनु","burden | burthen | weight | weight down","भारी हुनु","weight down with a load"
"99979",3,"नार्नु","harness | tackle","गाडी, कोल, हलो आदि चलाउनका लागि त्यसका अगाडि घोडा, गोरु आदि बाँध्नु:कोल चलाउनका लागि कृषक गोरु नार्दै छ","put a harness"
"99991",3,"टुङ्गो लाग्नु | बस्नु","ensconce | settle","एउटै स्थानमा स्थिर भएर रहनु","fix firmly"
"100022",3,"पछार्नु","flump | plank | plonk | plop | plump | plump down | plunk | plunk down","कुनै वस्तु, व्यक्ति वा कुनै भागलाई जोरसँग अग्लो स्थानबाट तलतिर झार्नु","set (something or oneself) down with or as if with a noise"
"100023",3,"छर्नु","seed | sough | sow","उब्जाउनका लागि खेतमा बिउ छर्नु","place (seeds) in or on the ground for future growth"
"100037",3,"खसाउनु | झार्नु | फ्याँक्नु | हराउनु","lose | mislay | misplace","असावधान वा भुलिएर कुनै चिज कतै छोडनु वा खसाउनु","place (something) where one cannot find it again"
"100073",3,"निभाउनु | बन्द गर्नु | बुताउनु","cut | switch off | turn off | turn out","विद्युतले जल्ने वस्तु,बत्ती आदि बन्द गर्नु वा प्रकाश नदिने बनाउनु","cause to stop operating by disengaging a switch"
"100119",3,"कात्नु","spin","रुवा बाटेर धागो बनाउनु","work natural fibers into a thread"
"100135",3,"उन्नु | छिराउनु | हुल्नु","thread","सियाको छिँडमा वा दुलामा धागो आदि छिराउनु","pass a thread through"
"100136",3,"चाबी दिनु | चाबी लगाउनु","wind | wind up","चाबी लगाउनु","coil the spring of (some mechanical device) by turning a stem"
"100151",3,"खाँद्नु | घुसार्नु | भराउनु","stuff","कुनै वस्तु केही भित्र हाल्‍नु","fill completely"
"100154",3,"काम नगर्नु | खराब हुनु | बिग्रिनु | विकृत हुनु","malfunction | misfunction","गुण, रूप, आदिमा विकार हुनु वा खराब हुनु","fail to function or function improperly"
"100156",3,"उपयोगमा आउनु | काम गर्नु | चल्नु","function | go | operate | run | work","आचरण वा व्यवहार मा भएको वा आउनु वा प्रयोग गर्दा आशानुरूप काम गर्नु","perform as expected when applied"
"100170",3,"निकालिदिनु | मेटाउनु | हटाउनु","dislodge | free","त्यो स्थानमा रहन नदिनु वा टाडा पठाउनु","remove or force out from a position"
"100171",3,"गाडनु | रोप्नु","embed | engraft | imbed | implant | plant","लामो वस्तु आदिको फेद कुनै खाल्डामा हालेर त्यसलाई उभ्याउनु","fix or set securely or deeply"
"100189",3,"छाप्नु | बनाउनु","impress | imprint","मसी आदिका सहायताले एउटा वस्तुमाथि अर्को वस्तु दबाएर त्यसको आकृति उतार्नु:चुनाउ प्रचारकहरूले ठाउँठाउँमा बेरामा चुनाउ चिह्न छापेका छन्","mark or stamp with or as if with pressure"
"100193",3,"छोडाउनु | मेटाउनु | सफा गर्नु | हटाउनु","clean | make clean","NO_GLOSS","make clean by removing dirt, filth, or unwanted substances from"
"100200",3,"घोल्नु | धमिलो पार्नु | मैलो पार्नु","begrime | bemire | colly | dirty | grime | soil","मैलो पार्नु","make soiled, filthy, or dirty"
"100209",3,"पखाल्नु","rinse | rinse off","भाँडा, लुगा आदिलाई पानीमा धुनु","wash off soap or remaining dirt"
"100241",3,"छचल्काउनु | हल्लाउनु","slop | spill | splatter","कुनै पात्रको द्रव्य पदार्थलाई हल्लाएर बाहिर निकाल्नु","cause or allow (a liquid substance) to run or flow from a container"
"100250",3,"बसाउनु","seat | sit | sit down","कसैलाई बस्न प्रवृत्त गराउनु","show to a seat; assign a seat for"
"100262",3,"उठाउनु | हटाउनु","place upright | stand | stand up","स्थान त्याग गर्नु","put into an upright position"
"100273",3,"मेटाउनु | मेट्नु","efface | erase | rub out | score out | wipe off","अङ्कित रेखा,दाग,चिन्ह आदिलाई पूर्णरूपले  मेटाउने काम","remove by or as if by rubbing or erasing"
"100310",3,"केलाउनु | छान्नु | छुट्याउनु","disunite | divide | part | separate","अलग या पृथक गर्नु","force, take, or pull apart"
"100324",3,"आरा चलाउनु","saw","काठ धातु आदिलाई आराद्वारा काट्नु वा चिर्नु","cut with a saw"
"100361",3,"उक्काउनु | उखाल्नु | उखेल्नु","stub","कुनै जमेको वा गाडेको वस्तु हटाएर भिन्दै पार्नु:उसले बिरुवा अर्को ठाउँमा लगाउनलाई उखेल्यो","pull up (weeds) by their roots"
"100389",3,"बाँध्नु","clench | clinch","कसेर बाँध्नु वा समाउनु","hold in a tight grasp"
"100392",3,"चिर्नु | च्यात्‍नु | फार्नु","bust | rupture | snap | tear","च्यातेर एकभन्दा धेरै भाग गर्नु:उसले रिसाएर नयाँ लुगा च्यातो","separate or cause to separate abruptly"
"100394",3,"कोर्नु","grate","कोरेसाले कोर्नु","reduce to small shreds or pulverize by rubbing against a rough or sharp perforated surface"
"100404",3,"चर्नु","browse | crop | graze | pasture | range","पशु चर्ने ठाउँ,खेत आदिमा उम्रिएको घाँस आदि खानु","feed as in a meadow or pasture"
"100405",3,"चराउनु","crop | graze | pasture","पशुहरूलाई चर्नका लागि मौका दिनु","let feed in a field or pasture or meadow"
"100408",3,"चोब्नु | डुबाउनु","dip | douse | dunk | plunge | souse","पानी वा कुनै द्रव पदार्थमा हाल्नु","immerse briefly into a liquid so as to wet, coat, or saturate"
"100413",3,"भिजाउनु","soak","कुनै वस्तुलाई पानी अथवा कुनै तरल पदार्थद्वारा तर बनाउन त्यसमा डुबाउनु:बिहान खानका लागि आमाले सधैँ राति चना भिजाउनुहुन्छ","submerge in a liquid"
"100421",3,"फिँजाउनु | फैलाउनु","open | spread | spread out | unfold","फैलाउनु:उनी भिजेको कपडा घाममा फिँजाउँदै छन्","spread out or open from a closed or folded state"
"100491",3,"टिप्नु","pick off | pluck | pull off | tweak","फुललाई बोटबाट अलग गर्नु","pull or pull out sharply"
"100564",3,"अल्झाउनु | पार्नु | फँसाउनु","lasso | rope","कसैलाई बन्धन वा फन्दामा यस प्रकारले फँसाउनु जबकि उसलाई निस्कन कठिन होस्","catch with a lasso"
"100582",3,"खिच्नु | तान्नु | मिलाउनु | मिसाउनु | ल्याउनु","bond | bring together | draw together","आफ्ना पक्षमा ल्याउनु","bring together in a common cause or emotion"
"100584",3,"जडनु | टाँस्नु | लगाउनु","set","कुनै वस्तु आदिमा कुनै वस्तुलाई बसाउनु","fix in a border"
"100598",3,"अड्याउनु | टाङनु | टेकाउनु","rest","कसैको सहारामा उभ्याउनु","put something in a resting position, as for support or steadying"
"100604",3,"काट्नु","cut","कुनै धारदार हतियारको बलले कुनै वस्तु दुइ टुक्रा हुनु","function as a cutting instrument"
"100610",3,"चढाउनु | भराउनु","load","कसैमाथि कुनै वस्तु राख्‍नु वा भर्नु","put (something) on a structure or conveyance"
"100611",3,"खाँद्‍नु | घुसार्नु | भराउनु","cram","धेरै खाँदेर भराउनु","put something somewhere so that the space is completely filled"
"100612",3,"ओढनु","drape","शरीरको कुनै भाग वा सारा शरीरलाई वस्त्रले ढाक्नु","cover or dress loosely with cloth"
"100651",3,"उठाउनु | बन्दगर्नु | रोक्नु | हटाउनु","end","चलन बन्द गर्नु:हामीले हाम्रो समाजबाट दाइजो प्रथा हटाउनुपर्छ","put an end to"
"100655",3,"तयार गर्नु | निर्माण गर्नु | बनाउनु | रचना गर्नु","create | make | produce","अस्तित्वमा ल्याउनु","create or manufacture a man-made product"
"100670",3,"कुट्नु | पिट्नु | हिर्काउनु","beat","चोट पारेर कुनै वस्तुलाई च्याप्टो पार्नु","shape by beating"
"100701",3,"आविष्कार गर्नु | खोजेर निकाल्नु | निकालनु","contrive | devise | excogitate | forge | formulate | invent","कुनै यस्तो नयाँ वस्तु तयार गर्नु वा नयाँ कुरा खोज्‍नु जुनचाहिँ पहिले कसैलाई थाहा भएको थिएन","come up with  (an idea, plan, explanation, theory, or principle) after a mental effort"
"100716",3,"कल्पना गर्नु | मान्नु","conceive of | envisage | ideate | imagine","कल्पना गर्नु","form a mental image of something that is not present or that is not the case"
"100721",3,"सपना देख्नु","daydream | dream | stargaze | woolgather","NO_GLOSS","have a daydream; indulge in a fantasy"
"100763",3,"भन्नु","fix","नियोजित गर्नु","set or place definitely"
"100790",3,"फल लाग्नु | फल्नु","fruit","रूखले फल उत्पन्न गर्नु","bear fruit"
"100797",3,"निर्माण गर्नु","build | construct | make","NO_GLOSS","make by combining materials and parts"
"100835",3,"भराउनु | हाल्नु","cast | mold | mould","कुनै चिज बनाउनका लागि त्यसको सामग्रीलाई साँचोमा हालेर त्यसलाई तयार पार्नु","form by pouring  (e.g., wax or hot metal) into a cast or mold"
"100854",3,"सिउँनु | सिलाउनु","sew | tailor | tailor-make","कपडाहरूको टुकुरालाई धागाको सहायताले जोड्नु:दर्जी कमेज सिउँदै छन्","create (clothes) with cloth"
"100900",3,"बनाउनु | बुन्नु","tissue | weave","हात वा यन्त्रले कतिपय धागालाई माथि र कतिपय धागालाई तलबाट निकालेर कुनै सामान बनाउनु:सीता आफ्नो नानीका लागि एउटा सुइटर बुन्दै छिन्","create a piece of cloth by interlacing strands of fabric, such as wool or cotton"
"100911",3,"सजाउनु","adorn | beautify | decorate | embellish | grace | ornament","नयाँ वस्तुहरू अथवा बात जोडेर वा राखेर सुन्दर बनाउनु:नयाँ दुलहीले घरलाई धेरै राम्ररी सजाएको छिन्","make more attractive by adding ornament, colour, etc."
"100939",3,"खोप्नु","tattoo","छालामा सुईले तिल वा अरू कुनै चिनो आदि छाप्नु","stain (skin) with indelible color"
"100941",3,"रङनु | रङ्गाउँनु","bodypaint","रङ्ग लगाउनु","apply paint to a body"
"100957",3,"आकार दिनु | बनाउनु | रूप दिनु | सिर्जनु","sculpt | sculpture","छाँट-काँट गरेर वा अरू कुनै प्रकारले कामको चिज बनाउनु","create by shaping stone or wood or any other hard material"
"101001",3,"उठाउनु | टिप्‍नु | नकल गर्नु","copy | re-create","लेखौट, चित्र आदिलाई जस्ताको तस्तै रूप बनाउनु","make a replica of"
"101016",3,"रङ लगाउनु | रङगाउनु","color | colour | emblazon","कुनै वस्तुलाई घोलिएको रङमा हालेर वा डुबाएर रङ्गीन पार्नु","decorate with colors"
"101024",3,"रचना गर्नु | रच्नु | लेख्नु","compose | indite | pen | write","कनै साहित्यिक कृतिको निर्माण गर्नु","produce a literary work"
"101077",3,"हल्लिनु","dance | trip the light fantastic | trip the light fantastic toe","नाचमा खुट्टा ठटाएर हिँडने क्रिया,जसले गर्दा घुँगुरा बज्छन्","move in a pattern; usually to musical accompaniment; do or perform a dance"
"101096",3,"गर्नु","do | execute | perform","NO_GLOSS","carry out or perform an action"
"101103",3,"गर्नु","perform","कसैको प्रगतिको स्तर आँकनु","give a performance (of something)"
"101158",3,"गुञ्जिनु | घन्किनु | बज्नु","play","वाद्ययन्त्रबाट शब्द उत्पन्न हुनु","perform music on (a musical instrument)"
"101197",3,"अभिव्यक्त गर्नु | अभिव्यक्ति गर्नु | प्रकट गर्नु | व्यक्त गर्नु","tongue","कुनै कुरा आदिलाई व्यक्त गर्नु","articulate by tonguing, as when playing wind instruments"
"101218",3,"आविस्कार गर्नु | निकाल्नु","develop","कुनै नयाँ वस्तु तयार गर्नु वा नयाँ कुरो खोजेर निकाल्‍नु","make something new, such as a product or a mental or artistic creation"
"101223",3,"उब्जाउनु","farm | grow | produce | raise","उत्पन्न गर्नु","cultivate by growing, often involving improvements by means of agricultural techniques"
"101258",3,"टिप्नु | नक्कल गर्नु","copy","अनुचित रूपले नक्कल गर्नु","copy down as is"
"101289",3,"उत्पन्न गर्नु | उत्पादन गर्नु","bring forth | produce","कुनै वस्तु आदिको निर्माण गर्नु","bring forth or yield"
"101305",3,"जलाउनु | बाल्नु | सल्काउनु","make","दियो आदि जलाउनु","gather and light the materials for"
"101326",3,"मोहित हुनु | लुब्ध हुनु","infatuate","पूर्ण रूपले मोहित हुनु","arouse unreasoning love or passion in and cause to behave in an irrational way"
"101333",3,"उकास्नु | बहकाउनु | भडकाउनु","agitate | charge | charge up | commove | excite | rouse | turn on","कसैलाई उत्तेजित पार्नु","cause to be agitated, excited, or roused"
"101339",3,"पटाउनु","calm | calm down | chill out | cool it | cool off | settle down | simmer down","शान्त हुनु","become quiet or calm, especially after a state of agitation"
"101344",3,"फकाउनु | फुल्याउनु","appease | assuage | conciliate | gentle | gruntle | lenify | mollify | pacify | placate","रिसाएकालाई खुसी पार्नु","cause to be more favorably inclined; gain the good will of"
"101346",3,"खानु","eat | eat on","चिन्ता,बिमारी आदिले शरीरमा कुप्रभाव पर्नु वा कसैको मृत्यु हुनु","worry or cause anxiety in a persistent way"
"101349",3,"पर्नु | लाग्नु","care | worry","चिन्ता हुनु","be concerned with"
"101352",3,"कचकच गर्नु | गनगन गर्नु | फतफत गर्नु","fret","कुरा-कुरामा रिसाउनु","be agitated or irritated"
"101385",3,"घिनगर्नु | घृणागर्नु | हेलागर्नु","detest | hate","कसैलाई नराम्रो मानेर सधैँ उदेखि टाढा रहनु:कसैलाई पनि घिन नगर्नू","dislike intensely; feel antipathy or aversion towards"
"101399",3,"पोसाउनु | मन पर्नु | राम्रो लाग्नु","like","रुचि अनुकूल हुनु","find enjoyable or agreeable"
"101407",3,"डराउनु | भयभीत हुनु","affright | fright | frighten | scare","कसैका मनमा डर उत्पन्न गर्नु","cause fear in"
"101412",3,"डराउनु | त्रासितहुनु","dread | fear","डराउनु:भूतको कुरा सुनेर ऊ डरायो","be afraid or scared of; be frightened of"
"101415",3,"डराउनु | तर्सिनु","fear","NO_GLOSS","be afraid or feel anxious or apprehensive about a possible or probable situation or event"
"101416",3,"अत्याउनु | डर देखाउनु | त्रासित पार्नु","terrify | terrorise | terrorize","यसरी डराउनु जबकि कुनै मान्छेले केही काम गर्न सक्तैन","fill with terror; frighten greatly"
"101425",3,"आत्तिनु | झस्किनु | तर्सिनु","shock","भय आदिले अचानक काम्नु","strike with horror or terror"
"101436",3,"आसक्त हुनु | मोहित हुनु","die","कसैको रूप, गुण आदिका कारणले त्यसमाथि प्रसन्न, अनुरक्‍त वा मोहित हुनु","languish as with love or desire"
"101437",3,"फुटनु","break | burst | erupt","छिचोलेर बाहिर आउनु","force out or release suddenly and often violently something pent up"
"101440",3,"कोप | क्रोध | जङ | रिस","anger","कुनै यस्तो काम गर्नु जसले गर्दा छेउमा बसेको क्रोधित हुन्","make angry"
"101473",3,"अप्रिय लाग्नु | नराम्रो लाग्नु | पिरोल्नु","bruise | hurt | injure | offend | spite | wound","राम्रो नलाग्नु या कुनै काम या कुराले मनलाई दुख दिनु","hurt the feelings of"
"101489",3,"पछुताउनु | पछुतो | पश्चाताप | पश्‍चाताप गर्नु","regret | repent | rue","NO_GLOSS","feel remorse for; feel sorry for; be contrite about"
"101492",3,"कल्पनु | विलाप गर्नु","mourn","शोक आदिको समय रोएर दुख प्रकट गर्नु","feel sadness"
"101494",3,"दुखी हुनु | पश्‍चाताप गर्नु | सोच्नु","grieve | sorrow","खेद वा दुख मान्नु","feel grief; eat one's heart out"
"101495",3,"उदास हुनु","aggrieve | grieve","उदास हुनु","cause to feel sorrow"
"101498",3,"दुखीहुनु | सुर्ताउनु","distress","कुनै कुरा वा घटनाले मनमा कष्ट हुनु","cause mental pain to"
"101533",3,"लालची हुनु","ache | languish | pine | yearn | yen","केही पाउन तीव्र र अनुचित इच्छा गर्नु","have a desire for something or someone who is not present"
"101565",3,"प्रेरित गर्नु","animate | enliven | exalt | inspire | invigorate","केही यस्तो गर्नु जसले कसैलाई प्रेरणा मिल्छ","heighten or intensify"
"101579",3,"रिझाउनु","delight | please","NO_GLOSS","give pleasure to or be pleasing to"
"101582",3,"सन्तुष्ट गराउनु","gratify | satisfy","तृप्त या सन्तुष्ट गर्नु","make happy or satisfied"
"101586",3,"अप्रसन्नहुनु","displease","कसैको काम, कुरा,आदिबाट प्रसन्न नरहनु:राधाको अभिमानपूर्ण कुराले सबै अप्रसन्न भए","give displeasure to"
"101628",3,"इच्छागर्नु | कामनागर्नु | चाहनु | मनगर्नु | रहरगर्नु","desire | want","इच्छा गर्नु वा कामना गर्नु:चपरासी घर जान रहर गर्दै छ","feel or have a desire for; want strongly"
"101634",3,"चुन्नु","prefer","NO_GLOSS","like better; value more highly"
"101644",3,"छटपटिनु | पर्खनु","hanker | long | yearn","कुनै पदार्थको अभावको दुख सहनु","desire strongly or persistently"
"101674",3,"चल्नु","go | locomote | move | travel","NO_GLOSS","change location; move, travel, or proceed"
"101680",3,"उडनु | छरिनु","fly","हावाले यता-उता हुनु","be dispersed or disseminated"
"101699",3,"लिनु | समात्‍नु","take","कतै जानका लागि कुनै वाहन वा बाटाको उपयोग गर्नु","travel or go by means of a certain kind of transportation, or a certain route"
"101706",3,"देख्‍नु | हेर्नु","inspect | visit","निरीक्षण गर्नु","come to see in an official or professional capacity"
"101725",3,"उडाउनु","fly","हावामा माथि उठनु","cause to fly or float"
"101729",3,"गमनगर्नु | जानु | निक्लिनु | प्रस्थानगर्नु | रवानाहुनु | हिँड्नु","depart | go | go away","कुनै प्राणी,वस्तु आदि एउटा स्थानबाट अर्को स्थानमा पुग्नका लागि हिँड्नु:मन्त्री महोदय अब यहाँबाट प्रस्थान गर्नुहुन्छ","move away from a place into another direction"
"101731",3,"आउनु","come | come up","NO_GLOSS","move toward, travel toward something or somebody or approach something or somebody"
"101735",3,"हटाउनु","displace | move","हटाउने काम अर्काद्वारा गराउनु","cause to move, both in a concrete and in an abstract sense"
"101798",3,"खोलिनु","get going | go | start","सधैँको काम आरम्भ हुनु","begin or set in motion"
"101808",3,"गुडाउनु","roll | turn over","यस प्रकारले छोडनु वा धकेल्नु जबकि त्यो घुम्दै वा गुडदै परसम्म जान्छ","move by turning over or rotating"
"101814",3,"कुल्चिनु","tramp down | trample | tread down","खुट्टा आदिले कुल्चेर वा थिचेर ध्वस्त पार्नु","walk on and flatten"
"101820",3,"सकसकाउनु | हल्लिनु","squirm | twist | worm | wrestle | wriggle | writhe","ब्युझिएर सकसकाउनु","to move in a twisting or contorted motion, (especially when struggling)"
"101830",3,"चिप्लनु","skid | slew | slide | slip | slue","चिप्लो हुनाले कुनै वस्तु आफ्नो ठाउँमा रहन नसक्नु:बाटोमा हिडँदा मेरा खुट्टा चिप्लिए र म लडेँ","move obliquely or sideways, usually in an uncontrolled manner"
"101854",3,"प्रवाहित गर्नु | बगाउनु","float","पानीको धारामा हाल्नु वा छोड्नु","set afloat"
"101858",3,"डोल्नु | फर्फराउनु | हल्लिनु","rock | shake | sway","आफ्नो स्थानमा केही यता-उता हुनु","move back and forth  or sideways"
"101861",3,"लट्ठ पार्नु","rock | sway","कसैलाई हल्लिनमा प्रवृत्त गराउनु","cause to move back and forth"
"101866",3,"झुम्नु | लिन हुनु","fluctuate | vacillate | waver","मस्त वा मातेर टाउको र जिउ अगि पछि र यता उता हल्लाउनु","move or sway in a rising and falling or wavelike pattern"
"101887",3,"कुद्नु | घुम्नु | डुल्नु | भौँतारिनु","cast | drift | ramble | range | roam | roll | rove | stray | swan | tramp | vagabond | wander","केही खोज्ऩका लागि यता उता घुमफिर गर्नु","move about aimlessly or without any destination, often in search of food or employment"
"101892",3,"घुम्नु | जथाभावि हिँड्नु | डुल्नु | बरालिनु","gad | gallivant | jazz around","व्यर्थै यता उता घुम्नु","wander aimlessly in search of pleasure"
"101915",3,"गुडुल्किनु | डोलाउनु","bowl","एकोहोरो तलमाथि धुम्दै झर्नु","roll (a ball)"
"101937",3,"हल्लिनु","judder | shake","कसिएको खुकुलो हुनु वा ढिला हुनु","shake or vibrate rapidly and intensively"
"101945",3,"झडकार्नु","flick | flip","जोडले झडका हान्नु वा झकझक्याउनु","cause to move with a flick"
"101948",3,"परजानु | सर्नु | हट्नु","agitate | budge | shift | stir","आफ्नो ठाँउबाट अलिकति मात्र अघि बढ्नु वा यता-उता हुनु:भने पछि पनि ऊ आफ्नो ठाउँबाट सरेन","move very slightly"
"101950",3,"घोट्टा बनाउनु | घोट्नु | पिस्नु","stir","पिसेर एउटा चिजमा मिलाउनु","move an implement through with a circular motion"
"101952",3,"नाच्नु | नृत्यगर्नु","dance","सङ्गीतका साथ ताल स्वरका अनुसार वा यसै हाउ-भाउ देखाउँदै उफ्रिनु, डुल्नु र यस खालका दोस्रो प्रयास गर्नु:उनी धेरै राम्रो नाचिरहेकी थिइन्","move in a graceful and rhythmical way"
"101989",3,"घुम्नु | डुल्नु","dart | fleet | flit | flutter","कुनै वस्तु आदिको छेउछाउ घुम्नु","move along rapidly and lightly; skim or dart"
"102001",3,"छचल्किनु | धौ खेल्नु | लहर उठ्नु","flap | roll | undulate | wave","हावाको लहर,आघात आदिका कारण पानी सतहबाट केही माथी उठनु र झर्नु","move in a wavy pattern or with a rising and falling motion"
"102013",3,"उत्रिनु | पौरिनु","float | swim","पानीको सतहमा उत्रिनु","be afloat; stay on a liquid surface; not sink"
"102015",3,"पदयात्रागर्नु | प्रस्थानगर्नु | हिँडनु | हिँड्नु","walk","NO_GLOSS","use one's feet to advance; advance by steps"
"102032",3,"उल्टिनु | पल्टिनु","overturn | tip over | tump over | turn over","तलको माथि वा माथिको तल हुनु","turn from an upright or normal position"
"102040",3,"डुल्नु","perambulate | walk about | walk around","NO_GLOSS","walk with no particular goal"
"102045",3,"सुँइकुच्चा ठोक्नु | सुटुक्क जानु","creep | mouse | pussyfoot | sneak","सुटुक्क जानु","to go stealthily or furtively"
"102047",3,"नाघ्‍नु | फडकिनु","stride","उफ्रिएर वारीबाट पारी जानु","cover or traverse by taking long steps"
"102072",3,"खोच्याउनु","gimp | hitch | hobble | limp","लङ्गडो भएर हिँडनु","walk impeded by some physical limitation or injury"
"102080",3,"ताते गर्नु","coggle | dodder | paddle | toddle | totter | waddle","केटाकेटीले आनन्दमा अलिक परपर खुट्टा ठटाउँदै हिँडनु","walk unsteadily"
"102084",3,"नाघ्नु | फड्किनु","stride","वारीबाट पारी जानु","walk with long steps"
"102102",3,"आरोहणगर्नु | उक्लनु | चढनु","bestride | climb on | get on | hop on | jump on | mount | mount up","कुनै वाहनमा चढ्नु:रजत घोडामा चढ्यो","get on the back of"
"102112",3,"डगमगाउनु | हल्लिनु","careen | keel | lurch | reel | stagger | swag","राम्ररी हिँडन नसक्ने वा उभिन नसक्‍नाका कारण कहिले त कहिले उता निहुरिनु","walk as if unable to control one's movements"
"102116",3,"अलमलिनु | झुक्किनु | भुल्नु","drift | err | stray","बाटो भुलेर यताउता जानु","wander from a direct course or at random"
"102229",3,"खियाउनु | ख्याउनु","row","बहना वा पतवार आदिद्वारा नाउ चलाउनु","propel with oars"
"102253",3,"पठाउनु | प्रेरणगर्नु","send | ship | transport","कुनै सामान, व्यक्तिहरूलाई एक ठाउँबाट अर्को ठाउँका लागि पठाउनु:रामले दूतका रूपमा अङ्गदलाई रावणका छेउमा पठाए मैले एउटा पत्र पठाएँ","transport commercially"
"102256",3,"पठाउनु","direct | send","NO_GLOSS","cause to go somewhere"
"102304",3,"पौडनु | पौडिनु | पौरिनु","swim","शारीरिक अङ्ग चलाएर वा यत्तिकै पानीमा तलबाट माथि अघि-पछि गर्नु:राम नदीमा पौडिँदै छ","travel through water"
"102359",3,"खस्नु | झर्नु | पोखिनु","fall","माथिबाट तल झर्नु:त्यो छानाबाट खस्योलोहटाको दुध पोखियो","descend in free fall under the influence of gravity"
"102369",3,"उचाल्नु | उठाउनु","bring up | elevate | get up | lift | raise","केही समयसम्म माथि उचालिरहनु","raise from a lower to a higher position"
"102377",3,"उचाल्नु | उठाउनु","gather up | lift up | pick up","तलबाट मास्तिर तान्ने:उनले दुवै हातले गाग्रो उठाइन्","take and lift upward"
"102387",3,"पोख्‍नु","drop","कुनै वस्तु तल फ्याँक्‍नु","let fall to the ground"
"102393",3,"ओर्लिनु | झर्नु | नाम्नु","alight | climb down","मास्तिरबाट तल्तिर आउनु:हजुरआमा बिस्तारोबिस्तारो भर्‍याङबाट झर्दै हुनुहुन्छ","come down"
"102421",3,"उठ्नु","arise | get up | rise | stand up | uprise","NO_GLOSS","rise to one's feet"
"102425",3,"पर्नु | लडनु","fall","माटामा बस्नु वा सुत्‍नु","drop oneself to a lower or less erect position"
"102430",3,"थकाइमार्नुआरामगर्नु | पल्टिनु | सुत्‍नु","lie | lie down","NO_GLOSS","assume a reclining position"
"102438",3,"तहर्‍याउनु","settle","पानी वा अरी कुनै तरल पदार्थलाईस्थिर बनाउनु जसले गर्दा त्यसमा घोलिएको मैलो तल बस्छ","cause to become clear by forming a sediment (of liquids)"
"102440",3,"धसाउनु | धसार्नु","sink","तल वा तहलाई थिचेर तलतिर पुर्‍याउनु","cause to sink"
"102458",3,"उत्रिनु","come up | rise | rise up | surface","पानी माथि आउनु","come to the surface"
"102500",3,"अनुगमन गर्नु | अनुसरण गर्नु | पछिपछि हिँडनु","follow","कसैको पछि हिँडनु","to travel behind, go after, come after"
"102509",3,"पुर्‍याउनु","hand","कसैसँग कुनै स्थानसम्म यसकारण जानु जबकि बाटामा ऊ माथि कुनै विपत्ति न आओस्","guide or conduct or usher somewhere"
"102517",3,"कुदाउनु | खेदाउँदै | दौडाउनु | भगाउनु","chase | chase after | dog | give chase | go after | tag | tail | track | trail","अर्कालाई दौडन वा भाग्‍न प्रवृत्त गर्नु","go after with the intent to catch"
"102531",3,"आउनु | फर्कनु | फिर्नु","come back | get back | go back | return","कतै गएर त्यहाँ बाट पहिलो स्थानमा आउनु वा पहिलेको काम आदिमा आउनु","come back to place where one has been before, or return to a previous activity"
"102539",3,"आइपुग्नु | भेटाउनु","come | come in","पठाएको वा आइपुगेको वस्तु कसैलाई प्राप्‍त गर्नु:तीन हप्‍ताअघि पठाएको चिट्ठी मसँग अहिलेसम्म आइपुगेको छैन","be received"
"102540",3,"पुग्नु","attain | hit | reach","एउटा अवस्थाबाट अर्को अवस्था प्राप्‍त गर्नु","reach a point in time, or a certain state or level"
"102556",3,"छोड्नु | हटनु | हिड्नु","go away | go forth | leave","कुनै स्थानबाट हटनु वा प्रस्थान गर्नु","go away from a place"
"102571",3,"खनाउनु | सार्नु | हाल्नु","shift | transfer","कुनै जग्गा वा वस्तु आदिमा राखेको वस्तु आदिलाई कुनै अर्को ठाउँ आदिमा राख्‍नु","move around"
"102593",3,"पस्नु","come in | enter | get in | get into | go in | go into | move into","NO_GLOSS","to come or go into"
"102719",2,"काँचो","genuflect","जसलाई तयार हुनमा गल्ती हुन्छ वा जसलाई तयार गर्नका लागि कतिपय प्रक्रियाहरू गर्नुपर्छ","bend the knees and bow in church or before a religious superior or image"
"102765",3,"निकाल्नु | पार गर्नु","overhaul | overtake | pass","कसैलाई अघि बडाउँदै लानु","travel past"
"102852",3,"चुहुनु | निस्किनु | बग्नु","course | feed | flow | run","एकोहोरो रसको रूपमा निस्किनु","move along, of liquids"
"102866",3,"पोख्‍नु | बगाउनु","pour","द्रव पदार्थलाई तलतिर जानमा प्रवृत्त गराउनु","cause to run"
"102868",3,"छचल्किनु | हल्लिनु","run out | spill","भाँडो हल्लिँदा कुनै तरल पदार्थ छचल्किएर बाहिर झर्नु","flow, run or fall out and become lost"
"102871",3,"प्रवाहित हुनु | बग्नु | बहनु","stream | well out","द्रव पदार्थ गतिशील रहनु","flow freely and abundantly"
"102872",3,"लहलहाउनु | हावामा हल्लिनु","stream","पटकपटक अघि-पछि, माथि-तल वा यता-उता हुनु","to extend, wave or float outward, as if in the wind"
"102873",3,"चुहाउनु","dribble | filter | trickle","थोपा-थोपा गरेर झर्नु","run or flow slowly, as in drops or in an unsteady stream"
"102874",3,"चुहुनु | झर्नु","drip","थोपाथोपा गरेर चुहुनु","fall in drops"
"102879",3,"चुहुनु | झर्नु | निस्किनु","ooze | seep","बगेर वा रसाएर निस्कनु","pass gradually or leak through or as if through small openings"
"102884",3,"जानु | निस्किनु","elapse | glide by | go along | go by | lapse | pass | slide by | slip away | slip by","कुनै ठाउँबाट आउनु वा जानु","pass by"
"102890",3,"कुलेलम ठोक्नु | भाग्नु | सुइँकुच्चा ठोक्‍नु","elope | run off","प्रेमी,प्रेमिका लुकेर भाग्नु","run away secretly with one's beloved"
"102892",3,"उम्कनु | पलायन हुनु | बेपत्ता हुनु | भाग्नु | सुँइकुच्चा ठोक्नु","break loose | escape | get away","सङ्कटपूर्ण स्थानबाट डराएर वा आफ्नो कर्तव्य आदिबाट विमुख भएर र मान्छेका आँखाबाट छलिएर भाग्नु","run away from confinement"
"102893",3,"पोइल जानु | भाग्नु","break away | bunk | escape | fly the coop | head for the hills | hightail it | lam | run | run away | scarper | scat | take to the woods | turn tail","स्त्री अर्को-पुरुषसँग भाग्नु","flee; take to one's heels; cut and run"
"102905",3,"लिएरआउनु | ल्याउनु","bring | convey | take","ल्याउनु:पिताजीले आँप ल्याउनुभयो","take something or somebody with oneself somewhere"
"102977",3,"पन्साउनु | सार्नु | हटाउनु","slide","कसैलाई सार्नमा प्रवृत्त गराउनु","move smoothly along a surface"
"102990",3,"उडनु | फरफराउनु","beat | flap","हावामा उडनु वा फरफराउनु","move with a flapping motion"
"103018",3,"गिर्नु | झर्नु","come out | fall out","कुनै चिजको सासाना अङ्ग या अंशको काटिएर या टुटेर झर्नु","come off"
"103074",3,"मर्नु","die","मर्ने जस्तै कष्ट उठाउनु","suffer or face the pain of death"
"103075",3,"पिसिनु","meet | suffer","धेरै कष्ट सहनु","undergo or suffer"
"103120",3,"कन्याउनु | चिलाउनु","itch | rub | scratch","NO_GLOSS","scrape or rub as if to relieve itching"
"103121",3,"काउकुती | कुतकुती | सगसगी","tickle | titillate | vellicate","हँसाउन वा जिस्क्याउनका लागि कसैको पैतालो,काखी आदि कमलो अङ्गलाई मुसार्नु:आमा नानीलाई कुतकुती लगाउँदै छिन्","touch (a body part) lightly so as to excite the surface nerves and cause uneasiness, laughter, or spasmodic movements"
"103122",3,"पिरा हुनु | पोल्नु","bite | burn | sting","खोर्सानी आदि वस्तुले जिब्रो वा शरीरमा पिरो अनुभव हुनु","cause a sharp or stinging pain or discomfort"
"103125",3,"जल्नु | तात्‍नु | पोल्नु","burn","जलनको अनुभव गर्नु","feel hot or painful"
"103129",3,"भोक लाग्नु | भोकाउनु","hunger","भोक लाग्नु वा भोकको अनुभव गर्नु","feel the need to eat"
"103131",3,"चस्किनु | टनटन गर्नु | टनटनाउनु | दुख्‍नु","ache | hurt | smart","बिसाइ बिसाइ दुख्‍नु","be the source of pain"
"103139",3,"बास्ना आउनु | मगमगाउनु","smell","बास्ना वा गन्ध छोड्नु","emit an odor"
"103142",3,"गन्हाउनु | दुर्गन्धआउनु | बसाउनु","smell","कुनै वस्तु आदिबाट नराम्रो गन्ध वा बास्ना आउनु","smell bad"
"103145",3,"गन्धलिनु | बास्नालिनु | सुँघ्नु","smell","नाकद्वारा गन्धको अनुभव गर्नु:त्यो फुल सुँघ्दै छ","inhale the odor of; perceive by the olfactory sense"
"103170",3,"दर्शनगर्नु | हेर्नु","look","आँखाले कुनै व्यक्ति वा पदार्थ आदिको रूप-रङ्ग र आकार-प्रकारहरूको ज्ञान प्राप्‍त गर्नु:श्याम ध्यानपूर्वक महात्मा गान्धीको फोटो हेरिरहेका थिए","perceive with attention; direct one's gaze towards"
"103180",3,"मान्नु","consider | regard","कसैसँग प्रेम वा स्नेह गर्नु वा संलग्नता रहनु","look at attentively"
"103192",3,"बज्नु | शब्द गर्नु","speak","कुनै वस्तुको शब्द उत्पन्न गर्नु वा निकाल्‍नु","make a characteristic or natural sound"
"103193",3,"फुक्‍नु","blow","मुखले बजाइने बाजाहरूलाई फुकेर बजाउनु","play or sound a wind instrument"
"103198",3,"दनादन चल्नु","reverberate","ड्याम-ड्याम शब्द गर्नु","be reflected as heat, sound, or light or shock waves"
"103206",2,"कोणयुक्त | कोणीय","silhouette","जसमा कोण हुन्छ वा जुनचाहिँ कोणले युक्‍त हुन्छ","project on a background, such as a screen, like a silhouette"
"103215",3,"देखाउनु","display | exhibit | expose","जाँच वा निरीक्षण गर्नु","to show, make visible or apparent"
"103218",3,"उडाउनु","fly","कुनै वस्तु वा जीवलाई उड्न प्रवृत्त गराउनु","display in the air or cause to float"
"103231",3,"खोल्‍नु | फुकाउनु","bring out | reveal | uncover | unveil","गुप्‍त वा गाठी कुरो प्रकट वा स्पष्ट गर्नु","make visible"
"103239",3,"छोप्नु | ढाक्नु | लुकाउनु","conceal | hide","आँखाबाट पर सार्नु वा अर्काको दृष्टिबाट बचाउनु:मैले रानीको किताब लुकाइदिएँ","prevent from being seen or discovered"
"103268",3,"देख्‍नु | हेर्नु","watch","विचार गर्नु","look attentively"
"103281",3,"जाँच्नु | परीक्षणगर्नु | पर्गेल्नु | हेर्नु","scrutinise | scrutinize | size up | take stock","कुनै वस्तु, व्यक्ति आदिलाई जाँच गर्नु ताकि यो कुनै कामका लागि योग्य छ कि छैन:यस सानो कार्यद्वारा म उसलाई जाँच गर्दै छु किनकि ऊ मेरो काममा आउँछ कि आउँदैन","to look at critically or searchingly, or in minute detail"
"103298",3,"आइपुग्नु | झुल्किनु","crop up | pop | pop up","कुनै सुचना नदिई सरासर आउनु वा नचाहिँदो रूपले आइपुग्नु","appear suddenly or unexpectedly"
"103325",3,"तिर्मिराउँछन्","bedazzle | daze | dazzle","धेरै उज्यालो भएका ठाउँमा आँखा तिर्मिराउनु","to cause someone to lose clear vision, especially from intense light"
"103339",3,"चियोगर्नु | च्याउँनु | झाँकनु | हेर्नु","peep","छेउछाउ वा कुनामा लुकेर हेर्नु","look furtively"
"103341",3,"जाँच्नु","inspect","NO_GLOSS","look over carefully"
"103374",3,"चिच्च्याउनु | हल्ला गर्नु","racket","विपत्ति आदिका बेला या सारोसारो कराउनु या आवाज गर्नु","make loud and annoying noises"
"103392",3,"कटकटाउनु","crackle | crepitate","कटकट शब्द हुनु","make a crackling sound"
"103409",3,"बजाउनु","sound","आघात गरेर वा अरू कुनै प्रकारले शब्द उत्पन्न गर्नु","cause to sound"
"103416",3,"बज्नु","peal | ring","आघात लागरे वा त्यसै नै शब्द हुनु","sound loudly and sonorously"
"103431",3,"सिटी बजाउनु | सुसेल्नु","whistle","NO_GLOSS","make whistling sounds"
"103432",3,"ध्वनि निस्किनु | प्रतिध्वनित हुनु","echo | resound | reverberate | ring","ध्वनि कुनै चिजमा ठोकिएर फर्किनु","ring or echo with sound"
"103437",3,"ढमडम गर्नु","thud | thump","ढमढम शब्द उत्पन्न हुनु","make a dull sound"
"103440",3,"ठटाउनु | ठोक्नु","patter | pitter-patter","कुनै वस्तुलाई बजाएर वा हिर्काएर टङटङ शब्द उत्पन्न गराउनु","make light, rapid and repeated sounds"
"103443",3,"किटाउनु | किट्नु","chatter | click","रिसले दाँत कीटाउनु","click repeatedly or uncontrollably"
"103457",3,"भन्कनु | भुनभुनाउनु","drone","भुनभुन शब्द गर्नु","make a monotonous low dull sound"
"103458",3,"घरघर गर्नु | चरचर गर्नु","birr | purr | whir | whirr | whiz | whizz","कुनै वस्तुले घरघर वा घुरघुर शब्द गर्नु","make a soft swishing sound"
"103463",3,"अकमकाउनु | अनकनाउनु","eavesdrop | listen in","लुकेर वा चुपचाप सुन्न","listen without the speaker's knowledge"
"103485",3,"चाख्नु","savor | savour | taste","NO_GLOSS","have flavor; taste of something"
"103512",3,"दिनु | प्रदानगर्नु","give","कसैलाई केही प्रदान गर्नु:अध्यापकले उनलाई पुरस्कार दिनुभयो","transfer possession of something concrete or abstract to somebody"
"103515",3,"उपहार दिनु | कोसेली दिनु","gift | give | present","कसैलाई कुनै चिज उपहारका रूपमा दिनु","give as a present; make a gift of"
"103523",3,"राख्‍नु","hold on | keep","आफ्नो रक्षा वा अधिकारमा लिनु:छिमेकीका गहना मैले आफूसँगै राखेको छुउसले एउटा गाई राखेको छ","retain possession of"
"103534",3,"जोगिनु | बाँकी रहनु | बाच्नु","have","काम लागे पछि पनि अलिकति रहनु","have left"
"103536",3,"निकाल्‍नु","take away","लैजानु","take from a person or place"
"103545",3,"किन्नु","buy | purchase","NO_GLOSS","obtain by purchase; acquire by means of a financial transaction"
"103547",3,"किन्नु","take","पैसा आदि दिएर कुनै दोकान, व्यक्ति  आदिबाट केही सामान किन्नु:मैले दोकानबाट एउटा कुर्ता किनेँ","buy, select"
"103550",3,"भाडा गर्नु | लिनु","charter | engage | hire | lease | rent | take","भाडामा वाहन लिनु","engage for service under a term of contract"
"103551",3,"दिनु","lease | let | rent","भाडा वा किरायामा दिनु","grant use or occupation of under a term of contract"
"103612",3,"फ्याक्नु | हुत्याउनु","cast aside | cast away | cast out | chuck out | discard | dispose | fling | put away | throw away | throw out | toss | toss away | toss out","रिसले पर हटाउनु वा हाल्नु:फोहोर फ्याक्ने भाँडामा फोहोर फ्याँक्छन्","throw or cast away"
"103653",3,"थमाइ दिनु | पकडनु","give | hand | pass | pass on | reach | turn over","कसैको हातमा दिने वा राख्‍ने","place into the hands or custody of"
"103670",3,"छोडनु | जिम्मा लाउनु | सुम्पनु | सुम्पिनु","cede | deliver | give up | surrender","जिम्मेदारी दिनु वा कसैको जिम्मा लगाउनु","relinquish possession or control over"
"103675",3,"ग्रहणगर्नु | लिनु","accept | have | take","कसैबाट वा कहीँबाट कुनै वस्तु आदि आफ्नो हात वा अधिकरमा पार्नु:उनले अध्यक्षका हातबाट पुरस्कार लिए मेरो पुस्तक कसले लग्यो","receive willingly something given or offered"
"103676",3,"अपनाउनु | सकारनु | स्वीकार गर्नु | स्वीकार्नु","accept | admit | take | take on","कुनै  वस्तु,व्यक्ति आदिलाई अप्नाउनु","admit into a group or community"
"103695",3,"काम दिनु | नियुक्‍त गर्नु | नोकरी दिनु","recruit","काममा लाग्नु","seek to employ"
"103696",3,"खोज्नु","seek","NO_GLOSS","try to get or reach"
"103706",3,"बिक्रीगर्नु | बेचबिखानगर्नु | बेच्नु","sell","मूल्य लिएर कसैलाई केही दिनु:आज मैले पाँचसय रुपियाँको मात्रै सामान बेचेँ","exchange or deliver for money or its equivalent"
"103708",3,"बिक्रि गर्नु | बेच्नु","remainder","धेरै सस्तो दाममा बेच्नु","sell cheaply as remainders"
"103715",3,"बेच्नु | लिलाम गर्नु","auction | auction off | auctioneer","सबैभन्दा धेर बोलि लगाउने मान्छेको हातमा माल बेच्नु","sell at an auction"
"103749",3,"चुक्ता गर्नु | तिर्नु | फिर्ता गर्नु","pay","मूल्य,दिनुपर्ने आदि तिर्नु","give money, usually in exchange for goods or services"
"103761",3,"जमाउनु | पक्का गर्नु | पटाउना","clean up","कुनै कार्य आदिका लागि कुरा पक्का गर्नु","dispose of"
"103766",3,"सकार्नु | सहमति दिनु | स्वीकृति दिनु","allow | grant","प्रस्ताव आदि मान्ने वा कुनै काम गर्नका लागि सकारात्मक रूपले स्वीकार गर्नु","let have"
"103778",3,"बद्लिनु | साटिनु","replace | substitute","एउटाको स्थानमा अर्को हुनु","put in the place of another; switch seemingly equivalent items"
"103801",3,"दान गर्नु | दान दिनु | दिनु","donate","आफ्नो अधिकारबाट अर्काको अधिकारमा पुर्‍याउनु","give to a charity or good cause"
"103818",3,"बगाउनु | सक्नु","blow","कुनै कार्यमा अन्धाधुन्ध खर्च गर्नु","spend lavishly or wastefully on"
"103826",3,"खर्च गर्नु | लगाउनु | सक्‍नु","spend","उपयोग वा काममा ल्याउनु","spend completely"
"103870",3,"लुट्‍नु","lift | rustle","अनुचित रूपले लिनु","take illegally"
"103886",3,"जतन गर्नु | सम्हाल्‍नु | सुरक्षित राख्‍नु","conserve | keep up | maintain | preserve","नराम्रो दशामा जानबाट रोक्‍नु","keep in safety and protect from harm, decay, loss, or destruction"
"103889",3,"ढिकुटीमा राख्‍नु | ढुकुटीमा राख्‍नु | धनसारमा राख्‍नु | भँडारमा राख्‍नु | भकारीमा राख्‍नु","hive away | lay in | put in | salt away | stack away | stash away | store","ढिकुटीमा राख्‍नु","keep or lay aside for future use"
"103910",3,"चुक्‍तिनु | तिरिनु","give back | refund | repay | return","ऋण वा दिनुपर्ने चुक्‍ता हुनु वा अलि-अलि गर्दै तिरिनु","pay back"
"103921",3,"गुमाउनु | हराउनु","lose","कुनै वस्तुसँग स्वत्तो जानु","miss from one's possessions; lose sight of"
"103922",3,"गुमाउनु","lose","NO_GLOSS","fail to keep or to maintain; cease to have, either physically or in an abstract sense"
"103932",3,"अर्जितगर्नु | कमाउनु | प्राप्तगर्नु","earn | garner","कुनै प्रकारले प्राप्त गर्नु वा भेला पार्नु:धेरै कष्टले बाउ-बाजेले अर्जित गरेको धन त्यसै नउडाउनू","acquire or deserve by one's efforts or actions"
"103945",3,"अधिकार गर्नु | आधिपत्य जमाउनु | नियन्त्रणमा लिनु | वशमा पार्नु | हत्याउनु | हात पार्नु","bag | pocket","अनुचित तरिकाले अधिकार गर्नु","take unlawfully"
"104007",3,"जमा गर्नु | जोडनु | भेला पार्नु | सञ्चय गर्नु","accumulate | amass | collect | compile | hoard | pile up | roll up","सञ्चय वा एकत्रित गर्नु","get or gather together"
"104033",3,"फर्काउनु | फिर्ता गर्नु","render | return","जसले दिएको छ पुन:उसैलाई दिनु","give back"
"104080",3,"ठग्नु | लुट्नु","fleece | gazump | hook | overcharge | pluck | plume | rob | soak | surcharge","धेरै दाम लिनु","rip off; ask an unreasonable price"
"104095",3,"चोर्नु","steal","NO_GLOSS","take without the owner's consent"
"104096",3,"चोर्नु | टापटिपगर्नु","cop | glom | hook | knock off | snitch | thieve","अर्काको चीज लुकाएर लानु:बसमा कसैले मेरो पर्स चोर्‍यो","take by theft"
"104106",3,"उधारोलिनु | सापटलिनु","borrow","कसैबाट वा कहींबाट फर्काउने सर्तमा केही वस्तु आदि लिनु:मैले एक हप्ताका लागि उबाट पैसा उधारोमा लिएको छु","get temporarily"
"104114",3,"शपिङ गर्नु","shop","NO_GLOSS","do one's shopping"
"104213",3,"खोस्नु | धुत्‍नु | लुट्नु | हत्याउनु","despoil | foray | loot | pillage | plunder | ransack | reave | rifle | strip","कसैबाट जबरदस्ती वा डर देखाएर उसको कुनै वस्तु हत्याउनु:यस सडकमा लुटारुहरूले लुट्छन्","steal goods; take as spoils"
"104240",3,"तहर्‍याउनु","clear","सफा गर्नु","clear from impurities, blemishes, pollution, etc."
"104285",3,"जोगाउनु | बचाउनु","economise | economize | save","काम लाग्ने वा खर्च हुनबाट रोक्‍नु","spend sparingly, avoid the waste of"
"104380",3,"जुट्‍नु | डट्नु | भिडनु | लाग्नु","engage | prosecute | pursue","कुनै काममा लाग्‍नु","carry out or participate in an activity; be involved in"
"104417",3,"छुट्टिनु | निस्कनु | पृथक हुनु | भिन्दै हुनु","depart | leave | pull up stakes","मेल वा दल आदिबाट भिन्दै हुनु","remove oneself from an association with or participation in"
"104420",3,"बसाउनु | राख्‍नु","induct | invest | seat","कुनै पदमा नियुक्‍त गर्नु","place ceremoniously or formally in an office or position"
"104436",3,"पढनु | पढाइ गर्नु","school","शिक्षा ग्रहण गर्नु","educate in or as if in a school"
"104442",3,"जोडनु","connect","कुनै प्रकारको सम्बन्ध स्थापित गर्नु","establish a rapport or relationship"
"104475",3,"नियुक्‍त गर्नु | बनाउनु","make | name | nominate","कुनै पद,मर्यादा वा अधिकारको अधिकारी बनाउनु","charge with a function; charge to be"
"104495",3,"चुनाव गर्नु | छान्नु | निर्वाचित गर्नु","elect","कतिपय मान्छेहरूबाट कसैलाई आफ्नो प्रतिनिधि बनाउनु","select by a vote for an office or membership"
"104505",3,"निकाल्नु","can | dismiss | fire | force out | give notice | give the axe | give the sack | sack | send away | terminate","स्थान, स्वामित्व, अधिकार, पद आदिबाट छुटाउनु","terminate the employment of"
"104532",3,"चुस्नु | शोषण गर्नु","exploit | overwork","आवश्यक भन्दा धेरै काम लिनु","work excessively hard"
"104560",3,"व्यस्त हुनु","busy | occupy","कार्य आदिमा व्यस्त हुनु","keep busy with"
"104569",3,"अल्छिनु | अल्छी गर्नु | आलस्य गर्नु","moon | moon around | moon on","आलस्य गर्नु वा आलस्यमा पर्नु","be idle in a listless or dreamy way"
"104573",3,"खेल्नु","play","मन भुलाउन वा व्यायाम गर्नका लागि यता-उता उफ्रिने कुद्ने आदि गर्नु:नानीहरू मैदानमा खेल्दै छन्","be at play; be engaged in playful activity; amuse oneself in a way characteristic of children"
"104602",3,"दबाउनु","crush | oppress | suppress","कसै माथि यस्तो जोर लगाउनु जसले केही गर्न नसकोस्","come down on or keep down by unjust use of one's authority"
"104604",3,"मान्नु | राजी हुनु | सहमत हुनु | स्वीकार गर्नु | स्वीकारनु","offer | volunteer","सहमत हुनु","agree freely"
"104612",3,"चलाउनु","establish | found | launch | set up","व्यवहार वा आचरणमा ल्याउनु","set up or found"
"104629",3,"जमाउनु | बसाउनु","form | imprint","मन आदि कस्तो स्थिर गर्नु भने सहजतासित ननिक्लियोस्","establish or impress firmly in the mind"
"104639",3,"दोहर्‍याउनु","retool | revise","कुनै गरेको कामलाई जाँच्‍नका लागि फेरि पनि राम्रोसँगले हेर्नु","revise or reorganize, especially for the purpose of updating and improving"
"104666",3,"फ्याँक्नु | हाल्नु","stoke","धेरै वस्तु डडाउनका लागि आगोमा फ्याक्नु","stir up or tend; of a fire"
"104726",3,"अडकाउनु | थुन्नु | रोक्नु","hinder | impede","काम पूरा गर्न विलम्ब गर्नु","be a hindrance or obstacle to"
"104767",3,"किरायामा लिनु | डेरा लिनु | भाडामा लिनु","charter | hire | lease | rent","अर्काको कुनै गाडी, वस्तु, घर आदिको उपयोग गर्नका लागि त्यसलाई भाडाको रूपमा केही धन दिनु","hold under a lease or rental agreement; of goods and services"
"104894",3,"अभिसारन गर्नु | भेट गर्न जानु","date","नायिका वा प्रियतमसँग भेट्न जानु","go on a date with"
"104902",2,"नियमबद्ध | नियमित","stay together | stick together","नियमहरूले बाँधिएको","be loyal to one another, especially in times of trouble"
"104908",3,"भेट गर्नु | भेटघाट गर्नु | भेटाउनु","see","कसैसँग मिल्नु वा भेट गर्नु","go to see for a social visit"
"104910",3,"बिहागर्नु | बिहेगर्नु","conjoin | espouse | get hitched with | get married | hook up with | marry | wed","बिहे गरेर लोग्नेको स्त्रीलाई आफ्नी श्रीमती  वा स्त्रीको पुरुषलाई आफ्नो श्रीमान् बनाउनु:श्रीकृष्णले रुक्मिणीलाई हरण गरेर उनलाई बिहे गरे","take in marriage"
"104920",3,"पार्पाचुके गर्नु | बिहे विच्छेद गर्नु","divorce | split up","विधि वा नियमका अनुसार पति वा पत्‍नीद्वारा एक अर्काबाट सम्बन्ध-विच्छेद गर्नु","get a divorce; formally terminate a marriage"
"104921",3,"उत्सव मनाउनु | पालन गर्नु","celebrate | fete","खुबै हर्षका साथ कुनै सार्वजनिक,ठुलो,शुभ वा मङ्गल कार्य गर्नु","have a celebration"
"104935",3,"जारी गर्नु | निकाल्नु","free | release","जारी गर्नु वा उपलब्ध गर्नु","make (information) available publication"
"104960",3,"दण्डदिनु | सजायदिनु | सास्तीदिनु","penalise | penalize | punish","अपराधी आदिलाई उसको अपराधका कारण  पीडा,आर्थिक हानि आदि गराउनु:हत्याको अपराधमा  न्यायाधीशले श्यामलाई आजीवन कारावासको दण्ड दिए","impose a penalty on; inflict punishment on"
"104967",3,"सुन्नु","hear | try","विछारका लागि दुवै पक्षका कुराहरू आफू समक्ष आउन दिनु","examine or hear (evidence or a case) by judicial process"
"105048",3,"बर्ताव गर्नु | व्यवहार गर्नु","acquit | bear | behave | carry | comport | conduct | deport","व्यवहार कर्नु","behave in a certain manner"
"105059",3,"क्षतिपूर्ति गर्नु | नोक्सान भर्नु | भर्पाइ गर्नु","aby | abye | atone | expiate","नोक्सान पूरा गर्नु","make amends for"
"105098",3,"खोज्नु","assay | attempt | essay | seek | try","NO_GLOSS","make an effort or attempt"
"105125",3,"बन्द हुनु | रोकिनु","break | break away","चल्दै गरेको क्रम भङ्ग हुनु","interrupt a continued activity"
"105139",3,"आउनु","interfere | interpose | intervene | step in","बिचमा आउनु वा आइ पुग्नु","get involved, so as to alter or hinder an action, or through force or threat of force"
"105140",3,"खराब गर्नु | बिगार्नु","meddle | tamper","नराम्रो दशामा ल्याउनु","intrude in other people's affairs or business; interfere unwantedly"
"105143",3,"पालन-पोषण गर्नु | पाल्नु | पोषनु | हेरचाह गर्नु","bring up | nurture | parent | raise | rear","भोजन,वस्त्र आदि दिएर जीवन रक्षा गर्नु","bring up"
"105177",3,"मदत गर्नु","aid | assist | help","NO_GLOSS","give help or assistance; be of service"
"105187",3,"रेख-देखगर्नु | सम्हाल्नु | स्याहारगर्नु | हेरचाहगर्नु","tend","कुनै मान्छे वा वस्तु आदिको ख्याल राख्‍नु:मेरी बुहारीले अब नोकरी छोडेर नानीहरू र घर सम्हाल्छिन्","have care of or look after"
"105198",3,"उद्धार हुनु | पार हुनु | मुक्‍त हुनु","bring through | carry through | pull through | save","कुनै बन्धन वा कामबाट मुक्‍त हुनु","bring into safety"
"105212",3,"तताउनु","advance | boost | encourage | further | promote","NO_GLOSS","contribute to the progress or growth of"
"105232",3,"डुबाउनु | नष्ट गर्नु | बर्बाद गर्नु | बिगार्नु","shipwreck","नष्ट वा बर्बाद गर्नु","ruin utterly"
"105251",3,"गत्वरित गर्नु | चलाउनु | चालित गर्नु | चालू गर्नु","execute | run","गतिमा लाउनु या गतिशील गर्नु","carry out a process or program, as on a computer or a machine"
"105283",3,"ग्रहण गर्नु | प्राप्‍त गर्नु | लिनु | स्वीकार गर्नु","tackle | take on | undertake","जिम्मावारी,काम आदि गराउने जिम्मा लिनु","accept as a challenge"
"105292",3,"छल्नु | झुक्याउनु | ठग्नु","bunco | con | defraud | diddle | gip | goldbrick | gyp | hornswoggle | mulct | nobble | rook | scam | short-change | swindle | victimize","धोका दिएर माल लानु:ऊ मान्छेलाई ठग्छ","deprive of by deceit"
"105298",3,"छकिएँ | ठगिनु","cheat | chisel | rip off","कसैद्वारा ठगिनु","deprive somebody of something by deceit"
"105304",3,"झोस्नु","cozen","जबरदस्ती अघितिर वा सङ्कटको स्थितिमा हाल्नु","act with artful deceit"
"105306",3,"छक्याउनु | छल्नु | झुक्याउनु | धोका दिनु","cozen | deceive | delude | lead on","NO_GLOSS","be false to; be dishonest with"
"105408",3,"दोहोर्‍याउनु | पुनरावृत्ति गर्नु","repeat | take over","कतिपय कुरा वा काम दोस्रो पल्ट भन्नु वा गर्नु","do over"
"105440",3,"भन्नु","address | call","कुनै नामले जान्नु","greet, as with a prescribed form, title, or name"
"105454",3,"पर्नु | हुनु","be","सम्बन्ध वा साइनोमा केही हुनु","have the quality of being; (copula, used with an adjective or a predicate noun)"
"105462",3,"आउनु | आगमनहुनु","begin","काल अथवा समयको आरम्भ हुनु","have a beginning, of a temporal event"
"105466",3,"खतम हुनु | पार हुनु | सकिनु | समाप्‍त हुनु","close | conclude","कुनै कार्य आदि पूर्ण हुनु","come to a close"
"105475",3,"पाइनु | भेटाइनु","occur","उपलब्ध हुनु","to be found to exist"
"105479",3,"पुज्नु","worship","भक्‍ति अथवा श्रद्धासहित कसैको सेवा गर्नु","attend religious services"
"105481",3,"छोडिनु | बञ्चित हुनु | मौका गुमाउनु","miss","भेटाएको मौका गुमाउनु","fail to attend an event or activity"
"105484",3,"जिउनु | जीवितरहनु | बाँच्नु","be | live","जिउँदो रहेर जीवन बिताउनु:उनी धेरै दु:खमा बाँचिरहेका छन्","have life, be alive"
"105515",3,"बाँच्नु","come through | make it | pull round | pull through | survive","दोष,विपत्ति आदिबाटे रक्षित, दूर वा अलग रहनु वा यिनीहरूमा नफस्नु:रोहित केन्सरको बिमारीबाट मर्दामर्दै बाँच्यो","continue in existence after (an adversity, etc.)"
"105541",3,"उठनु","arise | bob up | come up","उत्पन्न हुनु","originate or come into being"
"105553",3,"माँग","ask | call for | demand | involve | necessitate | need | postulate | require | take","कुनै व्यक्ति, वस्तु आदिको कतै आवश्यकता पर्नु","require as useful, just, or proper"
"105556",3,"पर्नु","cost","दुख,कष्ट,बोझा आदि आफु माथि आउनु","require to lose, suffer, or sacrifice"
"105578",3,"बनिएको हुनु | बनिनु","comprise | consist","को योगले बनिएको हुनु वा संयोजन हुनु","be composed of"
"105581",3,"साँचो हुनु | साबित हुनु","prove | turn out | turn up","प्रमाणित हुनु वा साबित हुनु","be shown or be found to be"
"105615",3,"अढकिनु | थामिनु | रोकिनु","hesitate | pause","बोल्दाबोल्दै रोकिनु","interrupt temporarily an activity before continuing"
"105622",3,"सार्नु | स्थगित गर्नु","defer | hold over | postpone | prorogue | put off | put over | remit | set back | shelve | table","कुनै कार्यको समय अघि सार्नु वा स्थगित गर्नु","hold back to a later time"
"105646",3,"चल्‍नु | प्रचलित हुनु","die hard | endure | persist | prevail | run","कुनै वस्तु आदि प्रचलनमा आउनु","continue to exist"
"105660",3,"निवासगर्नु | बसोबासगर्नु | बस्नु","dwell | inhabit | live","(जीवनयापन गर्न) निवास गर्नु:यी मजदुरहरू छेवैको झोपडीमा बस्छन्","inhabit or live in"
"105662",3,"बस्नु | भरिनु","people | populate","बसोबास गर्नेले भरिनु","furnish with people"
"105671",3,"बस्नु","lodge","कतै आश्रय लिनु","be a lodger; stay temporarily"
"105695",3,"जाँच्नु","check | check out","जाँच्ने काम हुनु","be verified or confirmed; pass inspection"
"105720",3,"अनुकूल हुनु | आफ्नो तर्फ हुनु","conform","किसैको अनुरूप हुनु","be similar, be in line with"
"105763",3,"पाउनु | प्राप्तगर्नु","equal | match | rival | touch","बराबरी गर्न सक्नु","be equal to in quality or ability"
"105787",3,"घिसार् | तान्नु","drag | drag in | embroil | sweep | sweep up | tangle","कसैलाई कुनै काममा जबरदस्ती सामेल गर्नु","force into some kind of situation, condition, or course of action"
"105790",3,"पर्नु","concern | interest | occupy | worry","एकाग्रता हुनु","be on the mind of"
"105800",3,"छोडनु","cease | discontinue | give up | lay off | quit | stop","कुनै कारणले केही कार्य नगर्नु","put an end to a state or an activity"
"105835",3,"टाँसिनु | लाग्नु","overlap","एउटा चिजमाथि अर्को चिज टाँसिनु वा जोडिनु","extend over and cover a part of"
"105868",3,"देखाउनु | बताउनु | भन्नु","locate | situate","कुनै वस्तु वा कार्य आदिलाई इङ्गित गर्नु","determine or indicate the place, site, or limits of, as if by an instrument or by a survey"
"105876",3,"अग्लो हुनु | उठनु","lift | rear | rise","यस्तो स्थितिमा हुनु जसको विस्तार पहिलेभन्दा धेरै माथिसम्म पुगेको छ","rise up"
"105881",3,"गर्नु","be | embody | personify","चरितार्थ गर्नु","represent, as of a character on stage"
"105897",3,"अटाउनु","contain | hold | take","कुनै वस्तु भित्र हालेर त्यसलाई भर्नु","be capable of holding or containing"
"105904",3,"पर्नु","be | cost","मूल्यको बदलामा पाइने वा प्राप्‍त हुनु","be priced at"
"105919",3,"रहनु","endure | last","नबिग्रिनु","persist for a specified period of time"
"105920",3,"चल्नु | टिक्नु | रहनु","endure | hold out | wear","छिटै बिग्रिने वा नष्ट नहुने वा काम लाग्ने","last and be usable"
"106007",3,"अप्रसन्न हुनु | क्रुद्धहुनु | चिढिनु | जङ्‌गिनु | रिस उठ्नु | रिसाउनु","brood | pout | sulk","अप्रसन्न भएर उदासीन, चुप वा बेग्लै हुनु","be in a huff and display one's displeasure"
"106050",3,"रोकिनु","continue | remain | stay | stay on","अगाडि नबढ्नु वा प्रस्थान नगर्नु:मार्ग अवरुद्ध हुनाले म धेरैबेर त्यहीँ रोकिएँ","continue in a place, position, or situation"
"106051",3,"बिक्नु | बिक्री हुनु","sell","सामानको उपभोग वा बिक्री हुनु","be sold at a certain price or in a certain way"
"106067",3,"रहनु","persist | remain | stay","बाकी रहनु","stay behind"
"106093",3,"ठीकहुनु","fit","कपडा,गहना आदि शरीरमा ठीकसँगले बस्नु","conform to some shape or size"
"106146",3,"जोडनु | मिलाउनु","make","सङ्ख्याहरूको योगफल निकाल्नु:छात्रले दस सङ्ख्याहरूलाई धेरै सजिलोसँग जोडे","add up to"
"106149",3,"थाहा पाउनु | थाहा हुनु | लाग्‍नु","seem","देखेर वा अनुमानले केही अनुभव गर्नु","appear to exist"
"106154",3,"टुट्नु | बिग्रिनु | रोकिनु","break","सहिनु वा सम्बन्ध आदि टुट्नु","come to an end"
"106165",3,"शोभान्वित हुनु | शोभायमान हुनु | शोभित हुनु","adorn | beautify | deck | decorate | embellish | grace","शोभाले युक्त हुनु","be beautiful to look at"
"106173",3,"तुकबन्दी गर्नु | तुकबन्दी जोड्नु","rhyme | rime","काव्य गुण नभएको र केवल तुक जोडेर साधारण कविताको रचना गर्नका लागि पङक्तिहरूको अन्तिम शब्दमा तालमिल बसाउनु","be similar in sound, especially with respect to the last syllable"
"106203",3,"पानी पर्नु | वर्खा हुनु","rain | rain down","वर्खामा पानी पर्नु","precipitate as rain"
"106208",3,"झर्नु | बर्सिनु","shower | shower down","माथि वा चारैतिरबाट धेरै मात्रामा आउनु वा झर्नु","rain abundantly"
"106214",3,"तुषारो पर्नु | बरफ पर्नु | हिउँ झर्नु | हिउँ पर्नु","freeze","अक्कासबाट बरफका सानासाना कणहरू तल झर्नु","be very cold, below the freezing point"
"106230",3,"निभाउनु | निभ्नु | बन्द हुनु | बुत्नु","blow out | extinguish | quench | snuff out","कुनै पदार्थलाई आगोले जल्नबाट रोक्नु वा आगोलाई शान्त पार्नु","put out, as of fires, flames, or lights"
"106232",3,"ग्रहण लाग्नु | ग्रास लाग्नु","eclipse","सूर्य, चन्द्रमा वा अर्को ज्योति-पिण्ड कुनै अर्को पिण्डको आडमा छेलिनु","cause an eclipse of; of celestial bodies"
"106239",3,"धिपधिप गर्नु | धिपधिपाउनु","flick | flicker","मन्दरूपले बल्नु","shine unsteadily"
"106243",3,"दन्किनु","blaze","आगोको राँकोसँगै बल्‍नु","burn brightly and intensely"
"106245",3,"चम्किनु | झिलमिल गर्नु","scintillate | twinkle | winkle","छिनछिनमा अलिअलि चम्किनु","emit or reflect light in a flickering manner"
"106250",3,"चम्कनु | चम्किनु","reflect | shine","प्रकाश छर्नु:हीरा-जडित गहना चम्किरहेको छ","be bright by reflecting or casting light"
"106291",4,"अलिअलि | अल्पतः | धोरै-धोरै","barely | hardly | just | scarce | scarcely","धोरै मात्रामा","by a small margin"
"106303",2,"अभिप्रहत | अभ्याहत | आहत | क्षत | घाइते | घायल | जखमी | जख्मी","kindly","जसलाई चोट लागेको छ","in a kind manner or out of kindness"
"106332",4,"कृपया | कृपागरी | दयागरेर","please","कृपा गरी:कृपा गरी तपाईँले मेरो यो काम गरिदिनु होला","used in polite request"
"106346",4,"भली भाँति | भलीभाँति | भलीभांति | राम्ररी","well","राम्ररी","thoroughly or completely; fully; often used as a combining form"
"106347",4,"उत्तम | गजब | बढिया | राम्रो","well","राम्रो तरिकाको वा जो प्रशंसा योग्यको हुन्छ","favorably; with approval"
"106349",4,"ठिक | ठिकठिक","well","जस्तो चाहेको उसै तरिकाले वा उचित रीतिले","to a suitable or appropriate extent or degree"
"106353",4,"अत्यधिक | अत्यन्त | धेरै","considerably | substantially | well","अत्यन्त धेर","to a great extent or degree"
"106355",4,"नराम्रो गरी | नराम्रो तरिका","badly","नराम्रो तारिकाले","without skill or in a displeasing manner"
"106357",4,"राम्ररी","intimately | well","परिचित रूपले वा परिचयको आधारमा आफ्नो ज्ञानले","with great or especially intimate knowledge"
"106378",4,"एकदम | बिल्कुल","quite","जम्मै","to the greatest extent; completely"
"106411",4,"छैन","non | not","NO_GLOSS","negation of a word or group of words"
"106430",4,"तापनि | तैपनि | फेरिपनि | रपनि","all the same | even so | however | nevertheless | nonetheless | notwithstanding | still | withal | yet","यति हुँदा पनि:उसलाई ज्वरो आएको छ तापनि डुल्दै छे","despite anything to the contrary (usually following a concession)"
"106431",4,"अझै पनि | अहिलेसम्म | आजसम्म | यसबेलासम्म","yet","यस बेलासम्म","up to the present time"
"106446",4,"टनाटन | भरिपूर्ण | लबालब","farthest | furthest","माथि वा किनारसम्म वा पूर्णरूपले","to the greatest degree or extent or most advanced stage (`furthest' is used more often than `farthest' in this abstract sense)"
"106450",4,"फेरि","any longer | anymore","फेरि वा यसको पछि","at the present or from now on; usually used with a negative"
"106462",4,"अहिले | भर्खर | यही समयमा","just | just now","यस समय","only a moment ago"
"106466",4,"अलिकति | इत्ति | थोरै","a bit | a little | a trifle","NO_GLOSS","to a small degree; somewhat"
"106481",4,"अक्कल-झुक्कल | कहिलेकाहीँ","rarely | seldom","जुन नियमित रूपमा हुँदैन:म कहिलेकाहीँ बजार जान्छु","not often"
"106486",4,"अलिकति | थोरै","slightly | somewhat","थोरै परिमाणमा","to a small degree or extent"
"106505",4,"अझै | अर्कोपटक | अर्कोपल्ट | दोस्रोपल्ट।अरू पनि","again | once again | once more | over again","एकपल्ट चुकेपछि फेरि अर्कोपल्ट","anew"
"106516",4,"त्यसकारण | त्यसबेला","hence | thence | therefore | thus","यसैकारण:उसले तपाईंसित कुरै गरेन, त्यसबेला तपाईं रोइरहनुभएको थियो","(used to introduce a logical conclusion) from that fact or reason or as a result"
"106534",4,"बाहिर","beyond","अधिकार,प्रभाव आदिबाट बाहिरको","farther along in space or time or degree"
"106535",4,"पछाडि | पछि | पछिल्तिर","beyond | on the far side","कसैको पछाडि:यस गाउँको पछिल्तिर सानो नदी बग्छ","on the farther side from the observer"
"106546",4,"पनि","also | as well | besides | likewise | too","NO_GLOSS","in addition"
"106549",4,"अन्ततः | अन्ततोगत्वा | अन्त्यमा | आखिर","at length | eventually | finally","अन्तिम समयमा","after a long period of time or an especially long delay"
"106551",4,"अचेल | अब | आज-भोलि | आजभोलि | यस समय | यी दिन | वर्तमानमा | सम्प्रति","now | nowadays | today","आधुनिक या वर्तमान समयमा","in these times"
"106552",4,"छिट्टो | झट्टै | तुरुन्तै | फट्टै","at once | directly | forthwith | immediately | in real time | instantly | like a shot | now | right away | straight off | straightaway","झट्टै वा छिट्टै:पानी पर्न आँटेको छ छिट्टो घर हिँड","without delay or hesitation; with no time intervening"
"106553",4,"फेरि","now","यस समय","used to preface a command or reproof or request"
"106562",4,"खुशी खुशी | खुशीले | खुसीखुसी | प्रसन्नतः | प्रसन्नतापूर्वक | सहर्ष | हर्षपूर्वक","blithely | gayly | happily | jubilantly | merrily | mirthfully | with happiness","प्रसन्नताका साथ","in a joyous manner"
"106563",4,"अप्रसन्नतापूर्वक","unhappily","अप्रसन्नताका साथ","in an unpleasant way"
"106565",4,"अठोटका साथ | चरप्प | दृढतापूर्वक | निश्चयपूर्वक | सङ्कल्पपूर्वक","firm | firmly | steadfastly | unwaveringly","NO_GLOSS","with resolute determination"
"106571",4,"अगाडि | सामुन्ने | सिधा","square | squarely","सिधै अघिल्तिर","in a straight direct way"
"106581",4,"खुले-आम | खुलेआम | खुल्लम-खुल्ला | खुल्लमखुल्ला","openly","सबैको सामुन्ने या खोलेर","in an open way"
"106622",4,"अधिक | थुप्रै | धेरै | निकै","a good deal | a great deal | a lot | much | very much","धेरै मात्रामा:आज ऊ धेरै हाँस्यो","to a very great degree or extent"
"106623",4,"धेरै खेप | धेरै चोटी","a great deal | much | often","एकभन्दा धेरै खेप","frequently or in great quantities"
"106632",4,"ढिलो | पछाडि | पछि | पछिबाट","after | afterward | afterwards | later | later on | subsequently","कुनै भनिएको वा सन्दर्भित समय उपरान्तको समयमा वा पछाडिको समय","happening at a time subsequent to a reference time"
"106634",4,"अकस्मात् | अचानक | एक्कासि | एक्कासी","all of a sudden | of a sudden | suddenly","NO_GLOSS","happening unexpectedly"
"106641",4,"कामले | कारणले | प्रयोजनतः | सप्रयोजन","advisedly | by choice | by design | deliberately | designedly | intentionally | on purpose | purposely","प्रयोजनका साथ या कुनै प्रयोजन या उद्देश्यले","with intention; in an intentional manner"
"106643",4,"परिणाम स्वरूप | फलस्वरूप","accordingly | consequently","को कारणले","(sentence connectors) because of the reason given"
"106648",4,"जम्मा | सबै मिलाएर","all told | altogether | in all","जति हुन्छ त्यति मिलेर","with everything included or counted"
"106655",4,"यथासमय | समयानुसार | ससमय","duly | punctually","समयका अनुसार","at the proper time"
"106657",4,"यत्तिकैमा | यसै बीचमा","in the meantime | meantime | meanwhile","यही समयमा","during the intervening time"
"106678",4,"अगि | अग्रत | अघि","along | on","अघिल्तिर","with a forward motion"
"106679",4,"समेत | सहित","along","पनि","in accompaniment or as a companion"
"106694",4,"छिमेक | छेउछाउ | वरिपरि","about | around","चारैतिर नजिकैमा","in the area or vicinity"
"106695",4,"छेउमा | नजिक","nearby","छेउमा:श्यामको घरका छेउमा एउटा विद्यालय छ","not far away in relative terms"
"106710",4,"उहिले | पहिले","ago","धेरै अघिको समयमा वा पूर्व कालमा","in the past"
"106712",4,"पछाडि | पछि | पछिल्तिर","back | backward | backwards | rearward | rearwards","पछिल्तिर वा पिठ्युँतिर:उसले पछि फर्किएर हेर्‍योचोर बिस्तारो-बिस्तारो पछि जान  थाल्यो","at or to or toward the back or rear"
"106715",4,"फिर्ता","back","फर्केर फेरि आफ्नो स्थानमा","in or to or toward a former location"
"106718",4,"अगाडि | आउँदा दिनमा | भविष्य कालमा | भविष्यमा","ahead | forward","अगाडि आउने समयमा","toward the future; forward in time"
"106742",4,"निःसंदेह | शङ्काबिना | सन्देहबिना","beyond any doubt | beyond question | doubtless | undoubtedly | without doubt","कुनै सन्देह को:म यो काम निःसंदेह गर्न सक्छु","with certainty"
"106749",4,"उँभो | माथि | मास्तिर","above | supra","(लेख्‍नमा) पहिलो","at an earlier place"
"106750",4,"तल | मुनि | मुन्तिर","at a lower place | below | beneath | to a lower place","तलतिर:तल लैखिएका प्रश्‍नको उत्तर देऊ उनी कुवामा तल ओर्लिदै गए","in or to a place that is lower"
"106759",4,"दिनहुँ | प्रतिदिन | सधैँ | हरेकदिन","daily | each day | every day","दिनहुँ:उनी प्रतिदिन पूजा गर्छन्","without missing a day"
"106776",4,"दुईगुना | द्विगुण","double | doubly | twice","जति छ उत्ति अरु","to double the degree"
"106786",4,"अनत | अन्त कतै | अन्तै","elsewhere","कुनै अर्कै ठाउँमा","in or to another place"
"106793",4,"चाँडो | छिटो | झट्टै","apace | chop-chop | quickly | rapidly | speedily","अति छिटो:झटै यो काम गरिदेऊ","with rapid movements"
"106836",4,"कठिनतः | कठिनाइले | जसै त्यसै | मुश्किलले","hard","कठिनाइका साथ","slowly and with difficulty"
"106845",4,"एकछिन | निमेष मात्र","momentarily | momently","धेरै थोरै समयका लागि","for an instant or moment"
"106891",4,"धेरै | माथि","more","अधिक वा धेरै","comparative of much; to a greater degree or extent"
"106894",4,"चाँडो | छिटो","ahead of time | early | too soon","अपेक्षित समयभन्दा अघि","before the usual time or the time expected"
"106895",4,"ढिला | ढिलो | विलम्ब","belatedly | late | tardily","ढिलो गरेर:उनले ढिलो गरी यो काम सुरु  गरे श्याम ढिलो परीक्षा भवनमा पुगे","later than usual or than expected"
"106914",4,"आद्योपांत | आद्योपान्त","end-to-end | throughout","सुरुबाट अन्त्यसम्म","from first to last"
"106915",4,"आरम्भमा | थालनीमा | प्रारम्भमा | श्रीगणेशमा | सुरुमा","ab initio | at first | at the start | initially","आरम्भमा:कुनै पनि धार्मिक अनुष्ठानको आरम्भमा गणेशजीको पूजा हुन्छ  कुनै पनि धार्मिक अनुष्टानमा  पहिले गणेशजीको पूजा हुन्छ","at the beginning"
"106918",4,"पहिलोपल्ट | प्रथमतः | शुरूमा | सर्व प्रथम | सर्वप्रथम","first | for the first time","पहिलोपल्ट","the initial time"
"106933",4,"झ्वाट्ट | प्वाक्क","promptly | quick | quickly","बिना सोच छिट्टै","with little or no delay"
"106943",4,"साधारणतः | साधारणतया | सामान्यत | सामान्यतया","commonly | normally | ordinarily | unremarkably | usually","सामान्य रूपले वा सामान्य स्थितिमा","under normal conditions"
"106954",4,"यता | यहाँ","here","NO_GLOSS","in or at this place; where the speaker or writer is"
"106959",4,"त्यसठाँउमा | त्यहाँ","at that place | in that location | there","त्यस ठाउँमा:तपाईँको किताब त्यहाँ छ","in or at that place"
"106960",4,"उता | उतातिर | पर | परतिर","there | thither","अर्कैतिर या उतातिर","to or toward that place; away from the speaker"
"106967",4,"नम्रतापूर्वक | विनयपूर्वक","humbly | meekly","विनय वा नम्रताका साथ","in a humble manner"
"106970",4,"बाहिर","alfresco | out of doors | outdoors | outside","कुनै वस्तु, सीमा पारि:हिँड्नुहोस् बाहिर जाऊँ मेरो घर यो गाउँको बाहिर छ","outside a building"
"106972",4,"गुञ्जित | स्वरित","outside","बाहिरी भाग वा बहिरतिरको","on the outside"
"107019",4,"समूहतः | सामूहिक रूपमा","collectively | conjointly | jointly | put together | together","समूहका रूपमा","in conjunction with; combined"
"107023",4,"तब | त्यस समय | त्यो समय","then","त्यस समय","at that time"
"107024",4,"तब","then","यस पछि","in that case or as a consequence"
"107039",4,"ढङ्गले | व्यवस्थापूर्वक | व्यवस्थिततः","consistently | systematically","व्यवस्थित ढङ्गले","in a systematic or consistent manner"
"107071",4,"हातद्वारा | हातले","manually","हातले","by hand"
"107205",4,"कीर्ते रूपले | जाली रूपले | नकली रूपले | बनावटी रूपले","artificially | by artificial means | unnaturally","प्राकृतिक वा स्वाभाविक नभएको वा कृत्रिम रुपले बनेको","not according to nature; not by natural means"
"107235",4,"माथि | माथिबाट","superficially","देख्‍नमा","in a superficial manner"
"107245",4,"आश्चर्यपूर्वक | सविस्मय | साश्चर्य","surprisingly","आश्चर्यका साथ","in a surprising manner"
"107275",4,"खास मा | वास्तव मा","actually | really","NO_GLOSS","in actual fact"
"107276",4,"वास्तव | साँच्चै","actually","वास्तवमा:साँच्चै मैले तपाईँको नाम बिर्सिएछु","as a sentence modifier to add slight emphasis"
"107277",4,"अब | अहिले | यसैबेला","actually","यसै बेला वा यस घडी वा यस क्षण:म अहिले सुत्‍न चाहन्छु","at the present moment"
"107306",4,"इच्छानुकुल | इच्छानुसार इच्छानुरूप","at will","इच्छाको अनुसार","as one chooses or pleases"
"107313",4,"कुशलपूर्वक | राम्ररी | सकुशल","safely","राम्ररीले वा कुशलताका साथ","with safety; in a safe manner"
"107342",4,"आफूमात्र | एक्लै","alone | solo | unaccompanied","कसैको साथ बिना:दुर्घटनामा मनु एक्लै बाँच्यो","without anybody else"
"107348",4,"उदाहरणका निम्ति | उदाहरणका लागि | उदाहरणार्थ","e.g. | for example | for instance","उदाहरणको ढङ्गमा","as an example"
"107355",4,"मागेर | याचिततः","for the asking | on request","माग गरेर या याचनाद्वारा","on the occasion of a request"
"107435",4,"उतिखेर | उहीबेला | त्यतिखेर | त्यहीबेला","on the spot","त्यही बेला:तपाईंले यसलाई त्यही बेला सुधार्नु पर्थ्यो","without delay or immediately"
"107469",4,"अन्धाधुन्ध | जताततै","wildly","केही नसोची र धेरै छिटो","with violent and uncontrollable passion"
"107483",4,"पटक-पटक | लगातार | वारम्बार | वारवार","again and again | over and over | over and over again | time and again | time and time again","धेरै पल्ट","repeatedly"
"107485",4,"कस्सेर | रन्किनेगरी","strongly","जोडले:उसले कस्सेर एक थप्पड हान्यो","with strength or in a strong manner"
"107488",4,"दिनदिनै | प्रतिदिन","daily | day by day","दिनै पिच्छे","gradually and progressively"
"107504",4,"शालीनतः | शिष्टतः | शिष्टाचारपूर्वक | सभ्यतः","gracefully","शिष्ट रूपे या शिष्टताका साथ","in a graceful manner"
"107510",4,"स्वतन्त्र रूपमा | स्वाधीनतः","independently","स्वाधीन रूपले","on your own; without outside help"
"107519",4,"फुर्तीले | स्फूर्तिपूर्वक","smartly | vigorously","स्फूर्तिका साथ","with vigor; in a vigorous manner"
"107577",4,"बढाएर","exaggeratedly | hyperbolically","अरू धेरै जोडेर","in an exaggerated manner"
"107594",4,"आफैँ | आफैँआफ | स्वयम्","reflexly","आफैँआफ","in a reflex manner"
"107629",4,"सीधा | सोझै","decent | decently | in good order | properly | right | the right way","शिष्ट व्यवहारद्वारा वा राम्ररीले","in the right manner"
"107632",4,"उदारतापूर्वक","generously | liberally | munificently","उदारताका साथ","in a generous manner"
"107634",4,"अनायास | अप्रयत्नतः | अयास | त्यसै | प्रयत्नहीनतः | बिना परिश्रम","effortlessly","बिना आयास या प्रयासको","without effort or apparent effort"
"107635",4,"बजे","o'clock","घडीको अनुसार (समयको बोधक)","according to the clock"
"107695",4,"उद्देश्यहीनतः | निरुद्देश्य | निरुद्देश्यतः","aimlessly | without aim","बिना उद्देश्यको","in an aimless manner"
"107704",4,"आरामनगरी | बेआराम","restlessly","आराम नगरीकन","in a restless manner"
"107707",4,"अहिले","today","वर्तमानमा","on this day as distinct from yesterday or tomorrow"
"107730",4,"आदतन | स्वभावतः","habitually","स्वभावले नै या प्राकृतिक रूपले","according to habit or custom"
"107745",4,"बीच-बीचमा | समय-समयमा","periodically | sporadically","अन्तरालमा","in a sporadic manner"
"107746",4,"अडकिँदै | थामिँदै | पर्खिँदै | रोकिँदै-रोकिँदै","haltingly | not fluently","विरामका साथ","in a halting manner"
"107752",4,"अनावश्यक | नचाँहिदो | फिजूल | व्यर्थ","fruitlessly | unproductively | unprofitably","बिना मतलबको","in an unproductive manner"
"107772",4,"नसोची | विचारहीनतः","thoughtlessly | unthinking | unthinkingly","नसोचीकन","in a thoughtless manner"
"107802",4,"अनुपद | पछि-पछि","behind","अनुकरण गर्दै या कसैको पृष्ठ भाग भएर","in or to or toward the rear"
"107816",4,"यता-उता | यताउता","up and down","तल-माथि","alternately upward and downward"
"107858",2,"पक्का | पुरै | पूर्ण","unqualifiedly","जुन पूर्ण रूपले छ या पूरा","without qualification or limitation"
"107879",4,"अस्पष्ट | संकास्पद | सन्दिग्ध","mistily | vaguely","अस्पष्ट रूपले","in a vague way"
"107882",4,"अलग्गै | टाढा | पर","away | forth | off","विस्तार, काल, सम्बन्ध आदिका विचारले टाढा हुनु:मेरो घर यहाँबाट धेरै टाढा छरिसले उसले रुँदै गरेको नानीलाई काखबाट हटायो","from a particular thing or place or position (`forth' is obsolete)"
"107885",4,"एकातर्फ | एकातिर","aside","कुनै एकातिर","on or to one side"
"107912",4,"इच्छापूर्वक | जानी-बुझी","knowingly | wittingly","राम्ररीले जानेर र बुझेर","with full knowledge and deliberation"
"107922",4,"हिँडेर","afoot","खुट्टाले हिँडेर","on foot; walking"
"107974",4,"दश गुना | दशगुना | दस गुना | दसगुना","tenfold","जति छ उति नै न नौ वार अधिक","by ten times as much"
"108007",4,"प्रतिवर्ष | प्रत्येक साल","annually | each year | p.a. | per annum | per year","प्रत्येक वर्ष","by the year; every year (usually with reference to a sum of money paid or received)"
"108018",4,"अधिष्ठान | राजसत्ता","de jure | lawfully | legally","त्यो सत्ता जुन कुनै देश अथवा जातिको भरण-पोषण, वर्द्धन तथा रक्षणका लागि स्थापित गरिन्छ","by law; conforming to the law"
"108066",4,"अक्षरशः | अध्यक्षर | शब्दशः","verbatim | word for word","एक अक्षरको अन्तर नराखीकन, ठिक जस्ताको तस्तै","using exactly the same words"
"108080",4,"बीचमा | माझमा","in the middle | in the midst | midmost","ठिक माझमा","the middle or central part or point"
"108225",4,"खाली खुट्टा | नाङगा खुट्टा","barefoot | barefooted","जुत्ता-चप्पल नलगाइकन","without shoes on"
"108255",4,"विचारपूर्वक | विचारिततः | सोच-विचार गरी | सोची-सम्झी","carefully | cautiously | with kid gloves","सोच विचार गरी या सोचीसम्झी","with caution or prudence or tact"
"108257",4,"असावधानतः | असावधानीले | ध्यानहीनतः | लापरवाहीले","carelessly | incautiously","असावधानीका साथ या सावधनीबिना","without caution or prudence"
"108276",4,"खुला | प्रष्ट | सफा | स्पष्ट","clear | clearly","स्पष्ट रूपमा:म जे पनि गर्छु, स्पष्ट गर्छु","in an easily perceptible manner"
"108367",4,"खचाखच | चरप्प | टनाटन | भरिभराउ","tightly","NO_GLOSS","in a tight or constricted manner"
"108399",4,"दिनभरि | सारादिन","all day long | daylong","बिहानदेखि बेलुकासम्म","during the entire day"
"108406",4,"गहिराइ | गहिरामा","deep | deeply","गहिराइमा","to a great depth"
"108540",4,"निःस्वार्थ | निस्वार्थ","unselfishly","बिना स्वार्थको","in an unselfish manner"
"108623",4,"राम्ररी","first-rate | very well","राम्रो तरिकाले","quite well"
"108640",4,"जबरजस्ती | बलपूर्वक","forcibly","बलको प्रयोग गरेर","in a forcible manner"
"108653",4,"चतुर्गुण | चार गुना | चारगुना | चौगुना","four times | fourfold","जति छ त्योभन्दा तीन भाग आरु","by a factor of four"
"108678",4,"इच्छाले | खुसीका साथ | स्वेच्छतः | स्वेच्छापूर्वक","fain | gladly | lief","आफ्नो इच्छा या रहरले","in a willing manner"
"108719",4,"क्रूरतापूर्वक | निर्दयतापूर्वक | निर्दयताले | रिसाएर","rough | roughly","निर्दयताका साथ या दयाहीन भएर","with roughness or violence (`rough' is an informal variant for `roughly')"
"108862",4,"असमय | कुसमय | गलत समयमा","inopportunely | malapropos","समयका अनुसार नहुनु या गलत समयमा","at an inconvenient time"
"108913",4,"ईर्ष्यतः | ईर्ष्यापूर्णतः | ईर्ष्यापूर्वक | द्वेषपूर्वक | सासूय","jealously","ईर्ष्या या डाहका साथ","with jealousy"
"108925",4,"प्रयत्‍न ले | प्रयत्‍नतः | प्रयत्‍नपूर्वक","laboriously","प्रयत्‍नका साथ","in a laborious manner"
"109036",4,"नियम अनुसार | विधिपूर्वक","methodologically","विधि वा नियम अनुसार","in a methodical manner"
"109067",4,"आपस्तमा | एक अर्कासँग | परस्पर","mutually | reciprocally","एक अर्काको साथ","in a mutual or shared manner"
"109095",4,"नौगुना","nine times | ninefold","जति छ त्यो भन्दा आठ भाग अधिक","by a factor of nine"
"109192",4,"शान्तिपूर्वक","placidly","शान्तिसँग वा शान्तिका साथ","in a quiet and tranquil manner"
"109195",4,"मरणोपरान्त | मरेपछि | मृत्युपश्‍चात्","posthumously","मृत्युपछि","after death"
"109256",4,"खासमा | मुख्यतः | मूल रूपमा | मूलत","in the beginning | originally | primitively","मूल रूपले","with reference to the origin or beginning"
"109288",4,"उद्देश्यतः | उद्देश्यपूर्वक | साभिप्रायः | सोद्देश्य","purposefully","उद्देश्यका साथ या कुनै उद्देश्यले","in a purposeful manner"
"109393",4,"सतगुना | सातगुना","sevenfold","जति छ त्योभन्दा छ गुना अधिक","seven times"
"109433",4,"छःगुना | छहगुना","six times | sixfold","जति छ त्योभन्दा  पाँच भाग अरु","by a factor of six"
"109498",4,"चुप | मौन | शान्त","speechlessly","मौन रूपले:तपाईँ यहाँ चुप लागेर बस्नुहोस् चपरासी अधिकारीको कुरा चुपचाप सुनिरहेको थियो","without speaking"
"109574",4,"उपायतः | उपायले | युक्तिपूर्वक","tactically","युक्तिका साथ","with regard to tactics"
"109596",4,"तीन गुना | तीनगुना","three times | threefold","जति छ त्योभन्दा दुईडबल अरु","by a factor of three"
"109597",4,"चलन अनुसार | परम्परा अनुसार","traditionally","परम्पराको अनुसार","according to tradition; in a traditional manner"
"109616",4,"भोलि","tomorrow","NO_GLOSS","the next day, the day after, following the present day"
"109660",4,"चिंताहीनत | निश्चिन्ततः","unconcernedly","निश्चित भएर या निश्चिन्तताका साथ","in an unconcerned manner"
"109708",4,"त्यसै | यसै | व्यर्थमा","uselessly","बिना कुनै काम या कारणको","in a useless manner"
"109755",4,"उद्विग्नतः | उद्विग्नतापूर्वक | चिन्तिततः","worriedly","चिन्ताका साथ या चिन्ताग्रस्त भएर","in a worried manner"
"109792",4,"अशिष्टतः | असभ्यतः | शिष्टाचारहीनतः","ruggedly","असभ्य रूपले","in a rugged manner"
"109800",4,"अभ्यन्तर | भित्र","in | inward | inwards","कुनै निश्चित सीमा वा स्थान आदिको भित्र वा सीमामा:कृपा गरेर भित्र आउनुहोस्मेरो डर भित्र पसेको छ","to or toward the inside of"
"109823",4,"भने","only | only if | only when","सर्त-सापेक्ष:तिमी आफ्नो काम समयमा गर्छौ भने म तिमीलाई घुमाउन लैजाऊँला","never except when"
"109825",4,"ध्यानपूर्वक | सावधानीपूर्वक","close | closely | tight","सावधानीसँग:कुनै पनि काम सावधानीपूर्वक गर","in an attentive manner"
"109850",4,"सँगसँगै | साथ-साथै | साथै","together","जोडका रूपमा वा (उसै) सित:यसका साथै यो पनि काम गरिहाल्यौं","in each other's company"
"109870",4,"संयोगवश | संयोगवशात् | सन्जोगले","coincidentally | coincidently","संयोगले","happening at the same time"
